$MeshFormat
4.1 0 8
$EndMeshFormat
$PhysicalNames
73
0 1 "surf_1"
0 4 "surf_2"
0 7 "surf_3"
0 10 "surf_4"
0 13 "surf_5"
0 16 "surf_6"
0 19 "surf_7"
0 22 "surf_8"
0 25 "surf_9"
0 28 "surf_10"
0 31 "surf_11"
0 34 "surf_12"
0 37 "surf_13"
0 40 "surf_14"
0 43 "surf_15"
0 46 "surf_16"
0 49 "surf_17"
0 52 "surf_18"
0 55 "surf_19"
0 58 "surf_20"
0 61 "surf_21"
0 64 "surf_22"
0 67 "surf_23"
0 70 "surf_24"
1 2 "surf_1"
1 5 "surf_2"
1 8 "surf_3"
1 11 "surf_4"
1 14 "surf_5"
1 17 "surf_6"
1 20 "surf_7"
1 23 "surf_8"
1 26 "surf_9"
1 29 "surf_10"
1 32 "surf_11"
1 35 "surf_12"
1 38 "surf_13"
1 41 "surf_14"
1 44 "surf_15"
1 47 "surf_16"
1 50 "surf_17"
1 53 "surf_18"
1 56 "surf_19"
1 59 "surf_20"
1 62 "surf_21"
1 65 "surf_22"
1 68 "surf_23"
1 71 "surf_24"
2 3 "surf_1"
2 6 "surf_2"
2 9 "surf_3"
2 12 "surf_4"
2 15 "surf_5"
2 18 "surf_6"
2 21 "surf_7"
2 24 "surf_8"
2 27 "surf_9"
2 30 "surf_10"
2 33 "surf_11"
2 36 "surf_12"
2 39 "surf_13"
2 42 "surf_14"
2 45 "surf_15"
2 48 "surf_16"
2 51 "surf_17"
2 54 "surf_18"
2 57 "surf_19"
2 60 "surf_20"
2 63 "surf_21"
2 66 "surf_22"
2 69 "surf_23"
2 72 "surf_24"
3 73 "Volume_"
$EndPhysicalNames
$Entities
18 33 20 4
1 0 0 0 3 4 7 16 
2 0.5 0 0 7 4 7 10 -22 22 25 34 
3 0.5 0.5 0 11 4 10 13 31 34 43 52 -58 58 61 64 
4 0 0.5 0 5 4 13 16 61 70 
6 1 0 0 3 22 25 28 
7 1 0.5 0 7 22 28 31 -40 40 43 46 
11 1 1 0 3 40 46 49 
12 0.5 1 0 7 40 49 52 -58 58 64 67 
16 0 1 0 3 58 67 70 
17 0 0 1 3 1 7 16 
18 0.5 0 1 8 1 -4 4 7 10 19 25 34 
22 0.5 0.5 1 12 1 10 13 19 31 34 37 43 52 55 61 64 
26 0 0.5 1 6 1 13 16 55 61 70 
28 1 0 1 9 4 -4 19 22 25 28 40 -58 58 
32 1 0.5 1 9 4 -4 19 28 31 37 43 46 58 
38 1 1 1 3 37 46 49 
42 0.5 1 1 9 -22 22 37 -40 49 52 55 64 67 
52 0 1 1 3 55 67 70 
1 0 0 0 0.5 0 0 2 5 8 2 1 -2 
2 0.5 0 0 0.5 0.5 0 3 11 23 35 2 2 -3 
3 0 0.5 0 0.5 0.5 0 3 14 41 62 2 3 -4 
4 0 0 0 0 0.5 0 2 17 59 2 4 -1 
5 0.5 0 0 1 0 0 1 26 2 2 -6 
6 1 0 0 1 0.5 0 1 29 2 6 -7 
7 0.5 0.5 0 1 0.5 0 2 32 44 2 7 -3 
10 1 0.5 0 1 1 0 1 47 2 7 -11 
11 0.5 1 0 1 1 0 1 50 2 11 -12 
12 0.5 0.5 0 0.5 1 0 2 53 65 2 12 -3 
15 0 1 0 0.5 1 0 1 68 2 12 -16 
16 0 0.5 0 0 1 0 1 71 2 16 -4 
18 0 0 1 0.5 0 1 2 2 8 2 17 -18 
19 0.5 0 1 0.5 0.5 1 4 2 11 20 35 2 18 -22 
20 0 0.5 1 0.5 0.5 1 4 2 14 56 62 2 22 -26 
21 0 0 1 0 0.5 1 2 2 17 2 26 -17 
23 0 0 0 0 0 1 2 8 17 2 1 -17 
24 0.5 0 0 0.5 0 1 4 8 11 26 35 2 2 -18 
28 0.5 0.5 0 0.5 0.5 1 8 11 14 32 35 44 53 62 65 2 3 -22 
32 0 0.5 0 0 0.5 1 4 14 17 62 71 2 4 -26 
40 0.5 0 1 1 0 1 2 20 26 2 18 -28 
41 1 0 1 1 0.5 1 2 20 29 2 28 -32 
42 0.5 0.5 1 1 0.5 1 4 20 32 38 44 2 32 -22 
46 1 0 0 1 0 1 2 26 29 2 6 -28 
50 1 0.5 0 1 0.5 1 4 29 32 44 47 2 7 -32 
63 1 0.5 1 1 1 1 2 38 47 2 32 -38 
64 0.5 1 1 1 1 1 2 38 50 2 38 -42 
65 0.5 0.5 1 0.5 1 1 4 38 53 56 65 2 42 -22 
72 1 1 0 1 1 1 2 47 50 2 11 -38 
76 0.5 1 0 0.5 1 1 4 50 53 65 68 2 12 -42 
86 0 1 1 0.5 1 1 2 56 68 2 42 -52 
87 0 0.5 1 0 1 1 2 56 71 2 52 -26 
98 0 1 0 0 1 1 2 68 71 2 16 -52 
1 0 0 0 0.5 0.5 0 1 6 4 1 2 3 4 
2 0.5 0 0 1 0.5 0 1 24 4 5 6 7 -2 
3 0.5 0.5 0 1 1 0 1 42 4 -7 10 11 12 
4 0 0.5 0 0.5 1 0 1 60 4 -3 -12 15 16 
25 0 0 0 0.5 0 1 1 9 4 1 24 -18 -23 
29 0.5 0 0 0.5 0.5 1 2 12 36 4 2 28 -19 -24 
33 0 0.5 0 0.5 0.5 1 2 15 63 4 3 32 -20 -28 
37 0 0 0 0 0.5 1 1 18 4 4 23 -21 -32 
38 0 0 1 0.5 0.5 1 1 3 4 18 19 20 21 
47 0.5 0 0 1 0 1 1 27 4 5 46 -40 -24 
51 1 0 0 1 0.5 1 1 30 4 6 50 -41 -46 
55 0.5 0.5 0 1 0.5 1 2 33 45 4 7 28 -42 -50 
60 0.5 0 1 1 0.5 1 1 21 4 40 41 42 -19 
73 1 0.5 0 1 1 1 1 48 4 10 72 -63 -50 
77 0.5 1 0 1 1 1 1 51 4 11 76 -64 -72 
81 0.5 0.5 0 0.5 1 1 2 54 66 4 12 28 -65 -76 
82 0.5 0.5 1 1 1 1 1 39 4 -42 63 64 65 
99 0 1 0 0.5 1 1 1 69 4 15 98 -86 -76 
103 0 0.5 0 0 1 1 1 72 4 16 32 -87 -98 
104 0 0.5 1 0.5 1 1 1 57 4 -20 -65 86 87 
1 0 0 0 0.5 0.5 1 1 73 6 -1 38 25 29 33 37 
2 0.5 0 0 1 0.5 1 1 73 6 -2 60 47 51 55 -29 
3 0.5 0.5 0 1 1 1 1 73 6 -3 82 -55 73 77 81 
4 0 0.5 0 0.5 1 1 1 73 6 -4 104 -33 -81 99 103 
$EndEntities
$Nodes
75 9261 1 9261
0 1 0 1
1
0 0 0
0 2 0 1
2
0.5 0 0
0 3 0 1
3
0.5 0.5 0
0 4 0 1
4
0 0.5 0
0 6 0 1
5
1 0 0
0 7 0 1
6
1 0.5 0
0 11 0 1
7
1 1 0
0 12 0 1
8
0.5 1 0
0 16 0 1
9
0 1 0
0 17 0 1
10
0 0 1
0 18 0 1
11
0.5 0 1
0 22 0 1
12
0.5 0.5 1
0 26 0 1
13
0 0.5 1
0 28 0 1
14
1 0 1
0 32 0 1
15
1 0.5 1
0 38 0 1
16
1 1 1
0 42 0 1
17
0.5 1 1
0 52 0 1
18
0 1 1
1 1 0 9
19
20
21
22
23
24
25
26
27
0.04999999999990707 0 0
0.09999999999977846 0 0
0.1499999999996325 0 0
0.1999999999994866 0 0
0.2499999999993461 0 0
0.2999999999994725 0 0
0.3499999999996044 0 0
0.3999999999997362 0 0
0.4499999999998681 0 0
1 2 0 9
28
29
30
31
32
33
34
35
36
0.5 0.04999999999990707 0
0.5 0.09999999999977846 0
0.5 0.1499999999996325 0
0.5 0.1999999999994866 0
0.5 0.2499999999993461 0
0.5 0.2999999999994725 0
0.5 0.3499999999996044 0
0.5 0.3999999999997362 0
0.5 0.4499999999998681 0
1 3 0 9
37
38
39
40
41
42
43
44
45
0.4499999999997918 0.5 0
0.4 0.5 0
0.3500000000003469 0.5 0
0.3000000000006937 0.5 0
0.2500000000010297 0.5 0
0.2000000000008325 0.5 0
0.1500000000006244 0.5 0
0.1000000000004163 0.5 0
0.0500000000002081 0.5 0
1 4 0 9
46
47
48
49
50
51
52
53
54
0 0.4499999999997918 0
0 0.4 0
0 0.3500000000003469 0
0 0.3000000000006937 0
0 0.2500000000010297 0
0 0.2000000000008325 0
0 0.1500000000006244 0
0 0.1000000000004163 0
0 0.0500000000002081 0
1 5 0 9
55
56
57
58
59
60
61
62
63
0.55 0 0
0.6 0 0
0.65 0 0
0.7 0 0
0.75 0 0
0.8 0 0
0.8500000000000001 0 0
0.9 0 0
0.95 0 0
1 6 0 9
64
65
66
67
68
69
70
71
72
1 0.04999999999990707 0
1 0.09999999999977846 0
1 0.1499999999996325 0
1 0.1999999999994866 0
1 0.2499999999993461 0
1 0.2999999999994725 0
1 0.3499999999996044 0
1 0.3999999999997362 0
1 0.4499999999998681 0
1 7 0 9
73
74
75
76
77
78
79
80
81
0.95 0.5 0
0.9 0.5 0
0.85 0.5 0
0.8 0.5 0
0.75 0.5 0
0.7 0.5 0
0.6499999999999999 0.5 0
0.6 0.5 0
0.55 0.5 0
1 10 0 9
82
83
84
85
86
87
88
89
90
1 0.55 0
1 0.6 0
1 0.65 0
1 0.7 0
1 0.75 0
1 0.8 0
1 0.8500000000000001 0
1 0.9 0
1 0.95 0
1 11 0 9
91
92
93
94
95
96
97
98
99
0.95 1 0
0.9 1 0
0.85 1 0
0.8 1 0
0.75 1 0
0.7 1 0
0.6499999999999999 1 0
0.6 1 0
0.55 1 0
1 12 0 9
100
101
102
103
104
105
106
107
108
0.5 0.95 0
0.5 0.9 0
0.5 0.85 0
0.5 0.8 0
0.5 0.75 0
0.5 0.7 0
0.5 0.6499999999999999 0
0.5 0.6 0
0.5 0.55 0
1 15 0 9
109
110
111
112
113
114
115
116
117
0.4499999999997918 1 0
0.4 1 0
0.3500000000003469 1 0
0.3000000000006937 1 0
0.2500000000010297 1 0
0.2000000000008325 1 0
0.1500000000006244 1 0
0.1000000000004163 1 0
0.0500000000002081 1 0
1 16 0 9
118
119
120
121
122
123
124
125
126
0 0.95 0
0 0.9 0
0 0.85 0
0 0.8 0
0 0.75 0
0 0.7 0
0 0.6499999999999999 0
0 0.6 0
0 0.55 0
1 18 0 9
127
128
129
130
131
132
133
134
135
0.04999999999990707 0 1
0.09999999999977846 0 1
0.1499999999996325 0 1
0.1999999999994866 0 1
0.2499999999993461 0 1
0.2999999999994725 0 1
0.3499999999996044 0 1
0.3999999999997362 0 1
0.4499999999998681 0 1
1 19 0 9
136
137
138
139
140
141
142
143
144
0.5 0.04999999999990707 1
0.5 0.09999999999977846 1
0.5 0.1499999999996325 1
0.5 0.1999999999994866 1
0.5 0.2499999999993461 1
0.5 0.2999999999994725 1
0.5 0.3499999999996044 1
0.5 0.3999999999997362 1
0.5 0.4499999999998681 1
1 20 0 9
145
146
147
148
149
150
151
152
153
0.4499999999997918 0.5 1
0.4 0.5 1
0.3500000000003469 0.5 1
0.3000000000006937 0.5 1
0.2500000000010297 0.5 1
0.2000000000008325 0.5 1
0.1500000000006244 0.5 1
0.1000000000004163 0.5 1
0.0500000000002081 0.5 1
1 21 0 9
154
155
156
157
158
159
160
161
162
0 0.4499999999997918 1
0 0.4 1
0 0.3500000000003469 1
0 0.3000000000006937 1
0 0.2500000000010297 1
0 0.2000000000008325 1
0 0.1500000000006244 1
0 0.1000000000004163 1
0 0.0500000000002081 1
1 23 0 19
163
164
165
166
167
168
169
170
171
172
173
174
175
176
177
178
179
180
181
0 0 0.05
0 0 0.1
0 0 0.15
0 0 0.2
0 0 0.25
0 0 0.3
0 0 0.35
0 0 0.4
0 0 0.45
0 0 0.5
0 0 0.55
0 0 0.6
0 0 0.65
0 0 0.7
0 0 0.75
0 0 0.8
0 0 0.85
0 0 0.9
0 0 0.95
1 24 0 19
182
183
184
185
186
187
188
189
190
191
192
193
194
195
196
197
198
199
200
0.5 0 0.05
0.5 0 0.1
0.5 0 0.15
0.5 0 0.2
0.5 0 0.25
0.5 0 0.3
0.5 0 0.35
0.5 0 0.4
0.5 0 0.45
0.5 0 0.5
0.5 0 0.55
0.5 0 0.6
0.5 0 0.65
0.5 0 0.7
0.5 0 0.75
0.5 0 0.8
0.5 0 0.85
0.5 0 0.9
0.5 0 0.95
1 28 0 19
201
202
203
204
205
206
207
208
209
210
211
212
213
214
215
216
217
218
219
0.5 0.5 0.05
0.5 0.5 0.1
0.5 0.5 0.15
0.5 0.5 0.2
0.5 0.5 0.25
0.5 0.5 0.3
0.5 0.5 0.35
0.5 0.5 0.4
0.5 0.5 0.45
0.5 0.5 0.5
0.5 0.5 0.55
0.5 0.5 0.6
0.5 0.5 0.65
0.5 0.5 0.7
0.5 0.5 0.75
0.5 0.5 0.8
0.5 0.5 0.85
0.5 0.5 0.9
0.5 0.5 0.95
1 32 0 19
220
221
222
223
224
225
226
227
228
229
230
231
232
233
234
235
236
237
238
0 0.5 0.05
0 0.5 0.1
0 0.5 0.15
0 0.5 0.2
0 0.5 0.25
0 0.5 0.3
0 0.5 0.35
0 0.5 0.4
0 0.5 0.45
0 0.5 0.5
0 0.5 0.55
0 0.5 0.6
0 0.5 0.65
0 0.5 0.7
0 0.5 0.75
0 0.5 0.8
0 0.5 0.85
0 0.5 0.9
0 0.5 0.95
1 40 0 9
239
240
241
242
243
244
245
246
247
0.55 0 1
0.6 0 1
0.65 0 1
0.7 0 1
0.75 0 1
0.8 0 1
0.8500000000000001 0 1
0.9 0 1
0.95 0 1
1 41 0 9
248
249
250
251
252
253
254
255
256
1 0.04999999999990707 1
1 0.09999999999977846 1
1 0.1499999999996325 1
1 0.1999999999994866 1
1 0.2499999999993461 1
1 0.2999999999994725 1
1 0.3499999999996044 1
1 0.3999999999997362 1
1 0.4499999999998681 1
1 42 0 9
257
258
259
260
261
262
263
264
265
0.95 0.5 1
0.9 0.5 1
0.85 0.5 1
0.8 0.5 1
0.75 0.5 1
0.7 0.5 1
0.6499999999999999 0.5 1
0.6 0.5 1
0.55 0.5 1
1 46 0 19
266
267
268
269
270
271
272
273
274
275
276
277
278
279
280
281
282
283
284
1 0 0.05
1 0 0.1
1 0 0.15
1 0 0.2
1 0 0.25
1 0 0.3
1 0 0.35
1 0 0.4
1 0 0.45
1 0 0.5
1 0 0.55
1 0 0.6
1 0 0.65
1 0 0.7
1 0 0.75
1 0 0.8
1 0 0.85
1 0 0.9
1 0 0.95
1 50 0 19
285
286
287
288
289
290
291
292
293
294
295
296
297
298
299
300
301
302
303
1 0.5 0.05
1 0.5 0.1
1 0.5 0.15
1 0.5 0.2
1 0.5 0.25
1 0.5 0.3
1 0.5 0.35
1 0.5 0.4
1 0.5 0.45
1 0.5 0.5
1 0.5 0.55
1 0.5 0.6
1 0.5 0.65
1 0.5 0.7
1 0.5 0.75
1 0.5 0.8
1 0.5 0.85
1 0.5 0.9
1 0.5 0.95
1 63 0 9
304
305
306
307
308
309
310
311
312
1 0.55 1
1 0.6 1
1 0.65 1
1 0.7 1
1 0.75 1
1 0.8 1
1 0.8500000000000001 1
1 0.9 1
1 0.95 1
1 64 0 9
313
314
315
316
317
318
319
320
321
0.95 1 1
0.9 1 1
0.85 1 1
0.8 1 1
0.75 1 1
0.7 1 1
0.6499999999999999 1 1
0.6 1 1
0.55 1 1
1 65 0 9
322
323
324
325
326
327
328
329
330
0.5 0.95 1
0.5 0.9 1
0.5 0.85 1
0.5 0.8 1
0.5 0.75 1
0.5 0.7 1
0.5 0.6499999999999999 1
0.5 0.6 1
0.5 0.55 1
1 72 0 19
331
332
333
334
335
336
337
338
339
340
341
342
343
344
345
346
347
348
349
1 1 0.05
1 1 0.1
1 1 0.15
1 1 0.2
1 1 0.25
1 1 0.3
1 1 0.35
1 1 0.4
1 1 0.45
1 1 0.5
1 1 0.55
1 1 0.6
1 1 0.65
1 1 0.7
1 1 0.75
1 1 0.8
1 1 0.85
1 1 0.9
1 1 0.95
1 76 0 19
350
351
352
353
354
355
356
357
358
359
360
361
362
363
364
365
366
367
368
0.5 1 0.05
0.5 1 0.1
0.5 1 0.15
0.5 1 0.2
0.5 1 0.25
0.5 1 0.3
0.5 1 0.35
0.5 1 0.4
0.5 1 0.45
0.5 1 0.5
0.5 1 0.55
0.5 1 0.6
0.5 1 0.65
0.5 1 0.7
0.5 1 0.75
0.5 1 0.8
0.5 1 0.85
0.5 1 0.9
0.5 1 0.95
1 86 0 9
369
370
371
372
373
374
375
376
377
0.4499999999997918 1 1
0.4 1 1
0.3500000000003469 1 1
0.3000000000006937 1 1
0.2500000000010297 1 1
0.2000000000008325 1 1
0.1500000000006244 1 1
0.1000000000004163 1 1
0.0500000000002081 1 1
1 87 0 9
378
379
380
381
382
383
384
385
386
0 0.95 1
0 0.9 1
0 0.85 1
0 0.8 1
0 0.75 1
0 0.7 1
0 0.6499999999999999 1
0 0.6 1
0 0.55 1
1 98 0 19
387
388
389
390
391
392
393
394
395
396
397
398
399
400
401
402
403
404
405
0 1 0.05
0 1 0.1
0 1 0.15
0 1 0.2
0 1 0.25
0 1 0.3
0 1 0.35
0 1 0.4
0 1 0.45
0 1 0.5
0 1 0.55
0 1 0.6
0 1 0.65
0 1 0.7
0 1 0.75
0 1 0.8
0 1 0.85
0 1 0.9
0 1 0.95
2 1 0 81
406
407
408
409
410
411
412
413
414
415
416
417
418
419
420
421
422
423
424
425
426
427
428
429
430
431
432
433
434
435
436
437
438
439
440
441
442
443
444
445
446
447
448
449
450
451
452
453
454
455
456
457
458
459
460
461
462
463
464
465
466
467
468
469
470
471
472
473
474
475
476
477
478
479
480
481
482
483
484
485
486
0.04999999999993718 0.050000000000178 0
0.04999999999996728 0.1000000000003525 0
0.04999999999999738 0.1500000000005252 0
0.05000000000002748 0.2000000000006979 0
0.05000000000005758 0.2500000000008613 0
0.0500000000000877 0.3000000000005715 0
0.0500000000001178 0.3500000000002727 0
0.0500000000001479 0.3999999999999735 0
0.05000000000017799 0.4499999999997994 0
0.09999999999984224 0.0500000000001479 0
0.09999999999990601 0.1000000000002887 0
0.09999999999996981 0.150000000000426 0
0.1000000000000336 0.2000000000005634 0
0.1000000000000973 0.250000000000693 0
0.1000000000001611 0.3000000000004495 0
0.1000000000002249 0.3500000000001984 0
0.1000000000002887 0.3999999999999472 0
0.1000000000003525 0.4499999999998071 0
0.1499999999997317 0.05000000000011778 0
0.1499999999998309 0.1000000000002249 0
0.14999999999993 0.1500000000003268 0
0.1500000000000293 0.2000000000004287 0
0.1500000000001284 0.2500000000005247 0
0.1500000000002276 0.3000000000003273 0
0.1500000000003268 0.3500000000001242 0
0.150000000000426 0.3999999999999209 0
0.1500000000005252 0.4499999999998147 0
0.1999999999996211 0.0500000000000877 0
0.1999999999997557 0.1000000000001611 0
0.1999999999998903 0.1500000000002276 0
0.2000000000000249 0.2000000000002941 0
0.2000000000001596 0.2500000000003563 0
0.2000000000002941 0.3000000000002052 0
0.2000000000004287 0.3500000000000499 0
0.2000000000005633 0.3999999999998946 0
0.2000000000006979 0.4499999999998223 0
0.2499999999995144 0.05000000000005758 0
0.2499999999996828 0.1000000000000974 0
0.2499999999998511 0.1500000000001284 0
0.2500000000000195 0.2000000000001596 0
0.2500000000001878 0.2500000000001878 0
0.2500000000003563 0.3000000000000831 0
0.2500000000005247 0.3499999999999757 0
0.250000000000693 0.3999999999998681 0
0.2500000000008613 0.44999999999983 0
0.2999999999995946 0.05000000000002748 0
0.2999999999997167 0.1000000000000336 0
0.2999999999998388 0.1500000000000293 0
0.299999999999961 0.2000000000000249 0
0.3000000000000831 0.2500000000000195 0
0.3000000000002052 0.299999999999961 0
0.3000000000003273 0.3499999999999014 0
0.3000000000004495 0.3999999999998417 0
0.3000000000005716 0.4499999999998375 0
0.3499999999996785 0.04999999999999738 0
0.349999999999753 0.09999999999996978 0
0.3499999999998271 0.1499999999999301 0
0.3499999999999015 0.1999999999998903 0
0.3499999999999757 0.2499999999998511 0
0.3500000000000499 0.2999999999998388 0
0.3500000000001242 0.3499999999998271 0
0.3500000000001984 0.3999999999998154 0
0.3500000000002728 0.4499999999998452 0
0.3999999999997626 0.04999999999996727 0
0.3999999999997889 0.09999999999990604 0
0.3999999999998153 0.1499999999998309 0
0.3999999999998417 0.1999999999997558 0
0.3999999999998681 0.2499999999996828 0
0.3999999999998946 0.2999999999997167 0
0.399999999999921 0.349999999999753 0
0.3999999999999473 0.399999999999789 0
0.3999999999999736 0.4499999999998529 0
0.4499999999998605 0.04999999999993718 0
0.4499999999998527 0.09999999999984226 0
0.4499999999998452 0.1499999999997317 0
0.4499999999998375 0.1999999999996211 0
0.44999999999983 0.2499999999995144 0
0.4499999999998223 0.2999999999995946 0
0.4499999999998147 0.3499999999996786 0
0.4499999999998071 0.3999999999997627 0
0.4499999999997993 0.4499999999998605 0
2 2 0 81
487
488
489
490
491
492
493
494
495
496
497
498
499
500
501
502
503
504
505
506
507
508
509
510
511
512
513
514
515
516
517
518
519
520
521
522
523
524
525
526
527
528
529
530
531
532
533
534
535
536
537
538
539
540
541
542
543
544
545
546
547
548
549
550
551
552
553
554
555
556
557
558
559
560
561
562
563
564
565
566
567
0.55 0.04999999999990707 0
0.55 0.09999999999977846 0
0.55 0.1499999999996325 0
0.55 0.1999999999994866 0
0.55 0.2499999999993461 0
0.55 0.2999999999994725 0
0.55 0.3499999999996044 0
0.55 0.3999999999997362 0
0.55 0.4499999999998681 0
0.6000000000000002 0.04999999999990707 0
0.5999999999999998 0.09999999999977846 0
0.6000000000000001 0.1499999999996325 0
0.6000000000000001 0.1999999999994866 0
0.5999999999999998 0.2499999999993461 0
0.6 0.2999999999994725 0
0.6 0.3499999999996044 0
0.6 0.3999999999997362 0
0.6 0.4499999999998681 0
0.6499999999999999 0.04999999999990707 0
0.6499999999999999 0.09999999999977846 0
0.6499999999999999 0.1499999999996325 0
0.6499999999999999 0.1999999999994866 0
0.6499999999999999 0.249999999999346 0
0.6499999999999999 0.2999999999994725 0
0.6499999999999999 0.3499999999996044 0
0.6499999999999999 0.3999999999997362 0
0.6499999999999999 0.4499999999998681 0
0.7000000000000002 0.04999999999990707 0
0.7000000000000001 0.09999999999977846 0
0.7000000000000001 0.1499999999996325 0
0.7000000000000001 0.1999999999994866 0
0.7 0.249999999999346 0
0.7 0.2999999999994725 0
0.7 0.3499999999996044 0
0.7 0.3999999999997362 0
0.7 0.4499999999998681 0
0.7499999999999998 0.04999999999990707 0
0.75 0.09999999999977846 0
0.75 0.1499999999996325 0
0.75 0.1999999999994866 0
0.75 0.2499999999993461 0
0.7500000000000001 0.2999999999994725 0
0.75 0.3499999999996044 0
0.75 0.3999999999997362 0
0.75 0.4499999999998681 0
0.8 0.04999999999990707 0
0.8 0.09999999999977846 0
0.7999999999999998 0.1499999999996325 0
0.8000000000000002 0.1999999999994866 0
0.8000000000000002 0.249999999999346 0
0.8 0.2999999999994725 0
0.8 0.3499999999996044 0
0.8 0.3999999999997362 0
0.8 0.4499999999998681 0
0.8500000000000003 0.04999999999990707 0
0.8500000000000003 0.09999999999977846 0
0.8499999999999999 0.1499999999996325 0
0.8500000000000003 0.1999999999994866 0
0.8500000000000002 0.249999999999346 0
0.8500000000000001 0.2999999999994725 0
0.8500000000000002 0.3499999999996044 0
0.8500000000000001 0.3999999999997362 0
0.8500000000000002 0.4499999999998681 0
0.9000000000000001 0.04999999999990707 0
0.9 0.09999999999977846 0
0.9000000000000001 0.1499999999996325 0
0.8999999999999998 0.1999999999994866 0
0.9000000000000001 0.2499999999993461 0
0.9 0.2999999999994725 0
0.8999999999999998 0.3499999999996044 0
0.9 0.3999999999997362 0
0.8999999999999997 0.4499999999998681 0
0.9499999999999998 0.04999999999990707 0
0.9500000000000002 0.09999999999977846 0
0.95 0.1499999999996325 0
0.95 0.1999999999994866 0
0.95 0.2499999999993461 0
0.95 0.2999999999994725 0
0.9499999999999998 0.3499999999996044 0
0.9500000000000001 0.3999999999997362 0
0.95 0.4499999999998681 0
2 3 0 81
568
569
570
571
572
573
574
575
576
577
578
579
580
581
582
583
584
585
586
587
588
589
590
591
592
593
594
595
596
597
598
599
600
601
602
603
604
605
606
607
608
609
610
611
612
613
614
615
616
617
618
619
620
621
622
623
624
625
626
627
628
629
630
631
632
633
634
635
636
637
638
639
640
641
642
643
644
645
646
647
648
0.95 0.55 0
0.95 0.6 0
0.95 0.6499999999999999 0
0.95 0.7 0
0.95 0.75 0
0.95 0.8 0
0.95 0.8500000000000001 0
0.95 0.9 0
0.95 0.95 0
0.9 0.55 0
0.8999999999999999 0.6 0
0.9000000000000002 0.6499999999999998 0
0.9 0.7 0
0.9 0.75 0
0.9000000000000002 0.8 0
0.9 0.8500000000000002 0
0.9000000000000001 0.8999999999999999 0
0.9 0.95 0
0.8499999999999998 0.55 0
0.8500000000000001 0.6 0
0.85 0.6499999999999998 0
0.8499999999999998 0.7 0
0.85 0.75 0
0.85 0.8 0
0.8500000000000002 0.8500000000000002 0
0.8500000000000003 0.9000000000000001 0
0.85 0.95 0
0.8 0.55 0
0.7999999999999999 0.6 0
0.8 0.6499999999999999 0
0.8 0.7 0
0.8 0.75 0
0.8 0.8 0
0.8 0.8500000000000001 0
0.8 0.9 0
0.8 0.95 0
0.75 0.55 0
0.7499999999999999 0.6 0
0.7499999999999998 0.6499999999999999 0
0.75 0.7 0
0.75 0.75 0
0.75 0.8 0
0.75 0.8500000000000001 0
0.75 0.9 0
0.75 0.95 0
0.7 0.55 0
0.6999999999999996 0.6 0
0.7 0.6499999999999999 0
0.7 0.7 0
0.7 0.75 0
0.7 0.8 0
0.7 0.8500000000000001 0
0.7 0.9 0
0.7 0.95 0
0.6499999999999999 0.55 0
0.6499999999999998 0.6 0
0.6499999999999999 0.6499999999999998 0
0.6499999999999999 0.7 0
0.6499999999999999 0.75 0
0.6499999999999999 0.8 0
0.6499999999999999 0.8500000000000001 0
0.6499999999999999 0.9 0
0.6499999999999999 0.95 0
0.6 0.55 0
0.5999999999999999 0.5999999999999999 0
0.6 0.6499999999999999 0
0.6 0.7 0
0.6 0.75 0
0.6 0.8 0
0.6 0.8500000000000002 0
0.5999999999999999 0.8999999999999999 0
0.6 0.95 0
0.55 0.55 0
0.55 0.6 0
0.55 0.6499999999999999 0
0.55 0.7 0
0.55 0.75 0
0.55 0.8 0
0.55 0.8500000000000001 0
0.55 0.9 0
0.55 0.95 0
2 4 0 81
649
650
651
652
653
654
655
656
657
658
659
660
661
662
663
664
665
666
667
668
669
670
671
672
673
674
675
676
677
678
679
680
681
682
683
684
685
686
687
688
689
690
691
692
693
694
695
696
697
698
699
700
701
702
703
704
705
706
707
708
709
710
711
712
713
714
715
716
717
718
719
720
721
722
723
724
725
726
727
728
729
0.4499999999997917 0.55 0
0.4499999999997918 0.6 0
0.4499999999997918 0.6499999999999999 0
0.4499999999997918 0.7 0
0.4499999999997918 0.75 0
0.4499999999997918 0.8 0
0.4499999999997918 0.85 0
0.4499999999997918 0.9 0
0.4499999999997918 0.95 0
0.4 0.55 0
0.4 0.6 0
0.4 0.6499999999999999 0
0.4 0.7 0
0.4 0.75 0
0.4 0.8 0
0.4 0.8500000000000001 0
0.4 0.8999999999999999 0
0.4 0.95 0
0.3500000000003469 0.55 0
0.3500000000003469 0.6 0
0.3500000000003469 0.6499999999999999 0
0.3500000000003469 0.7 0
0.3500000000003469 0.75 0
0.3500000000003469 0.8 0
0.3500000000003469 0.8499999999999998 0
0.3500000000003469 0.9000000000000001 0
0.3500000000003469 0.95 0
0.3000000000006937 0.55 0
0.3000000000006937 0.6 0
0.3000000000006937 0.6499999999999999 0
0.3000000000006937 0.7 0
0.3000000000006937 0.75 0
0.3000000000006937 0.8 0
0.3000000000006937 0.85 0
0.3000000000006937 0.9 0
0.3000000000006937 0.95 0
0.2500000000010297 0.55 0
0.2500000000010297 0.6 0
0.2500000000010297 0.6499999999999999 0
0.2500000000010297 0.7 0
0.2500000000010297 0.75 0
0.2500000000010297 0.8 0
0.2500000000010297 0.85 0
0.2500000000010297 0.9 0
0.2500000000010297 0.95 0
0.2000000000008325 0.55 0
0.2000000000008326 0.6 0
0.2000000000008325 0.6499999999999999 0
0.2000000000008325 0.7 0
0.2000000000008325 0.75 0
0.2000000000008325 0.7999999999999999 0
0.2000000000008325 0.8499999999999999 0
0.2000000000008325 0.8999999999999997 0
0.2000000000008325 0.95 0
0.1500000000006244 0.55 0
0.1500000000006244 0.6 0
0.1500000000006244 0.6499999999999999 0
0.1500000000006244 0.7 0
0.1500000000006244 0.75 0
0.1500000000006244 0.8 0
0.1500000000006244 0.8499999999999999 0
0.1500000000006244 0.8999999999999998 0
0.1500000000006244 0.95 0
0.1000000000004163 0.55 0
0.1000000000004163 0.6 0
0.1000000000004163 0.6499999999999999 0
0.1000000000004163 0.6999999999999998 0
0.1000000000004163 0.75 0
0.1000000000004163 0.8 0
0.1000000000004163 0.85 0
0.1000000000004163 0.9 0
0.1000000000004163 0.95 0
0.0500000000002081 0.55 0
0.0500000000002081 0.5999999999999999 0
0.0500000000002081 0.6499999999999999 0
0.0500000000002081 0.7 0
0.0500000000002081 0.75 0
0.0500000000002081 0.8 0
0.0500000000002081 0.8500000000000001 0
0.0500000000002081 0.8999999999999999 0
0.0500000000002081 0.95 0
2 25 0 171
730
731
732
733
734
735
736
737
738
739
740
741
742
743
744
745
746
747
748
749
750
751
752
753
754
755
756
757
758
759
760
761
762
763
764
765
766
767
768
769
770
771
772
773
774
775
776
777
778
779
780
781
782
783
784
785
786
787
788
789
790
791
792
793
794
795
796
797
798
799
800
801
802
803
804
805
806
807
808
809
810
811
812
813
814
815
816
817
818
819
820
821
822
823
824
825
826
827
828
829
830
831
832
833
834
835
836
837
838
839
840
841
842
843
844
845
846
847
848
849
850
851
852
853
854
855
856
857
858
859
860
861
862
863
864
865
866
867
868
869
870
871
872
873
874
875
876
877
878
879
880
881
882
883
884
885
886
887
888
889
890
891
892
893
894
895
896
897
898
899
900
0.04999999999990707 0 0.05
0.04999999999990707 0 0.1
0.04999999999990707 0 0.15
0.04999999999990707 0 0.2
0.04999999999990707 0 0.25
0.04999999999990707 0 0.3
0.04999999999990707 0 0.35
0.04999999999990707 0 0.4
0.04999999999990707 0 0.45
0.04999999999990707 0 0.5
0.04999999999990707 0 0.55
0.04999999999990707 0 0.6
0.04999999999990707 0 0.65
0.04999999999990707 0 0.7
0.04999999999990707 0 0.75
0.04999999999990707 0 0.8
0.04999999999990707 0 0.85
0.04999999999990707 0 0.9
0.04999999999990707 0 0.95
0.09999999999977846 0 0.05
0.09999999999977846 0 0.1
0.09999999999977846 0 0.15
0.09999999999977846 0 0.2
0.09999999999977846 0 0.25
0.09999999999977846 0 0.3
0.09999999999977846 0 0.35
0.09999999999977846 0 0.4
0.09999999999977846 0 0.45
0.09999999999977846 0 0.5
0.09999999999977846 0 0.55
0.09999999999977846 0 0.6
0.09999999999977846 0 0.65
0.09999999999977846 0 0.7
0.09999999999977846 0 0.75
0.09999999999977846 0 0.8
0.09999999999977846 0 0.85
0.09999999999977846 0 0.9
0.09999999999977846 0 0.95
0.1499999999996325 0 0.05
0.1499999999996325 0 0.1
0.1499999999996325 0 0.15
0.1499999999996325 0 0.2
0.1499999999996325 0 0.25
0.1499999999996325 0 0.3
0.1499999999996325 0 0.35
0.1499999999996325 0 0.4
0.1499999999996325 0 0.45
0.1499999999996325 0 0.5
0.1499999999996325 0 0.55
0.1499999999996325 0 0.6
0.1499999999996325 0 0.65
0.1499999999996325 0 0.7
0.1499999999996325 0 0.75
0.1499999999996325 0 0.8
0.1499999999996325 0 0.85
0.1499999999996325 0 0.9
0.1499999999996325 0 0.95
0.1999999999994866 0 0.05
0.1999999999994866 0 0.1
0.1999999999994866 0 0.15
0.1999999999994866 0 0.2
0.1999999999994866 0 0.25
0.1999999999994866 0 0.3
0.1999999999994866 0 0.35
0.1999999999994866 0 0.4
0.1999999999994866 0 0.45
0.1999999999994866 0 0.5
0.1999999999994866 0 0.55
0.1999999999994866 0 0.6
0.1999999999994866 0 0.65
0.1999999999994866 0 0.7
0.1999999999994866 0 0.75
0.1999999999994866 0 0.8
0.1999999999994866 0 0.85
0.1999999999994866 0 0.9
0.1999999999994866 0 0.95
0.2499999999993461 0 0.05
0.2499999999993461 0 0.1
0.2499999999993461 0 0.15
0.2499999999993461 0 0.2
0.2499999999993461 0 0.25
0.2499999999993461 0 0.3
0.2499999999993461 0 0.35
0.2499999999993461 0 0.4
0.2499999999993461 0 0.45
0.2499999999993461 0 0.5
0.2499999999993461 0 0.55
0.2499999999993461 0 0.6
0.2499999999993461 0 0.65
0.2499999999993461 0 0.7
0.2499999999993461 0 0.75
0.2499999999993461 0 0.8
0.2499999999993461 0 0.85
0.2499999999993461 0 0.9
0.2499999999993461 0 0.95
0.2999999999994725 0 0.05
0.2999999999994725 0 0.1
0.2999999999994725 0 0.15
0.2999999999994725 0 0.2
0.2999999999994725 0 0.25
0.2999999999994725 0 0.3
0.2999999999994725 0 0.35
0.2999999999994725 0 0.4
0.2999999999994725 0 0.45
0.2999999999994725 0 0.5
0.2999999999994725 0 0.55
0.2999999999994725 0 0.6
0.2999999999994725 0 0.65
0.2999999999994725 0 0.7
0.2999999999994725 0 0.75
0.2999999999994725 0 0.8
0.2999999999994725 0 0.85
0.2999999999994725 0 0.9
0.2999999999994725 0 0.95
0.3499999999996044 0 0.05
0.3499999999996044 0 0.1
0.3499999999996044 0 0.15
0.3499999999996044 0 0.2
0.3499999999996044 0 0.25
0.3499999999996044 0 0.3
0.3499999999996044 0 0.35
0.3499999999996044 0 0.4
0.3499999999996044 0 0.45
0.3499999999996044 0 0.5
0.3499999999996044 0 0.55
0.3499999999996044 0 0.6
0.3499999999996044 0 0.65
0.3499999999996044 0 0.7
0.3499999999996044 0 0.75
0.3499999999996044 0 0.8
0.3499999999996044 0 0.85
0.3499999999996044 0 0.9
0.3499999999996044 0 0.95
0.3999999999997362 0 0.05
0.3999999999997362 0 0.1
0.3999999999997362 0 0.15
0.3999999999997362 0 0.2
0.3999999999997362 0 0.25
0.3999999999997362 0 0.3
0.3999999999997362 0 0.35
0.3999999999997362 0 0.4
0.3999999999997362 0 0.45
0.3999999999997362 0 0.5
0.3999999999997362 0 0.55
0.3999999999997362 0 0.6
0.3999999999997362 0 0.65
0.3999999999997362 0 0.7
0.3999999999997362 0 0.75
0.3999999999997362 0 0.8
0.3999999999997362 0 0.85
0.3999999999997362 0 0.9
0.3999999999997362 0 0.95
0.4499999999998681 0 0.05
0.4499999999998681 0 0.1
0.4499999999998681 0 0.15
0.4499999999998681 0 0.2
0.4499999999998681 0 0.25
0.4499999999998681 0 0.3
0.4499999999998681 0 0.35
0.4499999999998681 0 0.4
0.4499999999998681 0 0.45
0.4499999999998681 0 0.5
0.4499999999998681 0 0.55
0.4499999999998681 0 0.6
0.4499999999998681 0 0.65
0.4499999999998681 0 0.7
0.4499999999998681 0 0.75
0.4499999999998681 0 0.8
0.4499999999998681 0 0.85
0.4499999999998681 0 0.9
0.4499999999998681 0 0.95
2 29 0 171
901
902
903
904
905
906
907
908
909
910
911
912
913
914
915
916
917
918
919
920
921
922
923
924
925
926
927
928
929
930
931
932
933
934
935
936
937
938
939
940
941
942
943
944
945
946
947
948
949
950
951
952
953
954
955
956
957
958
959
960
961
962
963
964
965
966
967
968
969
970
971
972
973
974
975
976
977
978
979
980
981
982
983
984
985
986
987
988
989
990
991
992
993
994
995
996
997
998
999
1000
1001
1002
1003
1004
1005
1006
1007
1008
1009
1010
1011
1012
1013
1014
1015
1016
1017
1018
1019
1020
1021
1022
1023
1024
1025
1026
1027
1028
1029
1030
1031
1032
1033
1034
1035
1036
1037
1038
1039
1040
1041
1042
1043
1044
1045
1046
1047
1048
1049
1050
1051
1052
1053
1054
1055
1056
1057
1058
1059
1060
1061
1062
1063
1064
1065
1066
1067
1068
1069
1070
1071
0.5 0.04999999999990707 0.05
0.5 0.04999999999990707 0.1
0.5 0.04999999999990707 0.15
0.5 0.04999999999990707 0.2
0.5 0.04999999999990707 0.25
0.5 0.04999999999990707 0.3
0.5 0.04999999999990707 0.35
0.5 0.04999999999990707 0.4
0.5 0.04999999999990707 0.45
0.5 0.04999999999990707 0.5
0.5 0.04999999999990707 0.55
0.5 0.04999999999990707 0.6
0.5 0.04999999999990707 0.65
0.5 0.04999999999990707 0.7
0.5 0.04999999999990707 0.75
0.5 0.04999999999990707 0.8
0.5 0.04999999999990707 0.85
0.5 0.04999999999990707 0.9
0.5 0.04999999999990707 0.95
0.5 0.09999999999977846 0.05
0.5 0.09999999999977846 0.1
0.5 0.09999999999977846 0.15
0.5 0.09999999999977846 0.2
0.5 0.09999999999977846 0.25
0.5 0.09999999999977846 0.3
0.5 0.09999999999977846 0.35
0.5 0.09999999999977846 0.4
0.5 0.09999999999977846 0.45
0.5 0.09999999999977846 0.5
0.5 0.09999999999977846 0.55
0.5 0.09999999999977846 0.6
0.5 0.09999999999977846 0.65
0.5 0.09999999999977846 0.7
0.5 0.09999999999977846 0.75
0.5 0.09999999999977846 0.8
0.5 0.09999999999977846 0.85
0.5 0.09999999999977846 0.9
0.5 0.09999999999977846 0.95
0.5 0.1499999999996325 0.05
0.5 0.1499999999996325 0.1
0.5 0.1499999999996325 0.15
0.5 0.1499999999996325 0.2
0.5 0.1499999999996325 0.25
0.5 0.1499999999996325 0.3
0.5 0.1499999999996325 0.35
0.5 0.1499999999996325 0.4
0.5 0.1499999999996325 0.45
0.5 0.1499999999996325 0.5
0.5 0.1499999999996325 0.55
0.5 0.1499999999996325 0.6
0.5 0.1499999999996325 0.65
0.5 0.1499999999996325 0.7
0.5 0.1499999999996325 0.75
0.5 0.1499999999996325 0.8
0.5 0.1499999999996325 0.85
0.5 0.1499999999996325 0.9
0.5 0.1499999999996325 0.95
0.5 0.1999999999994866 0.05
0.5 0.1999999999994866 0.1
0.5 0.1999999999994866 0.15
0.5 0.1999999999994866 0.2
0.5 0.1999999999994866 0.25
0.5 0.1999999999994866 0.3
0.5 0.1999999999994866 0.35
0.5 0.1999999999994866 0.4
0.5 0.1999999999994866 0.45
0.5 0.1999999999994866 0.5
0.5 0.1999999999994866 0.55
0.5 0.1999999999994866 0.6
0.5 0.1999999999994866 0.65
0.5 0.1999999999994866 0.7
0.5 0.1999999999994866 0.75
0.5 0.1999999999994866 0.8
0.5 0.1999999999994866 0.85
0.5 0.1999999999994866 0.9
0.5 0.1999999999994866 0.95
0.5 0.2499999999993461 0.05
0.5 0.2499999999993461 0.1
0.5 0.2499999999993461 0.15
0.5 0.2499999999993461 0.2
0.5 0.2499999999993461 0.25
0.5 0.2499999999993461 0.3
0.5 0.2499999999993461 0.35
0.5 0.2499999999993461 0.4
0.5 0.2499999999993461 0.45
0.5 0.2499999999993461 0.5
0.5 0.2499999999993461 0.55
0.5 0.2499999999993461 0.6
0.5 0.2499999999993461 0.65
0.5 0.2499999999993461 0.7
0.5 0.2499999999993461 0.75
0.5 0.2499999999993461 0.8
0.5 0.2499999999993461 0.85
0.5 0.2499999999993461 0.9
0.5 0.2499999999993461 0.95
0.5 0.2999999999994725 0.05
0.5 0.2999999999994725 0.1
0.5 0.2999999999994725 0.15
0.5 0.2999999999994725 0.2
0.5 0.2999999999994725 0.25
0.5 0.2999999999994725 0.3
0.5 0.2999999999994725 0.35
0.5 0.2999999999994725 0.4
0.5 0.2999999999994725 0.45
0.5 0.2999999999994725 0.5
0.5 0.2999999999994725 0.55
0.5 0.2999999999994725 0.6
0.5 0.2999999999994725 0.65
0.5 0.2999999999994725 0.7
0.5 0.2999999999994725 0.75
0.5 0.2999999999994725 0.8
0.5 0.2999999999994725 0.85
0.5 0.2999999999994725 0.9
0.5 0.2999999999994725 0.95
0.5 0.3499999999996044 0.05
0.5 0.3499999999996044 0.1
0.5 0.3499999999996044 0.15
0.5 0.3499999999996044 0.2
0.5 0.3499999999996044 0.25
0.5 0.3499999999996044 0.3
0.5 0.3499999999996044 0.35
0.5 0.3499999999996044 0.4
0.5 0.3499999999996044 0.45
0.5 0.3499999999996044 0.5
0.5 0.3499999999996044 0.55
0.5 0.3499999999996044 0.6
0.5 0.3499999999996044 0.65
0.5 0.3499999999996044 0.7
0.5 0.3499999999996044 0.75
0.5 0.3499999999996044 0.8
0.5 0.3499999999996044 0.85
0.5 0.3499999999996044 0.9
0.5 0.3499999999996044 0.95
0.5 0.3999999999997362 0.05
0.5 0.3999999999997362 0.1
0.5 0.3999999999997362 0.15
0.5 0.3999999999997362 0.2
0.5 0.3999999999997362 0.25
0.5 0.3999999999997362 0.3
0.5 0.3999999999997362 0.35
0.5 0.3999999999997362 0.4
0.5 0.3999999999997362 0.45
0.5 0.3999999999997362 0.5
0.5 0.3999999999997362 0.55
0.5 0.3999999999997362 0.6
0.5 0.3999999999997362 0.65
0.5 0.3999999999997362 0.7
0.5 0.3999999999997362 0.75
0.5 0.3999999999997362 0.8
0.5 0.3999999999997362 0.85
0.5 0.3999999999997362 0.9
0.5 0.3999999999997362 0.95
0.5 0.4499999999998681 0.05
0.5 0.4499999999998681 0.1
0.5 0.4499999999998681 0.15
0.5 0.4499999999998681 0.2
0.5 0.4499999999998681 0.25
0.5 0.4499999999998681 0.3
0.5 0.4499999999998681 0.35
0.5 0.4499999999998681 0.4
0.5 0.4499999999998681 0.45
0.5 0.4499999999998681 0.5
0.5 0.4499999999998681 0.55
0.5 0.4499999999998681 0.6
0.5 0.4499999999998681 0.65
0.5 0.4499999999998681 0.7
0.5 0.4499999999998681 0.75
0.5 0.4499999999998681 0.8
0.5 0.4499999999998681 0.85
0.5 0.4499999999998681 0.9
0.5 0.4499999999998681 0.95
2 33 0 171
1072
1073
1074
1075
1076
1077
1078
1079
1080
1081
1082
1083
1084
1085
1086
1087
1088
1089
1090
1091
1092
1093
1094
1095
1096
1097
1098
1099
1100
1101
1102
1103
1104
1105
1106
1107
1108
1109
1110
1111
1112
1113
1114
1115
1116
1117
1118
1119
1120
1121
1122
1123
1124
1125
1126
1127
1128
1129
1130
1131
1132
1133
1134
1135
1136
1137
1138
1139
1140
1141
1142
1143
1144
1145
1146
1147
1148
1149
1150
1151
1152
1153
1154
1155
1156
1157
1158
1159
1160
1161
1162
1163
1164
1165
1166
1167
1168
1169
1170
1171
1172
1173
1174
1175
1176
1177
1178
1179
1180
1181
1182
1183
1184
1185
1186
1187
1188
1189
1190
1191
1192
1193
1194
1195
1196
1197
1198
1199
1200
1201
1202
1203
1204
1205
1206
1207
1208
1209
1210
1211
1212
1213
1214
1215
1216
1217
1218
1219
1220
1221
1222
1223
1224
1225
1226
1227
1228
1229
1230
1231
1232
1233
1234
1235
1236
1237
1238
1239
1240
1241
1242
0.4499999999997918 0.5 0.05
0.4499999999997918 0.5 0.1
0.4499999999997918 0.5 0.15
0.4499999999997918 0.5 0.2
0.4499999999997918 0.5 0.25
0.4499999999997918 0.5 0.3
0.4499999999997918 0.5 0.35
0.4499999999997918 0.5 0.4
0.4499999999997918 0.5 0.45
0.4499999999997918 0.5 0.5
0.4499999999997918 0.5 0.55
0.4499999999997918 0.5 0.6
0.4499999999997918 0.5 0.65
0.4499999999997918 0.5 0.7
0.4499999999997918 0.5 0.75
0.4499999999997918 0.5 0.8
0.4499999999997918 0.5 0.85
0.4499999999997918 0.5 0.9
0.4499999999997918 0.5 0.95
0.4 0.5 0.05
0.4 0.5 0.1
0.4 0.5 0.15
0.4 0.5 0.2
0.4 0.5 0.25
0.4 0.5 0.3
0.4 0.5 0.35
0.4 0.5 0.4
0.4 0.5 0.45
0.4 0.5 0.5
0.4 0.5 0.55
0.4 0.5 0.6
0.4 0.5 0.65
0.4 0.5 0.7
0.4 0.5 0.75
0.4 0.5 0.8
0.4 0.5 0.85
0.4 0.5 0.9
0.4 0.5 0.95
0.3500000000003469 0.5 0.05
0.3500000000003469 0.5 0.1
0.3500000000003469 0.5 0.15
0.3500000000003469 0.5 0.2
0.3500000000003469 0.5 0.25
0.3500000000003469 0.5 0.3
0.3500000000003469 0.5 0.35
0.3500000000003469 0.5 0.4
0.3500000000003469 0.5 0.45
0.3500000000003469 0.5 0.5
0.3500000000003469 0.5 0.55
0.3500000000003469 0.5 0.6
0.3500000000003469 0.5 0.65
0.3500000000003469 0.5 0.7
0.3500000000003469 0.5 0.75
0.3500000000003469 0.5 0.8
0.3500000000003469 0.5 0.85
0.3500000000003469 0.5 0.9
0.3500000000003469 0.5 0.95
0.3000000000006937 0.5 0.05
0.3000000000006937 0.5 0.1
0.3000000000006937 0.5 0.15
0.3000000000006937 0.5 0.2
0.3000000000006937 0.5 0.25
0.3000000000006937 0.5 0.3
0.3000000000006937 0.5 0.35
0.3000000000006937 0.5 0.4
0.3000000000006937 0.5 0.45
0.3000000000006937 0.5 0.5
0.3000000000006937 0.5 0.55
0.3000000000006937 0.5 0.6
0.3000000000006937 0.5 0.65
0.3000000000006937 0.5 0.7
0.3000000000006937 0.5 0.75
0.3000000000006937 0.5 0.8
0.3000000000006937 0.5 0.85
0.3000000000006937 0.5 0.9
0.3000000000006937 0.5 0.95
0.2500000000010297 0.5 0.05
0.2500000000010297 0.5 0.1
0.2500000000010297 0.5 0.15
0.2500000000010297 0.5 0.2
0.2500000000010297 0.5 0.25
0.2500000000010297 0.5 0.3
0.2500000000010297 0.5 0.35
0.2500000000010297 0.5 0.4
0.2500000000010297 0.5 0.45
0.2500000000010297 0.5 0.5
0.2500000000010297 0.5 0.55
0.2500000000010297 0.5 0.6
0.2500000000010297 0.5 0.65
0.2500000000010297 0.5 0.7
0.2500000000010297 0.5 0.75
0.2500000000010297 0.5 0.8
0.2500000000010297 0.5 0.85
0.2500000000010297 0.5 0.9
0.2500000000010297 0.5 0.95
0.2000000000008325 0.5 0.05
0.2000000000008325 0.5 0.1
0.2000000000008325 0.5 0.15
0.2000000000008325 0.5 0.2
0.2000000000008325 0.5 0.25
0.2000000000008325 0.5 0.3
0.2000000000008325 0.5 0.35
0.2000000000008325 0.5 0.4
0.2000000000008325 0.5 0.45
0.2000000000008325 0.5 0.5
0.2000000000008325 0.5 0.55
0.2000000000008325 0.5 0.6
0.2000000000008325 0.5 0.65
0.2000000000008325 0.5 0.7
0.2000000000008325 0.5 0.75
0.2000000000008325 0.5 0.8
0.2000000000008325 0.5 0.85
0.2000000000008325 0.5 0.9
0.2000000000008325 0.5 0.95
0.1500000000006244 0.5 0.05
0.1500000000006244 0.5 0.1
0.1500000000006244 0.5 0.15
0.1500000000006244 0.5 0.2
0.1500000000006244 0.5 0.25
0.1500000000006244 0.5 0.3
0.1500000000006244 0.5 0.35
0.1500000000006244 0.5 0.4
0.1500000000006244 0.5 0.45
0.1500000000006244 0.5 0.5
0.1500000000006244 0.5 0.55
0.1500000000006244 0.5 0.6
0.1500000000006244 0.5 0.65
0.1500000000006244 0.5 0.7
0.1500000000006244 0.5 0.75
0.1500000000006244 0.5 0.8
0.1500000000006244 0.5 0.85
0.1500000000006244 0.5 0.9
0.1500000000006244 0.5 0.95
0.1000000000004163 0.5 0.05
0.1000000000004163 0.5 0.1
0.1000000000004163 0.5 0.15
0.1000000000004163 0.5 0.2
0.1000000000004163 0.5 0.25
0.1000000000004163 0.5 0.3
0.1000000000004163 0.5 0.35
0.1000000000004163 0.5 0.4
0.1000000000004163 0.5 0.45
0.1000000000004163 0.5 0.5
0.1000000000004163 0.5 0.55
0.1000000000004163 0.5 0.6
0.1000000000004163 0.5 0.65
0.1000000000004163 0.5 0.7
0.1000000000004163 0.5 0.75
0.1000000000004163 0.5 0.8
0.1000000000004163 0.5 0.85
0.1000000000004163 0.5 0.9
0.1000000000004163 0.5 0.95
0.0500000000002081 0.5 0.05
0.0500000000002081 0.5 0.1
0.0500000000002081 0.5 0.15
0.0500000000002081 0.5 0.2
0.0500000000002081 0.5 0.25
0.0500000000002081 0.5 0.3
0.0500000000002081 0.5 0.35
0.0500000000002081 0.5 0.4
0.0500000000002081 0.5 0.45
0.0500000000002081 0.5 0.5
0.0500000000002081 0.5 0.55
0.0500000000002081 0.5 0.6
0.0500000000002081 0.5 0.65
0.0500000000002081 0.5 0.7
0.0500000000002081 0.5 0.75
0.0500000000002081 0.5 0.8
0.0500000000002081 0.5 0.85
0.0500000000002081 0.5 0.9
0.0500000000002081 0.5 0.95
2 37 0 171
1243
1244
1245
1246
1247
1248
1249
1250
1251
1252
1253
1254
1255
1256
1257
1258
1259
1260
1261
1262
1263
1264
1265
1266
1267
1268
1269
1270
1271
1272
1273
1274
1275
1276
1277
1278
1279
1280
1281
1282
1283
1284
1285
1286
1287
1288
1289
1290
1291
1292
1293
1294
1295
1296
1297
1298
1299
1300
1301
1302
1303
1304
1305
1306
1307
1308
1309
1310
1311
1312
1313
1314
1315
1316
1317
1318
1319
1320
1321
1322
1323
1324
1325
1326
1327
1328
1329
1330
1331
1332
1333
1334
1335
1336
1337
1338
1339
1340
1341
1342
1343
1344
1345
1346
1347
1348
1349
1350
1351
1352
1353
1354
1355
1356
1357
1358
1359
1360
1361
1362
1363
1364
1365
1366
1367
1368
1369
1370
1371
1372
1373
1374
1375
1376
1377
1378
1379
1380
1381
1382
1383
1384
1385
1386
1387
1388
1389
1390
1391
1392
1393
1394
1395
1396
1397
1398
1399
1400
1401
1402
1403
1404
1405
1406
1407
1408
1409
1410
1411
1412
1413
0 0.4499999999997918 0.05
0 0.4499999999997918 0.1
0 0.4499999999997918 0.15
0 0.4499999999997918 0.2
0 0.4499999999997918 0.25
0 0.4499999999997918 0.3
0 0.4499999999997918 0.35
0 0.4499999999997918 0.4
0 0.4499999999997918 0.45
0 0.4499999999997918 0.5
0 0.4499999999997918 0.55
0 0.4499999999997918 0.6
0 0.4499999999997918 0.65
0 0.4499999999997918 0.7
0 0.4499999999997918 0.75
0 0.4499999999997918 0.8
0 0.4499999999997918 0.85
0 0.4499999999997918 0.9
0 0.4499999999997918 0.95
0 0.4 0.05
0 0.4 0.1
0 0.4 0.15
0 0.4 0.2
0 0.4 0.25
0 0.4 0.3
0 0.4 0.35
0 0.4 0.4
0 0.4 0.45
0 0.4 0.5
0 0.4 0.55
0 0.4 0.6
0 0.4 0.65
0 0.4 0.7
0 0.4 0.75
0 0.4 0.8
0 0.4 0.85
0 0.4 0.9
0 0.4 0.95
0 0.3500000000003469 0.05
0 0.3500000000003469 0.1
0 0.3500000000003469 0.15
0 0.3500000000003469 0.2
0 0.3500000000003469 0.25
0 0.3500000000003469 0.3
0 0.3500000000003469 0.35
0 0.3500000000003469 0.4
0 0.3500000000003469 0.45
0 0.3500000000003469 0.5
0 0.3500000000003469 0.55
0 0.3500000000003469 0.6
0 0.3500000000003469 0.65
0 0.3500000000003469 0.7
0 0.3500000000003469 0.75
0 0.3500000000003469 0.8
0 0.3500000000003469 0.85
0 0.3500000000003469 0.9
0 0.3500000000003469 0.95
0 0.3000000000006937 0.05
0 0.3000000000006937 0.1
0 0.3000000000006937 0.15
0 0.3000000000006937 0.2
0 0.3000000000006937 0.25
0 0.3000000000006937 0.3
0 0.3000000000006937 0.35
0 0.3000000000006937 0.4
0 0.3000000000006937 0.45
0 0.3000000000006937 0.5
0 0.3000000000006937 0.55
0 0.3000000000006937 0.6
0 0.3000000000006937 0.65
0 0.3000000000006937 0.7
0 0.3000000000006937 0.75
0 0.3000000000006937 0.8
0 0.3000000000006937 0.85
0 0.3000000000006937 0.9
0 0.3000000000006937 0.95
0 0.2500000000010297 0.05
0 0.2500000000010297 0.1
0 0.2500000000010297 0.15
0 0.2500000000010297 0.2
0 0.2500000000010297 0.25
0 0.2500000000010297 0.3
0 0.2500000000010297 0.35
0 0.2500000000010297 0.4
0 0.2500000000010297 0.45
0 0.2500000000010297 0.5
0 0.2500000000010297 0.55
0 0.2500000000010297 0.6
0 0.2500000000010297 0.65
0 0.2500000000010297 0.7
0 0.2500000000010297 0.75
0 0.2500000000010297 0.8
0 0.2500000000010297 0.85
0 0.2500000000010297 0.9
0 0.2500000000010297 0.95
0 0.2000000000008325 0.05
0 0.2000000000008325 0.1
0 0.2000000000008325 0.15
0 0.2000000000008325 0.2
0 0.2000000000008325 0.25
0 0.2000000000008325 0.3
0 0.2000000000008325 0.35
0 0.2000000000008325 0.4
0 0.2000000000008325 0.45
0 0.2000000000008325 0.5
0 0.2000000000008325 0.55
0 0.2000000000008325 0.6
0 0.2000000000008325 0.65
0 0.2000000000008325 0.7
0 0.2000000000008325 0.75
0 0.2000000000008325 0.8
0 0.2000000000008325 0.85
0 0.2000000000008325 0.9
0 0.2000000000008325 0.95
0 0.1500000000006244 0.05
0 0.1500000000006244 0.1
0 0.1500000000006244 0.15
0 0.1500000000006244 0.2
0 0.1500000000006244 0.25
0 0.1500000000006244 0.3
0 0.1500000000006244 0.35
0 0.1500000000006244 0.4
0 0.1500000000006244 0.45
0 0.1500000000006244 0.5
0 0.1500000000006244 0.55
0 0.1500000000006244 0.6
0 0.1500000000006244 0.65
0 0.1500000000006244 0.7
0 0.1500000000006244 0.75
0 0.1500000000006244 0.8
0 0.1500000000006244 0.85
0 0.1500000000006244 0.9
0 0.1500000000006244 0.95
0 0.1000000000004163 0.05
0 0.1000000000004163 0.1
0 0.1000000000004163 0.15
0 0.1000000000004163 0.2
0 0.1000000000004163 0.25
0 0.1000000000004163 0.3
0 0.1000000000004163 0.35
0 0.1000000000004163 0.4
0 0.1000000000004163 0.45
0 0.1000000000004163 0.5
0 0.1000000000004163 0.55
0 0.1000000000004163 0.6
0 0.1000000000004163 0.65
0 0.1000000000004163 0.7
0 0.1000000000004163 0.75
0 0.1000000000004163 0.8
0 0.1000000000004163 0.85
0 0.1000000000004163 0.9
0 0.1000000000004163 0.95
0 0.0500000000002081 0.05
0 0.0500000000002081 0.1
0 0.0500000000002081 0.15
0 0.0500000000002081 0.2
0 0.0500000000002081 0.25
0 0.0500000000002081 0.3
0 0.0500000000002081 0.35
0 0.0500000000002081 0.4
0 0.0500000000002081 0.45
0 0.0500000000002081 0.5
0 0.0500000000002081 0.55
0 0.0500000000002081 0.6
0 0.0500000000002081 0.65
0 0.0500000000002081 0.7
0 0.0500000000002081 0.75
0 0.0500000000002081 0.8
0 0.0500000000002081 0.85
0 0.0500000000002081 0.9
0 0.0500000000002081 0.95
2 38 0 81
1414
1415
1416
1417
1418
1419
1420
1421
1422
1423
1424
1425
1426
1427
1428
1429
1430
1431
1432
1433
1434
1435
1436
1437
1438
1439
1440
1441
1442
1443
1444
1445
1446
1447
1448
1449
1450
1451
1452
1453
1454
1455
1456
1457
1458
1459
1460
1461
1462
1463
1464
1465
1466
1467
1468
1469
1470
1471
1472
1473
1474
1475
1476
1477
1478
1479
1480
1481
1482
1483
1484
1485
1486
1487
1488
1489
1490
1491
1492
1493
1494
0.04999999999993718 0.050000000000178 1
0.04999999999996728 0.1000000000003525 1
0.04999999999999738 0.1500000000005252 1
0.05000000000002748 0.2000000000006979 1
0.05000000000005758 0.2500000000008613 1
0.0500000000000877 0.3000000000005715 1
0.0500000000001178 0.3500000000002727 1
0.0500000000001479 0.3999999999999735 1
0.05000000000017799 0.4499999999997994 1
0.09999999999984224 0.0500000000001479 1
0.09999999999990601 0.1000000000002887 1
0.09999999999996981 0.150000000000426 1
0.1000000000000336 0.2000000000005634 1
0.1000000000000973 0.250000000000693 1
0.1000000000001611 0.3000000000004495 1
0.1000000000002249 0.3500000000001984 1
0.1000000000002887 0.3999999999999472 1
0.1000000000003525 0.4499999999998071 1
0.1499999999997317 0.05000000000011778 1
0.1499999999998309 0.1000000000002249 1
0.14999999999993 0.1500000000003268 1
0.1500000000000293 0.2000000000004287 1
0.1500000000001284 0.2500000000005247 1
0.1500000000002276 0.3000000000003273 1
0.1500000000003268 0.3500000000001242 1
0.150000000000426 0.3999999999999209 1
0.1500000000005252 0.4499999999998147 1
0.1999999999996211 0.0500000000000877 1
0.1999999999997557 0.1000000000001611 1
0.1999999999998903 0.1500000000002276 1
0.2000000000000249 0.2000000000002941 1
0.2000000000001596 0.2500000000003563 1
0.2000000000002941 0.3000000000002052 1
0.2000000000004287 0.3500000000000499 1
0.2000000000005633 0.3999999999998946 1
0.2000000000006979 0.4499999999998223 1
0.2499999999995144 0.05000000000005758 1
0.2499999999996828 0.1000000000000974 1
0.2499999999998511 0.1500000000001284 1
0.2500000000000195 0.2000000000001596 1
0.2500000000001878 0.2500000000001878 1
0.2500000000003563 0.3000000000000831 1
0.2500000000005247 0.3499999999999757 1
0.250000000000693 0.3999999999998681 1
0.2500000000008613 0.44999999999983 1
0.2999999999995946 0.05000000000002748 1
0.2999999999997167 0.1000000000000336 1
0.2999999999998388 0.1500000000000293 1
0.299999999999961 0.2000000000000249 1
0.3000000000000831 0.2500000000000195 1
0.3000000000002052 0.299999999999961 1
0.3000000000003273 0.3499999999999014 1
0.3000000000004495 0.3999999999998417 1
0.3000000000005716 0.4499999999998375 1
0.3499999999996785 0.04999999999999738 1
0.349999999999753 0.09999999999996978 1
0.3499999999998271 0.1499999999999301 1
0.3499999999999015 0.1999999999998903 1
0.3499999999999757 0.2499999999998511 1
0.3500000000000499 0.2999999999998388 1
0.3500000000001242 0.3499999999998271 1
0.3500000000001984 0.3999999999998154 1
0.3500000000002728 0.4499999999998452 1
0.3999999999997626 0.04999999999996727 1
0.3999999999997889 0.09999999999990604 1
0.3999999999998153 0.1499999999998309 1
0.3999999999998417 0.1999999999997558 1
0.3999999999998681 0.2499999999996828 1
0.3999999999998946 0.2999999999997167 1
0.399999999999921 0.349999999999753 1
0.3999999999999473 0.399999999999789 1
0.3999999999999736 0.4499999999998529 1
0.4499999999998605 0.04999999999993718 1
0.4499999999998527 0.09999999999984226 1
0.4499999999998452 0.1499999999997317 1
0.4499999999998375 0.1999999999996211 1
0.44999999999983 0.2499999999995144 1
0.4499999999998223 0.2999999999995946 1
0.4499999999998147 0.3499999999996786 1
0.4499999999998071 0.3999999999997627 1
0.4499999999997993 0.4499999999998605 1
2 47 0 171
1495
1496
1497
1498
1499
1500
1501
1502
1503
1504
1505
1506
1507
1508
1509
1510
1511
1512
1513
1514
1515
1516
1517
1518
1519
1520
1521
1522
1523
1524
1525
1526
1527
1528
1529
1530
1531
1532
1533
1534
1535
1536
1537
1538
1539
1540
1541
1542
1543
1544
1545
1546
1547
1548
1549
1550
1551
1552
1553
1554
1555
1556
1557
1558
1559
1560
1561
1562
1563
1564
1565
1566
1567
1568
1569
1570
1571
1572
1573
1574
1575
1576
1577
1578
1579
1580
1581
1582
1583
1584
1585
1586
1587
1588
1589
1590
1591
1592
1593
1594
1595
1596
1597
1598
1599
1600
1601
1602
1603
1604
1605
1606
1607
1608
1609
1610
1611
1612
1613
1614
1615
1616
1617
1618
1619
1620
1621
1622
1623
1624
1625
1626
1627
1628
1629
1630
1631
1632
1633
1634
1635
1636
1637
1638
1639
1640
1641
1642
1643
1644
1645
1646
1647
1648
1649
1650
1651
1652
1653
1654
1655
1656
1657
1658
1659
1660
1661
1662
1663
1664
1665
0.55 0 0.05
0.55 0 0.1
0.55 0 0.15
0.55 0 0.2
0.55 0 0.25
0.55 0 0.3
0.55 0 0.35
0.55 0 0.4
0.55 0 0.45
0.55 0 0.5
0.55 0 0.55
0.55 0 0.6
0.55 0 0.65
0.55 0 0.7
0.55 0 0.75
0.55 0 0.8
0.55 0 0.85
0.55 0 0.9
0.55 0 0.95
0.6 0 0.05
0.6 0 0.1
0.6 0 0.15
0.6 0 0.2
0.6 0 0.25
0.6 0 0.3
0.6 0 0.35
0.6 0 0.4
0.6 0 0.45
0.6 0 0.5
0.6 0 0.55
0.6 0 0.6
0.6 0 0.65
0.6 0 0.7
0.6 0 0.75
0.6 0 0.8
0.6 0 0.85
0.6 0 0.9
0.6 0 0.95
0.65 0 0.05
0.65 0 0.1
0.65 0 0.15
0.65 0 0.2
0.65 0 0.25
0.65 0 0.3
0.65 0 0.35
0.65 0 0.4
0.65 0 0.45
0.65 0 0.5
0.65 0 0.55
0.65 0 0.6
0.65 0 0.65
0.65 0 0.7
0.65 0 0.75
0.65 0 0.8
0.65 0 0.85
0.65 0 0.9
0.65 0 0.95
0.7 0 0.05
0.7 0 0.1
0.7 0 0.15
0.7 0 0.2
0.7 0 0.25
0.7 0 0.3
0.7 0 0.35
0.7 0 0.4
0.7 0 0.45
0.7 0 0.5
0.7 0 0.55
0.7 0 0.6
0.7 0 0.65
0.7 0 0.7
0.7 0 0.75
0.7 0 0.8
0.7 0 0.85
0.7 0 0.9
0.7 0 0.95
0.75 0 0.05
0.75 0 0.1
0.75 0 0.15
0.75 0 0.2
0.75 0 0.25
0.75 0 0.3
0.75 0 0.35
0.75 0 0.4
0.75 0 0.45
0.75 0 0.5
0.75 0 0.55
0.75 0 0.6
0.75 0 0.65
0.75 0 0.7
0.75 0 0.75
0.75 0 0.8
0.75 0 0.85
0.75 0 0.9
0.75 0 0.95
0.8 0 0.05
0.8 0 0.1
0.8 0 0.15
0.8 0 0.2
0.8 0 0.25
0.8 0 0.3
0.8 0 0.35
0.8 0 0.4
0.8 0 0.45
0.8 0 0.5
0.8 0 0.55
0.8 0 0.6
0.8 0 0.65
0.8 0 0.7
0.8 0 0.75
0.8 0 0.8
0.8 0 0.85
0.8 0 0.9
0.8 0 0.95
0.8500000000000001 0 0.05
0.8500000000000001 0 0.1
0.8500000000000001 0 0.15
0.8500000000000001 0 0.2
0.8500000000000001 0 0.25
0.8500000000000001 0 0.3
0.8500000000000001 0 0.35
0.8500000000000001 0 0.4
0.8500000000000001 0 0.45
0.8500000000000001 0 0.5
0.8500000000000001 0 0.55
0.8500000000000001 0 0.6
0.8500000000000001 0 0.65
0.8500000000000001 0 0.7
0.8500000000000001 0 0.75
0.8500000000000001 0 0.8
0.8500000000000001 0 0.85
0.8500000000000001 0 0.9
0.8500000000000001 0 0.95
0.9 0 0.05
0.9 0 0.1
0.9 0 0.15
0.9 0 0.2
0.9 0 0.25
0.9 0 0.3
0.9 0 0.35
0.9 0 0.4
0.9 0 0.45
0.9 0 0.5
0.9 0 0.55
0.9 0 0.6
0.9 0 0.65
0.9 0 0.7
0.9 0 0.75
0.9 0 0.8
0.9 0 0.85
0.9 0 0.9
0.9 0 0.95
0.95 0 0.05
0.95 0 0.1
0.95 0 0.15
0.95 0 0.2
0.95 0 0.25
0.95 0 0.3
0.95 0 0.35
0.95 0 0.4
0.95 0 0.45
0.95 0 0.5
0.95 0 0.55
0.95 0 0.6
0.95 0 0.65
0.95 0 0.7
0.95 0 0.75
0.95 0 0.8
0.95 0 0.85
0.95 0 0.9
0.95 0 0.95
2 51 0 171
1666
1667
1668
1669
1670
1671
1672
1673
1674
1675
1676
1677
1678
1679
1680
1681
1682
1683
1684
1685
1686
1687
1688
1689
1690
1691
1692
1693
1694
1695
1696
1697
1698
1699
1700
1701
1702
1703
1704
1705
1706
1707
1708
1709
1710
1711
1712
1713
1714
1715
1716
1717
1718
1719
1720
1721
1722
1723
1724
1725
1726
1727
1728
1729
1730
1731
1732
1733
1734
1735
1736
1737
1738
1739
1740
1741
1742
1743
1744
1745
1746
1747
1748
1749
1750
1751
1752
1753
1754
1755
1756
1757
1758
1759
1760
1761
1762
1763
1764
1765
1766
1767
1768
1769
1770
1771
1772
1773
1774
1775
1776
1777
1778
1779
1780
1781
1782
1783
1784
1785
1786
1787
1788
1789
1790
1791
1792
1793
1794
1795
1796
1797
1798
1799
1800
1801
1802
1803
1804
1805
1806
1807
1808
1809
1810
1811
1812
1813
1814
1815
1816
1817
1818
1819
1820
1821
1822
1823
1824
1825
1826
1827
1828
1829
1830
1831
1832
1833
1834
1835
1836
1 0.04999999999990707 0.05
1 0.04999999999990707 0.1
1 0.04999999999990707 0.15
1 0.04999999999990707 0.2
1 0.04999999999990707 0.25
1 0.04999999999990707 0.3
1 0.04999999999990707 0.35
1 0.04999999999990707 0.4
1 0.04999999999990707 0.45
1 0.04999999999990707 0.5
1 0.04999999999990707 0.55
1 0.04999999999990707 0.6
1 0.04999999999990707 0.65
1 0.04999999999990707 0.7
1 0.04999999999990707 0.75
1 0.04999999999990707 0.8
1 0.04999999999990707 0.85
1 0.04999999999990707 0.9
1 0.04999999999990707 0.95
1 0.09999999999977846 0.05
1 0.09999999999977846 0.1
1 0.09999999999977846 0.15
1 0.09999999999977846 0.2
1 0.09999999999977846 0.25
1 0.09999999999977846 0.3
1 0.09999999999977846 0.35
1 0.09999999999977846 0.4
1 0.09999999999977846 0.45
1 0.09999999999977846 0.5
1 0.09999999999977846 0.55
1 0.09999999999977846 0.6
1 0.09999999999977846 0.65
1 0.09999999999977846 0.7
1 0.09999999999977846 0.75
1 0.09999999999977846 0.8
1 0.09999999999977846 0.85
1 0.09999999999977846 0.9
1 0.09999999999977846 0.95
1 0.1499999999996325 0.05
1 0.1499999999996325 0.1
1 0.1499999999996325 0.15
1 0.1499999999996325 0.2
1 0.1499999999996325 0.25
1 0.1499999999996325 0.3
1 0.1499999999996325 0.35
1 0.1499999999996325 0.4
1 0.1499999999996325 0.45
1 0.1499999999996325 0.5
1 0.1499999999996325 0.55
1 0.1499999999996325 0.6
1 0.1499999999996325 0.65
1 0.1499999999996325 0.7
1 0.1499999999996325 0.75
1 0.1499999999996325 0.8
1 0.1499999999996325 0.85
1 0.1499999999996325 0.9
1 0.1499999999996325 0.95
1 0.1999999999994866 0.05
1 0.1999999999994866 0.1
1 0.1999999999994866 0.15
1 0.1999999999994866 0.2
1 0.1999999999994866 0.25
1 0.1999999999994866 0.3
1 0.1999999999994866 0.35
1 0.1999999999994866 0.4
1 0.1999999999994866 0.45
1 0.1999999999994866 0.5
1 0.1999999999994866 0.55
1 0.1999999999994866 0.6
1 0.1999999999994866 0.65
1 0.1999999999994866 0.7
1 0.1999999999994866 0.75
1 0.1999999999994866 0.8
1 0.1999999999994866 0.85
1 0.1999999999994866 0.9
1 0.1999999999994866 0.95
1 0.2499999999993461 0.05
1 0.2499999999993461 0.1
1 0.2499999999993461 0.15
1 0.2499999999993461 0.2
1 0.2499999999993461 0.25
1 0.2499999999993461 0.3
1 0.2499999999993461 0.35
1 0.2499999999993461 0.4
1 0.2499999999993461 0.45
1 0.2499999999993461 0.5
1 0.2499999999993461 0.55
1 0.2499999999993461 0.6
1 0.2499999999993461 0.65
1 0.2499999999993461 0.7
1 0.2499999999993461 0.75
1 0.2499999999993461 0.8
1 0.2499999999993461 0.85
1 0.2499999999993461 0.9
1 0.2499999999993461 0.95
1 0.2999999999994725 0.05
1 0.2999999999994725 0.1
1 0.2999999999994725 0.15
1 0.2999999999994725 0.2
1 0.2999999999994725 0.25
1 0.2999999999994725 0.3
1 0.2999999999994725 0.35
1 0.2999999999994725 0.4
1 0.2999999999994725 0.45
1 0.2999999999994725 0.5
1 0.2999999999994725 0.55
1 0.2999999999994725 0.6
1 0.2999999999994725 0.65
1 0.2999999999994725 0.7
1 0.2999999999994725 0.75
1 0.2999999999994725 0.8
1 0.2999999999994725 0.85
1 0.2999999999994725 0.9
1 0.2999999999994725 0.95
1 0.3499999999996044 0.05
1 0.3499999999996044 0.1
1 0.3499999999996044 0.15
1 0.3499999999996044 0.2
1 0.3499999999996044 0.25
1 0.3499999999996044 0.3
1 0.3499999999996044 0.35
1 0.3499999999996044 0.4
1 0.3499999999996044 0.45
1 0.3499999999996044 0.5
1 0.3499999999996044 0.55
1 0.3499999999996044 0.6
1 0.3499999999996044 0.65
1 0.3499999999996044 0.7
1 0.3499999999996044 0.75
1 0.3499999999996044 0.8
1 0.3499999999996044 0.85
1 0.3499999999996044 0.9
1 0.3499999999996044 0.95
1 0.3999999999997362 0.05
1 0.3999999999997362 0.1
1 0.3999999999997362 0.15
1 0.3999999999997362 0.2
1 0.3999999999997362 0.25
1 0.3999999999997362 0.3
1 0.3999999999997362 0.35
1 0.3999999999997362 0.4
1 0.3999999999997362 0.45
1 0.3999999999997362 0.5
1 0.3999999999997362 0.55
1 0.3999999999997362 0.6
1 0.3999999999997362 0.65
1 0.3999999999997362 0.7
1 0.3999999999997362 0.75
1 0.3999999999997362 0.8
1 0.3999999999997362 0.85
1 0.3999999999997362 0.9
1 0.3999999999997362 0.95
1 0.4499999999998681 0.05
1 0.4499999999998681 0.1
1 0.4499999999998681 0.15
1 0.4499999999998681 0.2
1 0.4499999999998681 0.25
1 0.4499999999998681 0.3
1 0.4499999999998681 0.35
1 0.4499999999998681 0.4
1 0.4499999999998681 0.45
1 0.4499999999998681 0.5
1 0.4499999999998681 0.55
1 0.4499999999998681 0.6
1 0.4499999999998681 0.65
1 0.4499999999998681 0.7
1 0.4499999999998681 0.75
1 0.4499999999998681 0.8
1 0.4499999999998681 0.85
1 0.4499999999998681 0.9
1 0.4499999999998681 0.95
2 55 0 171
1837
1838
1839
1840
1841
1842
1843
1844
1845
1846
1847
1848
1849
1850
1851
1852
1853
1854
1855
1856
1857
1858
1859
1860
1861
1862
1863
1864
1865
1866
1867
1868
1869
1870
1871
1872
1873
1874
1875
1876
1877
1878
1879
1880
1881
1882
1883
1884
1885
1886
1887
1888
1889
1890
1891
1892
1893
1894
1895
1896
1897
1898
1899
1900
1901
1902
1903
1904
1905
1906
1907
1908
1909
1910
1911
1912
1913
1914
1915
1916
1917
1918
1919
1920
1921
1922
1923
1924
1925
1926
1927
1928
1929
1930
1931
1932
1933
1934
1935
1936
1937
1938
1939
1940
1941
1942
1943
1944
1945
1946
1947
1948
1949
1950
1951
1952
1953
1954
1955
1956
1957
1958
1959
1960
1961
1962
1963
1964
1965
1966
1967
1968
1969
1970
1971
1972
1973
1974
1975
1976
1977
1978
1979
1980
1981
1982
1983
1984
1985
1986
1987
1988
1989
1990
1991
1992
1993
1994
1995
1996
1997
1998
1999
2000
2001
2002
2003
2004
2005
2006
2007
0.95 0.5 0.05
0.95 0.5 0.1
0.95 0.5 0.15
0.95 0.5 0.2
0.95 0.5 0.25
0.95 0.5 0.3
0.95 0.5 0.35
0.95 0.5 0.4
0.95 0.5 0.45
0.95 0.5 0.5
0.95 0.5 0.55
0.95 0.5 0.6
0.95 0.5 0.65
0.95 0.5 0.7
0.95 0.5 0.75
0.95 0.5 0.8
0.95 0.5 0.85
0.95 0.5 0.9
0.95 0.5 0.95
0.9 0.5 0.05
0.9 0.5 0.1
0.9 0.5 0.15
0.9 0.5 0.2
0.9 0.5 0.25
0.9 0.5 0.3
0.9 0.5 0.35
0.9 0.5 0.4
0.9 0.5 0.45
0.9 0.5 0.5
0.9 0.5 0.55
0.9 0.5 0.6
0.9 0.5 0.65
0.9 0.5 0.7
0.9 0.5 0.75
0.9 0.5 0.8
0.9 0.5 0.85
0.9 0.5 0.9
0.9 0.5 0.95
0.85 0.5 0.05
0.85 0.5 0.1
0.85 0.5 0.15
0.85 0.5 0.2
0.85 0.5 0.25
0.85 0.5 0.3
0.85 0.5 0.35
0.85 0.5 0.4
0.85 0.5 0.45
0.85 0.5 0.5
0.85 0.5 0.55
0.85 0.5 0.6
0.85 0.5 0.65
0.85 0.5 0.7
0.85 0.5 0.75
0.85 0.5 0.8
0.85 0.5 0.85
0.85 0.5 0.9
0.85 0.5 0.95
0.8 0.5 0.05
0.8 0.5 0.1
0.8 0.5 0.15
0.8 0.5 0.2
0.8 0.5 0.25
0.8 0.5 0.3
0.8 0.5 0.35
0.8 0.5 0.4
0.8 0.5 0.45
0.8 0.5 0.5
0.8 0.5 0.55
0.8 0.5 0.6
0.8 0.5 0.65
0.8 0.5 0.7
0.8 0.5 0.75
0.8 0.5 0.8
0.8 0.5 0.85
0.8 0.5 0.9
0.8 0.5 0.95
0.75 0.5 0.05
0.75 0.5 0.1
0.75 0.5 0.15
0.75 0.5 0.2
0.75 0.5 0.25
0.75 0.5 0.3
0.75 0.5 0.35
0.75 0.5 0.4
0.75 0.5 0.45
0.75 0.5 0.5
0.75 0.5 0.55
0.75 0.5 0.6
0.75 0.5 0.65
0.75 0.5 0.7
0.75 0.5 0.75
0.75 0.5 0.8
0.75 0.5 0.85
0.75 0.5 0.9
0.75 0.5 0.95
0.7 0.5 0.05
0.7 0.5 0.1
0.7 0.5 0.15
0.7 0.5 0.2
0.7 0.5 0.25
0.7 0.5 0.3
0.7 0.5 0.35
0.7 0.5 0.4
0.7 0.5 0.45
0.7 0.5 0.5
0.7 0.5 0.55
0.7 0.5 0.6
0.7 0.5 0.65
0.7 0.5 0.7
0.7 0.5 0.75
0.7 0.5 0.8
0.7 0.5 0.85
0.7 0.5 0.9
0.7 0.5 0.95
0.6499999999999999 0.5 0.05
0.6499999999999999 0.5 0.1
0.6499999999999999 0.5 0.15
0.6499999999999999 0.5 0.2
0.6499999999999999 0.5 0.25
0.6499999999999999 0.5 0.3
0.6499999999999999 0.5 0.35
0.6499999999999999 0.5 0.4
0.6499999999999999 0.5 0.45
0.6499999999999999 0.5 0.5
0.6499999999999999 0.5 0.55
0.6499999999999999 0.5 0.6
0.6499999999999999 0.5 0.65
0.6499999999999999 0.5 0.7
0.6499999999999999 0.5 0.75
0.6499999999999999 0.5 0.8
0.6499999999999999 0.5 0.85
0.6499999999999999 0.5 0.9
0.6499999999999999 0.5 0.95
0.6 0.5 0.05
0.6 0.5 0.1
0.6 0.5 0.15
0.6 0.5 0.2
0.6 0.5 0.25
0.6 0.5 0.3
0.6 0.5 0.35
0.6 0.5 0.4
0.6 0.5 0.45
0.6 0.5 0.5
0.6 0.5 0.55
0.6 0.5 0.6
0.6 0.5 0.65
0.6 0.5 0.7
0.6 0.5 0.75
0.6 0.5 0.8
0.6 0.5 0.85
0.6 0.5 0.9
0.6 0.5 0.95
0.55 0.5 0.05
0.55 0.5 0.1
0.55 0.5 0.15
0.55 0.5 0.2
0.55 0.5 0.25
0.55 0.5 0.3
0.55 0.5 0.35
0.55 0.5 0.4
0.55 0.5 0.45
0.55 0.5 0.5
0.55 0.5 0.55
0.55 0.5 0.6
0.55 0.5 0.65
0.55 0.5 0.7
0.55 0.5 0.75
0.55 0.5 0.8
0.55 0.5 0.85
0.55 0.5 0.9
0.55 0.5 0.95
2 60 0 81
2008
2009
2010
2011
2012
2013
2014
2015
2016
2017
2018
2019
2020
2021
2022
2023
2024
2025
2026
2027
2028
2029
2030
2031
2032
2033
2034
2035
2036
2037
2038
2039
2040
2041
2042
2043
2044
2045
2046
2047
2048
2049
2050
2051
2052
2053
2054
2055
2056
2057
2058
2059
2060
2061
2062
2063
2064
2065
2066
2067
2068
2069
2070
2071
2072
2073
2074
2075
2076
2077
2078
2079
2080
2081
2082
2083
2084
2085
2086
2087
2088
0.55 0.04999999999990707 1
0.55 0.09999999999977846 1
0.55 0.1499999999996325 1
0.55 0.1999999999994866 1
0.55 0.2499999999993461 1
0.55 0.2999999999994725 1
0.55 0.3499999999996044 1
0.55 0.3999999999997362 1
0.55 0.4499999999998681 1
0.6000000000000002 0.04999999999990707 1
0.5999999999999998 0.09999999999977846 1
0.6000000000000001 0.1499999999996325 1
0.6000000000000001 0.1999999999994866 1
0.5999999999999998 0.2499999999993461 1
0.6 0.2999999999994725 1
0.6 0.3499999999996044 1
0.6 0.3999999999997362 1
0.6 0.4499999999998681 1
0.6499999999999999 0.04999999999990707 1
0.6499999999999999 0.09999999999977846 1
0.6499999999999999 0.1499999999996325 1
0.6499999999999999 0.1999999999994866 1
0.6499999999999999 0.249999999999346 1
0.6499999999999999 0.2999999999994725 1
0.6499999999999999 0.3499999999996044 1
0.6499999999999999 0.3999999999997362 1
0.6499999999999999 0.4499999999998681 1
0.7000000000000002 0.04999999999990707 1
0.7000000000000001 0.09999999999977846 1
0.7000000000000001 0.1499999999996325 1
0.7000000000000001 0.1999999999994866 1
0.7 0.249999999999346 1
0.7 0.2999999999994725 1
0.7 0.3499999999996044 1
0.7 0.3999999999997362 1
0.7 0.4499999999998681 1
0.7499999999999998 0.04999999999990707 1
0.75 0.09999999999977846 1
0.75 0.1499999999996325 1
0.75 0.1999999999994866 1
0.75 0.2499999999993461 1
0.7500000000000001 0.2999999999994725 1
0.75 0.3499999999996044 1
0.75 0.3999999999997362 1
0.75 0.4499999999998681 1
0.8 0.04999999999990707 1
0.8 0.09999999999977846 1
0.7999999999999998 0.1499999999996325 1
0.8000000000000002 0.1999999999994866 1
0.8000000000000002 0.249999999999346 1
0.8 0.2999999999994725 1
0.8 0.3499999999996044 1
0.8 0.3999999999997362 1
0.8 0.4499999999998681 1
0.8500000000000003 0.04999999999990707 1
0.8500000000000003 0.09999999999977846 1
0.8499999999999999 0.1499999999996325 1
0.8500000000000003 0.1999999999994866 1
0.8500000000000002 0.249999999999346 1
0.8500000000000001 0.2999999999994725 1
0.8500000000000002 0.3499999999996044 1
0.8500000000000001 0.3999999999997362 1
0.8500000000000002 0.4499999999998681 1
0.9000000000000001 0.04999999999990707 1
0.9 0.09999999999977846 1
0.9000000000000001 0.1499999999996325 1
0.8999999999999998 0.1999999999994866 1
0.9000000000000001 0.2499999999993461 1
0.9 0.2999999999994725 1
0.8999999999999998 0.3499999999996044 1
0.9 0.3999999999997362 1
0.8999999999999997 0.4499999999998681 1
0.9499999999999998 0.04999999999990707 1
0.9500000000000002 0.09999999999977846 1
0.95 0.1499999999996325 1
0.95 0.1999999999994866 1
0.95 0.2499999999993461 1
0.95 0.2999999999994725 1
0.9499999999999998 0.3499999999996044 1
0.9500000000000001 0.3999999999997362 1
0.95 0.4499999999998681 1
2 73 0 171
2089
2090
2091
2092
2093
2094
2095
2096
2097
2098
2099
2100
2101
2102
2103
2104
2105
2106
2107
2108
2109
2110
2111
2112
2113
2114
2115
2116
2117
2118
2119
2120
2121
2122
2123
2124
2125
2126
2127
2128
2129
2130
2131
2132
2133
2134
2135
2136
2137
2138
2139
2140
2141
2142
2143
2144
2145
2146
2147
2148
2149
2150
2151
2152
2153
2154
2155
2156
2157
2158
2159
2160
2161
2162
2163
2164
2165
2166
2167
2168
2169
2170
2171
2172
2173
2174
2175
2176
2177
2178
2179
2180
2181
2182
2183
2184
2185
2186
2187
2188
2189
2190
2191
2192
2193
2194
2195
2196
2197
2198
2199
2200
2201
2202
2203
2204
2205
2206
2207
2208
2209
2210
2211
2212
2213
2214
2215
2216
2217
2218
2219
2220
2221
2222
2223
2224
2225
2226
2227
2228
2229
2230
2231
2232
2233
2234
2235
2236
2237
2238
2239
2240
2241
2242
2243
2244
2245
2246
2247
2248
2249
2250
2251
2252
2253
2254
2255
2256
2257
2258
2259
1 0.55 0.05
1 0.55 0.1
1 0.55 0.15
1 0.55 0.2
1 0.55 0.25
1 0.55 0.3
1 0.55 0.35
1 0.55 0.4
1 0.55 0.45
1 0.55 0.5
1 0.55 0.55
1 0.55 0.6
1 0.55 0.65
1 0.55 0.7
1 0.55 0.75
1 0.55 0.8
1 0.55 0.85
1 0.55 0.9
1 0.55 0.95
1 0.6 0.05
1 0.6 0.1
1 0.6 0.15
1 0.6 0.2
1 0.6 0.25
1 0.6 0.3
1 0.6 0.35
1 0.6 0.4
1 0.6 0.45
1 0.6 0.5
1 0.6 0.55
1 0.6 0.6
1 0.6 0.65
1 0.6 0.7
1 0.6 0.75
1 0.6 0.8
1 0.6 0.85
1 0.6 0.9
1 0.6 0.95
1 0.65 0.05
1 0.65 0.1
1 0.65 0.15
1 0.65 0.2
1 0.65 0.25
1 0.65 0.3
1 0.65 0.35
1 0.65 0.4
1 0.65 0.45
1 0.65 0.5
1 0.65 0.55
1 0.65 0.6
1 0.65 0.65
1 0.65 0.7
1 0.65 0.75
1 0.65 0.8
1 0.65 0.85
1 0.65 0.9
1 0.65 0.95
1 0.7 0.05
1 0.7 0.1
1 0.7 0.15
1 0.7 0.2
1 0.7 0.25
1 0.7 0.3
1 0.7 0.35
1 0.7 0.4
1 0.7 0.45
1 0.7 0.5
1 0.7 0.55
1 0.7 0.6
1 0.7 0.65
1 0.7 0.7
1 0.7 0.75
1 0.7 0.8
1 0.7 0.85
1 0.7 0.9
1 0.7 0.95
1 0.75 0.05
1 0.75 0.1
1 0.75 0.15
1 0.75 0.2
1 0.75 0.25
1 0.75 0.3
1 0.75 0.35
1 0.75 0.4
1 0.75 0.45
1 0.75 0.5
1 0.75 0.55
1 0.75 0.6
1 0.75 0.65
1 0.75 0.7
1 0.75 0.75
1 0.75 0.8
1 0.75 0.85
1 0.75 0.9
1 0.75 0.95
1 0.8 0.05
1 0.8 0.1
1 0.8 0.15
1 0.8 0.2
1 0.8 0.25
1 0.8 0.3
1 0.8 0.35
1 0.8 0.4
1 0.8 0.45
1 0.8 0.5
1 0.8 0.55
1 0.8 0.6
1 0.8 0.65
1 0.8 0.7
1 0.8 0.75
1 0.8 0.8
1 0.8 0.85
1 0.8 0.9
1 0.8 0.95
1 0.8500000000000001 0.05
1 0.8500000000000001 0.1
1 0.8500000000000001 0.15
1 0.8500000000000001 0.2
1 0.8500000000000001 0.25
1 0.8500000000000001 0.3
1 0.8500000000000001 0.35
1 0.8500000000000001 0.4
1 0.8500000000000001 0.45
1 0.8500000000000001 0.5
1 0.8500000000000001 0.55
1 0.8500000000000001 0.6
1 0.8500000000000001 0.65
1 0.8500000000000001 0.7
1 0.8500000000000001 0.75
1 0.8500000000000001 0.8
1 0.8500000000000001 0.85
1 0.8500000000000001 0.9
1 0.8500000000000001 0.95
1 0.9 0.05
1 0.9 0.1
1 0.9 0.15
1 0.9 0.2
1 0.9 0.25
1 0.9 0.3
1 0.9 0.35
1 0.9 0.4
1 0.9 0.45
1 0.9 0.5
1 0.9 0.55
1 0.9 0.6
1 0.9 0.65
1 0.9 0.7
1 0.9 0.75
1 0.9 0.8
1 0.9 0.85
1 0.9 0.9
1 0.9 0.95
1 0.95 0.05
1 0.95 0.1
1 0.95 0.15
1 0.95 0.2
1 0.95 0.25
1 0.95 0.3
1 0.95 0.35
1 0.95 0.4
1 0.95 0.45
1 0.95 0.5
1 0.95 0.55
1 0.95 0.6
1 0.95 0.65
1 0.95 0.7
1 0.95 0.75
1 0.95 0.8
1 0.95 0.85
1 0.95 0.9
1 0.95 0.95
2 77 0 171
2260
2261
2262
2263
2264
2265
2266
2267
2268
2269
2270
2271
2272
2273
2274
2275
2276
2277
2278
2279
2280
2281
2282
2283
2284
2285
2286
2287
2288
2289
2290
2291
2292
2293
2294
2295
2296
2297
2298
2299
2300
2301
2302
2303
2304
2305
2306
2307
2308
2309
2310
2311
2312
2313
2314
2315
2316
2317
2318
2319
2320
2321
2322
2323
2324
2325
2326
2327
2328
2329
2330
2331
2332
2333
2334
2335
2336
2337
2338
2339
2340
2341
2342
2343
2344
2345
2346
2347
2348
2349
2350
2351
2352
2353
2354
2355
2356
2357
2358
2359
2360
2361
2362
2363
2364
2365
2366
2367
2368
2369
2370
2371
2372
2373
2374
2375
2376
2377
2378
2379
2380
2381
2382
2383
2384
2385
2386
2387
2388
2389
2390
2391
2392
2393
2394
2395
2396
2397
2398
2399
2400
2401
2402
2403
2404
2405
2406
2407
2408
2409
2410
2411
2412
2413
2414
2415
2416
2417
2418
2419
2420
2421
2422
2423
2424
2425
2426
2427
2428
2429
2430
0.95 1 0.05
0.95 1 0.1
0.95 1 0.15
0.95 1 0.2
0.95 1 0.25
0.95 1 0.3
0.95 1 0.35
0.95 1 0.4
0.95 1 0.45
0.95 1 0.5
0.95 1 0.55
0.95 1 0.6
0.95 1 0.65
0.95 1 0.7
0.95 1 0.75
0.95 1 0.8
0.95 1 0.85
0.95 1 0.9
0.95 1 0.95
0.9 1 0.05
0.9 1 0.1
0.9 1 0.15
0.9 1 0.2
0.9 1 0.25
0.9 1 0.3
0.9 1 0.35
0.9 1 0.4
0.9 1 0.45
0.9 1 0.5
0.9 1 0.55
0.9 1 0.6
0.9 1 0.65
0.9 1 0.7
0.9 1 0.75
0.9 1 0.8
0.9 1 0.85
0.9 1 0.9
0.9 1 0.95
0.85 1 0.05
0.85 1 0.1
0.85 1 0.15
0.85 1 0.2
0.85 1 0.25
0.85 1 0.3
0.85 1 0.35
0.85 1 0.4
0.85 1 0.45
0.85 1 0.5
0.85 1 0.55
0.85 1 0.6
0.85 1 0.65
0.85 1 0.7
0.85 1 0.75
0.85 1 0.8
0.85 1 0.85
0.85 1 0.9
0.85 1 0.95
0.8 1 0.05
0.8 1 0.1
0.8 1 0.15
0.8 1 0.2
0.8 1 0.25
0.8 1 0.3
0.8 1 0.35
0.8 1 0.4
0.8 1 0.45
0.8 1 0.5
0.8 1 0.55
0.8 1 0.6
0.8 1 0.65
0.8 1 0.7
0.8 1 0.75
0.8 1 0.8
0.8 1 0.85
0.8 1 0.9
0.8 1 0.95
0.75 1 0.05
0.75 1 0.1
0.75 1 0.15
0.75 1 0.2
0.75 1 0.25
0.75 1 0.3
0.75 1 0.35
0.75 1 0.4
0.75 1 0.45
0.75 1 0.5
0.75 1 0.55
0.75 1 0.6
0.75 1 0.65
0.75 1 0.7
0.75 1 0.75
0.75 1 0.8
0.75 1 0.85
0.75 1 0.9
0.75 1 0.95
0.7 1 0.05
0.7 1 0.1
0.7 1 0.15
0.7 1 0.2
0.7 1 0.25
0.7 1 0.3
0.7 1 0.35
0.7 1 0.4
0.7 1 0.45
0.7 1 0.5
0.7 1 0.55
0.7 1 0.6
0.7 1 0.65
0.7 1 0.7
0.7 1 0.75
0.7 1 0.8
0.7 1 0.85
0.7 1 0.9
0.7 1 0.95
0.6499999999999999 1 0.05
0.6499999999999999 1 0.1
0.6499999999999999 1 0.15
0.6499999999999999 1 0.2
0.6499999999999999 1 0.25
0.6499999999999999 1 0.3
0.6499999999999999 1 0.35
0.6499999999999999 1 0.4
0.6499999999999999 1 0.45
0.6499999999999999 1 0.5
0.6499999999999999 1 0.55
0.6499999999999999 1 0.6
0.6499999999999999 1 0.65
0.6499999999999999 1 0.7
0.6499999999999999 1 0.75
0.6499999999999999 1 0.8
0.6499999999999999 1 0.85
0.6499999999999999 1 0.9
0.6499999999999999 1 0.95
0.6 1 0.05
0.6 1 0.1
0.6 1 0.15
0.6 1 0.2
0.6 1 0.25
0.6 1 0.3
0.6 1 0.35
0.6 1 0.4
0.6 1 0.45
0.6 1 0.5
0.6 1 0.55
0.6 1 0.6
0.6 1 0.65
0.6 1 0.7
0.6 1 0.75
0.6 1 0.8
0.6 1 0.85
0.6 1 0.9
0.6 1 0.95
0.55 1 0.05
0.55 1 0.1
0.55 1 0.15
0.55 1 0.2
0.55 1 0.25
0.55 1 0.3
0.55 1 0.35
0.55 1 0.4
0.55 1 0.45
0.55 1 0.5
0.55 1 0.55
0.55 1 0.6
0.55 1 0.65
0.55 1 0.7
0.55 1 0.75
0.55 1 0.8
0.55 1 0.85
0.55 1 0.9
0.55 1 0.95
2 81 0 171
2431
2432
2433
2434
2435
2436
2437
2438
2439
2440
2441
2442
2443
2444
2445
2446
2447
2448
2449
2450
2451
2452
2453
2454
2455
2456
2457
2458
2459
2460
2461
2462
2463
2464
2465
2466
2467
2468
2469
2470
2471
2472
2473
2474
2475
2476
2477
2478
2479
2480
2481
2482
2483
2484
2485
2486
2487
2488
2489
2490
2491
2492
2493
2494
2495
2496
2497
2498
2499
2500
2501
2502
2503
2504
2505
2506
2507
2508
2509
2510
2511
2512
2513
2514
2515
2516
2517
2518
2519
2520
2521
2522
2523
2524
2525
2526
2527
2528
2529
2530
2531
2532
2533
2534
2535
2536
2537
2538
2539
2540
2541
2542
2543
2544
2545
2546
2547
2548
2549
2550
2551
2552
2553
2554
2555
2556
2557
2558
2559
2560
2561
2562
2563
2564
2565
2566
2567
2568
2569
2570
2571
2572
2573
2574
2575
2576
2577
2578
2579
2580
2581
2582
2583
2584
2585
2586
2587
2588
2589
2590
2591
2592
2593
2594
2595
2596
2597
2598
2599
2600
2601
0.5 0.95 0.05
0.5 0.95 0.1
0.5 0.95 0.15
0.5 0.95 0.2
0.5 0.95 0.25
0.5 0.95 0.3
0.5 0.95 0.35
0.5 0.95 0.4
0.5 0.95 0.45
0.5 0.95 0.5
0.5 0.95 0.55
0.5 0.95 0.6
0.5 0.95 0.65
0.5 0.95 0.7
0.5 0.95 0.75
0.5 0.95 0.8
0.5 0.95 0.85
0.5 0.95 0.9
0.5 0.95 0.95
0.5 0.9 0.05
0.5 0.9 0.1
0.5 0.9 0.15
0.5 0.9 0.2
0.5 0.9 0.25
0.5 0.9 0.3
0.5 0.9 0.35
0.5 0.9 0.4
0.5 0.9 0.45
0.5 0.9 0.5
0.5 0.9 0.55
0.5 0.9 0.6
0.5 0.9 0.65
0.5 0.9 0.7
0.5 0.9 0.75
0.5 0.9 0.8
0.5 0.9 0.85
0.5 0.9 0.9
0.5 0.9 0.95
0.5 0.85 0.05
0.5 0.85 0.1
0.5 0.85 0.15
0.5 0.85 0.2
0.5 0.85 0.25
0.5 0.85 0.3
0.5 0.85 0.35
0.5 0.85 0.4
0.5 0.85 0.45
0.5 0.85 0.5
0.5 0.85 0.55
0.5 0.85 0.6
0.5 0.85 0.65
0.5 0.85 0.7
0.5 0.85 0.75
0.5 0.85 0.8
0.5 0.85 0.85
0.5 0.85 0.9
0.5 0.85 0.95
0.5 0.8 0.05
0.5 0.8 0.1
0.5 0.8 0.15
0.5 0.8 0.2
0.5 0.8 0.25
0.5 0.8 0.3
0.5 0.8 0.35
0.5 0.8 0.4
0.5 0.8 0.45
0.5 0.8 0.5
0.5 0.8 0.55
0.5 0.8 0.6
0.5 0.8 0.65
0.5 0.8 0.7
0.5 0.8 0.75
0.5 0.8 0.8
0.5 0.8 0.85
0.5 0.8 0.9
0.5 0.8 0.95
0.5 0.75 0.05
0.5 0.75 0.1
0.5 0.75 0.15
0.5 0.75 0.2
0.5 0.75 0.25
0.5 0.75 0.3
0.5 0.75 0.35
0.5 0.75 0.4
0.5 0.75 0.45
0.5 0.75 0.5
0.5 0.75 0.55
0.5 0.75 0.6
0.5 0.75 0.65
0.5 0.75 0.7
0.5 0.75 0.75
0.5 0.75 0.8
0.5 0.75 0.85
0.5 0.75 0.9
0.5 0.75 0.95
0.5 0.7 0.05
0.5 0.7 0.1
0.5 0.7 0.15
0.5 0.7 0.2
0.5 0.7 0.25
0.5 0.7 0.3
0.5 0.7 0.35
0.5 0.7 0.4
0.5 0.7 0.45
0.5 0.7 0.5
0.5 0.7 0.55
0.5 0.7 0.6
0.5 0.7 0.65
0.5 0.7 0.7
0.5 0.7 0.75
0.5 0.7 0.8
0.5 0.7 0.85
0.5 0.7 0.9
0.5 0.7 0.95
0.5 0.6499999999999999 0.05
0.5 0.6499999999999999 0.1
0.5 0.6499999999999999 0.15
0.5 0.6499999999999999 0.2
0.5 0.6499999999999999 0.25
0.5 0.6499999999999999 0.3
0.5 0.6499999999999999 0.35
0.5 0.6499999999999999 0.4
0.5 0.6499999999999999 0.45
0.5 0.6499999999999999 0.5
0.5 0.6499999999999999 0.55
0.5 0.6499999999999999 0.6
0.5 0.6499999999999999 0.65
0.5 0.6499999999999999 0.7
0.5 0.6499999999999999 0.75
0.5 0.6499999999999999 0.8
0.5 0.6499999999999999 0.85
0.5 0.6499999999999999 0.9
0.5 0.6499999999999999 0.95
0.5 0.6 0.05
0.5 0.6 0.1
0.5 0.6 0.15
0.5 0.6 0.2
0.5 0.6 0.25
0.5 0.6 0.3
0.5 0.6 0.35
0.5 0.6 0.4
0.5 0.6 0.45
0.5 0.6 0.5
0.5 0.6 0.55
0.5 0.6 0.6
0.5 0.6 0.65
0.5 0.6 0.7
0.5 0.6 0.75
0.5 0.6 0.8
0.5 0.6 0.85
0.5 0.6 0.9
0.5 0.6 0.95
0.5 0.55 0.05
0.5 0.55 0.1
0.5 0.55 0.15
0.5 0.55 0.2
0.5 0.55 0.25
0.5 0.55 0.3
0.5 0.55 0.35
0.5 0.55 0.4
0.5 0.55 0.45
0.5 0.55 0.5
0.5 0.55 0.55
0.5 0.55 0.6
0.5 0.55 0.65
0.5 0.55 0.7
0.5 0.55 0.75
0.5 0.55 0.8
0.5 0.55 0.85
0.5 0.55 0.9
0.5 0.55 0.95
2 82 0 81
2602
2603
2604
2605
2606
2607
2608
2609
2610
2611
2612
2613
2614
2615
2616
2617
2618
2619
2620
2621
2622
2623
2624
2625
2626
2627
2628
2629
2630
2631
2632
2633
2634
2635
2636
2637
2638
2639
2640
2641
2642
2643
2644
2645
2646
2647
2648
2649
2650
2651
2652
2653
2654
2655
2656
2657
2658
2659
2660
2661
2662
2663
2664
2665
2666
2667
2668
2669
2670
2671
2672
2673
2674
2675
2676
2677
2678
2679
2680
2681
2682
0.95 0.55 1
0.95 0.6 1
0.95 0.6499999999999999 1
0.95 0.7 1
0.95 0.75 1
0.95 0.8 1
0.95 0.8500000000000001 1
0.95 0.9 1
0.95 0.95 1
0.9 0.55 1
0.8999999999999999 0.6 1
0.9000000000000002 0.6499999999999998 1
0.9 0.7 1
0.9 0.75 1
0.9000000000000002 0.8 1
0.9 0.8500000000000002 1
0.9000000000000001 0.8999999999999999 1
0.9 0.95 1
0.8499999999999998 0.55 1
0.8500000000000001 0.6 1
0.85 0.6499999999999998 1
0.8499999999999998 0.7 1
0.85 0.75 1
0.85 0.8 1
0.8500000000000002 0.8500000000000002 1
0.8500000000000003 0.9000000000000001 1
0.85 0.95 1
0.8 0.55 1
0.7999999999999999 0.6 1
0.8 0.6499999999999999 1
0.8 0.7 1
0.8 0.75 1
0.8 0.8 1
0.8 0.8500000000000001 1
0.8 0.9 1
0.8 0.95 1
0.75 0.55 1
0.7499999999999999 0.6 1
0.7499999999999998 0.6499999999999999 1
0.75 0.7 1
0.75 0.75 1
0.75 0.8 1
0.75 0.8500000000000001 1
0.75 0.9 1
0.75 0.95 1
0.7 0.55 1
0.6999999999999996 0.6 1
0.7 0.6499999999999999 1
0.7 0.7 1
0.7 0.75 1
0.7 0.8 1
0.7 0.8500000000000001 1
0.7 0.9 1
0.7 0.95 1
0.6499999999999999 0.55 1
0.6499999999999998 0.6 1
0.6499999999999999 0.6499999999999998 1
0.6499999999999999 0.7 1
0.6499999999999999 0.75 1
0.6499999999999999 0.8 1
0.6499999999999999 0.8500000000000001 1
0.6499999999999999 0.9 1
0.6499999999999999 0.95 1
0.6 0.55 1
0.5999999999999999 0.5999999999999999 1
0.6 0.6499999999999999 1
0.6 0.7 1
0.6 0.75 1
0.6 0.8 1
0.6 0.8500000000000002 1
0.5999999999999999 0.8999999999999999 1
0.6 0.95 1
0.55 0.55 1
0.55 0.6 1
0.55 0.6499999999999999 1
0.55 0.7 1
0.55 0.75 1
0.55 0.8 1
0.55 0.8500000000000001 1
0.55 0.9 1
0.55 0.95 1
2 99 0 171
2683
2684
2685
2686
2687
2688
2689
2690
2691
2692
2693
2694
2695
2696
2697
2698
2699
2700
2701
2702
2703
2704
2705
2706
2707
2708
2709
2710
2711
2712
2713
2714
2715
2716
2717
2718
2719
2720
2721
2722
2723
2724
2725
2726
2727
2728
2729
2730
2731
2732
2733
2734
2735
2736
2737
2738
2739
2740
2741
2742
2743
2744
2745
2746
2747
2748
2749
2750
2751
2752
2753
2754
2755
2756
2757
2758
2759
2760
2761
2762
2763
2764
2765
2766
2767
2768
2769
2770
2771
2772
2773
2774
2775
2776
2777
2778
2779
2780
2781
2782
2783
2784
2785
2786
2787
2788
2789
2790
2791
2792
2793
2794
2795
2796
2797
2798
2799
2800
2801
2802
2803
2804
2805
2806
2807
2808
2809
2810
2811
2812
2813
2814
2815
2816
2817
2818
2819
2820
2821
2822
2823
2824
2825
2826
2827
2828
2829
2830
2831
2832
2833
2834
2835
2836
2837
2838
2839
2840
2841
2842
2843
2844
2845
2846
2847
2848
2849
2850
2851
2852
2853
0.4499999999997918 1 0.05
0.4499999999997918 1 0.1
0.4499999999997918 1 0.15
0.4499999999997918 1 0.2
0.4499999999997918 1 0.25
0.4499999999997918 1 0.3
0.4499999999997918 1 0.35
0.4499999999997918 1 0.4
0.4499999999997918 1 0.45
0.4499999999997918 1 0.5
0.4499999999997918 1 0.55
0.4499999999997918 1 0.6
0.4499999999997918 1 0.65
0.4499999999997918 1 0.7
0.4499999999997918 1 0.75
0.4499999999997918 1 0.8
0.4499999999997918 1 0.85
0.4499999999997918 1 0.9
0.4499999999997918 1 0.95
0.4 1 0.05
0.4 1 0.1
0.4 1 0.15
0.4 1 0.2
0.4 1 0.25
0.4 1 0.3
0.4 1 0.35
0.4 1 0.4
0.4 1 0.45
0.4 1 0.5
0.4 1 0.55
0.4 1 0.6
0.4 1 0.65
0.4 1 0.7
0.4 1 0.75
0.4 1 0.8
0.4 1 0.85
0.4 1 0.9
0.4 1 0.95
0.3500000000003469 1 0.05
0.3500000000003469 1 0.1
0.3500000000003469 1 0.15
0.3500000000003469 1 0.2
0.3500000000003469 1 0.25
0.3500000000003469 1 0.3
0.3500000000003469 1 0.35
0.3500000000003469 1 0.4
0.3500000000003469 1 0.45
0.3500000000003469 1 0.5
0.3500000000003469 1 0.55
0.3500000000003469 1 0.6
0.3500000000003469 1 0.65
0.3500000000003469 1 0.7
0.3500000000003469 1 0.75
0.3500000000003469 1 0.8
0.3500000000003469 1 0.85
0.3500000000003469 1 0.9
0.3500000000003469 1 0.95
0.3000000000006937 1 0.05
0.3000000000006937 1 0.1
0.3000000000006937 1 0.15
0.3000000000006937 1 0.2
0.3000000000006937 1 0.25
0.3000000000006937 1 0.3
0.3000000000006937 1 0.35
0.3000000000006937 1 0.4
0.3000000000006937 1 0.45
0.3000000000006937 1 0.5
0.3000000000006937 1 0.55
0.3000000000006937 1 0.6
0.3000000000006937 1 0.65
0.3000000000006937 1 0.7
0.3000000000006937 1 0.75
0.3000000000006937 1 0.8
0.3000000000006937 1 0.85
0.3000000000006937 1 0.9
0.3000000000006937 1 0.95
0.2500000000010297 1 0.05
0.2500000000010297 1 0.1
0.2500000000010297 1 0.15
0.2500000000010297 1 0.2
0.2500000000010297 1 0.25
0.2500000000010297 1 0.3
0.2500000000010297 1 0.35
0.2500000000010297 1 0.4
0.2500000000010297 1 0.45
0.2500000000010297 1 0.5
0.2500000000010297 1 0.55
0.2500000000010297 1 0.6
0.2500000000010297 1 0.65
0.2500000000010297 1 0.7
0.2500000000010297 1 0.75
0.2500000000010297 1 0.8
0.2500000000010297 1 0.85
0.2500000000010297 1 0.9
0.2500000000010297 1 0.95
0.2000000000008325 1 0.05
0.2000000000008325 1 0.1
0.2000000000008325 1 0.15
0.2000000000008325 1 0.2
0.2000000000008325 1 0.25
0.2000000000008325 1 0.3
0.2000000000008325 1 0.35
0.2000000000008325 1 0.4
0.2000000000008325 1 0.45
0.2000000000008325 1 0.5
0.2000000000008325 1 0.55
0.2000000000008325 1 0.6
0.2000000000008325 1 0.65
0.2000000000008325 1 0.7
0.2000000000008325 1 0.75
0.2000000000008325 1 0.8
0.2000000000008325 1 0.85
0.2000000000008325 1 0.9
0.2000000000008325 1 0.95
0.1500000000006244 1 0.05
0.1500000000006244 1 0.1
0.1500000000006244 1 0.15
0.1500000000006244 1 0.2
0.1500000000006244 1 0.25
0.1500000000006244 1 0.3
0.1500000000006244 1 0.35
0.1500000000006244 1 0.4
0.1500000000006244 1 0.45
0.1500000000006244 1 0.5
0.1500000000006244 1 0.55
0.1500000000006244 1 0.6
0.1500000000006244 1 0.65
0.1500000000006244 1 0.7
0.1500000000006244 1 0.75
0.1500000000006244 1 0.8
0.1500000000006244 1 0.85
0.1500000000006244 1 0.9
0.1500000000006244 1 0.95
0.1000000000004163 1 0.05
0.1000000000004163 1 0.1
0.1000000000004163 1 0.15
0.1000000000004163 1 0.2
0.1000000000004163 1 0.25
0.1000000000004163 1 0.3
0.1000000000004163 1 0.35
0.1000000000004163 1 0.4
0.1000000000004163 1 0.45
0.1000000000004163 1 0.5
0.1000000000004163 1 0.55
0.1000000000004163 1 0.6
0.1000000000004163 1 0.65
0.1000000000004163 1 0.7
0.1000000000004163 1 0.75
0.1000000000004163 1 0.8
0.1000000000004163 1 0.85
0.1000000000004163 1 0.9
0.1000000000004163 1 0.95
0.0500000000002081 1 0.05
0.0500000000002081 1 0.1
0.0500000000002081 1 0.15
0.0500000000002081 1 0.2
0.0500000000002081 1 0.25
0.0500000000002081 1 0.3
0.0500000000002081 1 0.35
0.0500000000002081 1 0.4
0.0500000000002081 1 0.45
0.0500000000002081 1 0.5
0.0500000000002081 1 0.55
0.0500000000002081 1 0.6
0.0500000000002081 1 0.65
0.0500000000002081 1 0.7
0.0500000000002081 1 0.75
0.0500000000002081 1 0.8
0.0500000000002081 1 0.85
0.0500000000002081 1 0.9
0.0500000000002081 1 0.95
2 103 0 171
2854
2855
2856
2857
2858
2859
2860
2861
2862
2863
2864
2865
2866
2867
2868
2869
2870
2871
2872
2873
2874
2875
2876
2877
2878
2879
2880
2881
2882
2883
2884
2885
2886
2887
2888
2889
2890
2891
2892
2893
2894
2895
2896
2897
2898
2899
2900
2901
2902
2903
2904
2905
2906
2907
2908
2909
2910
2911
2912
2913
2914
2915
2916
2917
2918
2919
2920
2921
2922
2923
2924
2925
2926
2927
2928
2929
2930
2931
2932
2933
2934
2935
2936
2937
2938
2939
2940
2941
2942
2943
2944
2945
2946
2947
2948
2949
2950
2951
2952
2953
2954
2955
2956
2957
2958
2959
2960
2961
2962
2963
2964
2965
2966
2967
2968
2969
2970
2971
2972
2973
2974
2975
2976
2977
2978
2979
2980
2981
2982
2983
2984
2985
2986
2987
2988
2989
2990
2991
2992
2993
2994
2995
2996
2997
2998
2999
3000
3001
3002
3003
3004
3005
3006
3007
3008
3009
3010
3011
3012
3013
3014
3015
3016
3017
3018
3019
3020
3021
3022
3023
3024
0 0.95 0.05
0 0.95 0.1
0 0.95 0.15
0 0.95 0.2
0 0.95 0.25
0 0.95 0.3
0 0.95 0.35
0 0.95 0.4
0 0.95 0.45
0 0.95 0.5
0 0.95 0.55
0 0.95 0.6
0 0.95 0.65
0 0.95 0.7
0 0.95 0.75
0 0.95 0.8
0 0.95 0.85
0 0.95 0.9
0 0.95 0.95
0 0.9 0.05
0 0.9 0.1
0 0.9 0.15
0 0.9 0.2
0 0.9 0.25
0 0.9 0.3
0 0.9 0.35
0 0.9 0.4
0 0.9 0.45
0 0.9 0.5
0 0.9 0.55
0 0.9 0.6
0 0.9 0.65
0 0.9 0.7
0 0.9 0.75
0 0.9 0.8
0 0.9 0.85
0 0.9 0.9
0 0.9 0.95
0 0.85 0.05
0 0.85 0.1
0 0.85 0.15
0 0.85 0.2
0 0.85 0.25
0 0.85 0.3
0 0.85 0.35
0 0.85 0.4
0 0.85 0.45
0 0.85 0.5
0 0.85 0.55
0 0.85 0.6
0 0.85 0.65
0 0.85 0.7
0 0.85 0.75
0 0.85 0.8
0 0.85 0.85
0 0.85 0.9
0 0.85 0.95
0 0.8 0.05
0 0.8 0.1
0 0.8 0.15
0 0.8 0.2
0 0.8 0.25
0 0.8 0.3
0 0.8 0.35
0 0.8 0.4
0 0.8 0.45
0 0.8 0.5
0 0.8 0.55
0 0.8 0.6
0 0.8 0.65
0 0.8 0.7
0 0.8 0.75
0 0.8 0.8
0 0.8 0.85
0 0.8 0.9
0 0.8 0.95
0 0.75 0.05
0 0.75 0.1
0 0.75 0.15
0 0.75 0.2
0 0.75 0.25
0 0.75 0.3
0 0.75 0.35
0 0.75 0.4
0 0.75 0.45
0 0.75 0.5
0 0.75 0.55
0 0.75 0.6
0 0.75 0.65
0 0.75 0.7
0 0.75 0.75
0 0.75 0.8
0 0.75 0.85
0 0.75 0.9
0 0.75 0.95
0 0.7 0.05
0 0.7 0.1
0 0.7 0.15
0 0.7 0.2
0 0.7 0.25
0 0.7 0.3
0 0.7 0.35
0 0.7 0.4
0 0.7 0.45
0 0.7 0.5
0 0.7 0.55
0 0.7 0.6
0 0.7 0.65
0 0.7 0.7
0 0.7 0.75
0 0.7 0.8
0 0.7 0.85
0 0.7 0.9
0 0.7 0.95
0 0.6499999999999999 0.05
0 0.6499999999999999 0.1
0 0.6499999999999999 0.15
0 0.6499999999999999 0.2
0 0.6499999999999999 0.25
0 0.6499999999999999 0.3
0 0.6499999999999999 0.35
0 0.6499999999999999 0.4
0 0.6499999999999999 0.45
0 0.6499999999999999 0.5
0 0.6499999999999999 0.55
0 0.6499999999999999 0.6
0 0.6499999999999999 0.65
0 0.6499999999999999 0.7
0 0.6499999999999999 0.75
0 0.6499999999999999 0.8
0 0.6499999999999999 0.85
0 0.6499999999999999 0.9
0 0.6499999999999999 0.95
0 0.6 0.05
0 0.6 0.1
0 0.6 0.15
0 0.6 0.2
0 0.6 0.25
0 0.6 0.3
0 0.6 0.35
0 0.6 0.4
0 0.6 0.45
0 0.6 0.5
0 0.6 0.55
0 0.6 0.6
0 0.6 0.65
0 0.6 0.7
0 0.6 0.75
0 0.6 0.8
0 0.6 0.85
0 0.6 0.9
0 0.6 0.95
0 0.55 0.05
0 0.55 0.1
0 0.55 0.15
0 0.55 0.2
0 0.55 0.25
0 0.55 0.3
0 0.55 0.35
0 0.55 0.4
0 0.55 0.45
0 0.55 0.5
0 0.55 0.55
0 0.55 0.6
0 0.55 0.65
0 0.55 0.7
0 0.55 0.75
0 0.55 0.8
0 0.55 0.85
0 0.55 0.9
0 0.55 0.95
2 104 0 81
3025
3026
3027
3028
3029
3030
3031
3032
3033
3034
3035
3036
3037
3038
3039
3040
3041
3042
3043
3044
3045
3046
3047
3048
3049
3050
3051
3052
3053
3054
3055
3056
3057
3058
3059
3060
3061
3062
3063
3064
3065
3066
3067
3068
3069
3070
3071
3072
3073
3074
3075
3076
3077
3078
3079
3080
3081
3082
3083
3084
3085
3086
3087
3088
3089
3090
3091
3092
3093
3094
3095
3096
3097
3098
3099
3100
3101
3102
3103
3104
3105
0.4499999999997917 0.55 1
0.4499999999997918 0.6 1
0.4499999999997918 0.6499999999999999 1
0.4499999999997918 0.7 1
0.4499999999997918 0.75 1
0.4499999999997918 0.8 1
0.4499999999997918 0.85 1
0.4499999999997918 0.9 1
0.4499999999997918 0.95 1
0.4 0.55 1
0.4 0.6 1
0.4 0.6499999999999999 1
0.4 0.7 1
0.4 0.75 1
0.4 0.8 1
0.4 0.8500000000000001 1
0.4 0.8999999999999999 1
0.4 0.95 1
0.3500000000003469 0.55 1
0.3500000000003469 0.6 1
0.3500000000003469 0.6499999999999999 1
0.3500000000003469 0.7 1
0.3500000000003469 0.75 1
0.3500000000003469 0.8 1
0.3500000000003469 0.8499999999999998 1
0.3500000000003469 0.9000000000000001 1
0.3500000000003469 0.95 1
0.3000000000006937 0.55 1
0.3000000000006937 0.6 1
0.3000000000006937 0.6499999999999999 1
0.3000000000006937 0.7 1
0.3000000000006937 0.75 1
0.3000000000006937 0.8 1
0.3000000000006937 0.85 1
0.3000000000006937 0.9 1
0.3000000000006937 0.95 1
0.2500000000010297 0.55 1
0.2500000000010297 0.6 1
0.2500000000010297 0.6499999999999999 1
0.2500000000010297 0.7 1
0.2500000000010297 0.75 1
0.2500000000010297 0.8 1
0.2500000000010297 0.85 1
0.2500000000010297 0.9 1
0.2500000000010297 0.95 1
0.2000000000008325 0.55 1
0.2000000000008326 0.6 1
0.2000000000008325 0.6499999999999999 1
0.2000000000008325 0.7 1
0.2000000000008325 0.75 1
0.2000000000008325 0.7999999999999999 1
0.2000000000008325 0.8499999999999999 1
0.2000000000008325 0.8999999999999997 1
0.2000000000008325 0.95 1
0.1500000000006244 0.55 1
0.1500000000006244 0.6 1
0.1500000000006244 0.6499999999999999 1
0.1500000000006244 0.7 1
0.1500000000006244 0.75 1
0.1500000000006244 0.8 1
0.1500000000006244 0.8499999999999999 1
0.1500000000006244 0.8999999999999998 1
0.1500000000006244 0.95 1
0.1000000000004163 0.55 1
0.1000000000004163 0.6 1
0.1000000000004163 0.6499999999999999 1
0.1000000000004163 0.6999999999999998 1
0.1000000000004163 0.75 1
0.1000000000004163 0.8 1
0.1000000000004163 0.85 1
0.1000000000004163 0.9 1
0.1000000000004163 0.95 1
0.0500000000002081 0.55 1
0.0500000000002081 0.5999999999999999 1
0.0500000000002081 0.6499999999999999 1
0.0500000000002081 0.7 1
0.0500000000002081 0.75 1
0.0500000000002081 0.8 1
0.0500000000002081 0.8500000000000001 1
0.0500000000002081 0.8999999999999999 1
0.0500000000002081 0.95 1
3 1 0 1539
3106
3107
3108
3109
3110
3111
3112
3113
3114
3115
3116
3117
3118
3119
3120
3121
3122
3123
3124
3125
3126
3127
3128
3129
3130
3131
3132
3133
3134
3135
3136
3137
3138
3139
3140
3141
3142
3143
3144
3145
3146
3147
3148
3149
3150
3151
3152
3153
3154
3155
3156
3157
3158
3159
3160
3161
3162
3163
3164
3165
3166
3167
3168
3169
3170
3171
3172
3173
3174
3175
3176
3177
3178
3179
3180
3181
3182
3183
3184
3185
3186
3187
3188
3189
3190
3191
3192
3193
3194
3195
3196
3197
3198
3199
3200
3201
3202
3203
3204
3205
3206
3207
3208
3209
3210
3211
3212
3213
3214
3215
3216
3217
3218
3219
3220
3221
3222
3223
3224
3225
3226
3227
3228
3229
3230
3231
3232
3233
3234
3235
3236
3237
3238
3239
3240
3241
3242
3243
3244
3245
3246
3247
3248
3249
3250
3251
3252
3253
3254
3255
3256
3257
3258
3259
3260
3261
3262
3263
3264
3265
3266
3267
3268
3269
3270
3271
3272
3273
3274
3275
3276
3277
3278
3279
3280
3281
3282
3283
3284
3285
3286
3287
3288
3289
3290
3291
3292
3293
3294
3295
3296
3297
3298
3299
3300
3301
3302
3303
3304
3305
3306
3307
3308
3309
3310
3311
3312
3313
3314
3315
3316
3317
3318
3319
3320
3321
3322
3323
3324
3325
3326
3327
3328
3329
3330
3331
3332
3333
3334
3335
3336
3337
3338
3339
3340
3341
3342
3343
3344
3345
3346
3347
3348
3349
3350
3351
3352
3353
3354
3355
3356
3357
3358
3359
3360
3361
3362
3363
3364
3365
3366
3367
3368
3369
3370
3371
3372
3373
3374
3375
3376
3377
3378
3379
3380
3381
3382
3383
3384
3385
3386
3387
3388
3389
3390
3391
3392
3393
3394
3395
3396
3397
3398
3399
3400
3401
3402
3403
3404
3405
3406
3407
3408
3409
3410
3411
3412
3413
3414
3415
3416
3417
3418
3419
3420
3421
3422
3423
3424
3425
3426
3427
3428
3429
3430
3431
3432
3433
3434
3435
3436
3437
3438
3439
3440
3441
3442
3443
3444
3445
3446
3447
3448
3449
3450
3451
3452
3453
3454
3455
3456
3457
3458
3459
3460
3461
3462
3463
3464
3465
3466
3467
3468
3469
3470
3471
3472
3473
3474
3475
3476
3477
3478
3479
3480
3481
3482
3483
3484
3485
3486
3487
3488
3489
3490
3491
3492
3493
3494
3495
3496
3497
3498
3499
3500
3501
3502
3503
3504
3505
3506
3507
3508
3509
3510
3511
3512
3513
3514
3515
3516
3517
3518
3519
3520
3521
3522
3523
3524
3525
3526
3527
3528
3529
3530
3531
3532
3533
3534
3535
3536
3537
3538
3539
3540
3541
3542
3543
3544
3545
3546
3547
3548
3549
3550
3551
3552
3553
3554
3555
3556
3557
3558
3559
3560
3561
3562
3563
3564
3565
3566
3567
3568
3569
3570
3571
3572
3573
3574
3575
3576
3577
3578
3579
3580
3581
3582
3583
3584
3585
3586
3587
3588
3589
3590
3591
3592
3593
3594
3595
3596
3597
3598
3599
3600
3601
3602
3603
3604
3605
3606
3607
3608
3609
3610
3611
3612
3613
3614
3615
3616
3617
3618
3619
3620
3621
3622
3623
3624
3625
3626
3627
3628
3629
3630
3631
3632
3633
3634
3635
3636
3637
3638
3639
3640
3641
3642
3643
3644
3645
3646
3647
3648
3649
3650
3651
3652
3653
3654
3655
3656
3657
3658
3659
3660
3661
3662
3663
3664
3665
3666
3667
3668
3669
3670
3671
3672
3673
3674
3675
3676
3677
3678
3679
3680
3681
3682
3683
3684
3685
3686
3687
3688
3689
3690
3691
3692
3693
3694
3695
3696
3697
3698
3699
3700
3701
3702
3703
3704
3705
3706
3707
3708
3709
3710
3711
3712
3713
3714
3715
3716
3717
3718
3719
3720
3721
3722
3723
3724
3725
3726
3727
3728
3729
3730
3731
3732
3733
3734
3735
3736
3737
3738
3739
3740
3741
3742
3743
3744
3745
3746
3747
3748
3749
3750
3751
3752
3753
3754
3755
3756
3757
3758
3759
3760
3761
3762
3763
3764
3765
3766
3767
3768
3769
3770
3771
3772
3773
3774
3775
3776
3777
3778
3779
3780
3781
3782
3783
3784
3785
3786
3787
3788
3789
3790
3791
3792
3793
3794
3795
3796
3797
3798
3799
3800
3801
3802
3803
3804
3805
3806
3807
3808
3809
3810
3811
3812
3813
3814
3815
3816
3817
3818
3819
3820
3821
3822
3823
3824
3825
3826
3827
3828
3829
3830
3831
3832
3833
3834
3835
3836
3837
3838
3839
3840
3841
3842
3843
3844
3845
3846
3847
3848
3849
3850
3851
3852
3853
3854
3855
3856
3857
3858
3859
3860
3861
3862
3863
3864
3865
3866
3867
3868
3869
3870
3871
3872
3873
3874
3875
3876
3877
3878
3879
3880
3881
3882
3883
3884
3885
3886
3887
3888
3889
3890
3891
3892
3893
3894
3895
3896
3897
3898
3899
3900
3901
3902
3903
3904
3905
3906
3907
3908
3909
3910
3911
3912
3913
3914
3915
3916
3917
3918
3919
3920
3921
3922
3923
3924
3925
3926
3927
3928
3929
3930
3931
3932
3933
3934
3935
3936
3937
3938
3939
3940
3941
3942
3943
3944
3945
3946
3947
3948
3949
3950
3951
3952
3953
3954
3955
3956
3957
3958
3959
3960
3961
3962
3963
3964
3965
3966
3967
3968
3969
3970
3971
3972
3973
3974
3975
3976
3977
3978
3979
3980
3981
3982
3983
3984
3985
3986
3987
3988
3989
3990
3991
3992
3993
3994
3995
3996
3997
3998
3999
4000
4001
4002
4003
4004
4005
4006
4007
4008
4009
4010
4011
4012
4013
4014
4015
4016
4017
4018
4019
4020
4021
4022
4023
4024
4025
4026
4027
4028
4029
4030
4031
4032
4033
4034
4035
4036
4037
4038
4039
4040
4041
4042
4043
4044
4045
4046
4047
4048
4049
4050
4051
4052
4053
4054
4055
4056
4057
4058
4059
4060
4061
4062
4063
4064
4065
4066
4067
4068
4069
4070
4071
4072
4073
4074
4075
4076
4077
4078
4079
4080
4081
4082
4083
4084
4085
4086
4087
4088
4089
4090
4091
4092
4093
4094
4095
4096
4097
4098
4099
4100
4101
4102
4103
4104
4105
4106
4107
4108
4109
4110
4111
4112
4113
4114
4115
4116
4117
4118
4119
4120
4121
4122
4123
4124
4125
4126
4127
4128
4129
4130
4131
4132
4133
4134
4135
4136
4137
4138
4139
4140
4141
4142
4143
4144
4145
4146
4147
4148
4149
4150
4151
4152
4153
4154
4155
4156
4157
4158
4159
4160
4161
4162
4163
4164
4165
4166
4167
4168
4169
4170
4171
4172
4173
4174
4175
4176
4177
4178
4179
4180
4181
4182
4183
4184
4185
4186
4187
4188
4189
4190
4191
4192
4193
4194
4195
4196
4197
4198
4199
4200
4201
4202
4203
4204
4205
4206
4207
4208
4209
4210
4211
4212
4213
4214
4215
4216
4217
4218
4219
4220
4221
4222
4223
4224
4225
4226
4227
4228
4229
4230
4231
4232
4233
4234
4235
4236
4237
4238
4239
4240
4241
4242
4243
4244
4245
4246
4247
4248
4249
4250
4251
4252
4253
4254
4255
4256
4257
4258
4259
4260
4261
4262
4263
4264
4265
4266
4267
4268
4269
4270
4271
4272
4273
4274
4275
4276
4277
4278
4279
4280
4281
4282
4283
4284
4285
4286
4287
4288
4289
4290
4291
4292
4293
4294
4295
4296
4297
4298
4299
4300
4301
4302
4303
4304
4305
4306
4307
4308
4309
4310
4311
4312
4313
4314
4315
4316
4317
4318
4319
4320
4321
4322
4323
4324
4325
4326
4327
4328
4329
4330
4331
4332
4333
4334
4335
4336
4337
4338
4339
4340
4341
4342
4343
4344
4345
4346
4347
4348
4349
4350
4351
4352
4353
4354
4355
4356
4357
4358
4359
4360
4361
4362
4363
4364
4365
4366
4367
4368
4369
4370
4371
4372
4373
4374
4375
4376
4377
4378
4379
4380
4381
4382
4383
4384
4385
4386
4387
4388
4389
4390
4391
4392
4393
4394
4395
4396
4397
4398
4399
4400
4401
4402
4403
4404
4405
4406
4407
4408
4409
4410
4411
4412
4413
4414
4415
4416
4417
4418
4419
4420
4421
4422
4423
4424
4425
4426
4427
4428
4429
4430
4431
4432
4433
4434
4435
4436
4437
4438
4439
4440
4441
4442
4443
4444
4445
4446
4447
4448
4449
4450
4451
4452
4453
4454
4455
4456
4457
4458
4459
4460
4461
4462
4463
4464
4465
4466
4467
4468
4469
4470
4471
4472
4473
4474
4475
4476
4477
4478
4479
4480
4481
4482
4483
4484
4485
4486
4487
4488
4489
4490
4491
4492
4493
4494
4495
4496
4497
4498
4499
4500
4501
4502
4503
4504
4505
4506
4507
4508
4509
4510
4511
4512
4513
4514
4515
4516
4517
4518
4519
4520
4521
4522
4523
4524
4525
4526
4527
4528
4529
4530
4531
4532
4533
4534
4535
4536
4537
4538
4539
4540
4541
4542
4543
4544
4545
4546
4547
4548
4549
4550
4551
4552
4553
4554
4555
4556
4557
4558
4559
4560
4561
4562
4563
4564
4565
4566
4567
4568
4569
4570
4571
4572
4573
4574
4575
4576
4577
4578
4579
4580
4581
4582
4583
4584
4585
4586
4587
4588
4589
4590
4591
4592
4593
4594
4595
4596
4597
4598
4599
4600
4601
4602
4603
4604
4605
4606
4607
4608
4609
4610
4611
4612
4613
4614
4615
4616
4617
4618
4619
4620
4621
4622
4623
4624
4625
4626
4627
4628
4629
4630
4631
4632
4633
4634
4635
4636
4637
4638
4639
4640
4641
4642
4643
4644
0.04999999999993718 0.050000000000178 0.05
0.04999999999993718 0.050000000000178 0.1
0.04999999999993718 0.050000000000178 0.15
0.04999999999993718 0.050000000000178 0.2
0.04999999999993718 0.050000000000178 0.25
0.04999999999993718 0.050000000000178 0.3
0.04999999999993718 0.050000000000178 0.35
0.04999999999993718 0.050000000000178 0.4
0.04999999999993718 0.050000000000178 0.45
0.04999999999993718 0.050000000000178 0.5
0.04999999999993718 0.050000000000178 0.55
0.04999999999993718 0.050000000000178 0.6
0.04999999999993718 0.050000000000178 0.65
0.04999999999993718 0.050000000000178 0.7
0.04999999999993718 0.050000000000178 0.75
0.04999999999993718 0.050000000000178 0.8
0.04999999999993718 0.050000000000178 0.85
0.04999999999993718 0.050000000000178 0.9
0.04999999999993718 0.050000000000178 0.95
0.04999999999996728 0.1000000000003525 0.05
0.04999999999996728 0.1000000000003525 0.1
0.04999999999996728 0.1000000000003525 0.15
0.04999999999996728 0.1000000000003525 0.2
0.04999999999996728 0.1000000000003525 0.25
0.04999999999996728 0.1000000000003525 0.3
0.04999999999996728 0.1000000000003525 0.35
0.04999999999996728 0.1000000000003525 0.4
0.04999999999996728 0.1000000000003525 0.45
0.04999999999996728 0.1000000000003525 0.5
0.04999999999996728 0.1000000000003525 0.55
0.04999999999996728 0.1000000000003525 0.6
0.04999999999996728 0.1000000000003525 0.65
0.04999999999996728 0.1000000000003525 0.7
0.04999999999996728 0.1000000000003525 0.75
0.04999999999996728 0.1000000000003525 0.8
0.04999999999996728 0.1000000000003525 0.85
0.04999999999996728 0.1000000000003525 0.9
0.04999999999996728 0.1000000000003525 0.95
0.04999999999999738 0.1500000000005252 0.05
0.04999999999999738 0.1500000000005252 0.1
0.04999999999999738 0.1500000000005252 0.15
0.04999999999999738 0.1500000000005252 0.2
0.04999999999999738 0.1500000000005252 0.25
0.04999999999999738 0.1500000000005252 0.3
0.04999999999999738 0.1500000000005252 0.35
0.04999999999999738 0.1500000000005252 0.4
0.04999999999999738 0.1500000000005252 0.45
0.04999999999999738 0.1500000000005252 0.5
0.04999999999999738 0.1500000000005252 0.55
0.04999999999999738 0.1500000000005252 0.6
0.04999999999999738 0.1500000000005252 0.65
0.04999999999999738 0.1500000000005252 0.7
0.04999999999999738 0.1500000000005252 0.75
0.04999999999999738 0.1500000000005252 0.8
0.04999999999999738 0.1500000000005252 0.85
0.04999999999999738 0.1500000000005252 0.9
0.04999999999999738 0.1500000000005252 0.95
0.05000000000002748 0.2000000000006979 0.05
0.05000000000002748 0.2000000000006979 0.1
0.05000000000002748 0.2000000000006979 0.15
0.05000000000002748 0.2000000000006979 0.2
0.05000000000002748 0.2000000000006979 0.25
0.05000000000002748 0.2000000000006979 0.3
0.05000000000002748 0.2000000000006979 0.35
0.05000000000002748 0.2000000000006979 0.4
0.05000000000002748 0.2000000000006979 0.45
0.05000000000002748 0.2000000000006979 0.5
0.05000000000002748 0.2000000000006979 0.55
0.05000000000002748 0.2000000000006979 0.6
0.05000000000002748 0.2000000000006979 0.65
0.05000000000002748 0.2000000000006979 0.7
0.05000000000002748 0.2000000000006979 0.75
0.05000000000002748 0.2000000000006979 0.8
0.05000000000002748 0.2000000000006979 0.85
0.05000000000002748 0.2000000000006979 0.9
0.05000000000002748 0.2000000000006979 0.95
0.05000000000005758 0.2500000000008613 0.05
0.05000000000005758 0.2500000000008613 0.1
0.05000000000005758 0.2500000000008613 0.15
0.05000000000005758 0.2500000000008613 0.2
0.05000000000005758 0.2500000000008613 0.25
0.05000000000005758 0.2500000000008613 0.3
0.05000000000005758 0.2500000000008613 0.35
0.05000000000005758 0.2500000000008613 0.4
0.05000000000005758 0.2500000000008613 0.45
0.05000000000005758 0.2500000000008613 0.5
0.05000000000005758 0.2500000000008613 0.55
0.05000000000005758 0.2500000000008613 0.6
0.05000000000005758 0.2500000000008613 0.65
0.05000000000005758 0.2500000000008613 0.7
0.05000000000005758 0.2500000000008613 0.75
0.05000000000005758 0.2500000000008613 0.8
0.05000000000005758 0.2500000000008613 0.85
0.05000000000005758 0.2500000000008613 0.9
0.05000000000005758 0.2500000000008613 0.95
0.0500000000000877 0.3000000000005715 0.05
0.0500000000000877 0.3000000000005715 0.1
0.0500000000000877 0.3000000000005715 0.15
0.0500000000000877 0.3000000000005715 0.2
0.0500000000000877 0.3000000000005715 0.25
0.0500000000000877 0.3000000000005715 0.3
0.0500000000000877 0.3000000000005715 0.35
0.0500000000000877 0.3000000000005715 0.4
0.0500000000000877 0.3000000000005715 0.45
0.0500000000000877 0.3000000000005715 0.5
0.0500000000000877 0.3000000000005715 0.55
0.0500000000000877 0.3000000000005715 0.6
0.0500000000000877 0.3000000000005715 0.65
0.0500000000000877 0.3000000000005715 0.7
0.0500000000000877 0.3000000000005715 0.75
0.0500000000000877 0.3000000000005715 0.8
0.0500000000000877 0.3000000000005715 0.85
0.0500000000000877 0.3000000000005715 0.9
0.0500000000000877 0.3000000000005715 0.95
0.0500000000001178 0.3500000000002727 0.05
0.0500000000001178 0.3500000000002727 0.1
0.0500000000001178 0.3500000000002727 0.15
0.0500000000001178 0.3500000000002727 0.2
0.0500000000001178 0.3500000000002727 0.25
0.0500000000001178 0.3500000000002727 0.3
0.0500000000001178 0.3500000000002727 0.35
0.0500000000001178 0.3500000000002727 0.4
0.0500000000001178 0.3500000000002727 0.45
0.0500000000001178 0.3500000000002727 0.5
0.0500000000001178 0.3500000000002727 0.55
0.0500000000001178 0.3500000000002727 0.6
0.0500000000001178 0.3500000000002727 0.65
0.0500000000001178 0.3500000000002727 0.7
0.0500000000001178 0.3500000000002727 0.75
0.0500000000001178 0.3500000000002727 0.8
0.0500000000001178 0.3500000000002727 0.85
0.0500000000001178 0.3500000000002727 0.9
0.0500000000001178 0.3500000000002727 0.95
0.0500000000001479 0.3999999999999735 0.05
0.0500000000001479 0.3999999999999735 0.1
0.0500000000001479 0.3999999999999735 0.15
0.0500000000001479 0.3999999999999735 0.2
0.0500000000001479 0.3999999999999735 0.25
0.0500000000001479 0.3999999999999735 0.3
0.0500000000001479 0.3999999999999735 0.35
0.0500000000001479 0.3999999999999735 0.4
0.0500000000001479 0.3999999999999735 0.45
0.0500000000001479 0.3999999999999735 0.5
0.0500000000001479 0.3999999999999735 0.55
0.0500000000001479 0.3999999999999735 0.6
0.0500000000001479 0.3999999999999735 0.65
0.0500000000001479 0.3999999999999735 0.7
0.0500000000001479 0.3999999999999735 0.75
0.0500000000001479 0.3999999999999735 0.8
0.0500000000001479 0.3999999999999735 0.85
0.0500000000001479 0.3999999999999735 0.9
0.0500000000001479 0.3999999999999735 0.95
0.05000000000017799 0.4499999999997994 0.05
0.05000000000017799 0.4499999999997994 0.1
0.05000000000017799 0.4499999999997994 0.15
0.05000000000017799 0.4499999999997994 0.2
0.05000000000017799 0.4499999999997994 0.25
0.05000000000017799 0.4499999999997994 0.3
0.05000000000017799 0.4499999999997994 0.35
0.05000000000017799 0.4499999999997994 0.4
0.05000000000017799 0.4499999999997994 0.45
0.05000000000017799 0.4499999999997994 0.5
0.05000000000017799 0.4499999999997994 0.55
0.05000000000017799 0.4499999999997994 0.6
0.05000000000017799 0.4499999999997994 0.65
0.05000000000017799 0.4499999999997994 0.7
0.05000000000017799 0.4499999999997994 0.75
0.05000000000017799 0.4499999999997994 0.8
0.05000000000017799 0.4499999999997994 0.85
0.05000000000017799 0.4499999999997994 0.9
0.05000000000017799 0.4499999999997994 0.95
0.09999999999984224 0.0500000000001479 0.05
0.09999999999984224 0.0500000000001479 0.1
0.09999999999984224 0.0500000000001479 0.15
0.09999999999984224 0.0500000000001479 0.2
0.09999999999984224 0.0500000000001479 0.25
0.09999999999984224 0.0500000000001479 0.3
0.09999999999984224 0.0500000000001479 0.35
0.09999999999984224 0.0500000000001479 0.4
0.09999999999984224 0.0500000000001479 0.45
0.09999999999984224 0.0500000000001479 0.5
0.09999999999984224 0.0500000000001479 0.55
0.09999999999984224 0.0500000000001479 0.6
0.09999999999984224 0.0500000000001479 0.65
0.09999999999984224 0.0500000000001479 0.7
0.09999999999984224 0.0500000000001479 0.75
0.09999999999984224 0.0500000000001479 0.8
0.09999999999984224 0.0500000000001479 0.85
0.09999999999984224 0.0500000000001479 0.9
0.09999999999984224 0.0500000000001479 0.95
0.09999999999990601 0.1000000000002887 0.05
0.09999999999990601 0.1000000000002887 0.1
0.09999999999990601 0.1000000000002887 0.15
0.09999999999990601 0.1000000000002887 0.2
0.09999999999990601 0.1000000000002887 0.25
0.09999999999990601 0.1000000000002887 0.3
0.09999999999990601 0.1000000000002887 0.35
0.09999999999990601 0.1000000000002887 0.4
0.09999999999990601 0.1000000000002887 0.45
0.09999999999990601 0.1000000000002887 0.5
0.09999999999990601 0.1000000000002887 0.55
0.09999999999990601 0.1000000000002887 0.6
0.09999999999990601 0.1000000000002887 0.65
0.09999999999990601 0.1000000000002887 0.7
0.09999999999990601 0.1000000000002887 0.75
0.09999999999990601 0.1000000000002887 0.8
0.09999999999990601 0.1000000000002887 0.85
0.09999999999990601 0.1000000000002887 0.9
0.09999999999990601 0.1000000000002887 0.95
0.09999999999996981 0.150000000000426 0.05
0.09999999999996981 0.150000000000426 0.1
0.09999999999996981 0.150000000000426 0.15
0.09999999999996981 0.150000000000426 0.2
0.09999999999996981 0.150000000000426 0.25
0.09999999999996981 0.150000000000426 0.3
0.09999999999996981 0.150000000000426 0.35
0.09999999999996981 0.150000000000426 0.4
0.09999999999996981 0.150000000000426 0.45
0.09999999999996981 0.150000000000426 0.5
0.09999999999996981 0.150000000000426 0.55
0.09999999999996981 0.150000000000426 0.6
0.09999999999996981 0.150000000000426 0.65
0.09999999999996981 0.150000000000426 0.7
0.09999999999996981 0.150000000000426 0.75
0.09999999999996981 0.150000000000426 0.8
0.09999999999996981 0.150000000000426 0.85
0.09999999999996981 0.150000000000426 0.9
0.09999999999996981 0.150000000000426 0.95
0.1000000000000336 0.2000000000005634 0.05
0.1000000000000336 0.2000000000005634 0.1
0.1000000000000336 0.2000000000005634 0.15
0.1000000000000336 0.2000000000005634 0.2
0.1000000000000336 0.2000000000005634 0.25
0.1000000000000336 0.2000000000005634 0.3
0.1000000000000336 0.2000000000005634 0.35
0.1000000000000336 0.2000000000005634 0.4
0.1000000000000336 0.2000000000005634 0.45
0.1000000000000336 0.2000000000005634 0.5
0.1000000000000336 0.2000000000005634 0.55
0.1000000000000336 0.2000000000005634 0.6
0.1000000000000336 0.2000000000005634 0.65
0.1000000000000336 0.2000000000005634 0.7
0.1000000000000336 0.2000000000005634 0.75
0.1000000000000336 0.2000000000005634 0.8
0.1000000000000336 0.2000000000005634 0.85
0.1000000000000336 0.2000000000005634 0.9
0.1000000000000336 0.2000000000005634 0.95
0.1000000000000973 0.250000000000693 0.05
0.1000000000000973 0.250000000000693 0.1
0.1000000000000973 0.250000000000693 0.15
0.1000000000000973 0.250000000000693 0.2
0.1000000000000973 0.250000000000693 0.25
0.1000000000000973 0.250000000000693 0.3
0.1000000000000973 0.250000000000693 0.35
0.1000000000000973 0.250000000000693 0.4
0.1000000000000973 0.250000000000693 0.45
0.1000000000000973 0.250000000000693 0.5
0.1000000000000973 0.250000000000693 0.55
0.1000000000000973 0.250000000000693 0.6
0.1000000000000973 0.250000000000693 0.65
0.1000000000000973 0.250000000000693 0.7
0.1000000000000973 0.250000000000693 0.75
0.1000000000000973 0.250000000000693 0.8
0.1000000000000973 0.250000000000693 0.85
0.1000000000000973 0.250000000000693 0.9
0.1000000000000973 0.250000000000693 0.95
0.1000000000001611 0.3000000000004495 0.05
0.1000000000001611 0.3000000000004495 0.1
0.1000000000001611 0.3000000000004495 0.15
0.1000000000001611 0.3000000000004495 0.2
0.1000000000001611 0.3000000000004495 0.25
0.1000000000001611 0.3000000000004495 0.3
0.1000000000001611 0.3000000000004495 0.35
0.1000000000001611 0.3000000000004495 0.4
0.1000000000001611 0.3000000000004495 0.45
0.1000000000001611 0.3000000000004495 0.5
0.1000000000001611 0.3000000000004495 0.55
0.1000000000001611 0.3000000000004495 0.6
0.1000000000001611 0.3000000000004495 0.65
0.1000000000001611 0.3000000000004495 0.7
0.1000000000001611 0.3000000000004495 0.75
0.1000000000001611 0.3000000000004495 0.8
0.1000000000001611 0.3000000000004495 0.85
0.1000000000001611 0.3000000000004495 0.9
0.1000000000001611 0.3000000000004495 0.95
0.1000000000002249 0.3500000000001984 0.05
0.1000000000002249 0.3500000000001984 0.1
0.1000000000002249 0.3500000000001984 0.15
0.1000000000002249 0.3500000000001984 0.2
0.1000000000002249 0.3500000000001984 0.25
0.1000000000002249 0.3500000000001984 0.3
0.1000000000002249 0.3500000000001984 0.35
0.1000000000002249 0.3500000000001984 0.4
0.1000000000002249 0.3500000000001984 0.45
0.1000000000002249 0.3500000000001984 0.5
0.1000000000002249 0.3500000000001984 0.55
0.1000000000002249 0.3500000000001984 0.6
0.1000000000002249 0.3500000000001984 0.65
0.1000000000002249 0.3500000000001984 0.7
0.1000000000002249 0.3500000000001984 0.75
0.1000000000002249 0.3500000000001984 0.8
0.1000000000002249 0.3500000000001984 0.85
0.1000000000002249 0.3500000000001984 0.9
0.1000000000002249 0.3500000000001984 0.95
0.1000000000002887 0.3999999999999472 0.05
0.1000000000002887 0.3999999999999472 0.1
0.1000000000002887 0.3999999999999472 0.15
0.1000000000002887 0.3999999999999472 0.2
0.1000000000002887 0.3999999999999472 0.25
0.1000000000002887 0.3999999999999472 0.3
0.1000000000002887 0.3999999999999472 0.35
0.1000000000002887 0.3999999999999472 0.4
0.1000000000002887 0.3999999999999472 0.45
0.1000000000002887 0.3999999999999472 0.5
0.1000000000002887 0.3999999999999472 0.55
0.1000000000002887 0.3999999999999472 0.6
0.1000000000002887 0.3999999999999472 0.65
0.1000000000002887 0.3999999999999472 0.7
0.1000000000002887 0.3999999999999472 0.75
0.1000000000002887 0.3999999999999472 0.8
0.1000000000002887 0.3999999999999472 0.85
0.1000000000002887 0.3999999999999472 0.9
0.1000000000002887 0.3999999999999472 0.95
0.1000000000003525 0.4499999999998071 0.05
0.1000000000003525 0.4499999999998071 0.1
0.1000000000003525 0.4499999999998071 0.15
0.1000000000003525 0.4499999999998071 0.2
0.1000000000003525 0.4499999999998071 0.25
0.1000000000003525 0.4499999999998071 0.3
0.1000000000003525 0.4499999999998071 0.35
0.1000000000003525 0.4499999999998071 0.4
0.1000000000003525 0.4499999999998071 0.45
0.1000000000003525 0.4499999999998071 0.5
0.1000000000003525 0.4499999999998071 0.55
0.1000000000003525 0.4499999999998071 0.6
0.1000000000003525 0.4499999999998071 0.65
0.1000000000003525 0.4499999999998071 0.7
0.1000000000003525 0.4499999999998071 0.75
0.1000000000003525 0.4499999999998071 0.8
0.1000000000003525 0.4499999999998071 0.85
0.1000000000003525 0.4499999999998071 0.9
0.1000000000003525 0.4499999999998071 0.95
0.1499999999997317 0.05000000000011778 0.05
0.1499999999997317 0.05000000000011778 0.1
0.1499999999997317 0.05000000000011778 0.15
0.1499999999997317 0.05000000000011778 0.2
0.1499999999997317 0.05000000000011778 0.25
0.1499999999997317 0.05000000000011778 0.3
0.1499999999997317 0.05000000000011778 0.35
0.1499999999997317 0.05000000000011778 0.4
0.1499999999997317 0.05000000000011778 0.45
0.1499999999997317 0.05000000000011778 0.5
0.1499999999997317 0.05000000000011778 0.55
0.1499999999997317 0.05000000000011778 0.6
0.1499999999997317 0.05000000000011778 0.65
0.1499999999997317 0.05000000000011778 0.7
0.1499999999997317 0.05000000000011778 0.75
0.1499999999997317 0.05000000000011778 0.8
0.1499999999997317 0.05000000000011778 0.85
0.1499999999997317 0.05000000000011778 0.9
0.1499999999997317 0.05000000000011778 0.95
0.1499999999998309 0.1000000000002249 0.05
0.1499999999998309 0.1000000000002249 0.1
0.1499999999998309 0.1000000000002249 0.15
0.1499999999998309 0.1000000000002249 0.2
0.1499999999998309 0.1000000000002249 0.25
0.1499999999998309 0.1000000000002249 0.3
0.1499999999998309 0.1000000000002249 0.35
0.1499999999998309 0.1000000000002249 0.4
0.1499999999998309 0.1000000000002249 0.45
0.1499999999998309 0.1000000000002249 0.5
0.1499999999998309 0.1000000000002249 0.55
0.1499999999998309 0.1000000000002249 0.6
0.1499999999998309 0.1000000000002249 0.65
0.1499999999998309 0.1000000000002249 0.7
0.1499999999998309 0.1000000000002249 0.75
0.1499999999998309 0.1000000000002249 0.8
0.1499999999998309 0.1000000000002249 0.85
0.1499999999998309 0.1000000000002249 0.9
0.1499999999998309 0.1000000000002249 0.95
0.14999999999993 0.1500000000003268 0.05
0.14999999999993 0.1500000000003268 0.1
0.14999999999993 0.1500000000003268 0.15
0.14999999999993 0.1500000000003268 0.2
0.14999999999993 0.1500000000003268 0.25
0.14999999999993 0.1500000000003268 0.3
0.14999999999993 0.1500000000003268 0.35
0.14999999999993 0.1500000000003268 0.4
0.14999999999993 0.1500000000003268 0.45
0.14999999999993 0.1500000000003268 0.5
0.14999999999993 0.1500000000003268 0.55
0.14999999999993 0.1500000000003268 0.6
0.14999999999993 0.1500000000003268 0.65
0.14999999999993 0.1500000000003268 0.7
0.14999999999993 0.1500000000003268 0.75
0.14999999999993 0.1500000000003268 0.8
0.14999999999993 0.1500000000003268 0.85
0.14999999999993 0.1500000000003268 0.9
0.14999999999993 0.1500000000003268 0.95
0.1500000000000293 0.2000000000004287 0.05
0.1500000000000293 0.2000000000004287 0.1
0.1500000000000293 0.2000000000004287 0.15
0.1500000000000293 0.2000000000004287 0.2
0.1500000000000293 0.2000000000004287 0.25
0.1500000000000293 0.2000000000004287 0.3
0.1500000000000293 0.2000000000004287 0.35
0.1500000000000293 0.2000000000004287 0.4
0.1500000000000293 0.2000000000004287 0.45
0.1500000000000293 0.2000000000004287 0.5
0.1500000000000293 0.2000000000004287 0.55
0.1500000000000293 0.2000000000004287 0.6
0.1500000000000293 0.2000000000004287 0.65
0.1500000000000293 0.2000000000004287 0.7
0.1500000000000293 0.2000000000004287 0.75
0.1500000000000293 0.2000000000004287 0.8
0.1500000000000293 0.2000000000004287 0.85
0.1500000000000293 0.2000000000004287 0.9
0.1500000000000293 0.2000000000004287 0.95
0.1500000000001284 0.2500000000005247 0.05
0.1500000000001284 0.2500000000005247 0.1
0.1500000000001284 0.2500000000005247 0.15
0.1500000000001284 0.2500000000005247 0.2
0.1500000000001284 0.2500000000005247 0.25
0.1500000000001284 0.2500000000005247 0.3
0.1500000000001284 0.2500000000005247 0.35
0.1500000000001284 0.2500000000005247 0.4
0.1500000000001284 0.2500000000005247 0.45
0.1500000000001284 0.2500000000005247 0.5
0.1500000000001284 0.2500000000005247 0.55
0.1500000000001284 0.2500000000005247 0.6
0.1500000000001284 0.2500000000005247 0.65
0.1500000000001284 0.2500000000005247 0.7
0.1500000000001284 0.2500000000005247 0.75
0.1500000000001284 0.2500000000005247 0.8
0.1500000000001284 0.2500000000005247 0.85
0.1500000000001284 0.2500000000005247 0.9
0.1500000000001284 0.2500000000005247 0.95
0.1500000000002276 0.3000000000003273 0.05
0.1500000000002276 0.3000000000003273 0.1
0.1500000000002276 0.3000000000003273 0.15
0.1500000000002276 0.3000000000003273 0.2
0.1500000000002276 0.3000000000003273 0.25
0.1500000000002276 0.3000000000003273 0.3
0.1500000000002276 0.3000000000003273 0.35
0.1500000000002276 0.3000000000003273 0.4
0.1500000000002276 0.3000000000003273 0.45
0.1500000000002276 0.3000000000003273 0.5
0.1500000000002276 0.3000000000003273 0.55
0.1500000000002276 0.3000000000003273 0.6
0.1500000000002276 0.3000000000003273 0.65
0.1500000000002276 0.3000000000003273 0.7
0.1500000000002276 0.3000000000003273 0.75
0.1500000000002276 0.3000000000003273 0.8
0.1500000000002276 0.3000000000003273 0.85
0.1500000000002276 0.3000000000003273 0.9
0.1500000000002276 0.3000000000003273 0.95
0.1500000000003268 0.3500000000001242 0.05
0.1500000000003268 0.3500000000001242 0.1
0.1500000000003268 0.3500000000001242 0.15
0.1500000000003268 0.3500000000001242 0.2
0.1500000000003268 0.3500000000001242 0.25
0.1500000000003268 0.3500000000001242 0.3
0.1500000000003268 0.3500000000001242 0.35
0.1500000000003268 0.3500000000001242 0.4
0.1500000000003268 0.3500000000001242 0.45
0.1500000000003268 0.3500000000001242 0.5
0.1500000000003268 0.3500000000001242 0.55
0.1500000000003268 0.3500000000001242 0.6
0.1500000000003268 0.3500000000001242 0.65
0.1500000000003268 0.3500000000001242 0.7
0.1500000000003268 0.3500000000001242 0.75
0.1500000000003268 0.3500000000001242 0.8
0.1500000000003268 0.3500000000001242 0.85
0.1500000000003268 0.3500000000001242 0.9
0.1500000000003268 0.3500000000001242 0.95
0.150000000000426 0.3999999999999209 0.05
0.150000000000426 0.3999999999999209 0.1
0.150000000000426 0.3999999999999209 0.15
0.150000000000426 0.3999999999999209 0.2
0.150000000000426 0.3999999999999209 0.25
0.150000000000426 0.3999999999999209 0.3
0.150000000000426 0.3999999999999209 0.35
0.150000000000426 0.3999999999999209 0.4
0.150000000000426 0.3999999999999209 0.45
0.150000000000426 0.3999999999999209 0.5
0.150000000000426 0.3999999999999209 0.55
0.150000000000426 0.3999999999999209 0.6
0.150000000000426 0.3999999999999209 0.65
0.150000000000426 0.3999999999999209 0.7
0.150000000000426 0.3999999999999209 0.75
0.150000000000426 0.3999999999999209 0.8
0.150000000000426 0.3999999999999209 0.85
0.150000000000426 0.3999999999999209 0.9
0.150000000000426 0.3999999999999209 0.95
0.1500000000005252 0.4499999999998147 0.05
0.1500000000005252 0.4499999999998147 0.1
0.1500000000005252 0.4499999999998147 0.15
0.1500000000005252 0.4499999999998147 0.2
0.1500000000005252 0.4499999999998147 0.25
0.1500000000005252 0.4499999999998147 0.3
0.1500000000005252 0.4499999999998147 0.35
0.1500000000005252 0.4499999999998147 0.4
0.1500000000005252 0.4499999999998147 0.45
0.1500000000005252 0.4499999999998147 0.5
0.1500000000005252 0.4499999999998147 0.55
0.1500000000005252 0.4499999999998147 0.6
0.1500000000005252 0.4499999999998147 0.65
0.1500000000005252 0.4499999999998147 0.7
0.1500000000005252 0.4499999999998147 0.75
0.1500000000005252 0.4499999999998147 0.8
0.1500000000005252 0.4499999999998147 0.85
0.1500000000005252 0.4499999999998147 0.9
0.1500000000005252 0.4499999999998147 0.95
0.1999999999996211 0.0500000000000877 0.05
0.1999999999996211 0.0500000000000877 0.1
0.1999999999996211 0.0500000000000877 0.15
0.1999999999996211 0.0500000000000877 0.2
0.1999999999996211 0.0500000000000877 0.25
0.1999999999996211 0.0500000000000877 0.3
0.1999999999996211 0.0500000000000877 0.35
0.1999999999996211 0.0500000000000877 0.4
0.1999999999996211 0.0500000000000877 0.45
0.1999999999996211 0.0500000000000877 0.5
0.1999999999996211 0.0500000000000877 0.55
0.1999999999996211 0.0500000000000877 0.6
0.1999999999996211 0.0500000000000877 0.65
0.1999999999996211 0.0500000000000877 0.7
0.1999999999996211 0.0500000000000877 0.75
0.1999999999996211 0.0500000000000877 0.8
0.1999999999996211 0.0500000000000877 0.85
0.1999999999996211 0.0500000000000877 0.9
0.1999999999996211 0.0500000000000877 0.95
0.1999999999997557 0.1000000000001611 0.05
0.1999999999997557 0.1000000000001611 0.1
0.1999999999997557 0.1000000000001611 0.15
0.1999999999997557 0.1000000000001611 0.2
0.1999999999997557 0.1000000000001611 0.25
0.1999999999997557 0.1000000000001611 0.3
0.1999999999997557 0.1000000000001611 0.35
0.1999999999997557 0.1000000000001611 0.4
0.1999999999997557 0.1000000000001611 0.45
0.1999999999997557 0.1000000000001611 0.5
0.1999999999997557 0.1000000000001611 0.55
0.1999999999997557 0.1000000000001611 0.6
0.1999999999997557 0.1000000000001611 0.65
0.1999999999997557 0.1000000000001611 0.7
0.1999999999997557 0.1000000000001611 0.75
0.1999999999997557 0.1000000000001611 0.8
0.1999999999997557 0.1000000000001611 0.85
0.1999999999997557 0.1000000000001611 0.9
0.1999999999997557 0.1000000000001611 0.95
0.1999999999998903 0.1500000000002276 0.05
0.1999999999998903 0.1500000000002276 0.1
0.1999999999998903 0.1500000000002276 0.15
0.1999999999998903 0.1500000000002276 0.2
0.1999999999998903 0.1500000000002276 0.25
0.1999999999998903 0.1500000000002276 0.3
0.1999999999998903 0.1500000000002276 0.35
0.1999999999998903 0.1500000000002276 0.4
0.1999999999998903 0.1500000000002276 0.45
0.1999999999998903 0.1500000000002276 0.5
0.1999999999998903 0.1500000000002276 0.55
0.1999999999998903 0.1500000000002276 0.6
0.1999999999998903 0.1500000000002276 0.65
0.1999999999998903 0.1500000000002276 0.7
0.1999999999998903 0.1500000000002276 0.75
0.1999999999998903 0.1500000000002276 0.8
0.1999999999998903 0.1500000000002276 0.85
0.1999999999998903 0.1500000000002276 0.9
0.1999999999998903 0.1500000000002276 0.95
0.2000000000000249 0.2000000000002941 0.05
0.2000000000000249 0.2000000000002941 0.1
0.2000000000000249 0.2000000000002941 0.15
0.2000000000000249 0.2000000000002941 0.2
0.2000000000000249 0.2000000000002941 0.25
0.2000000000000249 0.2000000000002941 0.3
0.2000000000000249 0.2000000000002941 0.35
0.2000000000000249 0.2000000000002941 0.4
0.2000000000000249 0.2000000000002941 0.45
0.2000000000000249 0.2000000000002941 0.5
0.2000000000000249 0.2000000000002941 0.55
0.2000000000000249 0.2000000000002941 0.6
0.2000000000000249 0.2000000000002941 0.65
0.2000000000000249 0.2000000000002941 0.7
0.2000000000000249 0.2000000000002941 0.75
0.2000000000000249 0.2000000000002941 0.8
0.2000000000000249 0.2000000000002941 0.85
0.2000000000000249 0.2000000000002941 0.9
0.2000000000000249 0.2000000000002941 0.95
0.2000000000001596 0.2500000000003563 0.05
0.2000000000001596 0.2500000000003563 0.1
0.2000000000001596 0.2500000000003563 0.15
0.2000000000001596 0.2500000000003563 0.2
0.2000000000001596 0.2500000000003563 0.25
0.2000000000001596 0.2500000000003563 0.3
0.2000000000001596 0.2500000000003563 0.35
0.2000000000001596 0.2500000000003563 0.4
0.2000000000001596 0.2500000000003563 0.45
0.2000000000001596 0.2500000000003563 0.5
0.2000000000001596 0.2500000000003563 0.55
0.2000000000001596 0.2500000000003563 0.6
0.2000000000001596 0.2500000000003563 0.65
0.2000000000001596 0.2500000000003563 0.7
0.2000000000001596 0.2500000000003563 0.75
0.2000000000001596 0.2500000000003563 0.8
0.2000000000001596 0.2500000000003563 0.85
0.2000000000001596 0.2500000000003563 0.9
0.2000000000001596 0.2500000000003563 0.95
0.2000000000002941 0.3000000000002052 0.05
0.2000000000002941 0.3000000000002052 0.1
0.2000000000002941 0.3000000000002052 0.15
0.2000000000002941 0.3000000000002052 0.2
0.2000000000002941 0.3000000000002052 0.25
0.2000000000002941 0.3000000000002052 0.3
0.2000000000002941 0.3000000000002052 0.35
0.2000000000002941 0.3000000000002052 0.4
0.2000000000002941 0.3000000000002052 0.45
0.2000000000002941 0.3000000000002052 0.5
0.2000000000002941 0.3000000000002052 0.55
0.2000000000002941 0.3000000000002052 0.6
0.2000000000002941 0.3000000000002052 0.65
0.2000000000002941 0.3000000000002052 0.7
0.2000000000002941 0.3000000000002052 0.75
0.2000000000002941 0.3000000000002052 0.8
0.2000000000002941 0.3000000000002052 0.85
0.2000000000002941 0.3000000000002052 0.9
0.2000000000002941 0.3000000000002052 0.95
0.2000000000004287 0.3500000000000499 0.05
0.2000000000004287 0.3500000000000499 0.1
0.2000000000004287 0.3500000000000499 0.15
0.2000000000004287 0.3500000000000499 0.2
0.2000000000004287 0.3500000000000499 0.25
0.2000000000004287 0.3500000000000499 0.3
0.2000000000004287 0.3500000000000499 0.35
0.2000000000004287 0.3500000000000499 0.4
0.2000000000004287 0.3500000000000499 0.45
0.2000000000004287 0.3500000000000499 0.5
0.2000000000004287 0.3500000000000499 0.55
0.2000000000004287 0.3500000000000499 0.6
0.2000000000004287 0.3500000000000499 0.65
0.2000000000004287 0.3500000000000499 0.7
0.2000000000004287 0.3500000000000499 0.75
0.2000000000004287 0.3500000000000499 0.8
0.2000000000004287 0.3500000000000499 0.85
0.2000000000004287 0.3500000000000499 0.9
0.2000000000004287 0.3500000000000499 0.95
0.2000000000005633 0.3999999999998946 0.05
0.2000000000005633 0.3999999999998946 0.1
0.2000000000005633 0.3999999999998946 0.15
0.2000000000005633 0.3999999999998946 0.2
0.2000000000005633 0.3999999999998946 0.25
0.2000000000005633 0.3999999999998946 0.3
0.2000000000005633 0.3999999999998946 0.35
0.2000000000005633 0.3999999999998946 0.4
0.2000000000005633 0.3999999999998946 0.45
0.2000000000005633 0.3999999999998946 0.5
0.2000000000005633 0.3999999999998946 0.55
0.2000000000005633 0.3999999999998946 0.6
0.2000000000005633 0.3999999999998946 0.65
0.2000000000005633 0.3999999999998946 0.7
0.2000000000005633 0.3999999999998946 0.75
0.2000000000005633 0.3999999999998946 0.8
0.2000000000005633 0.3999999999998946 0.85
0.2000000000005633 0.3999999999998946 0.9
0.2000000000005633 0.3999999999998946 0.95
0.2000000000006979 0.4499999999998223 0.05
0.2000000000006979 0.4499999999998223 0.1
0.2000000000006979 0.4499999999998223 0.15
0.2000000000006979 0.4499999999998223 0.2
0.2000000000006979 0.4499999999998223 0.25
0.2000000000006979 0.4499999999998223 0.3
0.2000000000006979 0.4499999999998223 0.35
0.2000000000006979 0.4499999999998223 0.4
0.2000000000006979 0.4499999999998223 0.45
0.2000000000006979 0.4499999999998223 0.5
0.2000000000006979 0.4499999999998223 0.55
0.2000000000006979 0.4499999999998223 0.6
0.2000000000006979 0.4499999999998223 0.65
0.2000000000006979 0.4499999999998223 0.7
0.2000000000006979 0.4499999999998223 0.75
0.2000000000006979 0.4499999999998223 0.8
0.2000000000006979 0.4499999999998223 0.85
0.2000000000006979 0.4499999999998223 0.9
0.2000000000006979 0.4499999999998223 0.95
0.2499999999995144 0.05000000000005758 0.05
0.2499999999995144 0.05000000000005758 0.1
0.2499999999995144 0.05000000000005758 0.15
0.2499999999995144 0.05000000000005758 0.2
0.2499999999995144 0.05000000000005758 0.25
0.2499999999995144 0.05000000000005758 0.3
0.2499999999995144 0.05000000000005758 0.35
0.2499999999995144 0.05000000000005758 0.4
0.2499999999995144 0.05000000000005758 0.45
0.2499999999995144 0.05000000000005758 0.5
0.2499999999995144 0.05000000000005758 0.55
0.2499999999995144 0.05000000000005758 0.6
0.2499999999995144 0.05000000000005758 0.65
0.2499999999995144 0.05000000000005758 0.7
0.2499999999995144 0.05000000000005758 0.75
0.2499999999995144 0.05000000000005758 0.8
0.2499999999995144 0.05000000000005758 0.85
0.2499999999995144 0.05000000000005758 0.9
0.2499999999995144 0.05000000000005758 0.95
0.2499999999996828 0.1000000000000974 0.05
0.2499999999996828 0.1000000000000974 0.1
0.2499999999996828 0.1000000000000974 0.15
0.2499999999996828 0.1000000000000974 0.2
0.2499999999996828 0.1000000000000974 0.25
0.2499999999996828 0.1000000000000974 0.3
0.2499999999996828 0.1000000000000974 0.35
0.2499999999996828 0.1000000000000974 0.4
0.2499999999996828 0.1000000000000974 0.45
0.2499999999996828 0.1000000000000974 0.5
0.2499999999996828 0.1000000000000974 0.55
0.2499999999996828 0.1000000000000974 0.6
0.2499999999996828 0.1000000000000974 0.65
0.2499999999996828 0.1000000000000974 0.7
0.2499999999996828 0.1000000000000974 0.75
0.2499999999996828 0.1000000000000974 0.8
0.2499999999996828 0.1000000000000974 0.85
0.2499999999996828 0.1000000000000974 0.9
0.2499999999996828 0.1000000000000974 0.95
0.2499999999998511 0.1500000000001284 0.05
0.2499999999998511 0.1500000000001284 0.1
0.2499999999998511 0.1500000000001284 0.15
0.2499999999998511 0.1500000000001284 0.2
0.2499999999998511 0.1500000000001284 0.25
0.2499999999998511 0.1500000000001284 0.3
0.2499999999998511 0.1500000000001284 0.35
0.2499999999998511 0.1500000000001284 0.4
0.2499999999998511 0.1500000000001284 0.45
0.2499999999998511 0.1500000000001284 0.5
0.2499999999998511 0.1500000000001284 0.55
0.2499999999998511 0.1500000000001284 0.6
0.2499999999998511 0.1500000000001284 0.65
0.2499999999998511 0.1500000000001284 0.7
0.2499999999998511 0.1500000000001284 0.75
0.2499999999998511 0.1500000000001284 0.8
0.2499999999998511 0.1500000000001284 0.85
0.2499999999998511 0.1500000000001284 0.9
0.2499999999998511 0.1500000000001284 0.95
0.2500000000000195 0.2000000000001596 0.05
0.2500000000000195 0.2000000000001596 0.1
0.2500000000000195 0.2000000000001596 0.15
0.2500000000000195 0.2000000000001596 0.2
0.2500000000000195 0.2000000000001596 0.25
0.2500000000000195 0.2000000000001596 0.3
0.2500000000000195 0.2000000000001596 0.35
0.2500000000000195 0.2000000000001596 0.4
0.2500000000000195 0.2000000000001596 0.45
0.2500000000000195 0.2000000000001596 0.5
0.2500000000000195 0.2000000000001596 0.55
0.2500000000000195 0.2000000000001596 0.6
0.2500000000000195 0.2000000000001596 0.65
0.2500000000000195 0.2000000000001596 0.7
0.2500000000000195 0.2000000000001596 0.75
0.2500000000000195 0.2000000000001596 0.8
0.2500000000000195 0.2000000000001596 0.85
0.2500000000000195 0.2000000000001596 0.9
0.2500000000000195 0.2000000000001596 0.95
0.2500000000001878 0.2500000000001878 0.05
0.2500000000001878 0.2500000000001878 0.1
0.2500000000001878 0.2500000000001878 0.15
0.2500000000001878 0.2500000000001878 0.2
0.2500000000001878 0.2500000000001878 0.25
0.2500000000001878 0.2500000000001878 0.3
0.2500000000001878 0.2500000000001878 0.35
0.2500000000001878 0.2500000000001878 0.4
0.2500000000001878 0.2500000000001878 0.45
0.2500000000001878 0.2500000000001878 0.5
0.2500000000001878 0.2500000000001878 0.55
0.2500000000001878 0.2500000000001878 0.6
0.2500000000001878 0.2500000000001878 0.65
0.2500000000001878 0.2500000000001878 0.7
0.2500000000001878 0.2500000000001878 0.75
0.2500000000001878 0.2500000000001878 0.8
0.2500000000001878 0.2500000000001878 0.85
0.2500000000001878 0.2500000000001878 0.9
0.2500000000001878 0.2500000000001878 0.95
0.2500000000003563 0.3000000000000831 0.05
0.2500000000003563 0.3000000000000831 0.1
0.2500000000003563 0.3000000000000831 0.15
0.2500000000003563 0.3000000000000831 0.2
0.2500000000003563 0.3000000000000831 0.25
0.2500000000003563 0.3000000000000831 0.3
0.2500000000003563 0.3000000000000831 0.35
0.2500000000003563 0.3000000000000831 0.4
0.2500000000003563 0.3000000000000831 0.45
0.2500000000003563 0.3000000000000831 0.5
0.2500000000003563 0.3000000000000831 0.55
0.2500000000003563 0.3000000000000831 0.6
0.2500000000003563 0.3000000000000831 0.65
0.2500000000003563 0.3000000000000831 0.7
0.2500000000003563 0.3000000000000831 0.75
0.2500000000003563 0.3000000000000831 0.8
0.2500000000003563 0.3000000000000831 0.85
0.2500000000003563 0.3000000000000831 0.9
0.2500000000003563 0.3000000000000831 0.95
0.2500000000005247 0.3499999999999757 0.05
0.2500000000005247 0.3499999999999757 0.1
0.2500000000005247 0.3499999999999757 0.15
0.2500000000005247 0.3499999999999757 0.2
0.2500000000005247 0.3499999999999757 0.25
0.2500000000005247 0.3499999999999757 0.3
0.2500000000005247 0.3499999999999757 0.35
0.2500000000005247 0.3499999999999757 0.4
0.2500000000005247 0.3499999999999757 0.45
0.2500000000005247 0.3499999999999757 0.5
0.2500000000005247 0.3499999999999757 0.55
0.2500000000005247 0.3499999999999757 0.6
0.2500000000005247 0.3499999999999757 0.65
0.2500000000005247 0.3499999999999757 0.7
0.2500000000005247 0.3499999999999757 0.75
0.2500000000005247 0.3499999999999757 0.8
0.2500000000005247 0.3499999999999757 0.85
0.2500000000005247 0.3499999999999757 0.9
0.2500000000005247 0.3499999999999757 0.95
0.250000000000693 0.3999999999998681 0.05
0.250000000000693 0.3999999999998681 0.1
0.250000000000693 0.3999999999998681 0.15
0.250000000000693 0.3999999999998681 0.2
0.250000000000693 0.3999999999998681 0.25
0.250000000000693 0.3999999999998681 0.3
0.250000000000693 0.3999999999998681 0.35
0.250000000000693 0.3999999999998681 0.4
0.250000000000693 0.3999999999998681 0.45
0.250000000000693 0.3999999999998681 0.5
0.250000000000693 0.3999999999998681 0.55
0.250000000000693 0.3999999999998681 0.6
0.250000000000693 0.3999999999998681 0.65
0.250000000000693 0.3999999999998681 0.7
0.250000000000693 0.3999999999998681 0.75
0.250000000000693 0.3999999999998681 0.8
0.250000000000693 0.3999999999998681 0.85
0.250000000000693 0.3999999999998681 0.9
0.250000000000693 0.3999999999998681 0.95
0.2500000000008613 0.44999999999983 0.05
0.2500000000008613 0.44999999999983 0.1
0.2500000000008613 0.44999999999983 0.15
0.2500000000008613 0.44999999999983 0.2
0.2500000000008613 0.44999999999983 0.25
0.2500000000008613 0.44999999999983 0.3
0.2500000000008613 0.44999999999983 0.35
0.2500000000008613 0.44999999999983 0.4
0.2500000000008613 0.44999999999983 0.45
0.2500000000008613 0.44999999999983 0.5
0.2500000000008613 0.44999999999983 0.55
0.2500000000008613 0.44999999999983 0.6
0.2500000000008613 0.44999999999983 0.65
0.2500000000008613 0.44999999999983 0.7
0.2500000000008613 0.44999999999983 0.75
0.2500000000008613 0.44999999999983 0.8
0.2500000000008613 0.44999999999983 0.85
0.2500000000008613 0.44999999999983 0.9
0.2500000000008613 0.44999999999983 0.95
0.2999999999995946 0.05000000000002748 0.05
0.2999999999995946 0.05000000000002748 0.1
0.2999999999995946 0.05000000000002748 0.15
0.2999999999995946 0.05000000000002748 0.2
0.2999999999995946 0.05000000000002748 0.25
0.2999999999995946 0.05000000000002748 0.3
0.2999999999995946 0.05000000000002748 0.35
0.2999999999995946 0.05000000000002748 0.4
0.2999999999995946 0.05000000000002748 0.45
0.2999999999995946 0.05000000000002748 0.5
0.2999999999995946 0.05000000000002748 0.55
0.2999999999995946 0.05000000000002748 0.6
0.2999999999995946 0.05000000000002748 0.65
0.2999999999995946 0.05000000000002748 0.7
0.2999999999995946 0.05000000000002748 0.75
0.2999999999995946 0.05000000000002748 0.8
0.2999999999995946 0.05000000000002748 0.85
0.2999999999995946 0.05000000000002748 0.9
0.2999999999995946 0.05000000000002748 0.95
0.2999999999997167 0.1000000000000336 0.05
0.2999999999997167 0.1000000000000336 0.1
0.2999999999997167 0.1000000000000336 0.15
0.2999999999997167 0.1000000000000336 0.2
0.2999999999997167 0.1000000000000336 0.25
0.2999999999997167 0.1000000000000336 0.3
0.2999999999997167 0.1000000000000336 0.35
0.2999999999997167 0.1000000000000336 0.4
0.2999999999997167 0.1000000000000336 0.45
0.2999999999997167 0.1000000000000336 0.5
0.2999999999997167 0.1000000000000336 0.55
0.2999999999997167 0.1000000000000336 0.6
0.2999999999997167 0.1000000000000336 0.65
0.2999999999997167 0.1000000000000336 0.7
0.2999999999997167 0.1000000000000336 0.75
0.2999999999997167 0.1000000000000336 0.8
0.2999999999997167 0.1000000000000336 0.85
0.2999999999997167 0.1000000000000336 0.9
0.2999999999997167 0.1000000000000336 0.95
0.2999999999998388 0.1500000000000293 0.05
0.2999999999998388 0.1500000000000293 0.1
0.2999999999998388 0.1500000000000293 0.15
0.2999999999998388 0.1500000000000293 0.2
0.2999999999998388 0.1500000000000293 0.25
0.2999999999998388 0.1500000000000293 0.3
0.2999999999998388 0.1500000000000293 0.35
0.2999999999998388 0.1500000000000293 0.4
0.2999999999998388 0.1500000000000293 0.45
0.2999999999998388 0.1500000000000293 0.5
0.2999999999998388 0.1500000000000293 0.55
0.2999999999998388 0.1500000000000293 0.6
0.2999999999998388 0.1500000000000293 0.65
0.2999999999998388 0.1500000000000293 0.7
0.2999999999998388 0.1500000000000293 0.75
0.2999999999998388 0.1500000000000293 0.8
0.2999999999998388 0.1500000000000293 0.85
0.2999999999998388 0.1500000000000293 0.9
0.2999999999998388 0.1500000000000293 0.95
0.299999999999961 0.2000000000000249 0.05
0.299999999999961 0.2000000000000249 0.1
0.299999999999961 0.2000000000000249 0.15
0.299999999999961 0.2000000000000249 0.2
0.299999999999961 0.2000000000000249 0.25
0.299999999999961 0.2000000000000249 0.3
0.299999999999961 0.2000000000000249 0.35
0.299999999999961 0.2000000000000249 0.4
0.299999999999961 0.2000000000000249 0.45
0.299999999999961 0.2000000000000249 0.5
0.299999999999961 0.2000000000000249 0.55
0.299999999999961 0.2000000000000249 0.6
0.299999999999961 0.2000000000000249 0.65
0.299999999999961 0.2000000000000249 0.7
0.299999999999961 0.2000000000000249 0.75
0.299999999999961 0.2000000000000249 0.8
0.299999999999961 0.2000000000000249 0.85
0.299999999999961 0.2000000000000249 0.9
0.299999999999961 0.2000000000000249 0.95
0.3000000000000831 0.2500000000000195 0.05
0.3000000000000831 0.2500000000000195 0.1
0.3000000000000831 0.2500000000000195 0.15
0.3000000000000831 0.2500000000000195 0.2
0.3000000000000831 0.2500000000000195 0.25
0.3000000000000831 0.2500000000000195 0.3
0.3000000000000831 0.2500000000000195 0.35
0.3000000000000831 0.2500000000000195 0.4
0.3000000000000831 0.2500000000000195 0.45
0.3000000000000831 0.2500000000000195 0.5
0.3000000000000831 0.2500000000000195 0.55
0.3000000000000831 0.2500000000000195 0.6
0.3000000000000831 0.2500000000000195 0.65
0.3000000000000831 0.2500000000000195 0.7
0.3000000000000831 0.2500000000000195 0.75
0.3000000000000831 0.2500000000000195 0.8
0.3000000000000831 0.2500000000000195 0.85
0.3000000000000831 0.2500000000000195 0.9
0.3000000000000831 0.2500000000000195 0.95
0.3000000000002052 0.299999999999961 0.05
0.3000000000002052 0.299999999999961 0.1
0.3000000000002052 0.299999999999961 0.15
0.3000000000002052 0.299999999999961 0.2
0.3000000000002052 0.299999999999961 0.25
0.3000000000002052 0.299999999999961 0.3
0.3000000000002052 0.299999999999961 0.35
0.3000000000002052 0.299999999999961 0.4
0.3000000000002052 0.299999999999961 0.45
0.3000000000002052 0.299999999999961 0.5
0.3000000000002052 0.299999999999961 0.55
0.3000000000002052 0.299999999999961 0.6
0.3000000000002052 0.299999999999961 0.65
0.3000000000002052 0.299999999999961 0.7
0.3000000000002052 0.299999999999961 0.75
0.3000000000002052 0.299999999999961 0.8
0.3000000000002052 0.299999999999961 0.85
0.3000000000002052 0.299999999999961 0.9
0.3000000000002052 0.299999999999961 0.95
0.3000000000003273 0.3499999999999014 0.05
0.3000000000003273 0.3499999999999014 0.1
0.3000000000003273 0.3499999999999014 0.15
0.3000000000003273 0.3499999999999014 0.2
0.3000000000003273 0.3499999999999014 0.25
0.3000000000003273 0.3499999999999014 0.3
0.3000000000003273 0.3499999999999014 0.35
0.3000000000003273 0.3499999999999014 0.4
0.3000000000003273 0.3499999999999014 0.45
0.3000000000003273 0.3499999999999014 0.5
0.3000000000003273 0.3499999999999014 0.55
0.3000000000003273 0.3499999999999014 0.6
0.3000000000003273 0.3499999999999014 0.65
0.3000000000003273 0.3499999999999014 0.7
0.3000000000003273 0.3499999999999014 0.75
0.3000000000003273 0.3499999999999014 0.8
0.3000000000003273 0.3499999999999014 0.85
0.3000000000003273 0.3499999999999014 0.9
0.3000000000003273 0.3499999999999014 0.95
0.3000000000004495 0.3999999999998417 0.05
0.3000000000004495 0.3999999999998417 0.1
0.3000000000004495 0.3999999999998417 0.15
0.3000000000004495 0.3999999999998417 0.2
0.3000000000004495 0.3999999999998417 0.25
0.3000000000004495 0.3999999999998417 0.3
0.3000000000004495 0.3999999999998417 0.35
0.3000000000004495 0.3999999999998417 0.4
0.3000000000004495 0.3999999999998417 0.45
0.3000000000004495 0.3999999999998417 0.5
0.3000000000004495 0.3999999999998417 0.55
0.3000000000004495 0.3999999999998417 0.6
0.3000000000004495 0.3999999999998417 0.65
0.3000000000004495 0.3999999999998417 0.7
0.3000000000004495 0.3999999999998417 0.75
0.3000000000004495 0.3999999999998417 0.8
0.3000000000004495 0.3999999999998417 0.85
0.3000000000004495 0.3999999999998417 0.9
0.3000000000004495 0.3999999999998417 0.95
0.3000000000005716 0.4499999999998375 0.05
0.3000000000005716 0.4499999999998375 0.1
0.3000000000005716 0.4499999999998375 0.15
0.3000000000005716 0.4499999999998375 0.2
0.3000000000005716 0.4499999999998375 0.25
0.3000000000005716 0.4499999999998375 0.3
0.3000000000005716 0.4499999999998375 0.35
0.3000000000005716 0.4499999999998375 0.4
0.3000000000005716 0.4499999999998375 0.45
0.3000000000005716 0.4499999999998375 0.5
0.3000000000005716 0.4499999999998375 0.55
0.3000000000005716 0.4499999999998375 0.6
0.3000000000005716 0.4499999999998375 0.65
0.3000000000005716 0.4499999999998375 0.7
0.3000000000005716 0.4499999999998375 0.75
0.3000000000005716 0.4499999999998375 0.8
0.3000000000005716 0.4499999999998375 0.85
0.3000000000005716 0.4499999999998375 0.9
0.3000000000005716 0.4499999999998375 0.95
0.3499999999996785 0.04999999999999738 0.05
0.3499999999996785 0.04999999999999738 0.1
0.3499999999996785 0.04999999999999738 0.15
0.3499999999996785 0.04999999999999738 0.2
0.3499999999996785 0.04999999999999738 0.25
0.3499999999996785 0.04999999999999738 0.3
0.3499999999996785 0.04999999999999738 0.35
0.3499999999996785 0.04999999999999738 0.4
0.3499999999996785 0.04999999999999738 0.45
0.3499999999996785 0.04999999999999738 0.5
0.3499999999996785 0.04999999999999738 0.55
0.3499999999996785 0.04999999999999738 0.6
0.3499999999996785 0.04999999999999738 0.65
0.3499999999996785 0.04999999999999738 0.7
0.3499999999996785 0.04999999999999738 0.75
0.3499999999996785 0.04999999999999738 0.8
0.3499999999996785 0.04999999999999738 0.85
0.3499999999996785 0.04999999999999738 0.9
0.3499999999996785 0.04999999999999738 0.95
0.349999999999753 0.09999999999996978 0.05
0.349999999999753 0.09999999999996978 0.1
0.349999999999753 0.09999999999996978 0.15
0.349999999999753 0.09999999999996978 0.2
0.349999999999753 0.09999999999996978 0.25
0.349999999999753 0.09999999999996978 0.3
0.349999999999753 0.09999999999996978 0.35
0.349999999999753 0.09999999999996978 0.4
0.349999999999753 0.09999999999996978 0.45
0.349999999999753 0.09999999999996978 0.5
0.349999999999753 0.09999999999996978 0.55
0.349999999999753 0.09999999999996978 0.6
0.349999999999753 0.09999999999996978 0.65
0.349999999999753 0.09999999999996978 0.7
0.349999999999753 0.09999999999996978 0.75
0.349999999999753 0.09999999999996978 0.8
0.349999999999753 0.09999999999996978 0.85
0.349999999999753 0.09999999999996978 0.9
0.349999999999753 0.09999999999996978 0.95
0.3499999999998271 0.1499999999999301 0.05
0.3499999999998271 0.1499999999999301 0.1
0.3499999999998271 0.1499999999999301 0.15
0.3499999999998271 0.1499999999999301 0.2
0.3499999999998271 0.1499999999999301 0.25
0.3499999999998271 0.1499999999999301 0.3
0.3499999999998271 0.1499999999999301 0.35
0.3499999999998271 0.1499999999999301 0.4
0.3499999999998271 0.1499999999999301 0.45
0.3499999999998271 0.1499999999999301 0.5
0.3499999999998271 0.1499999999999301 0.55
0.3499999999998271 0.1499999999999301 0.6
0.3499999999998271 0.1499999999999301 0.65
0.3499999999998271 0.1499999999999301 0.7
0.3499999999998271 0.1499999999999301 0.75
0.3499999999998271 0.1499999999999301 0.8
0.3499999999998271 0.1499999999999301 0.85
0.3499999999998271 0.1499999999999301 0.9
0.3499999999998271 0.1499999999999301 0.95
0.3499999999999015 0.1999999999998903 0.05
0.3499999999999015 0.1999999999998903 0.1
0.3499999999999015 0.1999999999998903 0.15
0.3499999999999015 0.1999999999998903 0.2
0.3499999999999015 0.1999999999998903 0.25
0.3499999999999015 0.1999999999998903 0.3
0.3499999999999015 0.1999999999998903 0.35
0.3499999999999015 0.1999999999998903 0.4
0.3499999999999015 0.1999999999998903 0.45
0.3499999999999015 0.1999999999998903 0.5
0.3499999999999015 0.1999999999998903 0.55
0.3499999999999015 0.1999999999998903 0.6
0.3499999999999015 0.1999999999998903 0.65
0.3499999999999015 0.1999999999998903 0.7
0.3499999999999015 0.1999999999998903 0.75
0.3499999999999015 0.1999999999998903 0.8
0.3499999999999015 0.1999999999998903 0.85
0.3499999999999015 0.1999999999998903 0.9
0.3499999999999015 0.1999999999998903 0.95
0.3499999999999757 0.2499999999998511 0.05
0.3499999999999757 0.2499999999998511 0.1
0.3499999999999757 0.2499999999998511 0.15
0.3499999999999757 0.2499999999998511 0.2
0.3499999999999757 0.2499999999998511 0.25
0.3499999999999757 0.2499999999998511 0.3
0.3499999999999757 0.2499999999998511 0.35
0.3499999999999757 0.2499999999998511 0.4
0.3499999999999757 0.2499999999998511 0.45
0.3499999999999757 0.2499999999998511 0.5
0.3499999999999757 0.2499999999998511 0.55
0.3499999999999757 0.2499999999998511 0.6
0.3499999999999757 0.2499999999998511 0.65
0.3499999999999757 0.2499999999998511 0.7
0.3499999999999757 0.2499999999998511 0.75
0.3499999999999757 0.2499999999998511 0.8
0.3499999999999757 0.2499999999998511 0.85
0.3499999999999757 0.2499999999998511 0.9
0.3499999999999757 0.2499999999998511 0.95
0.3500000000000499 0.2999999999998388 0.05
0.3500000000000499 0.2999999999998388 0.1
0.3500000000000499 0.2999999999998388 0.15
0.3500000000000499 0.2999999999998388 0.2
0.3500000000000499 0.2999999999998388 0.25
0.3500000000000499 0.2999999999998388 0.3
0.3500000000000499 0.2999999999998388 0.35
0.3500000000000499 0.2999999999998388 0.4
0.3500000000000499 0.2999999999998388 0.45
0.3500000000000499 0.2999999999998388 0.5
0.3500000000000499 0.2999999999998388 0.55
0.3500000000000499 0.2999999999998388 0.6
0.3500000000000499 0.2999999999998388 0.65
0.3500000000000499 0.2999999999998388 0.7
0.3500000000000499 0.2999999999998388 0.75
0.3500000000000499 0.2999999999998388 0.8
0.3500000000000499 0.2999999999998388 0.85
0.3500000000000499 0.2999999999998388 0.9
0.3500000000000499 0.2999999999998388 0.95
0.3500000000001242 0.3499999999998271 0.05
0.3500000000001242 0.3499999999998271 0.1
0.3500000000001242 0.3499999999998271 0.15
0.3500000000001242 0.3499999999998271 0.2
0.3500000000001242 0.3499999999998271 0.25
0.3500000000001242 0.3499999999998271 0.3
0.3500000000001242 0.3499999999998271 0.35
0.3500000000001242 0.3499999999998271 0.4
0.3500000000001242 0.3499999999998271 0.45
0.3500000000001242 0.3499999999998271 0.5
0.3500000000001242 0.3499999999998271 0.55
0.3500000000001242 0.3499999999998271 0.6
0.3500000000001242 0.3499999999998271 0.65
0.3500000000001242 0.3499999999998271 0.7
0.3500000000001242 0.3499999999998271 0.75
0.3500000000001242 0.3499999999998271 0.8
0.3500000000001242 0.3499999999998271 0.85
0.3500000000001242 0.3499999999998271 0.9
0.3500000000001242 0.3499999999998271 0.95
0.3500000000001984 0.3999999999998154 0.05
0.3500000000001984 0.3999999999998154 0.1
0.3500000000001984 0.3999999999998154 0.15
0.3500000000001984 0.3999999999998154 0.2
0.3500000000001984 0.3999999999998154 0.25
0.3500000000001984 0.3999999999998154 0.3
0.3500000000001984 0.3999999999998154 0.35
0.3500000000001984 0.3999999999998154 0.4
0.3500000000001984 0.3999999999998154 0.45
0.3500000000001984 0.3999999999998154 0.5
0.3500000000001984 0.3999999999998154 0.55
0.3500000000001984 0.3999999999998154 0.6
0.3500000000001984 0.3999999999998154 0.65
0.3500000000001984 0.3999999999998154 0.7
0.3500000000001984 0.3999999999998154 0.75
0.3500000000001984 0.3999999999998154 0.8
0.3500000000001984 0.3999999999998154 0.85
0.3500000000001984 0.3999999999998154 0.9
0.3500000000001984 0.3999999999998154 0.95
0.3500000000002728 0.4499999999998452 0.05
0.3500000000002728 0.4499999999998452 0.1
0.3500000000002728 0.4499999999998452 0.15
0.3500000000002728 0.4499999999998452 0.2
0.3500000000002728 0.4499999999998452 0.25
0.3500000000002728 0.4499999999998452 0.3
0.3500000000002728 0.4499999999998452 0.35
0.3500000000002728 0.4499999999998452 0.4
0.3500000000002728 0.4499999999998452 0.45
0.3500000000002728 0.4499999999998452 0.5
0.3500000000002728 0.4499999999998452 0.55
0.3500000000002728 0.4499999999998452 0.6
0.3500000000002728 0.4499999999998452 0.65
0.3500000000002728 0.4499999999998452 0.7
0.3500000000002728 0.4499999999998452 0.75
0.3500000000002728 0.4499999999998452 0.8
0.3500000000002728 0.4499999999998452 0.85
0.3500000000002728 0.4499999999998452 0.9
0.3500000000002728 0.4499999999998452 0.95
0.3999999999997626 0.04999999999996727 0.05
0.3999999999997626 0.04999999999996727 0.1
0.3999999999997626 0.04999999999996727 0.15
0.3999999999997626 0.04999999999996727 0.2
0.3999999999997626 0.04999999999996727 0.25
0.3999999999997626 0.04999999999996727 0.3
0.3999999999997626 0.04999999999996727 0.35
0.3999999999997626 0.04999999999996727 0.4
0.3999999999997626 0.04999999999996727 0.45
0.3999999999997626 0.04999999999996727 0.5
0.3999999999997626 0.04999999999996727 0.55
0.3999999999997626 0.04999999999996727 0.6
0.3999999999997626 0.04999999999996727 0.65
0.3999999999997626 0.04999999999996727 0.7
0.3999999999997626 0.04999999999996727 0.75
0.3999999999997626 0.04999999999996727 0.8
0.3999999999997626 0.04999999999996727 0.85
0.3999999999997626 0.04999999999996727 0.9
0.3999999999997626 0.04999999999996727 0.95
0.3999999999997889 0.09999999999990604 0.05
0.3999999999997889 0.09999999999990604 0.1
0.3999999999997889 0.09999999999990604 0.15
0.3999999999997889 0.09999999999990604 0.2
0.3999999999997889 0.09999999999990604 0.25
0.3999999999997889 0.09999999999990604 0.3
0.3999999999997889 0.09999999999990604 0.35
0.3999999999997889 0.09999999999990604 0.4
0.3999999999997889 0.09999999999990604 0.45
0.3999999999997889 0.09999999999990604 0.5
0.3999999999997889 0.09999999999990604 0.55
0.3999999999997889 0.09999999999990604 0.6
0.3999999999997889 0.09999999999990604 0.65
0.3999999999997889 0.09999999999990604 0.7
0.3999999999997889 0.09999999999990604 0.75
0.3999999999997889 0.09999999999990604 0.8
0.3999999999997889 0.09999999999990604 0.85
0.3999999999997889 0.09999999999990604 0.9
0.3999999999997889 0.09999999999990604 0.95
0.3999999999998153 0.1499999999998309 0.05
0.3999999999998153 0.1499999999998309 0.1
0.3999999999998153 0.1499999999998309 0.15
0.3999999999998153 0.1499999999998309 0.2
0.3999999999998153 0.1499999999998309 0.25
0.3999999999998153 0.1499999999998309 0.3
0.3999999999998153 0.1499999999998309 0.35
0.3999999999998153 0.1499999999998309 0.4
0.3999999999998153 0.1499999999998309 0.45
0.3999999999998153 0.1499999999998309 0.5
0.3999999999998153 0.1499999999998309 0.55
0.3999999999998153 0.1499999999998309 0.6
0.3999999999998153 0.1499999999998309 0.65
0.3999999999998153 0.1499999999998309 0.7
0.3999999999998153 0.1499999999998309 0.75
0.3999999999998153 0.1499999999998309 0.8
0.3999999999998153 0.1499999999998309 0.85
0.3999999999998153 0.1499999999998309 0.9
0.3999999999998153 0.1499999999998309 0.95
0.3999999999998417 0.1999999999997558 0.05
0.3999999999998417 0.1999999999997558 0.1
0.3999999999998417 0.1999999999997558 0.15
0.3999999999998417 0.1999999999997558 0.2
0.3999999999998417 0.1999999999997558 0.25
0.3999999999998417 0.1999999999997558 0.3
0.3999999999998417 0.1999999999997558 0.35
0.3999999999998417 0.1999999999997558 0.4
0.3999999999998417 0.1999999999997558 0.45
0.3999999999998417 0.1999999999997558 0.5
0.3999999999998417 0.1999999999997558 0.55
0.3999999999998417 0.1999999999997558 0.6
0.3999999999998417 0.1999999999997558 0.65
0.3999999999998417 0.1999999999997558 0.7
0.3999999999998417 0.1999999999997558 0.75
0.3999999999998417 0.1999999999997558 0.8
0.3999999999998417 0.1999999999997558 0.85
0.3999999999998417 0.1999999999997558 0.9
0.3999999999998417 0.1999999999997558 0.95
0.3999999999998681 0.2499999999996828 0.05
0.3999999999998681 0.2499999999996828 0.1
0.3999999999998681 0.2499999999996828 0.15
0.3999999999998681 0.2499999999996828 0.2
0.3999999999998681 0.2499999999996828 0.25
0.3999999999998681 0.2499999999996828 0.3
0.3999999999998681 0.2499999999996828 0.35
0.3999999999998681 0.2499999999996828 0.4
0.3999999999998681 0.2499999999996828 0.45
0.3999999999998681 0.2499999999996828 0.5
0.3999999999998681 0.2499999999996828 0.55
0.3999999999998681 0.2499999999996828 0.6
0.3999999999998681 0.2499999999996828 0.65
0.3999999999998681 0.2499999999996828 0.7
0.3999999999998681 0.2499999999996828 0.75
0.3999999999998681 0.2499999999996828 0.8
0.3999999999998681 0.2499999999996828 0.85
0.3999999999998681 0.2499999999996828 0.9
0.3999999999998681 0.2499999999996828 0.95
0.3999999999998946 0.2999999999997167 0.05
0.3999999999998946 0.2999999999997167 0.1
0.3999999999998946 0.2999999999997167 0.15
0.3999999999998946 0.2999999999997167 0.2
0.3999999999998946 0.2999999999997167 0.25
0.3999999999998946 0.2999999999997167 0.3
0.3999999999998946 0.2999999999997167 0.35
0.3999999999998946 0.2999999999997167 0.4
0.3999999999998946 0.2999999999997167 0.45
0.3999999999998946 0.2999999999997167 0.5
0.3999999999998946 0.2999999999997167 0.55
0.3999999999998946 0.2999999999997167 0.6
0.3999999999998946 0.2999999999997167 0.65
0.3999999999998946 0.2999999999997167 0.7
0.3999999999998946 0.2999999999997167 0.75
0.3999999999998946 0.2999999999997167 0.8
0.3999999999998946 0.2999999999997167 0.85
0.3999999999998946 0.2999999999997167 0.9
0.3999999999998946 0.2999999999997167 0.95
0.399999999999921 0.349999999999753 0.05
0.399999999999921 0.349999999999753 0.1
0.399999999999921 0.349999999999753 0.15
0.399999999999921 0.349999999999753 0.2
0.399999999999921 0.349999999999753 0.25
0.399999999999921 0.349999999999753 0.3
0.399999999999921 0.349999999999753 0.35
0.399999999999921 0.349999999999753 0.4
0.399999999999921 0.349999999999753 0.45
0.399999999999921 0.349999999999753 0.5
0.399999999999921 0.349999999999753 0.55
0.399999999999921 0.349999999999753 0.6
0.399999999999921 0.349999999999753 0.65
0.399999999999921 0.349999999999753 0.7
0.399999999999921 0.349999999999753 0.75
0.399999999999921 0.349999999999753 0.8
0.399999999999921 0.349999999999753 0.85
0.399999999999921 0.349999999999753 0.9
0.399999999999921 0.349999999999753 0.95
0.3999999999999473 0.399999999999789 0.05
0.3999999999999473 0.399999999999789 0.1
0.3999999999999473 0.399999999999789 0.15
0.3999999999999473 0.399999999999789 0.2
0.3999999999999473 0.399999999999789 0.25
0.3999999999999473 0.399999999999789 0.3
0.3999999999999473 0.399999999999789 0.35
0.3999999999999473 0.399999999999789 0.4
0.3999999999999473 0.399999999999789 0.45
0.3999999999999473 0.399999999999789 0.5
0.3999999999999473 0.399999999999789 0.55
0.3999999999999473 0.399999999999789 0.6
0.3999999999999473 0.399999999999789 0.65
0.3999999999999473 0.399999999999789 0.7
0.3999999999999473 0.399999999999789 0.75
0.3999999999999473 0.399999999999789 0.8
0.3999999999999473 0.399999999999789 0.85
0.3999999999999473 0.399999999999789 0.9
0.3999999999999473 0.399999999999789 0.95
0.3999999999999736 0.4499999999998529 0.05
0.3999999999999736 0.4499999999998529 0.1
0.3999999999999736 0.4499999999998529 0.15
0.3999999999999736 0.4499999999998529 0.2
0.3999999999999736 0.4499999999998529 0.25
0.3999999999999736 0.4499999999998529 0.3
0.3999999999999736 0.4499999999998529 0.35
0.3999999999999736 0.4499999999998529 0.4
0.3999999999999736 0.4499999999998529 0.45
0.3999999999999736 0.4499999999998529 0.5
0.3999999999999736 0.4499999999998529 0.55
0.3999999999999736 0.4499999999998529 0.6
0.3999999999999736 0.4499999999998529 0.65
0.3999999999999736 0.4499999999998529 0.7
0.3999999999999736 0.4499999999998529 0.75
0.3999999999999736 0.4499999999998529 0.8
0.3999999999999736 0.4499999999998529 0.85
0.3999999999999736 0.4499999999998529 0.9
0.3999999999999736 0.4499999999998529 0.95
0.4499999999998605 0.04999999999993718 0.05
0.4499999999998605 0.04999999999993718 0.1
0.4499999999998605 0.04999999999993718 0.15
0.4499999999998605 0.04999999999993718 0.2
0.4499999999998605 0.04999999999993718 0.25
0.4499999999998605 0.04999999999993718 0.3
0.4499999999998605 0.04999999999993718 0.35
0.4499999999998605 0.04999999999993718 0.4
0.4499999999998605 0.04999999999993718 0.45
0.4499999999998605 0.04999999999993718 0.5
0.4499999999998605 0.04999999999993718 0.55
0.4499999999998605 0.04999999999993718 0.6
0.4499999999998605 0.04999999999993718 0.65
0.4499999999998605 0.04999999999993718 0.7
0.4499999999998605 0.04999999999993718 0.75
0.4499999999998605 0.04999999999993718 0.8
0.4499999999998605 0.04999999999993718 0.85
0.4499999999998605 0.04999999999993718 0.9
0.4499999999998605 0.04999999999993718 0.95
0.4499999999998527 0.09999999999984226 0.05
0.4499999999998527 0.09999999999984226 0.1
0.4499999999998527 0.09999999999984226 0.15
0.4499999999998527 0.09999999999984226 0.2
0.4499999999998527 0.09999999999984226 0.25
0.4499999999998527 0.09999999999984226 0.3
0.4499999999998527 0.09999999999984226 0.35
0.4499999999998527 0.09999999999984226 0.4
0.4499999999998527 0.09999999999984226 0.45
0.4499999999998527 0.09999999999984226 0.5
0.4499999999998527 0.09999999999984226 0.55
0.4499999999998527 0.09999999999984226 0.6
0.4499999999998527 0.09999999999984226 0.65
0.4499999999998527 0.09999999999984226 0.7
0.4499999999998527 0.09999999999984226 0.75
0.4499999999998527 0.09999999999984226 0.8
0.4499999999998527 0.09999999999984226 0.85
0.4499999999998527 0.09999999999984226 0.9
0.4499999999998527 0.09999999999984226 0.95
0.4499999999998452 0.1499999999997317 0.05
0.4499999999998452 0.1499999999997317 0.1
0.4499999999998452 0.1499999999997317 0.15
0.4499999999998452 0.1499999999997317 0.2
0.4499999999998452 0.1499999999997317 0.25
0.4499999999998452 0.1499999999997317 0.3
0.4499999999998452 0.1499999999997317 0.35
0.4499999999998452 0.1499999999997317 0.4
0.4499999999998452 0.1499999999997317 0.45
0.4499999999998452 0.1499999999997317 0.5
0.4499999999998452 0.1499999999997317 0.55
0.4499999999998452 0.1499999999997317 0.6
0.4499999999998452 0.1499999999997317 0.65
0.4499999999998452 0.1499999999997317 0.7
0.4499999999998452 0.1499999999997317 0.75
0.4499999999998452 0.1499999999997317 0.8
0.4499999999998452 0.1499999999997317 0.85
0.4499999999998452 0.1499999999997317 0.9
0.4499999999998452 0.1499999999997317 0.95
0.4499999999998375 0.1999999999996211 0.05
0.4499999999998375 0.1999999999996211 0.1
0.4499999999998375 0.1999999999996211 0.15
0.4499999999998375 0.1999999999996211 0.2
0.4499999999998375 0.1999999999996211 0.25
0.4499999999998375 0.1999999999996211 0.3
0.4499999999998375 0.1999999999996211 0.35
0.4499999999998375 0.1999999999996211 0.4
0.4499999999998375 0.1999999999996211 0.45
0.4499999999998375 0.1999999999996211 0.5
0.4499999999998375 0.1999999999996211 0.55
0.4499999999998375 0.1999999999996211 0.6
0.4499999999998375 0.1999999999996211 0.65
0.4499999999998375 0.1999999999996211 0.7
0.4499999999998375 0.1999999999996211 0.75
0.4499999999998375 0.1999999999996211 0.8
0.4499999999998375 0.1999999999996211 0.85
0.4499999999998375 0.1999999999996211 0.9
0.4499999999998375 0.1999999999996211 0.95
0.44999999999983 0.2499999999995144 0.05
0.44999999999983 0.2499999999995144 0.1
0.44999999999983 0.2499999999995144 0.15
0.44999999999983 0.2499999999995144 0.2
0.44999999999983 0.2499999999995144 0.25
0.44999999999983 0.2499999999995144 0.3
0.44999999999983 0.2499999999995144 0.35
0.44999999999983 0.2499999999995144 0.4
0.44999999999983 0.2499999999995144 0.45
0.44999999999983 0.2499999999995144 0.5
0.44999999999983 0.2499999999995144 0.55
0.44999999999983 0.2499999999995144 0.6
0.44999999999983 0.2499999999995144 0.65
0.44999999999983 0.2499999999995144 0.7
0.44999999999983 0.2499999999995144 0.75
0.44999999999983 0.2499999999995144 0.8
0.44999999999983 0.2499999999995144 0.85
0.44999999999983 0.2499999999995144 0.9
0.44999999999983 0.2499999999995144 0.95
0.4499999999998223 0.2999999999995946 0.05
0.4499999999998223 0.2999999999995946 0.1
0.4499999999998223 0.2999999999995946 0.15
0.4499999999998223 0.2999999999995946 0.2
0.4499999999998223 0.2999999999995946 0.25
0.4499999999998223 0.2999999999995946 0.3
0.4499999999998223 0.2999999999995946 0.35
0.4499999999998223 0.2999999999995946 0.4
0.4499999999998223 0.2999999999995946 0.45
0.4499999999998223 0.2999999999995946 0.5
0.4499999999998223 0.2999999999995946 0.55
0.4499999999998223 0.2999999999995946 0.6
0.4499999999998223 0.2999999999995946 0.65
0.4499999999998223 0.2999999999995946 0.7
0.4499999999998223 0.2999999999995946 0.75
0.4499999999998223 0.2999999999995946 0.8
0.4499999999998223 0.2999999999995946 0.85
0.4499999999998223 0.2999999999995946 0.9
0.4499999999998223 0.2999999999995946 0.95
0.4499999999998147 0.3499999999996786 0.05
0.4499999999998147 0.3499999999996786 0.1
0.4499999999998147 0.3499999999996786 0.15
0.4499999999998147 0.3499999999996786 0.2
0.4499999999998147 0.3499999999996786 0.25
0.4499999999998147 0.3499999999996786 0.3
0.4499999999998147 0.3499999999996786 0.35
0.4499999999998147 0.3499999999996786 0.4
0.4499999999998147 0.3499999999996786 0.45
0.4499999999998147 0.3499999999996786 0.5
0.4499999999998147 0.3499999999996786 0.55
0.4499999999998147 0.3499999999996786 0.6
0.4499999999998147 0.3499999999996786 0.65
0.4499999999998147 0.3499999999996786 0.7
0.4499999999998147 0.3499999999996786 0.75
0.4499999999998147 0.3499999999996786 0.8
0.4499999999998147 0.3499999999996786 0.85
0.4499999999998147 0.3499999999996786 0.9
0.4499999999998147 0.3499999999996786 0.95
0.4499999999998071 0.3999999999997627 0.05
0.4499999999998071 0.3999999999997627 0.1
0.4499999999998071 0.3999999999997627 0.15
0.4499999999998071 0.3999999999997627 0.2
0.4499999999998071 0.3999999999997627 0.25
0.4499999999998071 0.3999999999997627 0.3
0.4499999999998071 0.3999999999997627 0.35
0.4499999999998071 0.3999999999997627 0.4
0.4499999999998071 0.3999999999997627 0.45
0.4499999999998071 0.3999999999997627 0.5
0.4499999999998071 0.3999999999997627 0.55
0.4499999999998071 0.3999999999997627 0.6
0.4499999999998071 0.3999999999997627 0.65
0.4499999999998071 0.3999999999997627 0.7
0.4499999999998071 0.3999999999997627 0.75
0.4499999999998071 0.3999999999997627 0.8
0.4499999999998071 0.3999999999997627 0.85
0.4499999999998071 0.3999999999997627 0.9
0.4499999999998071 0.3999999999997627 0.95
0.4499999999997993 0.4499999999998605 0.05
0.4499999999997993 0.4499999999998605 0.1
0.4499999999997993 0.4499999999998605 0.15
0.4499999999997993 0.4499999999998605 0.2
0.4499999999997993 0.4499999999998605 0.25
0.4499999999997993 0.4499999999998605 0.3
0.4499999999997993 0.4499999999998605 0.35
0.4499999999997993 0.4499999999998605 0.4
0.4499999999997993 0.4499999999998605 0.45
0.4499999999997993 0.4499999999998605 0.5
0.4499999999997993 0.4499999999998605 0.55
0.4499999999997993 0.4499999999998605 0.6
0.4499999999997993 0.4499999999998605 0.65
0.4499999999997993 0.4499999999998605 0.7
0.4499999999997993 0.4499999999998605 0.75
0.4499999999997993 0.4499999999998605 0.8
0.4499999999997993 0.4499999999998605 0.85
0.4499999999997993 0.4499999999998605 0.9
0.4499999999997993 0.4499999999998605 0.95
3 2 0 1539
4645
4646
4647
4648
4649
4650
4651
4652
4653
4654
4655
4656
4657
4658
4659
4660
4661
4662
4663
4664
4665
4666
4667
4668
4669
4670
4671
4672
4673
4674
4675
4676
4677
4678
4679
4680
4681
4682
4683
4684
4685
4686
4687
4688
4689
4690
4691
4692
4693
4694
4695
4696
4697
4698
4699
4700
4701
4702
4703
4704
4705
4706
4707
4708
4709
4710
4711
4712
4713
4714
4715
4716
4717
4718
4719
4720
4721
4722
4723
4724
4725
4726
4727
4728
4729
4730
4731
4732
4733
4734
4735
4736
4737
4738
4739
4740
4741
4742
4743
4744
4745
4746
4747
4748
4749
4750
4751
4752
4753
4754
4755
4756
4757
4758
4759
4760
4761
4762
4763
4764
4765
4766
4767
4768
4769
4770
4771
4772
4773
4774
4775
4776
4777
4778
4779
4780
4781
4782
4783
4784
4785
4786
4787
4788
4789
4790
4791
4792
4793
4794
4795
4796
4797
4798
4799
4800
4801
4802
4803
4804
4805
4806
4807
4808
4809
4810
4811
4812
4813
4814
4815
4816
4817
4818
4819
4820
4821
4822
4823
4824
4825
4826
4827
4828
4829
4830
4831
4832
4833
4834
4835
4836
4837
4838
4839
4840
4841
4842
4843
4844
4845
4846
4847
4848
4849
4850
4851
4852
4853
4854
4855
4856
4857
4858
4859
4860
4861
4862
4863
4864
4865
4866
4867
4868
4869
4870
4871
4872
4873
4874
4875
4876
4877
4878
4879
4880
4881
4882
4883
4884
4885
4886
4887
4888
4889
4890
4891
4892
4893
4894
4895
4896
4897
4898
4899
4900
4901
4902
4903
4904
4905
4906
4907
4908
4909
4910
4911
4912
4913
4914
4915
4916
4917
4918
4919
4920
4921
4922
4923
4924
4925
4926
4927
4928
4929
4930
4931
4932
4933
4934
4935
4936
4937
4938
4939
4940
4941
4942
4943
4944
4945
4946
4947
4948
4949
4950
4951
4952
4953
4954
4955
4956
4957
4958
4959
4960
4961
4962
4963
4964
4965
4966
4967
4968
4969
4970
4971
4972
4973
4974
4975
4976
4977
4978
4979
4980
4981
4982
4983
4984
4985
4986
4987
4988
4989
4990
4991
4992
4993
4994
4995
4996
4997
4998
4999
5000
5001
5002
5003
5004
5005
5006
5007
5008
5009
5010
5011
5012
5013
5014
5015
5016
5017
5018
5019
5020
5021
5022
5023
5024
5025
5026
5027
5028
5029
5030
5031
5032
5033
5034
5035
5036
5037
5038
5039
5040
5041
5042
5043
5044
5045
5046
5047
5048
5049
5050
5051
5052
5053
5054
5055
5056
5057
5058
5059
5060
5061
5062
5063
5064
5065
5066
5067
5068
5069
5070
5071
5072
5073
5074
5075
5076
5077
5078
5079
5080
5081
5082
5083
5084
5085
5086
5087
5088
5089
5090
5091
5092
5093
5094
5095
5096
5097
5098
5099
5100
5101
5102
5103
5104
5105
5106
5107
5108
5109
5110
5111
5112
5113
5114
5115
5116
5117
5118
5119
5120
5121
5122
5123
5124
5125
5126
5127
5128
5129
5130
5131
5132
5133
5134
5135
5136
5137
5138
5139
5140
5141
5142
5143
5144
5145
5146
5147
5148
5149
5150
5151
5152
5153
5154
5155
5156
5157
5158
5159
5160
5161
5162
5163
5164
5165
5166
5167
5168
5169
5170
5171
5172
5173
5174
5175
5176
5177
5178
5179
5180
5181
5182
5183
5184
5185
5186
5187
5188
5189
5190
5191
5192
5193
5194
5195
5196
5197
5198
5199
5200
5201
5202
5203
5204
5205
5206
5207
5208
5209
5210
5211
5212
5213
5214
5215
5216
5217
5218
5219
5220
5221
5222
5223
5224
5225
5226
5227
5228
5229
5230
5231
5232
5233
5234
5235
5236
5237
5238
5239
5240
5241
5242
5243
5244
5245
5246
5247
5248
5249
5250
5251
5252
5253
5254
5255
5256
5257
5258
5259
5260
5261
5262
5263
5264
5265
5266
5267
5268
5269
5270
5271
5272
5273
5274
5275
5276
5277
5278
5279
5280
5281
5282
5283
5284
5285
5286
5287
5288
5289
5290
5291
5292
5293
5294
5295
5296
5297
5298
5299
5300
5301
5302
5303
5304
5305
5306
5307
5308
5309
5310
5311
5312
5313
5314
5315
5316
5317
5318
5319
5320
5321
5322
5323
5324
5325
5326
5327
5328
5329
5330
5331
5332
5333
5334
5335
5336
5337
5338
5339
5340
5341
5342
5343
5344
5345
5346
5347
5348
5349
5350
5351
5352
5353
5354
5355
5356
5357
5358
5359
5360
5361
5362
5363
5364
5365
5366
5367
5368
5369
5370
5371
5372
5373
5374
5375
5376
5377
5378
5379
5380
5381
5382
5383
5384
5385
5386
5387
5388
5389
5390
5391
5392
5393
5394
5395
5396
5397
5398
5399
5400
5401
5402
5403
5404
5405
5406
5407
5408
5409
5410
5411
5412
5413
5414
5415
5416
5417
5418
5419
5420
5421
5422
5423
5424
5425
5426
5427
5428
5429
5430
5431
5432
5433
5434
5435
5436
5437
5438
5439
5440
5441
5442
5443
5444
5445
5446
5447
5448
5449
5450
5451
5452
5453
5454
5455
5456
5457
5458
5459
5460
5461
5462
5463
5464
5465
5466
5467
5468
5469
5470
5471
5472
5473
5474
5475
5476
5477
5478
5479
5480
5481
5482
5483
5484
5485
5486
5487
5488
5489
5490
5491
5492
5493
5494
5495
5496
5497
5498
5499
5500
5501
5502
5503
5504
5505
5506
5507
5508
5509
5510
5511
5512
5513
5514
5515
5516
5517
5518
5519
5520
5521
5522
5523
5524
5525
5526
5527
5528
5529
5530
5531
5532
5533
5534
5535
5536
5537
5538
5539
5540
5541
5542
5543
5544
5545
5546
5547
5548
5549
5550
5551
5552
5553
5554
5555
5556
5557
5558
5559
5560
5561
5562
5563
5564
5565
5566
5567
5568
5569
5570
5571
5572
5573
5574
5575
5576
5577
5578
5579
5580
5581
5582
5583
5584
5585
5586
5587
5588
5589
5590
5591
5592
5593
5594
5595
5596
5597
5598
5599
5600
5601
5602
5603
5604
5605
5606
5607
5608
5609
5610
5611
5612
5613
5614
5615
5616
5617
5618
5619
5620
5621
5622
5623
5624
5625
5626
5627
5628
5629
5630
5631
5632
5633
5634
5635
5636
5637
5638
5639
5640
5641
5642
5643
5644
5645
5646
5647
5648
5649
5650
5651
5652
5653
5654
5655
5656
5657
5658
5659
5660
5661
5662
5663
5664
5665
5666
5667
5668
5669
5670
5671
5672
5673
5674
5675
5676
5677
5678
5679
5680
5681
5682
5683
5684
5685
5686
5687
5688
5689
5690
5691
5692
5693
5694
5695
5696
5697
5698
5699
5700
5701
5702
5703
5704
5705
5706
5707
5708
5709
5710
5711
5712
5713
5714
5715
5716
5717
5718
5719
5720
5721
5722
5723
5724
5725
5726
5727
5728
5729
5730
5731
5732
5733
5734
5735
5736
5737
5738
5739
5740
5741
5742
5743
5744
5745
5746
5747
5748
5749
5750
5751
5752
5753
5754
5755
5756
5757
5758
5759
5760
5761
5762
5763
5764
5765
5766
5767
5768
5769
5770
5771
5772
5773
5774
5775
5776
5777
5778
5779
5780
5781
5782
5783
5784
5785
5786
5787
5788
5789
5790
5791
5792
5793
5794
5795
5796
5797
5798
5799
5800
5801
5802
5803
5804
5805
5806
5807
5808
5809
5810
5811
5812
5813
5814
5815
5816
5817
5818
5819
5820
5821
5822
5823
5824
5825
5826
5827
5828
5829
5830
5831
5832
5833
5834
5835
5836
5837
5838
5839
5840
5841
5842
5843
5844
5845
5846
5847
5848
5849
5850
5851
5852
5853
5854
5855
5856
5857
5858
5859
5860
5861
5862
5863
5864
5865
5866
5867
5868
5869
5870
5871
5872
5873
5874
5875
5876
5877
5878
5879
5880
5881
5882
5883
5884
5885
5886
5887
5888
5889
5890
5891
5892
5893
5894
5895
5896
5897
5898
5899
5900
5901
5902
5903
5904
5905
5906
5907
5908
5909
5910
5911
5912
5913
5914
5915
5916
5917
5918
5919
5920
5921
5922
5923
5924
5925
5926
5927
5928
5929
5930
5931
5932
5933
5934
5935
5936
5937
5938
5939
5940
5941
5942
5943
5944
5945
5946
5947
5948
5949
5950
5951
5952
5953
5954
5955
5956
5957
5958
5959
5960
5961
5962
5963
5964
5965
5966
5967
5968
5969
5970
5971
5972
5973
5974
5975
5976
5977
5978
5979
5980
5981
5982
5983
5984
5985
5986
5987
5988
5989
5990
5991
5992
5993
5994
5995
5996
5997
5998
5999
6000
6001
6002
6003
6004
6005
6006
6007
6008
6009
6010
6011
6012
6013
6014
6015
6016
6017
6018
6019
6020
6021
6022
6023
6024
6025
6026
6027
6028
6029
6030
6031
6032
6033
6034
6035
6036
6037
6038
6039
6040
6041
6042
6043
6044
6045
6046
6047
6048
6049
6050
6051
6052
6053
6054
6055
6056
6057
6058
6059
6060
6061
6062
6063
6064
6065
6066
6067
6068
6069
6070
6071
6072
6073
6074
6075
6076
6077
6078
6079
6080
6081
6082
6083
6084
6085
6086
6087
6088
6089
6090
6091
6092
6093
6094
6095
6096
6097
6098
6099
6100
6101
6102
6103
6104
6105
6106
6107
6108
6109
6110
6111
6112
6113
6114
6115
6116
6117
6118
6119
6120
6121
6122
6123
6124
6125
6126
6127
6128
6129
6130
6131
6132
6133
6134
6135
6136
6137
6138
6139
6140
6141
6142
6143
6144
6145
6146
6147
6148
6149
6150
6151
6152
6153
6154
6155
6156
6157
6158
6159
6160
6161
6162
6163
6164
6165
6166
6167
6168
6169
6170
6171
6172
6173
6174
6175
6176
6177
6178
6179
6180
6181
6182
6183
0.55 0.04999999999990707 0.05
0.55 0.04999999999990707 0.1
0.55 0.04999999999990707 0.15
0.55 0.04999999999990707 0.2
0.55 0.04999999999990707 0.25
0.55 0.04999999999990707 0.3
0.55 0.04999999999990707 0.35
0.55 0.04999999999990707 0.4
0.55 0.04999999999990707 0.45
0.55 0.04999999999990707 0.5
0.55 0.04999999999990707 0.55
0.55 0.04999999999990707 0.6
0.55 0.04999999999990707 0.65
0.55 0.04999999999990707 0.7
0.55 0.04999999999990707 0.75
0.55 0.04999999999990707 0.8
0.55 0.04999999999990707 0.85
0.55 0.04999999999990707 0.9
0.55 0.04999999999990707 0.95
0.55 0.09999999999977846 0.05
0.55 0.09999999999977846 0.1
0.55 0.09999999999977846 0.15
0.55 0.09999999999977846 0.2
0.55 0.09999999999977846 0.25
0.55 0.09999999999977846 0.3
0.55 0.09999999999977846 0.35
0.55 0.09999999999977846 0.4
0.55 0.09999999999977846 0.45
0.55 0.09999999999977846 0.5
0.55 0.09999999999977846 0.55
0.55 0.09999999999977846 0.6
0.55 0.09999999999977846 0.65
0.55 0.09999999999977846 0.7
0.55 0.09999999999977846 0.75
0.55 0.09999999999977846 0.8
0.55 0.09999999999977846 0.85
0.55 0.09999999999977846 0.9
0.55 0.09999999999977846 0.95
0.55 0.1499999999996325 0.05
0.55 0.1499999999996325 0.1
0.55 0.1499999999996325 0.15
0.55 0.1499999999996325 0.2
0.55 0.1499999999996325 0.25
0.55 0.1499999999996325 0.3
0.55 0.1499999999996325 0.35
0.55 0.1499999999996325 0.4
0.55 0.1499999999996325 0.45
0.55 0.1499999999996325 0.5
0.55 0.1499999999996325 0.55
0.55 0.1499999999996325 0.6
0.55 0.1499999999996325 0.65
0.55 0.1499999999996325 0.7
0.55 0.1499999999996325 0.75
0.55 0.1499999999996325 0.8
0.55 0.1499999999996325 0.85
0.55 0.1499999999996325 0.9
0.55 0.1499999999996325 0.95
0.55 0.1999999999994866 0.05
0.55 0.1999999999994866 0.1
0.55 0.1999999999994866 0.15
0.55 0.1999999999994866 0.2
0.55 0.1999999999994866 0.25
0.55 0.1999999999994866 0.3
0.55 0.1999999999994866 0.35
0.55 0.1999999999994866 0.4
0.55 0.1999999999994866 0.45
0.55 0.1999999999994866 0.5
0.55 0.1999999999994866 0.55
0.55 0.1999999999994866 0.6
0.55 0.1999999999994866 0.65
0.55 0.1999999999994866 0.7
0.55 0.1999999999994866 0.75
0.55 0.1999999999994866 0.8
0.55 0.1999999999994866 0.85
0.55 0.1999999999994866 0.9
0.55 0.1999999999994866 0.95
0.55 0.2499999999993461 0.05
0.55 0.2499999999993461 0.1
0.55 0.2499999999993461 0.15
0.55 0.2499999999993461 0.2
0.55 0.2499999999993461 0.25
0.55 0.2499999999993461 0.3
0.55 0.2499999999993461 0.35
0.55 0.2499999999993461 0.4
0.55 0.2499999999993461 0.45
0.55 0.2499999999993461 0.5
0.55 0.2499999999993461 0.55
0.55 0.2499999999993461 0.6
0.55 0.2499999999993461 0.65
0.55 0.2499999999993461 0.7
0.55 0.2499999999993461 0.75
0.55 0.2499999999993461 0.8
0.55 0.2499999999993461 0.85
0.55 0.2499999999993461 0.9
0.55 0.2499999999993461 0.95
0.55 0.2999999999994725 0.05
0.55 0.2999999999994725 0.1
0.55 0.2999999999994725 0.15
0.55 0.2999999999994725 0.2
0.55 0.2999999999994725 0.25
0.55 0.2999999999994725 0.3
0.55 0.2999999999994725 0.35
0.55 0.2999999999994725 0.4
0.55 0.2999999999994725 0.45
0.55 0.2999999999994725 0.5
0.55 0.2999999999994725 0.55
0.55 0.2999999999994725 0.6
0.55 0.2999999999994725 0.65
0.55 0.2999999999994725 0.7
0.55 0.2999999999994725 0.75
0.55 0.2999999999994725 0.8
0.55 0.2999999999994725 0.85
0.55 0.2999999999994725 0.9
0.55 0.2999999999994725 0.95
0.55 0.3499999999996044 0.05
0.55 0.3499999999996044 0.1
0.55 0.3499999999996044 0.15
0.55 0.3499999999996044 0.2
0.55 0.3499999999996044 0.25
0.55 0.3499999999996044 0.3
0.55 0.3499999999996044 0.35
0.55 0.3499999999996044 0.4
0.55 0.3499999999996044 0.45
0.55 0.3499999999996044 0.5
0.55 0.3499999999996044 0.55
0.55 0.3499999999996044 0.6
0.55 0.3499999999996044 0.65
0.55 0.3499999999996044 0.7
0.55 0.3499999999996044 0.75
0.55 0.3499999999996044 0.8
0.55 0.3499999999996044 0.85
0.55 0.3499999999996044 0.9
0.55 0.3499999999996044 0.95
0.55 0.3999999999997362 0.05
0.55 0.3999999999997362 0.1
0.55 0.3999999999997362 0.15
0.55 0.3999999999997362 0.2
0.55 0.3999999999997362 0.25
0.55 0.3999999999997362 0.3
0.55 0.3999999999997362 0.35
0.55 0.3999999999997362 0.4
0.55 0.3999999999997362 0.45
0.55 0.3999999999997362 0.5
0.55 0.3999999999997362 0.55
0.55 0.3999999999997362 0.6
0.55 0.3999999999997362 0.65
0.55 0.3999999999997362 0.7
0.55 0.3999999999997362 0.75
0.55 0.3999999999997362 0.8
0.55 0.3999999999997362 0.85
0.55 0.3999999999997362 0.9
0.55 0.3999999999997362 0.95
0.55 0.4499999999998681 0.05
0.55 0.4499999999998681 0.1
0.55 0.4499999999998681 0.15
0.55 0.4499999999998681 0.2
0.55 0.4499999999998681 0.25
0.55 0.4499999999998681 0.3
0.55 0.4499999999998681 0.35
0.55 0.4499999999998681 0.4
0.55 0.4499999999998681 0.45
0.55 0.4499999999998681 0.5
0.55 0.4499999999998681 0.55
0.55 0.4499999999998681 0.6
0.55 0.4499999999998681 0.65
0.55 0.4499999999998681 0.7
0.55 0.4499999999998681 0.75
0.55 0.4499999999998681 0.8
0.55 0.4499999999998681 0.85
0.55 0.4499999999998681 0.9
0.55 0.4499999999998681 0.95
0.6000000000000002 0.04999999999990707 0.05
0.6000000000000002 0.04999999999990707 0.1
0.6000000000000002 0.04999999999990707 0.15
0.6000000000000002 0.04999999999990707 0.2
0.6000000000000002 0.04999999999990707 0.25
0.6000000000000002 0.04999999999990707 0.3
0.6000000000000002 0.04999999999990707 0.35
0.6000000000000002 0.04999999999990707 0.4
0.6000000000000002 0.04999999999990707 0.45
0.6000000000000002 0.04999999999990707 0.5
0.6000000000000002 0.04999999999990707 0.55
0.6000000000000002 0.04999999999990707 0.6
0.6000000000000002 0.04999999999990707 0.65
0.6000000000000002 0.04999999999990707 0.7
0.6000000000000002 0.04999999999990707 0.75
0.6000000000000002 0.04999999999990707 0.8
0.6000000000000002 0.04999999999990707 0.85
0.6000000000000002 0.04999999999990707 0.9
0.6000000000000002 0.04999999999990707 0.95
0.5999999999999998 0.09999999999977846 0.05
0.5999999999999998 0.09999999999977846 0.1
0.5999999999999998 0.09999999999977846 0.15
0.5999999999999998 0.09999999999977846 0.2
0.5999999999999998 0.09999999999977846 0.25
0.5999999999999998 0.09999999999977846 0.3
0.5999999999999998 0.09999999999977846 0.35
0.5999999999999998 0.09999999999977846 0.4
0.5999999999999998 0.09999999999977846 0.45
0.5999999999999998 0.09999999999977846 0.5
0.5999999999999998 0.09999999999977846 0.55
0.5999999999999998 0.09999999999977846 0.6
0.5999999999999998 0.09999999999977846 0.65
0.5999999999999998 0.09999999999977846 0.7
0.5999999999999998 0.09999999999977846 0.75
0.5999999999999998 0.09999999999977846 0.8
0.5999999999999998 0.09999999999977846 0.85
0.5999999999999998 0.09999999999977846 0.9
0.5999999999999998 0.09999999999977846 0.95
0.6000000000000001 0.1499999999996325 0.05
0.6000000000000001 0.1499999999996325 0.1
0.6000000000000001 0.1499999999996325 0.15
0.6000000000000001 0.1499999999996325 0.2
0.6000000000000001 0.1499999999996325 0.25
0.6000000000000001 0.1499999999996325 0.3
0.6000000000000001 0.1499999999996325 0.35
0.6000000000000001 0.1499999999996325 0.4
0.6000000000000001 0.1499999999996325 0.45
0.6000000000000001 0.1499999999996325 0.5
0.6000000000000001 0.1499999999996325 0.55
0.6000000000000001 0.1499999999996325 0.6
0.6000000000000001 0.1499999999996325 0.65
0.6000000000000001 0.1499999999996325 0.7
0.6000000000000001 0.1499999999996325 0.75
0.6000000000000001 0.1499999999996325 0.8
0.6000000000000001 0.1499999999996325 0.85
0.6000000000000001 0.1499999999996325 0.9
0.6000000000000001 0.1499999999996325 0.95
0.6000000000000001 0.1999999999994866 0.05
0.6000000000000001 0.1999999999994866 0.1
0.6000000000000001 0.1999999999994866 0.15
0.6000000000000001 0.1999999999994866 0.2
0.6000000000000001 0.1999999999994866 0.25
0.6000000000000001 0.1999999999994866 0.3
0.6000000000000001 0.1999999999994866 0.35
0.6000000000000001 0.1999999999994866 0.4
0.6000000000000001 0.1999999999994866 0.45
0.6000000000000001 0.1999999999994866 0.5
0.6000000000000001 0.1999999999994866 0.55
0.6000000000000001 0.1999999999994866 0.6
0.6000000000000001 0.1999999999994866 0.65
0.6000000000000001 0.1999999999994866 0.7
0.6000000000000001 0.1999999999994866 0.75
0.6000000000000001 0.1999999999994866 0.8
0.6000000000000001 0.1999999999994866 0.85
0.6000000000000001 0.1999999999994866 0.9
0.6000000000000001 0.1999999999994866 0.95
0.5999999999999998 0.2499999999993461 0.05
0.5999999999999998 0.2499999999993461 0.1
0.5999999999999998 0.2499999999993461 0.15
0.5999999999999998 0.2499999999993461 0.2
0.5999999999999998 0.2499999999993461 0.25
0.5999999999999998 0.2499999999993461 0.3
0.5999999999999998 0.2499999999993461 0.35
0.5999999999999998 0.2499999999993461 0.4
0.5999999999999998 0.2499999999993461 0.45
0.5999999999999998 0.2499999999993461 0.5
0.5999999999999998 0.2499999999993461 0.55
0.5999999999999998 0.2499999999993461 0.6
0.5999999999999998 0.2499999999993461 0.65
0.5999999999999998 0.2499999999993461 0.7
0.5999999999999998 0.2499999999993461 0.75
0.5999999999999998 0.2499999999993461 0.8
0.5999999999999998 0.2499999999993461 0.85
0.5999999999999998 0.2499999999993461 0.9
0.5999999999999998 0.2499999999993461 0.95
0.6 0.2999999999994725 0.05
0.6 0.2999999999994725 0.1
0.6 0.2999999999994725 0.15
0.6 0.2999999999994725 0.2
0.6 0.2999999999994725 0.25
0.6 0.2999999999994725 0.3
0.6 0.2999999999994725 0.35
0.6 0.2999999999994725 0.4
0.6 0.2999999999994725 0.45
0.6 0.2999999999994725 0.5
0.6 0.2999999999994725 0.55
0.6 0.2999999999994725 0.6
0.6 0.2999999999994725 0.65
0.6 0.2999999999994725 0.7
0.6 0.2999999999994725 0.75
0.6 0.2999999999994725 0.8
0.6 0.2999999999994725 0.85
0.6 0.2999999999994725 0.9
0.6 0.2999999999994725 0.95
0.6 0.3499999999996044 0.05
0.6 0.3499999999996044 0.1
0.6 0.3499999999996044 0.15
0.6 0.3499999999996044 0.2
0.6 0.3499999999996044 0.25
0.6 0.3499999999996044 0.3
0.6 0.3499999999996044 0.35
0.6 0.3499999999996044 0.4
0.6 0.3499999999996044 0.45
0.6 0.3499999999996044 0.5
0.6 0.3499999999996044 0.55
0.6 0.3499999999996044 0.6
0.6 0.3499999999996044 0.65
0.6 0.3499999999996044 0.7
0.6 0.3499999999996044 0.75
0.6 0.3499999999996044 0.8
0.6 0.3499999999996044 0.85
0.6 0.3499999999996044 0.9
0.6 0.3499999999996044 0.95
0.6 0.3999999999997362 0.05
0.6 0.3999999999997362 0.1
0.6 0.3999999999997362 0.15
0.6 0.3999999999997362 0.2
0.6 0.3999999999997362 0.25
0.6 0.3999999999997362 0.3
0.6 0.3999999999997362 0.35
0.6 0.3999999999997362 0.4
0.6 0.3999999999997362 0.45
0.6 0.3999999999997362 0.5
0.6 0.3999999999997362 0.55
0.6 0.3999999999997362 0.6
0.6 0.3999999999997362 0.65
0.6 0.3999999999997362 0.7
0.6 0.3999999999997362 0.75
0.6 0.3999999999997362 0.8
0.6 0.3999999999997362 0.85
0.6 0.3999999999997362 0.9
0.6 0.3999999999997362 0.95
0.6 0.4499999999998681 0.05
0.6 0.4499999999998681 0.1
0.6 0.4499999999998681 0.15
0.6 0.4499999999998681 0.2
0.6 0.4499999999998681 0.25
0.6 0.4499999999998681 0.3
0.6 0.4499999999998681 0.35
0.6 0.4499999999998681 0.4
0.6 0.4499999999998681 0.45
0.6 0.4499999999998681 0.5
0.6 0.4499999999998681 0.55
0.6 0.4499999999998681 0.6
0.6 0.4499999999998681 0.65
0.6 0.4499999999998681 0.7
0.6 0.4499999999998681 0.75
0.6 0.4499999999998681 0.8
0.6 0.4499999999998681 0.85
0.6 0.4499999999998681 0.9
0.6 0.4499999999998681 0.95
0.6499999999999999 0.04999999999990707 0.05
0.6499999999999999 0.04999999999990707 0.1
0.6499999999999999 0.04999999999990707 0.15
0.6499999999999999 0.04999999999990707 0.2
0.6499999999999999 0.04999999999990707 0.25
0.6499999999999999 0.04999999999990707 0.3
0.6499999999999999 0.04999999999990707 0.35
0.6499999999999999 0.04999999999990707 0.4
0.6499999999999999 0.04999999999990707 0.45
0.6499999999999999 0.04999999999990707 0.5
0.6499999999999999 0.04999999999990707 0.55
0.6499999999999999 0.04999999999990707 0.6
0.6499999999999999 0.04999999999990707 0.65
0.6499999999999999 0.04999999999990707 0.7
0.6499999999999999 0.04999999999990707 0.75
0.6499999999999999 0.04999999999990707 0.8
0.6499999999999999 0.04999999999990707 0.85
0.6499999999999999 0.04999999999990707 0.9
0.6499999999999999 0.04999999999990707 0.95
0.6499999999999999 0.09999999999977846 0.05
0.6499999999999999 0.09999999999977846 0.1
0.6499999999999999 0.09999999999977846 0.15
0.6499999999999999 0.09999999999977846 0.2
0.6499999999999999 0.09999999999977846 0.25
0.6499999999999999 0.09999999999977846 0.3
0.6499999999999999 0.09999999999977846 0.35
0.6499999999999999 0.09999999999977846 0.4
0.6499999999999999 0.09999999999977846 0.45
0.6499999999999999 0.09999999999977846 0.5
0.6499999999999999 0.09999999999977846 0.55
0.6499999999999999 0.09999999999977846 0.6
0.6499999999999999 0.09999999999977846 0.65
0.6499999999999999 0.09999999999977846 0.7
0.6499999999999999 0.09999999999977846 0.75
0.6499999999999999 0.09999999999977846 0.8
0.6499999999999999 0.09999999999977846 0.85
0.6499999999999999 0.09999999999977846 0.9
0.6499999999999999 0.09999999999977846 0.95
0.6499999999999999 0.1499999999996325 0.05
0.6499999999999999 0.1499999999996325 0.1
0.6499999999999999 0.1499999999996325 0.15
0.6499999999999999 0.1499999999996325 0.2
0.6499999999999999 0.1499999999996325 0.25
0.6499999999999999 0.1499999999996325 0.3
0.6499999999999999 0.1499999999996325 0.35
0.6499999999999999 0.1499999999996325 0.4
0.6499999999999999 0.1499999999996325 0.45
0.6499999999999999 0.1499999999996325 0.5
0.6499999999999999 0.1499999999996325 0.55
0.6499999999999999 0.1499999999996325 0.6
0.6499999999999999 0.1499999999996325 0.65
0.6499999999999999 0.1499999999996325 0.7
0.6499999999999999 0.1499999999996325 0.75
0.6499999999999999 0.1499999999996325 0.8
0.6499999999999999 0.1499999999996325 0.85
0.6499999999999999 0.1499999999996325 0.9
0.6499999999999999 0.1499999999996325 0.95
0.6499999999999999 0.1999999999994866 0.05
0.6499999999999999 0.1999999999994866 0.1
0.6499999999999999 0.1999999999994866 0.15
0.6499999999999999 0.1999999999994866 0.2
0.6499999999999999 0.1999999999994866 0.25
0.6499999999999999 0.1999999999994866 0.3
0.6499999999999999 0.1999999999994866 0.35
0.6499999999999999 0.1999999999994866 0.4
0.6499999999999999 0.1999999999994866 0.45
0.6499999999999999 0.1999999999994866 0.5
0.6499999999999999 0.1999999999994866 0.55
0.6499999999999999 0.1999999999994866 0.6
0.6499999999999999 0.1999999999994866 0.65
0.6499999999999999 0.1999999999994866 0.7
0.6499999999999999 0.1999999999994866 0.75
0.6499999999999999 0.1999999999994866 0.8
0.6499999999999999 0.1999999999994866 0.85
0.6499999999999999 0.1999999999994866 0.9
0.6499999999999999 0.1999999999994866 0.95
0.6499999999999999 0.249999999999346 0.05
0.6499999999999999 0.249999999999346 0.1
0.6499999999999999 0.249999999999346 0.15
0.6499999999999999 0.249999999999346 0.2
0.6499999999999999 0.249999999999346 0.25
0.6499999999999999 0.249999999999346 0.3
0.6499999999999999 0.249999999999346 0.35
0.6499999999999999 0.249999999999346 0.4
0.6499999999999999 0.249999999999346 0.45
0.6499999999999999 0.249999999999346 0.5
0.6499999999999999 0.249999999999346 0.55
0.6499999999999999 0.249999999999346 0.6
0.6499999999999999 0.249999999999346 0.65
0.6499999999999999 0.249999999999346 0.7
0.6499999999999999 0.249999999999346 0.75
0.6499999999999999 0.249999999999346 0.8
0.6499999999999999 0.249999999999346 0.85
0.6499999999999999 0.249999999999346 0.9
0.6499999999999999 0.249999999999346 0.95
0.6499999999999999 0.2999999999994725 0.05
0.6499999999999999 0.2999999999994725 0.1
0.6499999999999999 0.2999999999994725 0.15
0.6499999999999999 0.2999999999994725 0.2
0.6499999999999999 0.2999999999994725 0.25
0.6499999999999999 0.2999999999994725 0.3
0.6499999999999999 0.2999999999994725 0.35
0.6499999999999999 0.2999999999994725 0.4
0.6499999999999999 0.2999999999994725 0.45
0.6499999999999999 0.2999999999994725 0.5
0.6499999999999999 0.2999999999994725 0.55
0.6499999999999999 0.2999999999994725 0.6
0.6499999999999999 0.2999999999994725 0.65
0.6499999999999999 0.2999999999994725 0.7
0.6499999999999999 0.2999999999994725 0.75
0.6499999999999999 0.2999999999994725 0.8
0.6499999999999999 0.2999999999994725 0.85
0.6499999999999999 0.2999999999994725 0.9
0.6499999999999999 0.2999999999994725 0.95
0.6499999999999999 0.3499999999996044 0.05
0.6499999999999999 0.3499999999996044 0.1
0.6499999999999999 0.3499999999996044 0.15
0.6499999999999999 0.3499999999996044 0.2
0.6499999999999999 0.3499999999996044 0.25
0.6499999999999999 0.3499999999996044 0.3
0.6499999999999999 0.3499999999996044 0.35
0.6499999999999999 0.3499999999996044 0.4
0.6499999999999999 0.3499999999996044 0.45
0.6499999999999999 0.3499999999996044 0.5
0.6499999999999999 0.3499999999996044 0.55
0.6499999999999999 0.3499999999996044 0.6
0.6499999999999999 0.3499999999996044 0.65
0.6499999999999999 0.3499999999996044 0.7
0.6499999999999999 0.3499999999996044 0.75
0.6499999999999999 0.3499999999996044 0.8
0.6499999999999999 0.3499999999996044 0.85
0.6499999999999999 0.3499999999996044 0.9
0.6499999999999999 0.3499999999996044 0.95
0.6499999999999999 0.3999999999997362 0.05
0.6499999999999999 0.3999999999997362 0.1
0.6499999999999999 0.3999999999997362 0.15
0.6499999999999999 0.3999999999997362 0.2
0.6499999999999999 0.3999999999997362 0.25
0.6499999999999999 0.3999999999997362 0.3
0.6499999999999999 0.3999999999997362 0.35
0.6499999999999999 0.3999999999997362 0.4
0.6499999999999999 0.3999999999997362 0.45
0.6499999999999999 0.3999999999997362 0.5
0.6499999999999999 0.3999999999997362 0.55
0.6499999999999999 0.3999999999997362 0.6
0.6499999999999999 0.3999999999997362 0.65
0.6499999999999999 0.3999999999997362 0.7
0.6499999999999999 0.3999999999997362 0.75
0.6499999999999999 0.3999999999997362 0.8
0.6499999999999999 0.3999999999997362 0.85
0.6499999999999999 0.3999999999997362 0.9
0.6499999999999999 0.3999999999997362 0.95
0.6499999999999999 0.4499999999998681 0.05
0.6499999999999999 0.4499999999998681 0.1
0.6499999999999999 0.4499999999998681 0.15
0.6499999999999999 0.4499999999998681 0.2
0.6499999999999999 0.4499999999998681 0.25
0.6499999999999999 0.4499999999998681 0.3
0.6499999999999999 0.4499999999998681 0.35
0.6499999999999999 0.4499999999998681 0.4
0.6499999999999999 0.4499999999998681 0.45
0.6499999999999999 0.4499999999998681 0.5
0.6499999999999999 0.4499999999998681 0.55
0.6499999999999999 0.4499999999998681 0.6
0.6499999999999999 0.4499999999998681 0.65
0.6499999999999999 0.4499999999998681 0.7
0.6499999999999999 0.4499999999998681 0.75
0.6499999999999999 0.4499999999998681 0.8
0.6499999999999999 0.4499999999998681 0.85
0.6499999999999999 0.4499999999998681 0.9
0.6499999999999999 0.4499999999998681 0.95
0.7000000000000002 0.04999999999990707 0.05
0.7000000000000002 0.04999999999990707 0.1
0.7000000000000002 0.04999999999990707 0.15
0.7000000000000002 0.04999999999990707 0.2
0.7000000000000002 0.04999999999990707 0.25
0.7000000000000002 0.04999999999990707 0.3
0.7000000000000002 0.04999999999990707 0.35
0.7000000000000002 0.04999999999990707 0.4
0.7000000000000002 0.04999999999990707 0.45
0.7000000000000002 0.04999999999990707 0.5
0.7000000000000002 0.04999999999990707 0.55
0.7000000000000002 0.04999999999990707 0.6
0.7000000000000002 0.04999999999990707 0.65
0.7000000000000002 0.04999999999990707 0.7
0.7000000000000002 0.04999999999990707 0.75
0.7000000000000002 0.04999999999990707 0.8
0.7000000000000002 0.04999999999990707 0.85
0.7000000000000002 0.04999999999990707 0.9
0.7000000000000002 0.04999999999990707 0.95
0.7000000000000001 0.09999999999977846 0.05
0.7000000000000001 0.09999999999977846 0.1
0.7000000000000001 0.09999999999977846 0.15
0.7000000000000001 0.09999999999977846 0.2
0.7000000000000001 0.09999999999977846 0.25
0.7000000000000001 0.09999999999977846 0.3
0.7000000000000001 0.09999999999977846 0.35
0.7000000000000001 0.09999999999977846 0.4
0.7000000000000001 0.09999999999977846 0.45
0.7000000000000001 0.09999999999977846 0.5
0.7000000000000001 0.09999999999977846 0.55
0.7000000000000001 0.09999999999977846 0.6
0.7000000000000001 0.09999999999977846 0.65
0.7000000000000001 0.09999999999977846 0.7
0.7000000000000001 0.09999999999977846 0.75
0.7000000000000001 0.09999999999977846 0.8
0.7000000000000001 0.09999999999977846 0.85
0.7000000000000001 0.09999999999977846 0.9
0.7000000000000001 0.09999999999977846 0.95
0.7000000000000001 0.1499999999996325 0.05
0.7000000000000001 0.1499999999996325 0.1
0.7000000000000001 0.1499999999996325 0.15
0.7000000000000001 0.1499999999996325 0.2
0.7000000000000001 0.1499999999996325 0.25
0.7000000000000001 0.1499999999996325 0.3
0.7000000000000001 0.1499999999996325 0.35
0.7000000000000001 0.1499999999996325 0.4
0.7000000000000001 0.1499999999996325 0.45
0.7000000000000001 0.1499999999996325 0.5
0.7000000000000001 0.1499999999996325 0.55
0.7000000000000001 0.1499999999996325 0.6
0.7000000000000001 0.1499999999996325 0.65
0.7000000000000001 0.1499999999996325 0.7
0.7000000000000001 0.1499999999996325 0.75
0.7000000000000001 0.1499999999996325 0.8
0.7000000000000001 0.1499999999996325 0.85
0.7000000000000001 0.1499999999996325 0.9
0.7000000000000001 0.1499999999996325 0.95
0.7000000000000001 0.1999999999994866 0.05
0.7000000000000001 0.1999999999994866 0.1
0.7000000000000001 0.1999999999994866 0.15
0.7000000000000001 0.1999999999994866 0.2
0.7000000000000001 0.1999999999994866 0.25
0.7000000000000001 0.1999999999994866 0.3
0.7000000000000001 0.1999999999994866 0.35
0.7000000000000001 0.1999999999994866 0.4
0.7000000000000001 0.1999999999994866 0.45
0.7000000000000001 0.1999999999994866 0.5
0.7000000000000001 0.1999999999994866 0.55
0.7000000000000001 0.1999999999994866 0.6
0.7000000000000001 0.1999999999994866 0.65
0.7000000000000001 0.1999999999994866 0.7
0.7000000000000001 0.1999999999994866 0.75
0.7000000000000001 0.1999999999994866 0.8
0.7000000000000001 0.1999999999994866 0.85
0.7000000000000001 0.1999999999994866 0.9
0.7000000000000001 0.1999999999994866 0.95
0.7 0.249999999999346 0.05
0.7 0.249999999999346 0.1
0.7 0.249999999999346 0.15
0.7 0.249999999999346 0.2
0.7 0.249999999999346 0.25
0.7 0.249999999999346 0.3
0.7 0.249999999999346 0.35
0.7 0.249999999999346 0.4
0.7 0.249999999999346 0.45
0.7 0.249999999999346 0.5
0.7 0.249999999999346 0.55
0.7 0.249999999999346 0.6
0.7 0.249999999999346 0.65
0.7 0.249999999999346 0.7
0.7 0.249999999999346 0.75
0.7 0.249999999999346 0.8
0.7 0.249999999999346 0.85
0.7 0.249999999999346 0.9
0.7 0.249999999999346 0.95
0.7 0.2999999999994725 0.05
0.7 0.2999999999994725 0.1
0.7 0.2999999999994725 0.15
0.7 0.2999999999994725 0.2
0.7 0.2999999999994725 0.25
0.7 0.2999999999994725 0.3
0.7 0.2999999999994725 0.35
0.7 0.2999999999994725 0.4
0.7 0.2999999999994725 0.45
0.7 0.2999999999994725 0.5
0.7 0.2999999999994725 0.55
0.7 0.2999999999994725 0.6
0.7 0.2999999999994725 0.65
0.7 0.2999999999994725 0.7
0.7 0.2999999999994725 0.75
0.7 0.2999999999994725 0.8
0.7 0.2999999999994725 0.85
0.7 0.2999999999994725 0.9
0.7 0.2999999999994725 0.95
0.7 0.3499999999996044 0.05
0.7 0.3499999999996044 0.1
0.7 0.3499999999996044 0.15
0.7 0.3499999999996044 0.2
0.7 0.3499999999996044 0.25
0.7 0.3499999999996044 0.3
0.7 0.3499999999996044 0.35
0.7 0.3499999999996044 0.4
0.7 0.3499999999996044 0.45
0.7 0.3499999999996044 0.5
0.7 0.3499999999996044 0.55
0.7 0.3499999999996044 0.6
0.7 0.3499999999996044 0.65
0.7 0.3499999999996044 0.7
0.7 0.3499999999996044 0.75
0.7 0.3499999999996044 0.8
0.7 0.3499999999996044 0.85
0.7 0.3499999999996044 0.9
0.7 0.3499999999996044 0.95
0.7 0.3999999999997362 0.05
0.7 0.3999999999997362 0.1
0.7 0.3999999999997362 0.15
0.7 0.3999999999997362 0.2
0.7 0.3999999999997362 0.25
0.7 0.3999999999997362 0.3
0.7 0.3999999999997362 0.35
0.7 0.3999999999997362 0.4
0.7 0.3999999999997362 0.45
0.7 0.3999999999997362 0.5
0.7 0.3999999999997362 0.55
0.7 0.3999999999997362 0.6
0.7 0.3999999999997362 0.65
0.7 0.3999999999997362 0.7
0.7 0.3999999999997362 0.75
0.7 0.3999999999997362 0.8
0.7 0.3999999999997362 0.85
0.7 0.3999999999997362 0.9
0.7 0.3999999999997362 0.95
0.7 0.4499999999998681 0.05
0.7 0.4499999999998681 0.1
0.7 0.4499999999998681 0.15
0.7 0.4499999999998681 0.2
0.7 0.4499999999998681 0.25
0.7 0.4499999999998681 0.3
0.7 0.4499999999998681 0.35
0.7 0.4499999999998681 0.4
0.7 0.4499999999998681 0.45
0.7 0.4499999999998681 0.5
0.7 0.4499999999998681 0.55
0.7 0.4499999999998681 0.6
0.7 0.4499999999998681 0.65
0.7 0.4499999999998681 0.7
0.7 0.4499999999998681 0.75
0.7 0.4499999999998681 0.8
0.7 0.4499999999998681 0.85
0.7 0.4499999999998681 0.9
0.7 0.4499999999998681 0.95
0.7499999999999998 0.04999999999990707 0.05
0.7499999999999998 0.04999999999990707 0.1
0.7499999999999998 0.04999999999990707 0.15
0.7499999999999998 0.04999999999990707 0.2
0.7499999999999998 0.04999999999990707 0.25
0.7499999999999998 0.04999999999990707 0.3
0.7499999999999998 0.04999999999990707 0.35
0.7499999999999998 0.04999999999990707 0.4
0.7499999999999998 0.04999999999990707 0.45
0.7499999999999998 0.04999999999990707 0.5
0.7499999999999998 0.04999999999990707 0.55
0.7499999999999998 0.04999999999990707 0.6
0.7499999999999998 0.04999999999990707 0.65
0.7499999999999998 0.04999999999990707 0.7
0.7499999999999998 0.04999999999990707 0.75
0.7499999999999998 0.04999999999990707 0.8
0.7499999999999998 0.04999999999990707 0.85
0.7499999999999998 0.04999999999990707 0.9
0.7499999999999998 0.04999999999990707 0.95
0.75 0.09999999999977846 0.05
0.75 0.09999999999977846 0.1
0.75 0.09999999999977846 0.15
0.75 0.09999999999977846 0.2
0.75 0.09999999999977846 0.25
0.75 0.09999999999977846 0.3
0.75 0.09999999999977846 0.35
0.75 0.09999999999977846 0.4
0.75 0.09999999999977846 0.45
0.75 0.09999999999977846 0.5
0.75 0.09999999999977846 0.55
0.75 0.09999999999977846 0.6
0.75 0.09999999999977846 0.65
0.75 0.09999999999977846 0.7
0.75 0.09999999999977846 0.75
0.75 0.09999999999977846 0.8
0.75 0.09999999999977846 0.85
0.75 0.09999999999977846 0.9
0.75 0.09999999999977846 0.95
0.75 0.1499999999996325 0.05
0.75 0.1499999999996325 0.1
0.75 0.1499999999996325 0.15
0.75 0.1499999999996325 0.2
0.75 0.1499999999996325 0.25
0.75 0.1499999999996325 0.3
0.75 0.1499999999996325 0.35
0.75 0.1499999999996325 0.4
0.75 0.1499999999996325 0.45
0.75 0.1499999999996325 0.5
0.75 0.1499999999996325 0.55
0.75 0.1499999999996325 0.6
0.75 0.1499999999996325 0.65
0.75 0.1499999999996325 0.7
0.75 0.1499999999996325 0.75
0.75 0.1499999999996325 0.8
0.75 0.1499999999996325 0.85
0.75 0.1499999999996325 0.9
0.75 0.1499999999996325 0.95
0.75 0.1999999999994866 0.05
0.75 0.1999999999994866 0.1
0.75 0.1999999999994866 0.15
0.75 0.1999999999994866 0.2
0.75 0.1999999999994866 0.25
0.75 0.1999999999994866 0.3
0.75 0.1999999999994866 0.35
0.75 0.1999999999994866 0.4
0.75 0.1999999999994866 0.45
0.75 0.1999999999994866 0.5
0.75 0.1999999999994866 0.55
0.75 0.1999999999994866 0.6
0.75 0.1999999999994866 0.65
0.75 0.1999999999994866 0.7
0.75 0.1999999999994866 0.75
0.75 0.1999999999994866 0.8
0.75 0.1999999999994866 0.85
0.75 0.1999999999994866 0.9
0.75 0.1999999999994866 0.95
0.75 0.2499999999993461 0.05
0.75 0.2499999999993461 0.1
0.75 0.2499999999993461 0.15
0.75 0.2499999999993461 0.2
0.75 0.2499999999993461 0.25
0.75 0.2499999999993461 0.3
0.75 0.2499999999993461 0.35
0.75 0.2499999999993461 0.4
0.75 0.2499999999993461 0.45
0.75 0.2499999999993461 0.5
0.75 0.2499999999993461 0.55
0.75 0.2499999999993461 0.6
0.75 0.2499999999993461 0.65
0.75 0.2499999999993461 0.7
0.75 0.2499999999993461 0.75
0.75 0.2499999999993461 0.8
0.75 0.2499999999993461 0.85
0.75 0.2499999999993461 0.9
0.75 0.2499999999993461 0.95
0.7500000000000001 0.2999999999994725 0.05
0.7500000000000001 0.2999999999994725 0.1
0.7500000000000001 0.2999999999994725 0.15
0.7500000000000001 0.2999999999994725 0.2
0.7500000000000001 0.2999999999994725 0.25
0.7500000000000001 0.2999999999994725 0.3
0.7500000000000001 0.2999999999994725 0.35
0.7500000000000001 0.2999999999994725 0.4
0.7500000000000001 0.2999999999994725 0.45
0.7500000000000001 0.2999999999994725 0.5
0.7500000000000001 0.2999999999994725 0.55
0.7500000000000001 0.2999999999994725 0.6
0.7500000000000001 0.2999999999994725 0.65
0.7500000000000001 0.2999999999994725 0.7
0.7500000000000001 0.2999999999994725 0.75
0.7500000000000001 0.2999999999994725 0.8
0.7500000000000001 0.2999999999994725 0.85
0.7500000000000001 0.2999999999994725 0.9
0.7500000000000001 0.2999999999994725 0.95
0.75 0.3499999999996044 0.05
0.75 0.3499999999996044 0.1
0.75 0.3499999999996044 0.15
0.75 0.3499999999996044 0.2
0.75 0.3499999999996044 0.25
0.75 0.3499999999996044 0.3
0.75 0.3499999999996044 0.35
0.75 0.3499999999996044 0.4
0.75 0.3499999999996044 0.45
0.75 0.3499999999996044 0.5
0.75 0.3499999999996044 0.55
0.75 0.3499999999996044 0.6
0.75 0.3499999999996044 0.65
0.75 0.3499999999996044 0.7
0.75 0.3499999999996044 0.75
0.75 0.3499999999996044 0.8
0.75 0.3499999999996044 0.85
0.75 0.3499999999996044 0.9
0.75 0.3499999999996044 0.95
0.75 0.3999999999997362 0.05
0.75 0.3999999999997362 0.1
0.75 0.3999999999997362 0.15
0.75 0.3999999999997362 0.2
0.75 0.3999999999997362 0.25
0.75 0.3999999999997362 0.3
0.75 0.3999999999997362 0.35
0.75 0.3999999999997362 0.4
0.75 0.3999999999997362 0.45
0.75 0.3999999999997362 0.5
0.75 0.3999999999997362 0.55
0.75 0.3999999999997362 0.6
0.75 0.3999999999997362 0.65
0.75 0.3999999999997362 0.7
0.75 0.3999999999997362 0.75
0.75 0.3999999999997362 0.8
0.75 0.3999999999997362 0.85
0.75 0.3999999999997362 0.9
0.75 0.3999999999997362 0.95
0.75 0.4499999999998681 0.05
0.75 0.4499999999998681 0.1
0.75 0.4499999999998681 0.15
0.75 0.4499999999998681 0.2
0.75 0.4499999999998681 0.25
0.75 0.4499999999998681 0.3
0.75 0.4499999999998681 0.35
0.75 0.4499999999998681 0.4
0.75 0.4499999999998681 0.45
0.75 0.4499999999998681 0.5
0.75 0.4499999999998681 0.55
0.75 0.4499999999998681 0.6
0.75 0.4499999999998681 0.65
0.75 0.4499999999998681 0.7
0.75 0.4499999999998681 0.75
0.75 0.4499999999998681 0.8
0.75 0.4499999999998681 0.85
0.75 0.4499999999998681 0.9
0.75 0.4499999999998681 0.95
0.8 0.04999999999990707 0.05
0.8 0.04999999999990707 0.1
0.8 0.04999999999990707 0.15
0.8 0.04999999999990707 0.2
0.8 0.04999999999990707 0.25
0.8 0.04999999999990707 0.3
0.8 0.04999999999990707 0.35
0.8 0.04999999999990707 0.4
0.8 0.04999999999990707 0.45
0.8 0.04999999999990707 0.5
0.8 0.04999999999990707 0.55
0.8 0.04999999999990707 0.6
0.8 0.04999999999990707 0.65
0.8 0.04999999999990707 0.7
0.8 0.04999999999990707 0.75
0.8 0.04999999999990707 0.8
0.8 0.04999999999990707 0.85
0.8 0.04999999999990707 0.9
0.8 0.04999999999990707 0.95
0.8 0.09999999999977846 0.05
0.8 0.09999999999977846 0.1
0.8 0.09999999999977846 0.15
0.8 0.09999999999977846 0.2
0.8 0.09999999999977846 0.25
0.8 0.09999999999977846 0.3
0.8 0.09999999999977846 0.35
0.8 0.09999999999977846 0.4
0.8 0.09999999999977846 0.45
0.8 0.09999999999977846 0.5
0.8 0.09999999999977846 0.55
0.8 0.09999999999977846 0.6
0.8 0.09999999999977846 0.65
0.8 0.09999999999977846 0.7
0.8 0.09999999999977846 0.75
0.8 0.09999999999977846 0.8
0.8 0.09999999999977846 0.85
0.8 0.09999999999977846 0.9
0.8 0.09999999999977846 0.95
0.7999999999999998 0.1499999999996325 0.05
0.7999999999999998 0.1499999999996325 0.1
0.7999999999999998 0.1499999999996325 0.15
0.7999999999999998 0.1499999999996325 0.2
0.7999999999999998 0.1499999999996325 0.25
0.7999999999999998 0.1499999999996325 0.3
0.7999999999999998 0.1499999999996325 0.35
0.7999999999999998 0.1499999999996325 0.4
0.7999999999999998 0.1499999999996325 0.45
0.7999999999999998 0.1499999999996325 0.5
0.7999999999999998 0.1499999999996325 0.55
0.7999999999999998 0.1499999999996325 0.6
0.7999999999999998 0.1499999999996325 0.65
0.7999999999999998 0.1499999999996325 0.7
0.7999999999999998 0.1499999999996325 0.75
0.7999999999999998 0.1499999999996325 0.8
0.7999999999999998 0.1499999999996325 0.85
0.7999999999999998 0.1499999999996325 0.9
0.7999999999999998 0.1499999999996325 0.95
0.8000000000000002 0.1999999999994866 0.05
0.8000000000000002 0.1999999999994866 0.1
0.8000000000000002 0.1999999999994866 0.15
0.8000000000000002 0.1999999999994866 0.2
0.8000000000000002 0.1999999999994866 0.25
0.8000000000000002 0.1999999999994866 0.3
0.8000000000000002 0.1999999999994866 0.35
0.8000000000000002 0.1999999999994866 0.4
0.8000000000000002 0.1999999999994866 0.45
0.8000000000000002 0.1999999999994866 0.5
0.8000000000000002 0.1999999999994866 0.55
0.8000000000000002 0.1999999999994866 0.6
0.8000000000000002 0.1999999999994866 0.65
0.8000000000000002 0.1999999999994866 0.7
0.8000000000000002 0.1999999999994866 0.75
0.8000000000000002 0.1999999999994866 0.8
0.8000000000000002 0.1999999999994866 0.85
0.8000000000000002 0.1999999999994866 0.9
0.8000000000000002 0.1999999999994866 0.95
0.8000000000000002 0.249999999999346 0.05
0.8000000000000002 0.249999999999346 0.1
0.8000000000000002 0.249999999999346 0.15
0.8000000000000002 0.249999999999346 0.2
0.8000000000000002 0.249999999999346 0.25
0.8000000000000002 0.249999999999346 0.3
0.8000000000000002 0.249999999999346 0.35
0.8000000000000002 0.249999999999346 0.4
0.8000000000000002 0.249999999999346 0.45
0.8000000000000002 0.249999999999346 0.5
0.8000000000000002 0.249999999999346 0.55
0.8000000000000002 0.249999999999346 0.6
0.8000000000000002 0.249999999999346 0.65
0.8000000000000002 0.249999999999346 0.7
0.8000000000000002 0.249999999999346 0.75
0.8000000000000002 0.249999999999346 0.8
0.8000000000000002 0.249999999999346 0.85
0.8000000000000002 0.249999999999346 0.9
0.8000000000000002 0.249999999999346 0.95
0.8 0.2999999999994725 0.05
0.8 0.2999999999994725 0.1
0.8 0.2999999999994725 0.15
0.8 0.2999999999994725 0.2
0.8 0.2999999999994725 0.25
0.8 0.2999999999994725 0.3
0.8 0.2999999999994725 0.35
0.8 0.2999999999994725 0.4
0.8 0.2999999999994725 0.45
0.8 0.2999999999994725 0.5
0.8 0.2999999999994725 0.55
0.8 0.2999999999994725 0.6
0.8 0.2999999999994725 0.65
0.8 0.2999999999994725 0.7
0.8 0.2999999999994725 0.75
0.8 0.2999999999994725 0.8
0.8 0.2999999999994725 0.85
0.8 0.2999999999994725 0.9
0.8 0.2999999999994725 0.95
0.8 0.3499999999996044 0.05
0.8 0.3499999999996044 0.1
0.8 0.3499999999996044 0.15
0.8 0.3499999999996044 0.2
0.8 0.3499999999996044 0.25
0.8 0.3499999999996044 0.3
0.8 0.3499999999996044 0.35
0.8 0.3499999999996044 0.4
0.8 0.3499999999996044 0.45
0.8 0.3499999999996044 0.5
0.8 0.3499999999996044 0.55
0.8 0.3499999999996044 0.6
0.8 0.3499999999996044 0.65
0.8 0.3499999999996044 0.7
0.8 0.3499999999996044 0.75
0.8 0.3499999999996044 0.8
0.8 0.3499999999996044 0.85
0.8 0.3499999999996044 0.9
0.8 0.3499999999996044 0.95
0.8 0.3999999999997362 0.05
0.8 0.3999999999997362 0.1
0.8 0.3999999999997362 0.15
0.8 0.3999999999997362 0.2
0.8 0.3999999999997362 0.25
0.8 0.3999999999997362 0.3
0.8 0.3999999999997362 0.35
0.8 0.3999999999997362 0.4
0.8 0.3999999999997362 0.45
0.8 0.3999999999997362 0.5
0.8 0.3999999999997362 0.55
0.8 0.3999999999997362 0.6
0.8 0.3999999999997362 0.65
0.8 0.3999999999997362 0.7
0.8 0.3999999999997362 0.75
0.8 0.3999999999997362 0.8
0.8 0.3999999999997362 0.85
0.8 0.3999999999997362 0.9
0.8 0.3999999999997362 0.95
0.8 0.4499999999998681 0.05
0.8 0.4499999999998681 0.1
0.8 0.4499999999998681 0.15
0.8 0.4499999999998681 0.2
0.8 0.4499999999998681 0.25
0.8 0.4499999999998681 0.3
0.8 0.4499999999998681 0.35
0.8 0.4499999999998681 0.4
0.8 0.4499999999998681 0.45
0.8 0.4499999999998681 0.5
0.8 0.4499999999998681 0.55
0.8 0.4499999999998681 0.6
0.8 0.4499999999998681 0.65
0.8 0.4499999999998681 0.7
0.8 0.4499999999998681 0.75
0.8 0.4499999999998681 0.8
0.8 0.4499999999998681 0.85
0.8 0.4499999999998681 0.9
0.8 0.4499999999998681 0.95
0.8500000000000003 0.04999999999990707 0.05
0.8500000000000003 0.04999999999990707 0.1
0.8500000000000003 0.04999999999990707 0.15
0.8500000000000003 0.04999999999990707 0.2
0.8500000000000003 0.04999999999990707 0.25
0.8500000000000003 0.04999999999990707 0.3
0.8500000000000003 0.04999999999990707 0.35
0.8500000000000003 0.04999999999990707 0.4
0.8500000000000003 0.04999999999990707 0.45
0.8500000000000003 0.04999999999990707 0.5
0.8500000000000003 0.04999999999990707 0.55
0.8500000000000003 0.04999999999990707 0.6
0.8500000000000003 0.04999999999990707 0.65
0.8500000000000003 0.04999999999990707 0.7
0.8500000000000003 0.04999999999990707 0.75
0.8500000000000003 0.04999999999990707 0.8
0.8500000000000003 0.04999999999990707 0.85
0.8500000000000003 0.04999999999990707 0.9
0.8500000000000003 0.04999999999990707 0.95
0.8500000000000003 0.09999999999977846 0.05
0.8500000000000003 0.09999999999977846 0.1
0.8500000000000003 0.09999999999977846 0.15
0.8500000000000003 0.09999999999977846 0.2
0.8500000000000003 0.09999999999977846 0.25
0.8500000000000003 0.09999999999977846 0.3
0.8500000000000003 0.09999999999977846 0.35
0.8500000000000003 0.09999999999977846 0.4
0.8500000000000003 0.09999999999977846 0.45
0.8500000000000003 0.09999999999977846 0.5
0.8500000000000003 0.09999999999977846 0.55
0.8500000000000003 0.09999999999977846 0.6
0.8500000000000003 0.09999999999977846 0.65
0.8500000000000003 0.09999999999977846 0.7
0.8500000000000003 0.09999999999977846 0.75
0.8500000000000003 0.09999999999977846 0.8
0.8500000000000003 0.09999999999977846 0.85
0.8500000000000003 0.09999999999977846 0.9
0.8500000000000003 0.09999999999977846 0.95
0.8499999999999999 0.1499999999996325 0.05
0.8499999999999999 0.1499999999996325 0.1
0.8499999999999999 0.1499999999996325 0.15
0.8499999999999999 0.1499999999996325 0.2
0.8499999999999999 0.1499999999996325 0.25
0.8499999999999999 0.1499999999996325 0.3
0.8499999999999999 0.1499999999996325 0.35
0.8499999999999999 0.1499999999996325 0.4
0.8499999999999999 0.1499999999996325 0.45
0.8499999999999999 0.1499999999996325 0.5
0.8499999999999999 0.1499999999996325 0.55
0.8499999999999999 0.1499999999996325 0.6
0.8499999999999999 0.1499999999996325 0.65
0.8499999999999999 0.1499999999996325 0.7
0.8499999999999999 0.1499999999996325 0.75
0.8499999999999999 0.1499999999996325 0.8
0.8499999999999999 0.1499999999996325 0.85
0.8499999999999999 0.1499999999996325 0.9
0.8499999999999999 0.1499999999996325 0.95
0.8500000000000003 0.1999999999994866 0.05
0.8500000000000003 0.1999999999994866 0.1
0.8500000000000003 0.1999999999994866 0.15
0.8500000000000003 0.1999999999994866 0.2
0.8500000000000003 0.1999999999994866 0.25
0.8500000000000003 0.1999999999994866 0.3
0.8500000000000003 0.1999999999994866 0.35
0.8500000000000003 0.1999999999994866 0.4
0.8500000000000003 0.1999999999994866 0.45
0.8500000000000003 0.1999999999994866 0.5
0.8500000000000003 0.1999999999994866 0.55
0.8500000000000003 0.1999999999994866 0.6
0.8500000000000003 0.1999999999994866 0.65
0.8500000000000003 0.1999999999994866 0.7
0.8500000000000003 0.1999999999994866 0.75
0.8500000000000003 0.1999999999994866 0.8
0.8500000000000003 0.1999999999994866 0.85
0.8500000000000003 0.1999999999994866 0.9
0.8500000000000003 0.1999999999994866 0.95
0.8500000000000002 0.249999999999346 0.05
0.8500000000000002 0.249999999999346 0.1
0.8500000000000002 0.249999999999346 0.15
0.8500000000000002 0.249999999999346 0.2
0.8500000000000002 0.249999999999346 0.25
0.8500000000000002 0.249999999999346 0.3
0.8500000000000002 0.249999999999346 0.35
0.8500000000000002 0.249999999999346 0.4
0.8500000000000002 0.249999999999346 0.45
0.8500000000000002 0.249999999999346 0.5
0.8500000000000002 0.249999999999346 0.55
0.8500000000000002 0.249999999999346 0.6
0.8500000000000002 0.249999999999346 0.65
0.8500000000000002 0.249999999999346 0.7
0.8500000000000002 0.249999999999346 0.75
0.8500000000000002 0.249999999999346 0.8
0.8500000000000002 0.249999999999346 0.85
0.8500000000000002 0.249999999999346 0.9
0.8500000000000002 0.249999999999346 0.95
0.8500000000000001 0.2999999999994725 0.05
0.8500000000000001 0.2999999999994725 0.1
0.8500000000000001 0.2999999999994725 0.15
0.8500000000000001 0.2999999999994725 0.2
0.8500000000000001 0.2999999999994725 0.25
0.8500000000000001 0.2999999999994725 0.3
0.8500000000000001 0.2999999999994725 0.35
0.8500000000000001 0.2999999999994725 0.4
0.8500000000000001 0.2999999999994725 0.45
0.8500000000000001 0.2999999999994725 0.5
0.8500000000000001 0.2999999999994725 0.55
0.8500000000000001 0.2999999999994725 0.6
0.8500000000000001 0.2999999999994725 0.65
0.8500000000000001 0.2999999999994725 0.7
0.8500000000000001 0.2999999999994725 0.75
0.8500000000000001 0.2999999999994725 0.8
0.8500000000000001 0.2999999999994725 0.85
0.8500000000000001 0.2999999999994725 0.9
0.8500000000000001 0.2999999999994725 0.95
0.8500000000000002 0.3499999999996044 0.05
0.8500000000000002 0.3499999999996044 0.1
0.8500000000000002 0.3499999999996044 0.15
0.8500000000000002 0.3499999999996044 0.2
0.8500000000000002 0.3499999999996044 0.25
0.8500000000000002 0.3499999999996044 0.3
0.8500000000000002 0.3499999999996044 0.35
0.8500000000000002 0.3499999999996044 0.4
0.8500000000000002 0.3499999999996044 0.45
0.8500000000000002 0.3499999999996044 0.5
0.8500000000000002 0.3499999999996044 0.55
0.8500000000000002 0.3499999999996044 0.6
0.8500000000000002 0.3499999999996044 0.65
0.8500000000000002 0.3499999999996044 0.7
0.8500000000000002 0.3499999999996044 0.75
0.8500000000000002 0.3499999999996044 0.8
0.8500000000000002 0.3499999999996044 0.85
0.8500000000000002 0.3499999999996044 0.9
0.8500000000000002 0.3499999999996044 0.95
0.8500000000000001 0.3999999999997362 0.05
0.8500000000000001 0.3999999999997362 0.1
0.8500000000000001 0.3999999999997362 0.15
0.8500000000000001 0.3999999999997362 0.2
0.8500000000000001 0.3999999999997362 0.25
0.8500000000000001 0.3999999999997362 0.3
0.8500000000000001 0.3999999999997362 0.35
0.8500000000000001 0.3999999999997362 0.4
0.8500000000000001 0.3999999999997362 0.45
0.8500000000000001 0.3999999999997362 0.5
0.8500000000000001 0.3999999999997362 0.55
0.8500000000000001 0.3999999999997362 0.6
0.8500000000000001 0.3999999999997362 0.65
0.8500000000000001 0.3999999999997362 0.7
0.8500000000000001 0.3999999999997362 0.75
0.8500000000000001 0.3999999999997362 0.8
0.8500000000000001 0.3999999999997362 0.85
0.8500000000000001 0.3999999999997362 0.9
0.8500000000000001 0.3999999999997362 0.95
0.8500000000000002 0.4499999999998681 0.05
0.8500000000000002 0.4499999999998681 0.1
0.8500000000000002 0.4499999999998681 0.15
0.8500000000000002 0.4499999999998681 0.2
0.8500000000000002 0.4499999999998681 0.25
0.8500000000000002 0.4499999999998681 0.3
0.8500000000000002 0.4499999999998681 0.35
0.8500000000000002 0.4499999999998681 0.4
0.8500000000000002 0.4499999999998681 0.45
0.8500000000000002 0.4499999999998681 0.5
0.8500000000000002 0.4499999999998681 0.55
0.8500000000000002 0.4499999999998681 0.6
0.8500000000000002 0.4499999999998681 0.65
0.8500000000000002 0.4499999999998681 0.7
0.8500000000000002 0.4499999999998681 0.75
0.8500000000000002 0.4499999999998681 0.8
0.8500000000000002 0.4499999999998681 0.85
0.8500000000000002 0.4499999999998681 0.9
0.8500000000000002 0.4499999999998681 0.95
0.9000000000000001 0.04999999999990707 0.05
0.9000000000000001 0.04999999999990707 0.1
0.9000000000000001 0.04999999999990707 0.15
0.9000000000000001 0.04999999999990707 0.2
0.9000000000000001 0.04999999999990707 0.25
0.9000000000000001 0.04999999999990707 0.3
0.9000000000000001 0.04999999999990707 0.35
0.9000000000000001 0.04999999999990707 0.4
0.9000000000000001 0.04999999999990707 0.45
0.9000000000000001 0.04999999999990707 0.5
0.9000000000000001 0.04999999999990707 0.55
0.9000000000000001 0.04999999999990707 0.6
0.9000000000000001 0.04999999999990707 0.65
0.9000000000000001 0.04999999999990707 0.7
0.9000000000000001 0.04999999999990707 0.75
0.9000000000000001 0.04999999999990707 0.8
0.9000000000000001 0.04999999999990707 0.85
0.9000000000000001 0.04999999999990707 0.9
0.9000000000000001 0.04999999999990707 0.95
0.9 0.09999999999977846 0.05
0.9 0.09999999999977846 0.1
0.9 0.09999999999977846 0.15
0.9 0.09999999999977846 0.2
0.9 0.09999999999977846 0.25
0.9 0.09999999999977846 0.3
0.9 0.09999999999977846 0.35
0.9 0.09999999999977846 0.4
0.9 0.09999999999977846 0.45
0.9 0.09999999999977846 0.5
0.9 0.09999999999977846 0.55
0.9 0.09999999999977846 0.6
0.9 0.09999999999977846 0.65
0.9 0.09999999999977846 0.7
0.9 0.09999999999977846 0.75
0.9 0.09999999999977846 0.8
0.9 0.09999999999977846 0.85
0.9 0.09999999999977846 0.9
0.9 0.09999999999977846 0.95
0.9000000000000001 0.1499999999996325 0.05
0.9000000000000001 0.1499999999996325 0.1
0.9000000000000001 0.1499999999996325 0.15
0.9000000000000001 0.1499999999996325 0.2
0.9000000000000001 0.1499999999996325 0.25
0.9000000000000001 0.1499999999996325 0.3
0.9000000000000001 0.1499999999996325 0.35
0.9000000000000001 0.1499999999996325 0.4
0.9000000000000001 0.1499999999996325 0.45
0.9000000000000001 0.1499999999996325 0.5
0.9000000000000001 0.1499999999996325 0.55
0.9000000000000001 0.1499999999996325 0.6
0.9000000000000001 0.1499999999996325 0.65
0.9000000000000001 0.1499999999996325 0.7
0.9000000000000001 0.1499999999996325 0.75
0.9000000000000001 0.1499999999996325 0.8
0.9000000000000001 0.1499999999996325 0.85
0.9000000000000001 0.1499999999996325 0.9
0.9000000000000001 0.1499999999996325 0.95
0.8999999999999998 0.1999999999994866 0.05
0.8999999999999998 0.1999999999994866 0.1
0.8999999999999998 0.1999999999994866 0.15
0.8999999999999998 0.1999999999994866 0.2
0.8999999999999998 0.1999999999994866 0.25
0.8999999999999998 0.1999999999994866 0.3
0.8999999999999998 0.1999999999994866 0.35
0.8999999999999998 0.1999999999994866 0.4
0.8999999999999998 0.1999999999994866 0.45
0.8999999999999998 0.1999999999994866 0.5
0.8999999999999998 0.1999999999994866 0.55
0.8999999999999998 0.1999999999994866 0.6
0.8999999999999998 0.1999999999994866 0.65
0.8999999999999998 0.1999999999994866 0.7
0.8999999999999998 0.1999999999994866 0.75
0.8999999999999998 0.1999999999994866 0.8
0.8999999999999998 0.1999999999994866 0.85
0.8999999999999998 0.1999999999994866 0.9
0.8999999999999998 0.1999999999994866 0.95
0.9000000000000001 0.2499999999993461 0.05
0.9000000000000001 0.2499999999993461 0.1
0.9000000000000001 0.2499999999993461 0.15
0.9000000000000001 0.2499999999993461 0.2
0.9000000000000001 0.2499999999993461 0.25
0.9000000000000001 0.2499999999993461 0.3
0.9000000000000001 0.2499999999993461 0.35
0.9000000000000001 0.2499999999993461 0.4
0.9000000000000001 0.2499999999993461 0.45
0.9000000000000001 0.2499999999993461 0.5
0.9000000000000001 0.2499999999993461 0.55
0.9000000000000001 0.2499999999993461 0.6
0.9000000000000001 0.2499999999993461 0.65
0.9000000000000001 0.2499999999993461 0.7
0.9000000000000001 0.2499999999993461 0.75
0.9000000000000001 0.2499999999993461 0.8
0.9000000000000001 0.2499999999993461 0.85
0.9000000000000001 0.2499999999993461 0.9
0.9000000000000001 0.2499999999993461 0.95
0.9 0.2999999999994725 0.05
0.9 0.2999999999994725 0.1
0.9 0.2999999999994725 0.15
0.9 0.2999999999994725 0.2
0.9 0.2999999999994725 0.25
0.9 0.2999999999994725 0.3
0.9 0.2999999999994725 0.35
0.9 0.2999999999994725 0.4
0.9 0.2999999999994725 0.45
0.9 0.2999999999994725 0.5
0.9 0.2999999999994725 0.55
0.9 0.2999999999994725 0.6
0.9 0.2999999999994725 0.65
0.9 0.2999999999994725 0.7
0.9 0.2999999999994725 0.75
0.9 0.2999999999994725 0.8
0.9 0.2999999999994725 0.85
0.9 0.2999999999994725 0.9
0.9 0.2999999999994725 0.95
0.8999999999999998 0.3499999999996044 0.05
0.8999999999999998 0.3499999999996044 0.1
0.8999999999999998 0.3499999999996044 0.15
0.8999999999999998 0.3499999999996044 0.2
0.8999999999999998 0.3499999999996044 0.25
0.8999999999999998 0.3499999999996044 0.3
0.8999999999999998 0.3499999999996044 0.35
0.8999999999999998 0.3499999999996044 0.4
0.8999999999999998 0.3499999999996044 0.45
0.8999999999999998 0.3499999999996044 0.5
0.8999999999999998 0.3499999999996044 0.55
0.8999999999999998 0.3499999999996044 0.6
0.8999999999999998 0.3499999999996044 0.65
0.8999999999999998 0.3499999999996044 0.7
0.8999999999999998 0.3499999999996044 0.75
0.8999999999999998 0.3499999999996044 0.8
0.8999999999999998 0.3499999999996044 0.85
0.8999999999999998 0.3499999999996044 0.9
0.8999999999999998 0.3499999999996044 0.95
0.9 0.3999999999997362 0.05
0.9 0.3999999999997362 0.1
0.9 0.3999999999997362 0.15
0.9 0.3999999999997362 0.2
0.9 0.3999999999997362 0.25
0.9 0.3999999999997362 0.3
0.9 0.3999999999997362 0.35
0.9 0.3999999999997362 0.4
0.9 0.3999999999997362 0.45
0.9 0.3999999999997362 0.5
0.9 0.3999999999997362 0.55
0.9 0.3999999999997362 0.6
0.9 0.3999999999997362 0.65
0.9 0.3999999999997362 0.7
0.9 0.3999999999997362 0.75
0.9 0.3999999999997362 0.8
0.9 0.3999999999997362 0.85
0.9 0.3999999999997362 0.9
0.9 0.3999999999997362 0.95
0.8999999999999997 0.4499999999998681 0.05
0.8999999999999997 0.4499999999998681 0.1
0.8999999999999997 0.4499999999998681 0.15
0.8999999999999997 0.4499999999998681 0.2
0.8999999999999997 0.4499999999998681 0.25
0.8999999999999997 0.4499999999998681 0.3
0.8999999999999997 0.4499999999998681 0.35
0.8999999999999997 0.4499999999998681 0.4
0.8999999999999997 0.4499999999998681 0.45
0.8999999999999997 0.4499999999998681 0.5
0.8999999999999997 0.4499999999998681 0.55
0.8999999999999997 0.4499999999998681 0.6
0.8999999999999997 0.4499999999998681 0.65
0.8999999999999997 0.4499999999998681 0.7
0.8999999999999997 0.4499999999998681 0.75
0.8999999999999997 0.4499999999998681 0.8
0.8999999999999997 0.4499999999998681 0.85
0.8999999999999997 0.4499999999998681 0.9
0.8999999999999997 0.4499999999998681 0.95
0.9499999999999998 0.04999999999990707 0.05
0.9499999999999998 0.04999999999990707 0.1
0.9499999999999998 0.04999999999990707 0.15
0.9499999999999998 0.04999999999990707 0.2
0.9499999999999998 0.04999999999990707 0.25
0.9499999999999998 0.04999999999990707 0.3
0.9499999999999998 0.04999999999990707 0.35
0.9499999999999998 0.04999999999990707 0.4
0.9499999999999998 0.04999999999990707 0.45
0.9499999999999998 0.04999999999990707 0.5
0.9499999999999998 0.04999999999990707 0.55
0.9499999999999998 0.04999999999990707 0.6
0.9499999999999998 0.04999999999990707 0.65
0.9499999999999998 0.04999999999990707 0.7
0.9499999999999998 0.04999999999990707 0.75
0.9499999999999998 0.04999999999990707 0.8
0.9499999999999998 0.04999999999990707 0.85
0.9499999999999998 0.04999999999990707 0.9
0.9499999999999998 0.04999999999990707 0.95
0.9500000000000002 0.09999999999977846 0.05
0.9500000000000002 0.09999999999977846 0.1
0.9500000000000002 0.09999999999977846 0.15
0.9500000000000002 0.09999999999977846 0.2
0.9500000000000002 0.09999999999977846 0.25
0.9500000000000002 0.09999999999977846 0.3
0.9500000000000002 0.09999999999977846 0.35
0.9500000000000002 0.09999999999977846 0.4
0.9500000000000002 0.09999999999977846 0.45
0.9500000000000002 0.09999999999977846 0.5
0.9500000000000002 0.09999999999977846 0.55
0.9500000000000002 0.09999999999977846 0.6
0.9500000000000002 0.09999999999977846 0.65
0.9500000000000002 0.09999999999977846 0.7
0.9500000000000002 0.09999999999977846 0.75
0.9500000000000002 0.09999999999977846 0.8
0.9500000000000002 0.09999999999977846 0.85
0.9500000000000002 0.09999999999977846 0.9
0.9500000000000002 0.09999999999977846 0.95
0.95 0.1499999999996325 0.05
0.95 0.1499999999996325 0.1
0.95 0.1499999999996325 0.15
0.95 0.1499999999996325 0.2
0.95 0.1499999999996325 0.25
0.95 0.1499999999996325 0.3
0.95 0.1499999999996325 0.35
0.95 0.1499999999996325 0.4
0.95 0.1499999999996325 0.45
0.95 0.1499999999996325 0.5
0.95 0.1499999999996325 0.55
0.95 0.1499999999996325 0.6
0.95 0.1499999999996325 0.65
0.95 0.1499999999996325 0.7
0.95 0.1499999999996325 0.75
0.95 0.1499999999996325 0.8
0.95 0.1499999999996325 0.85
0.95 0.1499999999996325 0.9
0.95 0.1499999999996325 0.95
0.95 0.1999999999994866 0.05
0.95 0.1999999999994866 0.1
0.95 0.1999999999994866 0.15
0.95 0.1999999999994866 0.2
0.95 0.1999999999994866 0.25
0.95 0.1999999999994866 0.3
0.95 0.1999999999994866 0.35
0.95 0.1999999999994866 0.4
0.95 0.1999999999994866 0.45
0.95 0.1999999999994866 0.5
0.95 0.1999999999994866 0.55
0.95 0.1999999999994866 0.6
0.95 0.1999999999994866 0.65
0.95 0.1999999999994866 0.7
0.95 0.1999999999994866 0.75
0.95 0.1999999999994866 0.8
0.95 0.1999999999994866 0.85
0.95 0.1999999999994866 0.9
0.95 0.1999999999994866 0.95
0.95 0.2499999999993461 0.05
0.95 0.2499999999993461 0.1
0.95 0.2499999999993461 0.15
0.95 0.2499999999993461 0.2
0.95 0.2499999999993461 0.25
0.95 0.2499999999993461 0.3
0.95 0.2499999999993461 0.35
0.95 0.2499999999993461 0.4
0.95 0.2499999999993461 0.45
0.95 0.2499999999993461 0.5
0.95 0.2499999999993461 0.55
0.95 0.2499999999993461 0.6
0.95 0.2499999999993461 0.65
0.95 0.2499999999993461 0.7
0.95 0.2499999999993461 0.75
0.95 0.2499999999993461 0.8
0.95 0.2499999999993461 0.85
0.95 0.2499999999993461 0.9
0.95 0.2499999999993461 0.95
0.95 0.2999999999994725 0.05
0.95 0.2999999999994725 0.1
0.95 0.2999999999994725 0.15
0.95 0.2999999999994725 0.2
0.95 0.2999999999994725 0.25
0.95 0.2999999999994725 0.3
0.95 0.2999999999994725 0.35
0.95 0.2999999999994725 0.4
0.95 0.2999999999994725 0.45
0.95 0.2999999999994725 0.5
0.95 0.2999999999994725 0.55
0.95 0.2999999999994725 0.6
0.95 0.2999999999994725 0.65
0.95 0.2999999999994725 0.7
0.95 0.2999999999994725 0.75
0.95 0.2999999999994725 0.8
0.95 0.2999999999994725 0.85
0.95 0.2999999999994725 0.9
0.95 0.2999999999994725 0.95
0.9499999999999998 0.3499999999996044 0.05
0.9499999999999998 0.3499999999996044 0.1
0.9499999999999998 0.3499999999996044 0.15
0.9499999999999998 0.3499999999996044 0.2
0.9499999999999998 0.3499999999996044 0.25
0.9499999999999998 0.3499999999996044 0.3
0.9499999999999998 0.3499999999996044 0.35
0.9499999999999998 0.3499999999996044 0.4
0.9499999999999998 0.3499999999996044 0.45
0.9499999999999998 0.3499999999996044 0.5
0.9499999999999998 0.3499999999996044 0.55
0.9499999999999998 0.3499999999996044 0.6
0.9499999999999998 0.3499999999996044 0.65
0.9499999999999998 0.3499999999996044 0.7
0.9499999999999998 0.3499999999996044 0.75
0.9499999999999998 0.3499999999996044 0.8
0.9499999999999998 0.3499999999996044 0.85
0.9499999999999998 0.3499999999996044 0.9
0.9499999999999998 0.3499999999996044 0.95
0.9500000000000001 0.3999999999997362 0.05
0.9500000000000001 0.3999999999997362 0.1
0.9500000000000001 0.3999999999997362 0.15
0.9500000000000001 0.3999999999997362 0.2
0.9500000000000001 0.3999999999997362 0.25
0.9500000000000001 0.3999999999997362 0.3
0.9500000000000001 0.3999999999997362 0.35
0.9500000000000001 0.3999999999997362 0.4
0.9500000000000001 0.3999999999997362 0.45
0.9500000000000001 0.3999999999997362 0.5
0.9500000000000001 0.3999999999997362 0.55
0.9500000000000001 0.3999999999997362 0.6
0.9500000000000001 0.3999999999997362 0.65
0.9500000000000001 0.3999999999997362 0.7
0.9500000000000001 0.3999999999997362 0.75
0.9500000000000001 0.3999999999997362 0.8
0.9500000000000001 0.3999999999997362 0.85
0.9500000000000001 0.3999999999997362 0.9
0.9500000000000001 0.3999999999997362 0.95
0.95 0.4499999999998681 0.05
0.95 0.4499999999998681 0.1
0.95 0.4499999999998681 0.15
0.95 0.4499999999998681 0.2
0.95 0.4499999999998681 0.25
0.95 0.4499999999998681 0.3
0.95 0.4499999999998681 0.35
0.95 0.4499999999998681 0.4
0.95 0.4499999999998681 0.45
0.95 0.4499999999998681 0.5
0.95 0.4499999999998681 0.55
0.95 0.4499999999998681 0.6
0.95 0.4499999999998681 0.65
0.95 0.4499999999998681 0.7
0.95 0.4499999999998681 0.75
0.95 0.4499999999998681 0.8
0.95 0.4499999999998681 0.85
0.95 0.4499999999998681 0.9
0.95 0.4499999999998681 0.95
3 3 0 1539
6184
6185
6186
6187
6188
6189
6190
6191
6192
6193
6194
6195
6196
6197
6198
6199
6200
6201
6202
6203
6204
6205
6206
6207
6208
6209
6210
6211
6212
6213
6214
6215
6216
6217
6218
6219
6220
6221
6222
6223
6224
6225
6226
6227
6228
6229
6230
6231
6232
6233
6234
6235
6236
6237
6238
6239
6240
6241
6242
6243
6244
6245
6246
6247
6248
6249
6250
6251
6252
6253
6254
6255
6256
6257
6258
6259
6260
6261
6262
6263
6264
6265
6266
6267
6268
6269
6270
6271
6272
6273
6274
6275
6276
6277
6278
6279
6280
6281
6282
6283
6284
6285
6286
6287
6288
6289
6290
6291
6292
6293
6294
6295
6296
6297
6298
6299
6300
6301
6302
6303
6304
6305
6306
6307
6308
6309
6310
6311
6312
6313
6314
6315
6316
6317
6318
6319
6320
6321
6322
6323
6324
6325
6326
6327
6328
6329
6330
6331
6332
6333
6334
6335
6336
6337
6338
6339
6340
6341
6342
6343
6344
6345
6346
6347
6348
6349
6350
6351
6352
6353
6354
6355
6356
6357
6358
6359
6360
6361
6362
6363
6364
6365
6366
6367
6368
6369
6370
6371
6372
6373
6374
6375
6376
6377
6378
6379
6380
6381
6382
6383
6384
6385
6386
6387
6388
6389
6390
6391
6392
6393
6394
6395
6396
6397
6398
6399
6400
6401
6402
6403
6404
6405
6406
6407
6408
6409
6410
6411
6412
6413
6414
6415
6416
6417
6418
6419
6420
6421
6422
6423
6424
6425
6426
6427
6428
6429
6430
6431
6432
6433
6434
6435
6436
6437
6438
6439
6440
6441
6442
6443
6444
6445
6446
6447
6448
6449
6450
6451
6452
6453
6454
6455
6456
6457
6458
6459
6460
6461
6462
6463
6464
6465
6466
6467
6468
6469
6470
6471
6472
6473
6474
6475
6476
6477
6478
6479
6480
6481
6482
6483
6484
6485
6486
6487
6488
6489
6490
6491
6492
6493
6494
6495
6496
6497
6498
6499
6500
6501
6502
6503
6504
6505
6506
6507
6508
6509
6510
6511
6512
6513
6514
6515
6516
6517
6518
6519
6520
6521
6522
6523
6524
6525
6526
6527
6528
6529
6530
6531
6532
6533
6534
6535
6536
6537
6538
6539
6540
6541
6542
6543
6544
6545
6546
6547
6548
6549
6550
6551
6552
6553
6554
6555
6556
6557
6558
6559
6560
6561
6562
6563
6564
6565
6566
6567
6568
6569
6570
6571
6572
6573
6574
6575
6576
6577
6578
6579
6580
6581
6582
6583
6584
6585
6586
6587
6588
6589
6590
6591
6592
6593
6594
6595
6596
6597
6598
6599
6600
6601
6602
6603
6604
6605
6606
6607
6608
6609
6610
6611
6612
6613
6614
6615
6616
6617
6618
6619
6620
6621
6622
6623
6624
6625
6626
6627
6628
6629
6630
6631
6632
6633
6634
6635
6636
6637
6638
6639
6640
6641
6642
6643
6644
6645
6646
6647
6648
6649
6650
6651
6652
6653
6654
6655
6656
6657
6658
6659
6660
6661
6662
6663
6664
6665
6666
6667
6668
6669
6670
6671
6672
6673
6674
6675
6676
6677
6678
6679
6680
6681
6682
6683
6684
6685
6686
6687
6688
6689
6690
6691
6692
6693
6694
6695
6696
6697
6698
6699
6700
6701
6702
6703
6704
6705
6706
6707
6708
6709
6710
6711
6712
6713
6714
6715
6716
6717
6718
6719
6720
6721
6722
6723
6724
6725
6726
6727
6728
6729
6730
6731
6732
6733
6734
6735
6736
6737
6738
6739
6740
6741
6742
6743
6744
6745
6746
6747
6748
6749
6750
6751
6752
6753
6754
6755
6756
6757
6758
6759
6760
6761
6762
6763
6764
6765
6766
6767
6768
6769
6770
6771
6772
6773
6774
6775
6776
6777
6778
6779
6780
6781
6782
6783
6784
6785
6786
6787
6788
6789
6790
6791
6792
6793
6794
6795
6796
6797
6798
6799
6800
6801
6802
6803
6804
6805
6806
6807
6808
6809
6810
6811
6812
6813
6814
6815
6816
6817
6818
6819
6820
6821
6822
6823
6824
6825
6826
6827
6828
6829
6830
6831
6832
6833
6834
6835
6836
6837
6838
6839
6840
6841
6842
6843
6844
6845
6846
6847
6848
6849
6850
6851
6852
6853
6854
6855
6856
6857
6858
6859
6860
6861
6862
6863
6864
6865
6866
6867
6868
6869
6870
6871
6872
6873
6874
6875
6876
6877
6878
6879
6880
6881
6882
6883
6884
6885
6886
6887
6888
6889
6890
6891
6892
6893
6894
6895
6896
6897
6898
6899
6900
6901
6902
6903
6904
6905
6906
6907
6908
6909
6910
6911
6912
6913
6914
6915
6916
6917
6918
6919
6920
6921
6922
6923
6924
6925
6926
6927
6928
6929
6930
6931
6932
6933
6934
6935
6936
6937
6938
6939
6940
6941
6942
6943
6944
6945
6946
6947
6948
6949
6950
6951
6952
6953
6954
6955
6956
6957
6958
6959
6960
6961
6962
6963
6964
6965
6966
6967
6968
6969
6970
6971
6972
6973
6974
6975
6976
6977
6978
6979
6980
6981
6982
6983
6984
6985
6986
6987
6988
6989
6990
6991
6992
6993
6994
6995
6996
6997
6998
6999
7000
7001
7002
7003
7004
7005
7006
7007
7008
7009
7010
7011
7012
7013
7014
7015
7016
7017
7018
7019
7020
7021
7022
7023
7024
7025
7026
7027
7028
7029
7030
7031
7032
7033
7034
7035
7036
7037
7038
7039
7040
7041
7042
7043
7044
7045
7046
7047
7048
7049
7050
7051
7052
7053
7054
7055
7056
7057
7058
7059
7060
7061
7062
7063
7064
7065
7066
7067
7068
7069
7070
7071
7072
7073
7074
7075
7076
7077
7078
7079
7080
7081
7082
7083
7084
7085
7086
7087
7088
7089
7090
7091
7092
7093
7094
7095
7096
7097
7098
7099
7100
7101
7102
7103
7104
7105
7106
7107
7108
7109
7110
7111
7112
7113
7114
7115
7116
7117
7118
7119
7120
7121
7122
7123
7124
7125
7126
7127
7128
7129
7130
7131
7132
7133
7134
7135
7136
7137
7138
7139
7140
7141
7142
7143
7144
7145
7146
7147
7148
7149
7150
7151
7152
7153
7154
7155
7156
7157
7158
7159
7160
7161
7162
7163
7164
7165
7166
7167
7168
7169
7170
7171
7172
7173
7174
7175
7176
7177
7178
7179
7180
7181
7182
7183
7184
7185
7186
7187
7188
7189
7190
7191
7192
7193
7194
7195
7196
7197
7198
7199
7200
7201
7202
7203
7204
7205
7206
7207
7208
7209
7210
7211
7212
7213
7214
7215
7216
7217
7218
7219
7220
7221
7222
7223
7224
7225
7226
7227
7228
7229
7230
7231
7232
7233
7234
7235
7236
7237
7238
7239
7240
7241
7242
7243
7244
7245
7246
7247
7248
7249
7250
7251
7252
7253
7254
7255
7256
7257
7258
7259
7260
7261
7262
7263
7264
7265
7266
7267
7268
7269
7270
7271
7272
7273
7274
7275
7276
7277
7278
7279
7280
7281
7282
7283
7284
7285
7286
7287
7288
7289
7290
7291
7292
7293
7294
7295
7296
7297
7298
7299
7300
7301
7302
7303
7304
7305
7306
7307
7308
7309
7310
7311
7312
7313
7314
7315
7316
7317
7318
7319
7320
7321
7322
7323
7324
7325
7326
7327
7328
7329
7330
7331
7332
7333
7334
7335
7336
7337
7338
7339
7340
7341
7342
7343
7344
7345
7346
7347
7348
7349
7350
7351
7352
7353
7354
7355
7356
7357
7358
7359
7360
7361
7362
7363
7364
7365
7366
7367
7368
7369
7370
7371
7372
7373
7374
7375
7376
7377
7378
7379
7380
7381
7382
7383
7384
7385
7386
7387
7388
7389
7390
7391
7392
7393
7394
7395
7396
7397
7398
7399
7400
7401
7402
7403
7404
7405
7406
7407
7408
7409
7410
7411
7412
7413
7414
7415
7416
7417
7418
7419
7420
7421
7422
7423
7424
7425
7426
7427
7428
7429
7430
7431
7432
7433
7434
7435
7436
7437
7438
7439
7440
7441
7442
7443
7444
7445
7446
7447
7448
7449
7450
7451
7452
7453
7454
7455
7456
7457
7458
7459
7460
7461
7462
7463
7464
7465
7466
7467
7468
7469
7470
7471
7472
7473
7474
7475
7476
7477
7478
7479
7480
7481
7482
7483
7484
7485
7486
7487
7488
7489
7490
7491
7492
7493
7494
7495
7496
7497
7498
7499
7500
7501
7502
7503
7504
7505
7506
7507
7508
7509
7510
7511
7512
7513
7514
7515
7516
7517
7518
7519
7520
7521
7522
7523
7524
7525
7526
7527
7528
7529
7530
7531
7532
7533
7534
7535
7536
7537
7538
7539
7540
7541
7542
7543
7544
7545
7546
7547
7548
7549
7550
7551
7552
7553
7554
7555
7556
7557
7558
7559
7560
7561
7562
7563
7564
7565
7566
7567
7568
7569
7570
7571
7572
7573
7574
7575
7576
7577
7578
7579
7580
7581
7582
7583
7584
7585
7586
7587
7588
7589
7590
7591
7592
7593
7594
7595
7596
7597
7598
7599
7600
7601
7602
7603
7604
7605
7606
7607
7608
7609
7610
7611
7612
7613
7614
7615
7616
7617
7618
7619
7620
7621
7622
7623
7624
7625
7626
7627
7628
7629
7630
7631
7632
7633
7634
7635
7636
7637
7638
7639
7640
7641
7642
7643
7644
7645
7646
7647
7648
7649
7650
7651
7652
7653
7654
7655
7656
7657
7658
7659
7660
7661
7662
7663
7664
7665
7666
7667
7668
7669
7670
7671
7672
7673
7674
7675
7676
7677
7678
7679
7680
7681
7682
7683
7684
7685
7686
7687
7688
7689
7690
7691
7692
7693
7694
7695
7696
7697
7698
7699
7700
7701
7702
7703
7704
7705
7706
7707
7708
7709
7710
7711
7712
7713
7714
7715
7716
7717
7718
7719
7720
7721
7722
0.95 0.55 0.05
0.95 0.55 0.1
0.95 0.55 0.15
0.95 0.55 0.2
0.95 0.55 0.25
0.95 0.55 0.3
0.95 0.55 0.35
0.95 0.55 0.4
0.95 0.55 0.45
0.95 0.55 0.5
0.95 0.55 0.55
0.95 0.55 0.6
0.95 0.55 0.65
0.95 0.55 0.7
0.95 0.55 0.75
0.95 0.55 0.8
0.95 0.55 0.85
0.95 0.55 0.9
0.95 0.55 0.95
0.95 0.6 0.05
0.95 0.6 0.1
0.95 0.6 0.15
0.95 0.6 0.2
0.95 0.6 0.25
0.95 0.6 0.3
0.95 0.6 0.35
0.95 0.6 0.4
0.95 0.6 0.45
0.95 0.6 0.5
0.95 0.6 0.55
0.95 0.6 0.6
0.95 0.6 0.65
0.95 0.6 0.7
0.95 0.6 0.75
0.95 0.6 0.8
0.95 0.6 0.85
0.95 0.6 0.9
0.95 0.6 0.95
0.95 0.6499999999999999 0.05
0.95 0.6499999999999999 0.1
0.95 0.6499999999999999 0.15
0.95 0.6499999999999999 0.2
0.95 0.6499999999999999 0.25
0.95 0.6499999999999999 0.3
0.95 0.6499999999999999 0.35
0.95 0.6499999999999999 0.4
0.95 0.6499999999999999 0.45
0.95 0.6499999999999999 0.5
0.95 0.6499999999999999 0.55
0.95 0.6499999999999999 0.6
0.95 0.6499999999999999 0.65
0.95 0.6499999999999999 0.7
0.95 0.6499999999999999 0.75
0.95 0.6499999999999999 0.8
0.95 0.6499999999999999 0.85
0.95 0.6499999999999999 0.9
0.95 0.6499999999999999 0.95
0.95 0.7 0.05
0.95 0.7 0.1
0.95 0.7 0.15
0.95 0.7 0.2
0.95 0.7 0.25
0.95 0.7 0.3
0.95 0.7 0.35
0.95 0.7 0.4
0.95 0.7 0.45
0.95 0.7 0.5
0.95 0.7 0.55
0.95 0.7 0.6
0.95 0.7 0.65
0.95 0.7 0.7
0.95 0.7 0.75
0.95 0.7 0.8
0.95 0.7 0.85
0.95 0.7 0.9
0.95 0.7 0.95
0.95 0.75 0.05
0.95 0.75 0.1
0.95 0.75 0.15
0.95 0.75 0.2
0.95 0.75 0.25
0.95 0.75 0.3
0.95 0.75 0.35
0.95 0.75 0.4
0.95 0.75 0.45
0.95 0.75 0.5
0.95 0.75 0.55
0.95 0.75 0.6
0.95 0.75 0.65
0.95 0.75 0.7
0.95 0.75 0.75
0.95 0.75 0.8
0.95 0.75 0.85
0.95 0.75 0.9
0.95 0.75 0.95
0.95 0.8 0.05
0.95 0.8 0.1
0.95 0.8 0.15
0.95 0.8 0.2
0.95 0.8 0.25
0.95 0.8 0.3
0.95 0.8 0.35
0.95 0.8 0.4
0.95 0.8 0.45
0.95 0.8 0.5
0.95 0.8 0.55
0.95 0.8 0.6
0.95 0.8 0.65
0.95 0.8 0.7
0.95 0.8 0.75
0.95 0.8 0.8
0.95 0.8 0.85
0.95 0.8 0.9
0.95 0.8 0.95
0.95 0.8500000000000001 0.05
0.95 0.8500000000000001 0.1
0.95 0.8500000000000001 0.15
0.95 0.8500000000000001 0.2
0.95 0.8500000000000001 0.25
0.95 0.8500000000000001 0.3
0.95 0.8500000000000001 0.35
0.95 0.8500000000000001 0.4
0.95 0.8500000000000001 0.45
0.95 0.8500000000000001 0.5
0.95 0.8500000000000001 0.55
0.95 0.8500000000000001 0.6
0.95 0.8500000000000001 0.65
0.95 0.8500000000000001 0.7
0.95 0.8500000000000001 0.75
0.95 0.8500000000000001 0.8
0.95 0.8500000000000001 0.85
0.95 0.8500000000000001 0.9
0.95 0.8500000000000001 0.95
0.95 0.9 0.05
0.95 0.9 0.1
0.95 0.9 0.15
0.95 0.9 0.2
0.95 0.9 0.25
0.95 0.9 0.3
0.95 0.9 0.35
0.95 0.9 0.4
0.95 0.9 0.45
0.95 0.9 0.5
0.95 0.9 0.55
0.95 0.9 0.6
0.95 0.9 0.65
0.95 0.9 0.7
0.95 0.9 0.75
0.95 0.9 0.8
0.95 0.9 0.85
0.95 0.9 0.9
0.95 0.9 0.95
0.95 0.95 0.05
0.95 0.95 0.1
0.95 0.95 0.15
0.95 0.95 0.2
0.95 0.95 0.25
0.95 0.95 0.3
0.95 0.95 0.35
0.95 0.95 0.4
0.95 0.95 0.45
0.95 0.95 0.5
0.95 0.95 0.55
0.95 0.95 0.6
0.95 0.95 0.65
0.95 0.95 0.7
0.95 0.95 0.75
0.95 0.95 0.8
0.95 0.95 0.85
0.95 0.95 0.9
0.95 0.95 0.95
0.9 0.55 0.05
0.9 0.55 0.1
0.9 0.55 0.15
0.9 0.55 0.2
0.9 0.55 0.25
0.9 0.55 0.3
0.9 0.55 0.35
0.9 0.55 0.4
0.9 0.55 0.45
0.9 0.55 0.5
0.9 0.55 0.55
0.9 0.55 0.6
0.9 0.55 0.65
0.9 0.55 0.7
0.9 0.55 0.75
0.9 0.55 0.8
0.9 0.55 0.85
0.9 0.55 0.9
0.9 0.55 0.95
0.8999999999999999 0.6 0.05
0.8999999999999999 0.6 0.1
0.8999999999999999 0.6 0.15
0.8999999999999999 0.6 0.2
0.8999999999999999 0.6 0.25
0.8999999999999999 0.6 0.3
0.8999999999999999 0.6 0.35
0.8999999999999999 0.6 0.4
0.8999999999999999 0.6 0.45
0.8999999999999999 0.6 0.5
0.8999999999999999 0.6 0.55
0.8999999999999999 0.6 0.6
0.8999999999999999 0.6 0.65
0.8999999999999999 0.6 0.7
0.8999999999999999 0.6 0.75
0.8999999999999999 0.6 0.8
0.8999999999999999 0.6 0.85
0.8999999999999999 0.6 0.9
0.8999999999999999 0.6 0.95
0.9000000000000002 0.6499999999999998 0.05
0.9000000000000002 0.6499999999999998 0.1
0.9000000000000002 0.6499999999999998 0.15
0.9000000000000002 0.6499999999999998 0.2
0.9000000000000002 0.6499999999999998 0.25
0.9000000000000002 0.6499999999999998 0.3
0.9000000000000002 0.6499999999999998 0.35
0.9000000000000002 0.6499999999999998 0.4
0.9000000000000002 0.6499999999999998 0.45
0.9000000000000002 0.6499999999999998 0.5
0.9000000000000002 0.6499999999999998 0.55
0.9000000000000002 0.6499999999999998 0.6
0.9000000000000002 0.6499999999999998 0.65
0.9000000000000002 0.6499999999999998 0.7
0.9000000000000002 0.6499999999999998 0.75
0.9000000000000002 0.6499999999999998 0.8
0.9000000000000002 0.6499999999999998 0.85
0.9000000000000002 0.6499999999999998 0.9
0.9000000000000002 0.6499999999999998 0.95
0.9 0.7 0.05
0.9 0.7 0.1
0.9 0.7 0.15
0.9 0.7 0.2
0.9 0.7 0.25
0.9 0.7 0.3
0.9 0.7 0.35
0.9 0.7 0.4
0.9 0.7 0.45
0.9 0.7 0.5
0.9 0.7 0.55
0.9 0.7 0.6
0.9 0.7 0.65
0.9 0.7 0.7
0.9 0.7 0.75
0.9 0.7 0.8
0.9 0.7 0.85
0.9 0.7 0.9
0.9 0.7 0.95
0.9 0.75 0.05
0.9 0.75 0.1
0.9 0.75 0.15
0.9 0.75 0.2
0.9 0.75 0.25
0.9 0.75 0.3
0.9 0.75 0.35
0.9 0.75 0.4
0.9 0.75 0.45
0.9 0.75 0.5
0.9 0.75 0.55
0.9 0.75 0.6
0.9 0.75 0.65
0.9 0.75 0.7
0.9 0.75 0.75
0.9 0.75 0.8
0.9 0.75 0.85
0.9 0.75 0.9
0.9 0.75 0.95
0.9000000000000002 0.8 0.05
0.9000000000000002 0.8 0.1
0.9000000000000002 0.8 0.15
0.9000000000000002 0.8 0.2
0.9000000000000002 0.8 0.25
0.9000000000000002 0.8 0.3
0.9000000000000002 0.8 0.35
0.9000000000000002 0.8 0.4
0.9000000000000002 0.8 0.45
0.9000000000000002 0.8 0.5
0.9000000000000002 0.8 0.55
0.9000000000000002 0.8 0.6
0.9000000000000002 0.8 0.65
0.9000000000000002 0.8 0.7
0.9000000000000002 0.8 0.75
0.9000000000000002 0.8 0.8
0.9000000000000002 0.8 0.85
0.9000000000000002 0.8 0.9
0.9000000000000002 0.8 0.95
0.9 0.8500000000000002 0.05
0.9 0.8500000000000002 0.1
0.9 0.8500000000000002 0.15
0.9 0.8500000000000002 0.2
0.9 0.8500000000000002 0.25
0.9 0.8500000000000002 0.3
0.9 0.8500000000000002 0.35
0.9 0.8500000000000002 0.4
0.9 0.8500000000000002 0.45
0.9 0.8500000000000002 0.5
0.9 0.8500000000000002 0.55
0.9 0.8500000000000002 0.6
0.9 0.8500000000000002 0.65
0.9 0.8500000000000002 0.7
0.9 0.8500000000000002 0.75
0.9 0.8500000000000002 0.8
0.9 0.8500000000000002 0.85
0.9 0.8500000000000002 0.9
0.9 0.8500000000000002 0.95
0.9000000000000001 0.8999999999999999 0.05
0.9000000000000001 0.8999999999999999 0.1
0.9000000000000001 0.8999999999999999 0.15
0.9000000000000001 0.8999999999999999 0.2
0.9000000000000001 0.8999999999999999 0.25
0.9000000000000001 0.8999999999999999 0.3
0.9000000000000001 0.8999999999999999 0.35
0.9000000000000001 0.8999999999999999 0.4
0.9000000000000001 0.8999999999999999 0.45
0.9000000000000001 0.8999999999999999 0.5
0.9000000000000001 0.8999999999999999 0.55
0.9000000000000001 0.8999999999999999 0.6
0.9000000000000001 0.8999999999999999 0.65
0.9000000000000001 0.8999999999999999 0.7
0.9000000000000001 0.8999999999999999 0.75
0.9000000000000001 0.8999999999999999 0.8
0.9000000000000001 0.8999999999999999 0.85
0.9000000000000001 0.8999999999999999 0.9
0.9000000000000001 0.8999999999999999 0.95
0.9 0.95 0.05
0.9 0.95 0.1
0.9 0.95 0.15
0.9 0.95 0.2
0.9 0.95 0.25
0.9 0.95 0.3
0.9 0.95 0.35
0.9 0.95 0.4
0.9 0.95 0.45
0.9 0.95 0.5
0.9 0.95 0.55
0.9 0.95 0.6
0.9 0.95 0.65
0.9 0.95 0.7
0.9 0.95 0.75
0.9 0.95 0.8
0.9 0.95 0.85
0.9 0.95 0.9
0.9 0.95 0.95
0.8499999999999998 0.55 0.05
0.8499999999999998 0.55 0.1
0.8499999999999998 0.55 0.15
0.8499999999999998 0.55 0.2
0.8499999999999998 0.55 0.25
0.8499999999999998 0.55 0.3
0.8499999999999998 0.55 0.35
0.8499999999999998 0.55 0.4
0.8499999999999998 0.55 0.45
0.8499999999999998 0.55 0.5
0.8499999999999998 0.55 0.55
0.8499999999999998 0.55 0.6
0.8499999999999998 0.55 0.65
0.8499999999999998 0.55 0.7
0.8499999999999998 0.55 0.75
0.8499999999999998 0.55 0.8
0.8499999999999998 0.55 0.85
0.8499999999999998 0.55 0.9
0.8499999999999998 0.55 0.95
0.8500000000000001 0.6 0.05
0.8500000000000001 0.6 0.1
0.8500000000000001 0.6 0.15
0.8500000000000001 0.6 0.2
0.8500000000000001 0.6 0.25
0.8500000000000001 0.6 0.3
0.8500000000000001 0.6 0.35
0.8500000000000001 0.6 0.4
0.8500000000000001 0.6 0.45
0.8500000000000001 0.6 0.5
0.8500000000000001 0.6 0.55
0.8500000000000001 0.6 0.6
0.8500000000000001 0.6 0.65
0.8500000000000001 0.6 0.7
0.8500000000000001 0.6 0.75
0.8500000000000001 0.6 0.8
0.8500000000000001 0.6 0.85
0.8500000000000001 0.6 0.9
0.8500000000000001 0.6 0.95
0.85 0.6499999999999998 0.05
0.85 0.6499999999999998 0.1
0.85 0.6499999999999998 0.15
0.85 0.6499999999999998 0.2
0.85 0.6499999999999998 0.25
0.85 0.6499999999999998 0.3
0.85 0.6499999999999998 0.35
0.85 0.6499999999999998 0.4
0.85 0.6499999999999998 0.45
0.85 0.6499999999999998 0.5
0.85 0.6499999999999998 0.55
0.85 0.6499999999999998 0.6
0.85 0.6499999999999998 0.65
0.85 0.6499999999999998 0.7
0.85 0.6499999999999998 0.75
0.85 0.6499999999999998 0.8
0.85 0.6499999999999998 0.85
0.85 0.6499999999999998 0.9
0.85 0.6499999999999998 0.95
0.8499999999999998 0.7 0.05
0.8499999999999998 0.7 0.1
0.8499999999999998 0.7 0.15
0.8499999999999998 0.7 0.2
0.8499999999999998 0.7 0.25
0.8499999999999998 0.7 0.3
0.8499999999999998 0.7 0.35
0.8499999999999998 0.7 0.4
0.8499999999999998 0.7 0.45
0.8499999999999998 0.7 0.5
0.8499999999999998 0.7 0.55
0.8499999999999998 0.7 0.6
0.8499999999999998 0.7 0.65
0.8499999999999998 0.7 0.7
0.8499999999999998 0.7 0.75
0.8499999999999998 0.7 0.8
0.8499999999999998 0.7 0.85
0.8499999999999998 0.7 0.9
0.8499999999999998 0.7 0.95
0.85 0.75 0.05
0.85 0.75 0.1
0.85 0.75 0.15
0.85 0.75 0.2
0.85 0.75 0.25
0.85 0.75 0.3
0.85 0.75 0.35
0.85 0.75 0.4
0.85 0.75 0.45
0.85 0.75 0.5
0.85 0.75 0.55
0.85 0.75 0.6
0.85 0.75 0.65
0.85 0.75 0.7
0.85 0.75 0.75
0.85 0.75 0.8
0.85 0.75 0.85
0.85 0.75 0.9
0.85 0.75 0.95
0.85 0.8 0.05
0.85 0.8 0.1
0.85 0.8 0.15
0.85 0.8 0.2
0.85 0.8 0.25
0.85 0.8 0.3
0.85 0.8 0.35
0.85 0.8 0.4
0.85 0.8 0.45
0.85 0.8 0.5
0.85 0.8 0.55
0.85 0.8 0.6
0.85 0.8 0.65
0.85 0.8 0.7
0.85 0.8 0.75
0.85 0.8 0.8
0.85 0.8 0.85
0.85 0.8 0.9
0.85 0.8 0.95
0.8500000000000002 0.8500000000000002 0.05
0.8500000000000002 0.8500000000000002 0.1
0.8500000000000002 0.8500000000000002 0.15
0.8500000000000002 0.8500000000000002 0.2
0.8500000000000002 0.8500000000000002 0.25
0.8500000000000002 0.8500000000000002 0.3
0.8500000000000002 0.8500000000000002 0.35
0.8500000000000002 0.8500000000000002 0.4
0.8500000000000002 0.8500000000000002 0.45
0.8500000000000002 0.8500000000000002 0.5
0.8500000000000002 0.8500000000000002 0.55
0.8500000000000002 0.8500000000000002 0.6
0.8500000000000002 0.8500000000000002 0.65
0.8500000000000002 0.8500000000000002 0.7
0.8500000000000002 0.8500000000000002 0.75
0.8500000000000002 0.8500000000000002 0.8
0.8500000000000002 0.8500000000000002 0.85
0.8500000000000002 0.8500000000000002 0.9
0.8500000000000002 0.8500000000000002 0.95
0.8500000000000003 0.9000000000000001 0.05
0.8500000000000003 0.9000000000000001 0.1
0.8500000000000003 0.9000000000000001 0.15
0.8500000000000003 0.9000000000000001 0.2
0.8500000000000003 0.9000000000000001 0.25
0.8500000000000003 0.9000000000000001 0.3
0.8500000000000003 0.9000000000000001 0.35
0.8500000000000003 0.9000000000000001 0.4
0.8500000000000003 0.9000000000000001 0.45
0.8500000000000003 0.9000000000000001 0.5
0.8500000000000003 0.9000000000000001 0.55
0.8500000000000003 0.9000000000000001 0.6
0.8500000000000003 0.9000000000000001 0.65
0.8500000000000003 0.9000000000000001 0.7
0.8500000000000003 0.9000000000000001 0.75
0.8500000000000003 0.9000000000000001 0.8
0.8500000000000003 0.9000000000000001 0.85
0.8500000000000003 0.9000000000000001 0.9
0.8500000000000003 0.9000000000000001 0.95
0.85 0.95 0.05
0.85 0.95 0.1
0.85 0.95 0.15
0.85 0.95 0.2
0.85 0.95 0.25
0.85 0.95 0.3
0.85 0.95 0.35
0.85 0.95 0.4
0.85 0.95 0.45
0.85 0.95 0.5
0.85 0.95 0.55
0.85 0.95 0.6
0.85 0.95 0.65
0.85 0.95 0.7
0.85 0.95 0.75
0.85 0.95 0.8
0.85 0.95 0.85
0.85 0.95 0.9
0.85 0.95 0.95
0.8 0.55 0.05
0.8 0.55 0.1
0.8 0.55 0.15
0.8 0.55 0.2
0.8 0.55 0.25
0.8 0.55 0.3
0.8 0.55 0.35
0.8 0.55 0.4
0.8 0.55 0.45
0.8 0.55 0.5
0.8 0.55 0.55
0.8 0.55 0.6
0.8 0.55 0.65
0.8 0.55 0.7
0.8 0.55 0.75
0.8 0.55 0.8
0.8 0.55 0.85
0.8 0.55 0.9
0.8 0.55 0.95
0.7999999999999999 0.6 0.05
0.7999999999999999 0.6 0.1
0.7999999999999999 0.6 0.15
0.7999999999999999 0.6 0.2
0.7999999999999999 0.6 0.25
0.7999999999999999 0.6 0.3
0.7999999999999999 0.6 0.35
0.7999999999999999 0.6 0.4
0.7999999999999999 0.6 0.45
0.7999999999999999 0.6 0.5
0.7999999999999999 0.6 0.55
0.7999999999999999 0.6 0.6
0.7999999999999999 0.6 0.65
0.7999999999999999 0.6 0.7
0.7999999999999999 0.6 0.75
0.7999999999999999 0.6 0.8
0.7999999999999999 0.6 0.85
0.7999999999999999 0.6 0.9
0.7999999999999999 0.6 0.95
0.8 0.6499999999999999 0.05
0.8 0.6499999999999999 0.1
0.8 0.6499999999999999 0.15
0.8 0.6499999999999999 0.2
0.8 0.6499999999999999 0.25
0.8 0.6499999999999999 0.3
0.8 0.6499999999999999 0.35
0.8 0.6499999999999999 0.4
0.8 0.6499999999999999 0.45
0.8 0.6499999999999999 0.5
0.8 0.6499999999999999 0.55
0.8 0.6499999999999999 0.6
0.8 0.6499999999999999 0.65
0.8 0.6499999999999999 0.7
0.8 0.6499999999999999 0.75
0.8 0.6499999999999999 0.8
0.8 0.6499999999999999 0.85
0.8 0.6499999999999999 0.9
0.8 0.6499999999999999 0.95
0.8 0.7 0.05
0.8 0.7 0.1
0.8 0.7 0.15
0.8 0.7 0.2
0.8 0.7 0.25
0.8 0.7 0.3
0.8 0.7 0.35
0.8 0.7 0.4
0.8 0.7 0.45
0.8 0.7 0.5
0.8 0.7 0.55
0.8 0.7 0.6
0.8 0.7 0.65
0.8 0.7 0.7
0.8 0.7 0.75
0.8 0.7 0.8
0.8 0.7 0.85
0.8 0.7 0.9
0.8 0.7 0.95
0.8 0.75 0.05
0.8 0.75 0.1
0.8 0.75 0.15
0.8 0.75 0.2
0.8 0.75 0.25
0.8 0.75 0.3
0.8 0.75 0.35
0.8 0.75 0.4
0.8 0.75 0.45
0.8 0.75 0.5
0.8 0.75 0.55
0.8 0.75 0.6
0.8 0.75 0.65
0.8 0.75 0.7
0.8 0.75 0.75
0.8 0.75 0.8
0.8 0.75 0.85
0.8 0.75 0.9
0.8 0.75 0.95
0.8 0.8 0.05
0.8 0.8 0.1
0.8 0.8 0.15
0.8 0.8 0.2
0.8 0.8 0.25
0.8 0.8 0.3
0.8 0.8 0.35
0.8 0.8 0.4
0.8 0.8 0.45
0.8 0.8 0.5
0.8 0.8 0.55
0.8 0.8 0.6
0.8 0.8 0.65
0.8 0.8 0.7
0.8 0.8 0.75
0.8 0.8 0.8
0.8 0.8 0.85
0.8 0.8 0.9
0.8 0.8 0.95
0.8 0.8500000000000001 0.05
0.8 0.8500000000000001 0.1
0.8 0.8500000000000001 0.15
0.8 0.8500000000000001 0.2
0.8 0.8500000000000001 0.25
0.8 0.8500000000000001 0.3
0.8 0.8500000000000001 0.35
0.8 0.8500000000000001 0.4
0.8 0.8500000000000001 0.45
0.8 0.8500000000000001 0.5
0.8 0.8500000000000001 0.55
0.8 0.8500000000000001 0.6
0.8 0.8500000000000001 0.65
0.8 0.8500000000000001 0.7
0.8 0.8500000000000001 0.75
0.8 0.8500000000000001 0.8
0.8 0.8500000000000001 0.85
0.8 0.8500000000000001 0.9
0.8 0.8500000000000001 0.95
0.8 0.9 0.05
0.8 0.9 0.1
0.8 0.9 0.15
0.8 0.9 0.2
0.8 0.9 0.25
0.8 0.9 0.3
0.8 0.9 0.35
0.8 0.9 0.4
0.8 0.9 0.45
0.8 0.9 0.5
0.8 0.9 0.55
0.8 0.9 0.6
0.8 0.9 0.65
0.8 0.9 0.7
0.8 0.9 0.75
0.8 0.9 0.8
0.8 0.9 0.85
0.8 0.9 0.9
0.8 0.9 0.95
0.8 0.95 0.05
0.8 0.95 0.1
0.8 0.95 0.15
0.8 0.95 0.2
0.8 0.95 0.25
0.8 0.95 0.3
0.8 0.95 0.35
0.8 0.95 0.4
0.8 0.95 0.45
0.8 0.95 0.5
0.8 0.95 0.55
0.8 0.95 0.6
0.8 0.95 0.65
0.8 0.95 0.7
0.8 0.95 0.75
0.8 0.95 0.8
0.8 0.95 0.85
0.8 0.95 0.9
0.8 0.95 0.95
0.75 0.55 0.05
0.75 0.55 0.1
0.75 0.55 0.15
0.75 0.55 0.2
0.75 0.55 0.25
0.75 0.55 0.3
0.75 0.55 0.35
0.75 0.55 0.4
0.75 0.55 0.45
0.75 0.55 0.5
0.75 0.55 0.55
0.75 0.55 0.6
0.75 0.55 0.65
0.75 0.55 0.7
0.75 0.55 0.75
0.75 0.55 0.8
0.75 0.55 0.85
0.75 0.55 0.9
0.75 0.55 0.95
0.7499999999999999 0.6 0.05
0.7499999999999999 0.6 0.1
0.7499999999999999 0.6 0.15
0.7499999999999999 0.6 0.2
0.7499999999999999 0.6 0.25
0.7499999999999999 0.6 0.3
0.7499999999999999 0.6 0.35
0.7499999999999999 0.6 0.4
0.7499999999999999 0.6 0.45
0.7499999999999999 0.6 0.5
0.7499999999999999 0.6 0.55
0.7499999999999999 0.6 0.6
0.7499999999999999 0.6 0.65
0.7499999999999999 0.6 0.7
0.7499999999999999 0.6 0.75
0.7499999999999999 0.6 0.8
0.7499999999999999 0.6 0.85
0.7499999999999999 0.6 0.9
0.7499999999999999 0.6 0.95
0.7499999999999998 0.6499999999999999 0.05
0.7499999999999998 0.6499999999999999 0.1
0.7499999999999998 0.6499999999999999 0.15
0.7499999999999998 0.6499999999999999 0.2
0.7499999999999998 0.6499999999999999 0.25
0.7499999999999998 0.6499999999999999 0.3
0.7499999999999998 0.6499999999999999 0.35
0.7499999999999998 0.6499999999999999 0.4
0.7499999999999998 0.6499999999999999 0.45
0.7499999999999998 0.6499999999999999 0.5
0.7499999999999998 0.6499999999999999 0.55
0.7499999999999998 0.6499999999999999 0.6
0.7499999999999998 0.6499999999999999 0.65
0.7499999999999998 0.6499999999999999 0.7
0.7499999999999998 0.6499999999999999 0.75
0.7499999999999998 0.6499999999999999 0.8
0.7499999999999998 0.6499999999999999 0.85
0.7499999999999998 0.6499999999999999 0.9
0.7499999999999998 0.6499999999999999 0.95
0.75 0.7 0.05
0.75 0.7 0.1
0.75 0.7 0.15
0.75 0.7 0.2
0.75 0.7 0.25
0.75 0.7 0.3
0.75 0.7 0.35
0.75 0.7 0.4
0.75 0.7 0.45
0.75 0.7 0.5
0.75 0.7 0.55
0.75 0.7 0.6
0.75 0.7 0.65
0.75 0.7 0.7
0.75 0.7 0.75
0.75 0.7 0.8
0.75 0.7 0.85
0.75 0.7 0.9
0.75 0.7 0.95
0.75 0.75 0.05
0.75 0.75 0.1
0.75 0.75 0.15
0.75 0.75 0.2
0.75 0.75 0.25
0.75 0.75 0.3
0.75 0.75 0.35
0.75 0.75 0.4
0.75 0.75 0.45
0.75 0.75 0.5
0.75 0.75 0.55
0.75 0.75 0.6
0.75 0.75 0.65
0.75 0.75 0.7
0.75 0.75 0.75
0.75 0.75 0.8
0.75 0.75 0.85
0.75 0.75 0.9
0.75 0.75 0.95
0.75 0.8 0.05
0.75 0.8 0.1
0.75 0.8 0.15
0.75 0.8 0.2
0.75 0.8 0.25
0.75 0.8 0.3
0.75 0.8 0.35
0.75 0.8 0.4
0.75 0.8 0.45
0.75 0.8 0.5
0.75 0.8 0.55
0.75 0.8 0.6
0.75 0.8 0.65
0.75 0.8 0.7
0.75 0.8 0.75
0.75 0.8 0.8
0.75 0.8 0.85
0.75 0.8 0.9
0.75 0.8 0.95
0.75 0.8500000000000001 0.05
0.75 0.8500000000000001 0.1
0.75 0.8500000000000001 0.15
0.75 0.8500000000000001 0.2
0.75 0.8500000000000001 0.25
0.75 0.8500000000000001 0.3
0.75 0.8500000000000001 0.35
0.75 0.8500000000000001 0.4
0.75 0.8500000000000001 0.45
0.75 0.8500000000000001 0.5
0.75 0.8500000000000001 0.55
0.75 0.8500000000000001 0.6
0.75 0.8500000000000001 0.65
0.75 0.8500000000000001 0.7
0.75 0.8500000000000001 0.75
0.75 0.8500000000000001 0.8
0.75 0.8500000000000001 0.85
0.75 0.8500000000000001 0.9
0.75 0.8500000000000001 0.95
0.75 0.9 0.05
0.75 0.9 0.1
0.75 0.9 0.15
0.75 0.9 0.2
0.75 0.9 0.25
0.75 0.9 0.3
0.75 0.9 0.35
0.75 0.9 0.4
0.75 0.9 0.45
0.75 0.9 0.5
0.75 0.9 0.55
0.75 0.9 0.6
0.75 0.9 0.65
0.75 0.9 0.7
0.75 0.9 0.75
0.75 0.9 0.8
0.75 0.9 0.85
0.75 0.9 0.9
0.75 0.9 0.95
0.75 0.95 0.05
0.75 0.95 0.1
0.75 0.95 0.15
0.75 0.95 0.2
0.75 0.95 0.25
0.75 0.95 0.3
0.75 0.95 0.35
0.75 0.95 0.4
0.75 0.95 0.45
0.75 0.95 0.5
0.75 0.95 0.55
0.75 0.95 0.6
0.75 0.95 0.65
0.75 0.95 0.7
0.75 0.95 0.75
0.75 0.95 0.8
0.75 0.95 0.85
0.75 0.95 0.9
0.75 0.95 0.95
0.7 0.55 0.05
0.7 0.55 0.1
0.7 0.55 0.15
0.7 0.55 0.2
0.7 0.55 0.25
0.7 0.55 0.3
0.7 0.55 0.35
0.7 0.55 0.4
0.7 0.55 0.45
0.7 0.55 0.5
0.7 0.55 0.55
0.7 0.55 0.6
0.7 0.55 0.65
0.7 0.55 0.7
0.7 0.55 0.75
0.7 0.55 0.8
0.7 0.55 0.85
0.7 0.55 0.9
0.7 0.55 0.95
0.6999999999999996 0.6 0.05
0.6999999999999996 0.6 0.1
0.6999999999999996 0.6 0.15
0.6999999999999996 0.6 0.2
0.6999999999999996 0.6 0.25
0.6999999999999996 0.6 0.3
0.6999999999999996 0.6 0.35
0.6999999999999996 0.6 0.4
0.6999999999999996 0.6 0.45
0.6999999999999996 0.6 0.5
0.6999999999999996 0.6 0.55
0.6999999999999996 0.6 0.6
0.6999999999999996 0.6 0.65
0.6999999999999996 0.6 0.7
0.6999999999999996 0.6 0.75
0.6999999999999996 0.6 0.8
0.6999999999999996 0.6 0.85
0.6999999999999996 0.6 0.9
0.6999999999999996 0.6 0.95
0.7 0.6499999999999999 0.05
0.7 0.6499999999999999 0.1
0.7 0.6499999999999999 0.15
0.7 0.6499999999999999 0.2
0.7 0.6499999999999999 0.25
0.7 0.6499999999999999 0.3
0.7 0.6499999999999999 0.35
0.7 0.6499999999999999 0.4
0.7 0.6499999999999999 0.45
0.7 0.6499999999999999 0.5
0.7 0.6499999999999999 0.55
0.7 0.6499999999999999 0.6
0.7 0.6499999999999999 0.65
0.7 0.6499999999999999 0.7
0.7 0.6499999999999999 0.75
0.7 0.6499999999999999 0.8
0.7 0.6499999999999999 0.85
0.7 0.6499999999999999 0.9
0.7 0.6499999999999999 0.95
0.7 0.7 0.05
0.7 0.7 0.1
0.7 0.7 0.15
0.7 0.7 0.2
0.7 0.7 0.25
0.7 0.7 0.3
0.7 0.7 0.35
0.7 0.7 0.4
0.7 0.7 0.45
0.7 0.7 0.5
0.7 0.7 0.55
0.7 0.7 0.6
0.7 0.7 0.65
0.7 0.7 0.7
0.7 0.7 0.75
0.7 0.7 0.8
0.7 0.7 0.85
0.7 0.7 0.9
0.7 0.7 0.95
0.7 0.75 0.05
0.7 0.75 0.1
0.7 0.75 0.15
0.7 0.75 0.2
0.7 0.75 0.25
0.7 0.75 0.3
0.7 0.75 0.35
0.7 0.75 0.4
0.7 0.75 0.45
0.7 0.75 0.5
0.7 0.75 0.55
0.7 0.75 0.6
0.7 0.75 0.65
0.7 0.75 0.7
0.7 0.75 0.75
0.7 0.75 0.8
0.7 0.75 0.85
0.7 0.75 0.9
0.7 0.75 0.95
0.7 0.8 0.05
0.7 0.8 0.1
0.7 0.8 0.15
0.7 0.8 0.2
0.7 0.8 0.25
0.7 0.8 0.3
0.7 0.8 0.35
0.7 0.8 0.4
0.7 0.8 0.45
0.7 0.8 0.5
0.7 0.8 0.55
0.7 0.8 0.6
0.7 0.8 0.65
0.7 0.8 0.7
0.7 0.8 0.75
0.7 0.8 0.8
0.7 0.8 0.85
0.7 0.8 0.9
0.7 0.8 0.95
0.7 0.8500000000000001 0.05
0.7 0.8500000000000001 0.1
0.7 0.8500000000000001 0.15
0.7 0.8500000000000001 0.2
0.7 0.8500000000000001 0.25
0.7 0.8500000000000001 0.3
0.7 0.8500000000000001 0.35
0.7 0.8500000000000001 0.4
0.7 0.8500000000000001 0.45
0.7 0.8500000000000001 0.5
0.7 0.8500000000000001 0.55
0.7 0.8500000000000001 0.6
0.7 0.8500000000000001 0.65
0.7 0.8500000000000001 0.7
0.7 0.8500000000000001 0.75
0.7 0.8500000000000001 0.8
0.7 0.8500000000000001 0.85
0.7 0.8500000000000001 0.9
0.7 0.8500000000000001 0.95
0.7 0.9 0.05
0.7 0.9 0.1
0.7 0.9 0.15
0.7 0.9 0.2
0.7 0.9 0.25
0.7 0.9 0.3
0.7 0.9 0.35
0.7 0.9 0.4
0.7 0.9 0.45
0.7 0.9 0.5
0.7 0.9 0.55
0.7 0.9 0.6
0.7 0.9 0.65
0.7 0.9 0.7
0.7 0.9 0.75
0.7 0.9 0.8
0.7 0.9 0.85
0.7 0.9 0.9
0.7 0.9 0.95
0.7 0.95 0.05
0.7 0.95 0.1
0.7 0.95 0.15
0.7 0.95 0.2
0.7 0.95 0.25
0.7 0.95 0.3
0.7 0.95 0.35
0.7 0.95 0.4
0.7 0.95 0.45
0.7 0.95 0.5
0.7 0.95 0.55
0.7 0.95 0.6
0.7 0.95 0.65
0.7 0.95 0.7
0.7 0.95 0.75
0.7 0.95 0.8
0.7 0.95 0.85
0.7 0.95 0.9
0.7 0.95 0.95
0.6499999999999999 0.55 0.05
0.6499999999999999 0.55 0.1
0.6499999999999999 0.55 0.15
0.6499999999999999 0.55 0.2
0.6499999999999999 0.55 0.25
0.6499999999999999 0.55 0.3
0.6499999999999999 0.55 0.35
0.6499999999999999 0.55 0.4
0.6499999999999999 0.55 0.45
0.6499999999999999 0.55 0.5
0.6499999999999999 0.55 0.55
0.6499999999999999 0.55 0.6
0.6499999999999999 0.55 0.65
0.6499999999999999 0.55 0.7
0.6499999999999999 0.55 0.75
0.6499999999999999 0.55 0.8
0.6499999999999999 0.55 0.85
0.6499999999999999 0.55 0.9
0.6499999999999999 0.55 0.95
0.6499999999999998 0.6 0.05
0.6499999999999998 0.6 0.1
0.6499999999999998 0.6 0.15
0.6499999999999998 0.6 0.2
0.6499999999999998 0.6 0.25
0.6499999999999998 0.6 0.3
0.6499999999999998 0.6 0.35
0.6499999999999998 0.6 0.4
0.6499999999999998 0.6 0.45
0.6499999999999998 0.6 0.5
0.6499999999999998 0.6 0.55
0.6499999999999998 0.6 0.6
0.6499999999999998 0.6 0.65
0.6499999999999998 0.6 0.7
0.6499999999999998 0.6 0.75
0.6499999999999998 0.6 0.8
0.6499999999999998 0.6 0.85
0.6499999999999998 0.6 0.9
0.6499999999999998 0.6 0.95
0.6499999999999999 0.6499999999999998 0.05
0.6499999999999999 0.6499999999999998 0.1
0.6499999999999999 0.6499999999999998 0.15
0.6499999999999999 0.6499999999999998 0.2
0.6499999999999999 0.6499999999999998 0.25
0.6499999999999999 0.6499999999999998 0.3
0.6499999999999999 0.6499999999999998 0.35
0.6499999999999999 0.6499999999999998 0.4
0.6499999999999999 0.6499999999999998 0.45
0.6499999999999999 0.6499999999999998 0.5
0.6499999999999999 0.6499999999999998 0.55
0.6499999999999999 0.6499999999999998 0.6
0.6499999999999999 0.6499999999999998 0.65
0.6499999999999999 0.6499999999999998 0.7
0.6499999999999999 0.6499999999999998 0.75
0.6499999999999999 0.6499999999999998 0.8
0.6499999999999999 0.6499999999999998 0.85
0.6499999999999999 0.6499999999999998 0.9
0.6499999999999999 0.6499999999999998 0.95
0.6499999999999999 0.7 0.05
0.6499999999999999 0.7 0.1
0.6499999999999999 0.7 0.15
0.6499999999999999 0.7 0.2
0.6499999999999999 0.7 0.25
0.6499999999999999 0.7 0.3
0.6499999999999999 0.7 0.35
0.6499999999999999 0.7 0.4
0.6499999999999999 0.7 0.45
0.6499999999999999 0.7 0.5
0.6499999999999999 0.7 0.55
0.6499999999999999 0.7 0.6
0.6499999999999999 0.7 0.65
0.6499999999999999 0.7 0.7
0.6499999999999999 0.7 0.75
0.6499999999999999 0.7 0.8
0.6499999999999999 0.7 0.85
0.6499999999999999 0.7 0.9
0.6499999999999999 0.7 0.95
0.6499999999999999 0.75 0.05
0.6499999999999999 0.75 0.1
0.6499999999999999 0.75 0.15
0.6499999999999999 0.75 0.2
0.6499999999999999 0.75 0.25
0.6499999999999999 0.75 0.3
0.6499999999999999 0.75 0.35
0.6499999999999999 0.75 0.4
0.6499999999999999 0.75 0.45
0.6499999999999999 0.75 0.5
0.6499999999999999 0.75 0.55
0.6499999999999999 0.75 0.6
0.6499999999999999 0.75 0.65
0.6499999999999999 0.75 0.7
0.6499999999999999 0.75 0.75
0.6499999999999999 0.75 0.8
0.6499999999999999 0.75 0.85
0.6499999999999999 0.75 0.9
0.6499999999999999 0.75 0.95
0.6499999999999999 0.8 0.05
0.6499999999999999 0.8 0.1
0.6499999999999999 0.8 0.15
0.6499999999999999 0.8 0.2
0.6499999999999999 0.8 0.25
0.6499999999999999 0.8 0.3
0.6499999999999999 0.8 0.35
0.6499999999999999 0.8 0.4
0.6499999999999999 0.8 0.45
0.6499999999999999 0.8 0.5
0.6499999999999999 0.8 0.55
0.6499999999999999 0.8 0.6
0.6499999999999999 0.8 0.65
0.6499999999999999 0.8 0.7
0.6499999999999999 0.8 0.75
0.6499999999999999 0.8 0.8
0.6499999999999999 0.8 0.85
0.6499999999999999 0.8 0.9
0.6499999999999999 0.8 0.95
0.6499999999999999 0.8500000000000001 0.05
0.6499999999999999 0.8500000000000001 0.1
0.6499999999999999 0.8500000000000001 0.15
0.6499999999999999 0.8500000000000001 0.2
0.6499999999999999 0.8500000000000001 0.25
0.6499999999999999 0.8500000000000001 0.3
0.6499999999999999 0.8500000000000001 0.35
0.6499999999999999 0.8500000000000001 0.4
0.6499999999999999 0.8500000000000001 0.45
0.6499999999999999 0.8500000000000001 0.5
0.6499999999999999 0.8500000000000001 0.55
0.6499999999999999 0.8500000000000001 0.6
0.6499999999999999 0.8500000000000001 0.65
0.6499999999999999 0.8500000000000001 0.7
0.6499999999999999 0.8500000000000001 0.75
0.6499999999999999 0.8500000000000001 0.8
0.6499999999999999 0.8500000000000001 0.85
0.6499999999999999 0.8500000000000001 0.9
0.6499999999999999 0.8500000000000001 0.95
0.6499999999999999 0.9 0.05
0.6499999999999999 0.9 0.1
0.6499999999999999 0.9 0.15
0.6499999999999999 0.9 0.2
0.6499999999999999 0.9 0.25
0.6499999999999999 0.9 0.3
0.6499999999999999 0.9 0.35
0.6499999999999999 0.9 0.4
0.6499999999999999 0.9 0.45
0.6499999999999999 0.9 0.5
0.6499999999999999 0.9 0.55
0.6499999999999999 0.9 0.6
0.6499999999999999 0.9 0.65
0.6499999999999999 0.9 0.7
0.6499999999999999 0.9 0.75
0.6499999999999999 0.9 0.8
0.6499999999999999 0.9 0.85
0.6499999999999999 0.9 0.9
0.6499999999999999 0.9 0.95
0.6499999999999999 0.95 0.05
0.6499999999999999 0.95 0.1
0.6499999999999999 0.95 0.15
0.6499999999999999 0.95 0.2
0.6499999999999999 0.95 0.25
0.6499999999999999 0.95 0.3
0.6499999999999999 0.95 0.35
0.6499999999999999 0.95 0.4
0.6499999999999999 0.95 0.45
0.6499999999999999 0.95 0.5
0.6499999999999999 0.95 0.55
0.6499999999999999 0.95 0.6
0.6499999999999999 0.95 0.65
0.6499999999999999 0.95 0.7
0.6499999999999999 0.95 0.75
0.6499999999999999 0.95 0.8
0.6499999999999999 0.95 0.85
0.6499999999999999 0.95 0.9
0.6499999999999999 0.95 0.95
0.6 0.55 0.05
0.6 0.55 0.1
0.6 0.55 0.15
0.6 0.55 0.2
0.6 0.55 0.25
0.6 0.55 0.3
0.6 0.55 0.35
0.6 0.55 0.4
0.6 0.55 0.45
0.6 0.55 0.5
0.6 0.55 0.55
0.6 0.55 0.6
0.6 0.55 0.65
0.6 0.55 0.7
0.6 0.55 0.75
0.6 0.55 0.8
0.6 0.55 0.85
0.6 0.55 0.9
0.6 0.55 0.95
0.5999999999999999 0.5999999999999999 0.05
0.5999999999999999 0.5999999999999999 0.1
0.5999999999999999 0.5999999999999999 0.15
0.5999999999999999 0.5999999999999999 0.2
0.5999999999999999 0.5999999999999999 0.25
0.5999999999999999 0.5999999999999999 0.3
0.5999999999999999 0.5999999999999999 0.35
0.5999999999999999 0.5999999999999999 0.4
0.5999999999999999 0.5999999999999999 0.45
0.5999999999999999 0.5999999999999999 0.5
0.5999999999999999 0.5999999999999999 0.55
0.5999999999999999 0.5999999999999999 0.6
0.5999999999999999 0.5999999999999999 0.65
0.5999999999999999 0.5999999999999999 0.7
0.5999999999999999 0.5999999999999999 0.75
0.5999999999999999 0.5999999999999999 0.8
0.5999999999999999 0.5999999999999999 0.85
0.5999999999999999 0.5999999999999999 0.9
0.5999999999999999 0.5999999999999999 0.95
0.6 0.6499999999999999 0.05
0.6 0.6499999999999999 0.1
0.6 0.6499999999999999 0.15
0.6 0.6499999999999999 0.2
0.6 0.6499999999999999 0.25
0.6 0.6499999999999999 0.3
0.6 0.6499999999999999 0.35
0.6 0.6499999999999999 0.4
0.6 0.6499999999999999 0.45
0.6 0.6499999999999999 0.5
0.6 0.6499999999999999 0.55
0.6 0.6499999999999999 0.6
0.6 0.6499999999999999 0.65
0.6 0.6499999999999999 0.7
0.6 0.6499999999999999 0.75
0.6 0.6499999999999999 0.8
0.6 0.6499999999999999 0.85
0.6 0.6499999999999999 0.9
0.6 0.6499999999999999 0.95
0.6 0.7 0.05
0.6 0.7 0.1
0.6 0.7 0.15
0.6 0.7 0.2
0.6 0.7 0.25
0.6 0.7 0.3
0.6 0.7 0.35
0.6 0.7 0.4
0.6 0.7 0.45
0.6 0.7 0.5
0.6 0.7 0.55
0.6 0.7 0.6
0.6 0.7 0.65
0.6 0.7 0.7
0.6 0.7 0.75
0.6 0.7 0.8
0.6 0.7 0.85
0.6 0.7 0.9
0.6 0.7 0.95
0.6 0.75 0.05
0.6 0.75 0.1
0.6 0.75 0.15
0.6 0.75 0.2
0.6 0.75 0.25
0.6 0.75 0.3
0.6 0.75 0.35
0.6 0.75 0.4
0.6 0.75 0.45
0.6 0.75 0.5
0.6 0.75 0.55
0.6 0.75 0.6
0.6 0.75 0.65
0.6 0.75 0.7
0.6 0.75 0.75
0.6 0.75 0.8
0.6 0.75 0.85
0.6 0.75 0.9
0.6 0.75 0.95
0.6 0.8 0.05
0.6 0.8 0.1
0.6 0.8 0.15
0.6 0.8 0.2
0.6 0.8 0.25
0.6 0.8 0.3
0.6 0.8 0.35
0.6 0.8 0.4
0.6 0.8 0.45
0.6 0.8 0.5
0.6 0.8 0.55
0.6 0.8 0.6
0.6 0.8 0.65
0.6 0.8 0.7
0.6 0.8 0.75
0.6 0.8 0.8
0.6 0.8 0.85
0.6 0.8 0.9
0.6 0.8 0.95
0.6 0.8500000000000002 0.05
0.6 0.8500000000000002 0.1
0.6 0.8500000000000002 0.15
0.6 0.8500000000000002 0.2
0.6 0.8500000000000002 0.25
0.6 0.8500000000000002 0.3
0.6 0.8500000000000002 0.35
0.6 0.8500000000000002 0.4
0.6 0.8500000000000002 0.45
0.6 0.8500000000000002 0.5
0.6 0.8500000000000002 0.55
0.6 0.8500000000000002 0.6
0.6 0.8500000000000002 0.65
0.6 0.8500000000000002 0.7
0.6 0.8500000000000002 0.75
0.6 0.8500000000000002 0.8
0.6 0.8500000000000002 0.85
0.6 0.8500000000000002 0.9
0.6 0.8500000000000002 0.95
0.5999999999999999 0.8999999999999999 0.05
0.5999999999999999 0.8999999999999999 0.1
0.5999999999999999 0.8999999999999999 0.15
0.5999999999999999 0.8999999999999999 0.2
0.5999999999999999 0.8999999999999999 0.25
0.5999999999999999 0.8999999999999999 0.3
0.5999999999999999 0.8999999999999999 0.35
0.5999999999999999 0.8999999999999999 0.4
0.5999999999999999 0.8999999999999999 0.45
0.5999999999999999 0.8999999999999999 0.5
0.5999999999999999 0.8999999999999999 0.55
0.5999999999999999 0.8999999999999999 0.6
0.5999999999999999 0.8999999999999999 0.65
0.5999999999999999 0.8999999999999999 0.7
0.5999999999999999 0.8999999999999999 0.75
0.5999999999999999 0.8999999999999999 0.8
0.5999999999999999 0.8999999999999999 0.85
0.5999999999999999 0.8999999999999999 0.9
0.5999999999999999 0.8999999999999999 0.95
0.6 0.95 0.05
0.6 0.95 0.1
0.6 0.95 0.15
0.6 0.95 0.2
0.6 0.95 0.25
0.6 0.95 0.3
0.6 0.95 0.35
0.6 0.95 0.4
0.6 0.95 0.45
0.6 0.95 0.5
0.6 0.95 0.55
0.6 0.95 0.6
0.6 0.95 0.65
0.6 0.95 0.7
0.6 0.95 0.75
0.6 0.95 0.8
0.6 0.95 0.85
0.6 0.95 0.9
0.6 0.95 0.95
0.55 0.55 0.05
0.55 0.55 0.1
0.55 0.55 0.15
0.55 0.55 0.2
0.55 0.55 0.25
0.55 0.55 0.3
0.55 0.55 0.35
0.55 0.55 0.4
0.55 0.55 0.45
0.55 0.55 0.5
0.55 0.55 0.55
0.55 0.55 0.6
0.55 0.55 0.65
0.55 0.55 0.7
0.55 0.55 0.75
0.55 0.55 0.8
0.55 0.55 0.85
0.55 0.55 0.9
0.55 0.55 0.95
0.55 0.6 0.05
0.55 0.6 0.1
0.55 0.6 0.15
0.55 0.6 0.2
0.55 0.6 0.25
0.55 0.6 0.3
0.55 0.6 0.35
0.55 0.6 0.4
0.55 0.6 0.45
0.55 0.6 0.5
0.55 0.6 0.55
0.55 0.6 0.6
0.55 0.6 0.65
0.55 0.6 0.7
0.55 0.6 0.75
0.55 0.6 0.8
0.55 0.6 0.85
0.55 0.6 0.9
0.55 0.6 0.95
0.55 0.6499999999999999 0.05
0.55 0.6499999999999999 0.1
0.55 0.6499999999999999 0.15
0.55 0.6499999999999999 0.2
0.55 0.6499999999999999 0.25
0.55 0.6499999999999999 0.3
0.55 0.6499999999999999 0.35
0.55 0.6499999999999999 0.4
0.55 0.6499999999999999 0.45
0.55 0.6499999999999999 0.5
0.55 0.6499999999999999 0.55
0.55 0.6499999999999999 0.6
0.55 0.6499999999999999 0.65
0.55 0.6499999999999999 0.7
0.55 0.6499999999999999 0.75
0.55 0.6499999999999999 0.8
0.55 0.6499999999999999 0.85
0.55 0.6499999999999999 0.9
0.55 0.6499999999999999 0.95
0.55 0.7 0.05
0.55 0.7 0.1
0.55 0.7 0.15
0.55 0.7 0.2
0.55 0.7 0.25
0.55 0.7 0.3
0.55 0.7 0.35
0.55 0.7 0.4
0.55 0.7 0.45
0.55 0.7 0.5
0.55 0.7 0.55
0.55 0.7 0.6
0.55 0.7 0.65
0.55 0.7 0.7
0.55 0.7 0.75
0.55 0.7 0.8
0.55 0.7 0.85
0.55 0.7 0.9
0.55 0.7 0.95
0.55 0.75 0.05
0.55 0.75 0.1
0.55 0.75 0.15
0.55 0.75 0.2
0.55 0.75 0.25
0.55 0.75 0.3
0.55 0.75 0.35
0.55 0.75 0.4
0.55 0.75 0.45
0.55 0.75 0.5
0.55 0.75 0.55
0.55 0.75 0.6
0.55 0.75 0.65
0.55 0.75 0.7
0.55 0.75 0.75
0.55 0.75 0.8
0.55 0.75 0.85
0.55 0.75 0.9
0.55 0.75 0.95
0.55 0.8 0.05
0.55 0.8 0.1
0.55 0.8 0.15
0.55 0.8 0.2
0.55 0.8 0.25
0.55 0.8 0.3
0.55 0.8 0.35
0.55 0.8 0.4
0.55 0.8 0.45
0.55 0.8 0.5
0.55 0.8 0.55
0.55 0.8 0.6
0.55 0.8 0.65
0.55 0.8 0.7
0.55 0.8 0.75
0.55 0.8 0.8
0.55 0.8 0.85
0.55 0.8 0.9
0.55 0.8 0.95
0.55 0.8500000000000001 0.05
0.55 0.8500000000000001 0.1
0.55 0.8500000000000001 0.15
0.55 0.8500000000000001 0.2
0.55 0.8500000000000001 0.25
0.55 0.8500000000000001 0.3
0.55 0.8500000000000001 0.35
0.55 0.8500000000000001 0.4
0.55 0.8500000000000001 0.45
0.55 0.8500000000000001 0.5
0.55 0.8500000000000001 0.55
0.55 0.8500000000000001 0.6
0.55 0.8500000000000001 0.65
0.55 0.8500000000000001 0.7
0.55 0.8500000000000001 0.75
0.55 0.8500000000000001 0.8
0.55 0.8500000000000001 0.85
0.55 0.8500000000000001 0.9
0.55 0.8500000000000001 0.95
0.55 0.9 0.05
0.55 0.9 0.1
0.55 0.9 0.15
0.55 0.9 0.2
0.55 0.9 0.25
0.55 0.9 0.3
0.55 0.9 0.35
0.55 0.9 0.4
0.55 0.9 0.45
0.55 0.9 0.5
0.55 0.9 0.55
0.55 0.9 0.6
0.55 0.9 0.65
0.55 0.9 0.7
0.55 0.9 0.75
0.55 0.9 0.8
0.55 0.9 0.85
0.55 0.9 0.9
0.55 0.9 0.95
0.55 0.95 0.05
0.55 0.95 0.1
0.55 0.95 0.15
0.55 0.95 0.2
0.55 0.95 0.25
0.55 0.95 0.3
0.55 0.95 0.35
0.55 0.95 0.4
0.55 0.95 0.45
0.55 0.95 0.5
0.55 0.95 0.55
0.55 0.95 0.6
0.55 0.95 0.65
0.55 0.95 0.7
0.55 0.95 0.75
0.55 0.95 0.8
0.55 0.95 0.85
0.55 0.95 0.9
0.55 0.95 0.95
3 4 0 1539
7723
7724
7725
7726
7727
7728
7729
7730
7731
7732
7733
7734
7735
7736
7737
7738
7739
7740
7741
7742
7743
7744
7745
7746
7747
7748
7749
7750
7751
7752
7753
7754
7755
7756
7757
7758
7759
7760
7761
7762
7763
7764
7765
7766
7767
7768
7769
7770
7771
7772
7773
7774
7775
7776
7777
7778
7779
7780
7781
7782
7783
7784
7785
7786
7787
7788
7789
7790
7791
7792
7793
7794
7795
7796
7797
7798
7799
7800
7801
7802
7803
7804
7805
7806
7807
7808
7809
7810
7811
7812
7813
7814
7815
7816
7817
7818
7819
7820
7821
7822
7823
7824
7825
7826
7827
7828
7829
7830
7831
7832
7833
7834
7835
7836
7837
7838
7839
7840
7841
7842
7843
7844
7845
7846
7847
7848
7849
7850
7851
7852
7853
7854
7855
7856
7857
7858
7859
7860
7861
7862
7863
7864
7865
7866
7867
7868
7869
7870
7871
7872
7873
7874
7875
7876
7877
7878
7879
7880
7881
7882
7883
7884
7885
7886
7887
7888
7889
7890
7891
7892
7893
7894
7895
7896
7897
7898
7899
7900
7901
7902
7903
7904
7905
7906
7907
7908
7909
7910
7911
7912
7913
7914
7915
7916
7917
7918
7919
7920
7921
7922
7923
7924
7925
7926
7927
7928
7929
7930
7931
7932
7933
7934
7935
7936
7937
7938
7939
7940
7941
7942
7943
7944
7945
7946
7947
7948
7949
7950
7951
7952
7953
7954
7955
7956
7957
7958
7959
7960
7961
7962
7963
7964
7965
7966
7967
7968
7969
7970
7971
7972
7973
7974
7975
7976
7977
7978
7979
7980
7981
7982
7983
7984
7985
7986
7987
7988
7989
7990
7991
7992
7993
7994
7995
7996
7997
7998
7999
8000
8001
8002
8003
8004
8005
8006
8007
8008
8009
8010
8011
8012
8013
8014
8015
8016
8017
8018
8019
8020
8021
8022
8023
8024
8025
8026
8027
8028
8029
8030
8031
8032
8033
8034
8035
8036
8037
8038
8039
8040
8041
8042
8043
8044
8045
8046
8047
8048
8049
8050
8051
8052
8053
8054
8055
8056
8057
8058
8059
8060
8061
8062
8063
8064
8065
8066
8067
8068
8069
8070
8071
8072
8073
8074
8075
8076
8077
8078
8079
8080
8081
8082
8083
8084
8085
8086
8087
8088
8089
8090
8091
8092
8093
8094
8095
8096
8097
8098
8099
8100
8101
8102
8103
8104
8105
8106
8107
8108
8109
8110
8111
8112
8113
8114
8115
8116
8117
8118
8119
8120
8121
8122
8123
8124
8125
8126
8127
8128
8129
8130
8131
8132
8133
8134
8135
8136
8137
8138
8139
8140
8141
8142
8143
8144
8145
8146
8147
8148
8149
8150
8151
8152
8153
8154
8155
8156
8157
8158
8159
8160
8161
8162
8163
8164
8165
8166
8167
8168
8169
8170
8171
8172
8173
8174
8175
8176
8177
8178
8179
8180
8181
8182
8183
8184
8185
8186
8187
8188
8189
8190
8191
8192
8193
8194
8195
8196
8197
8198
8199
8200
8201
8202
8203
8204
8205
8206
8207
8208
8209
8210
8211
8212
8213
8214
8215
8216
8217
8218
8219
8220
8221
8222
8223
8224
8225
8226
8227
8228
8229
8230
8231
8232
8233
8234
8235
8236
8237
8238
8239
8240
8241
8242
8243
8244
8245
8246
8247
8248
8249
8250
8251
8252
8253
8254
8255
8256
8257
8258
8259
8260
8261
8262
8263
8264
8265
8266
8267
8268
8269
8270
8271
8272
8273
8274
8275
8276
8277
8278
8279
8280
8281
8282
8283
8284
8285
8286
8287
8288
8289
8290
8291
8292
8293
8294
8295
8296
8297
8298
8299
8300
8301
8302
8303
8304
8305
8306
8307
8308
8309
8310
8311
8312
8313
8314
8315
8316
8317
8318
8319
8320
8321
8322
8323
8324
8325
8326
8327
8328
8329
8330
8331
8332
8333
8334
8335
8336
8337
8338
8339
8340
8341
8342
8343
8344
8345
8346
8347
8348
8349
8350
8351
8352
8353
8354
8355
8356
8357
8358
8359
8360
8361
8362
8363
8364
8365
8366
8367
8368
8369
8370
8371
8372
8373
8374
8375
8376
8377
8378
8379
8380
8381
8382
8383
8384
8385
8386
8387
8388
8389
8390
8391
8392
8393
8394
8395
8396
8397
8398
8399
8400
8401
8402
8403
8404
8405
8406
8407
8408
8409
8410
8411
8412
8413
8414
8415
8416
8417
8418
8419
8420
8421
8422
8423
8424
8425
8426
8427
8428
8429
8430
8431
8432
8433
8434
8435
8436
8437
8438
8439
8440
8441
8442
8443
8444
8445
8446
8447
8448
8449
8450
8451
8452
8453
8454
8455
8456
8457
8458
8459
8460
8461
8462
8463
8464
8465
8466
8467
8468
8469
8470
8471
8472
8473
8474
8475
8476
8477
8478
8479
8480
8481
8482
8483
8484
8485
8486
8487
8488
8489
8490
8491
8492
8493
8494
8495
8496
8497
8498
8499
8500
8501
8502
8503
8504
8505
8506
8507
8508
8509
8510
8511
8512
8513
8514
8515
8516
8517
8518
8519
8520
8521
8522
8523
8524
8525
8526
8527
8528
8529
8530
8531
8532
8533
8534
8535
8536
8537
8538
8539
8540
8541
8542
8543
8544
8545
8546
8547
8548
8549
8550
8551
8552
8553
8554
8555
8556
8557
8558
8559
8560
8561
8562
8563
8564
8565
8566
8567
8568
8569
8570
8571
8572
8573
8574
8575
8576
8577
8578
8579
8580
8581
8582
8583
8584
8585
8586
8587
8588
8589
8590
8591
8592
8593
8594
8595
8596
8597
8598
8599
8600
8601
8602
8603
8604
8605
8606
8607
8608
8609
8610
8611
8612
8613
8614
8615
8616
8617
8618
8619
8620
8621
8622
8623
8624
8625
8626
8627
8628
8629
8630
8631
8632
8633
8634
8635
8636
8637
8638
8639
8640
8641
8642
8643
8644
8645
8646
8647
8648
8649
8650
8651
8652
8653
8654
8655
8656
8657
8658
8659
8660
8661
8662
8663
8664
8665
8666
8667
8668
8669
8670
8671
8672
8673
8674
8675
8676
8677
8678
8679
8680
8681
8682
8683
8684
8685
8686
8687
8688
8689
8690
8691
8692
8693
8694
8695
8696
8697
8698
8699
8700
8701
8702
8703
8704
8705
8706
8707
8708
8709
8710
8711
8712
8713
8714
8715
8716
8717
8718
8719
8720
8721
8722
8723
8724
8725
8726
8727
8728
8729
8730
8731
8732
8733
8734
8735
8736
8737
8738
8739
8740
8741
8742
8743
8744
8745
8746
8747
8748
8749
8750
8751
8752
8753
8754
8755
8756
8757
8758
8759
8760
8761
8762
8763
8764
8765
8766
8767
8768
8769
8770
8771
8772
8773
8774
8775
8776
8777
8778
8779
8780
8781
8782
8783
8784
8785
8786
8787
8788
8789
8790
8791
8792
8793
8794
8795
8796
8797
8798
8799
8800
8801
8802
8803
8804
8805
8806
8807
8808
8809
8810
8811
8812
8813
8814
8815
8816
8817
8818
8819
8820
8821
8822
8823
8824
8825
8826
8827
8828
8829
8830
8831
8832
8833
8834
8835
8836
8837
8838
8839
8840
8841
8842
8843
8844
8845
8846
8847
8848
8849
8850
8851
8852
8853
8854
8855
8856
8857
8858
8859
8860
8861
8862
8863
8864
8865
8866
8867
8868
8869
8870
8871
8872
8873
8874
8875
8876
8877
8878
8879
8880
8881
8882
8883
8884
8885
8886
8887
8888
8889
8890
8891
8892
8893
8894
8895
8896
8897
8898
8899
8900
8901
8902
8903
8904
8905
8906
8907
8908
8909
8910
8911
8912
8913
8914
8915
8916
8917
8918
8919
8920
8921
8922
8923
8924
8925
8926
8927
8928
8929
8930
8931
8932
8933
8934
8935
8936
8937
8938
8939
8940
8941
8942
8943
8944
8945
8946
8947
8948
8949
8950
8951
8952
8953
8954
8955
8956
8957
8958
8959
8960
8961
8962
8963
8964
8965
8966
8967
8968
8969
8970
8971
8972
8973
8974
8975
8976
8977
8978
8979
8980
8981
8982
8983
8984
8985
8986
8987
8988
8989
8990
8991
8992
8993
8994
8995
8996
8997
8998
8999
9000
9001
9002
9003
9004
9005
9006
9007
9008
9009
9010
9011
9012
9013
9014
9015
9016
9017
9018
9019
9020
9021
9022
9023
9024
9025
9026
9027
9028
9029
9030
9031
9032
9033
9034
9035
9036
9037
9038
9039
9040
9041
9042
9043
9044
9045
9046
9047
9048
9049
9050
9051
9052
9053
9054
9055
9056
9057
9058
9059
9060
9061
9062
9063
9064
9065
9066
9067
9068
9069
9070
9071
9072
9073
9074
9075
9076
9077
9078
9079
9080
9081
9082
9083
9084
9085
9086
9087
9088
9089
9090
9091
9092
9093
9094
9095
9096
9097
9098
9099
9100
9101
9102
9103
9104
9105
9106
9107
9108
9109
9110
9111
9112
9113
9114
9115
9116
9117
9118
9119
9120
9121
9122
9123
9124
9125
9126
9127
9128
9129
9130
9131
9132
9133
9134
9135
9136
9137
9138
9139
9140
9141
9142
9143
9144
9145
9146
9147
9148
9149
9150
9151
9152
9153
9154
9155
9156
9157
9158
9159
9160
9161
9162
9163
9164
9165
9166
9167
9168
9169
9170
9171
9172
9173
9174
9175
9176
9177
9178
9179
9180
9181
9182
9183
9184
9185
9186
9187
9188
9189
9190
9191
9192
9193
9194
9195
9196
9197
9198
9199
9200
9201
9202
9203
9204
9205
9206
9207
9208
9209
9210
9211
9212
9213
9214
9215
9216
9217
9218
9219
9220
9221
9222
9223
9224
9225
9226
9227
9228
9229
9230
9231
9232
9233
9234
9235
9236
9237
9238
9239
9240
9241
9242
9243
9244
9245
9246
9247
9248
9249
9250
9251
9252
9253
9254
9255
9256
9257
9258
9259
9260
9261
0.4499999999997917 0.55 0.05
0.4499999999997917 0.55 0.1
0.4499999999997917 0.55 0.15
0.4499999999997917 0.55 0.2
0.4499999999997917 0.55 0.25
0.4499999999997917 0.55 0.3
0.4499999999997917 0.55 0.35
0.4499999999997917 0.55 0.4
0.4499999999997917 0.55 0.45
0.4499999999997917 0.55 0.5
0.4499999999997917 0.55 0.55
0.4499999999997917 0.55 0.6
0.4499999999997917 0.55 0.65
0.4499999999997917 0.55 0.7
0.4499999999997917 0.55 0.75
0.4499999999997917 0.55 0.8
0.4499999999997917 0.55 0.85
0.4499999999997917 0.55 0.9
0.4499999999997917 0.55 0.95
0.4499999999997918 0.6 0.05
0.4499999999997918 0.6 0.1
0.4499999999997918 0.6 0.15
0.4499999999997918 0.6 0.2
0.4499999999997918 0.6 0.25
0.4499999999997918 0.6 0.3
0.4499999999997918 0.6 0.35
0.4499999999997918 0.6 0.4
0.4499999999997918 0.6 0.45
0.4499999999997918 0.6 0.5
0.4499999999997918 0.6 0.55
0.4499999999997918 0.6 0.6
0.4499999999997918 0.6 0.65
0.4499999999997918 0.6 0.7
0.4499999999997918 0.6 0.75
0.4499999999997918 0.6 0.8
0.4499999999997918 0.6 0.85
0.4499999999997918 0.6 0.9
0.4499999999997918 0.6 0.95
0.4499999999997918 0.6499999999999999 0.05
0.4499999999997918 0.6499999999999999 0.1
0.4499999999997918 0.6499999999999999 0.15
0.4499999999997918 0.6499999999999999 0.2
0.4499999999997918 0.6499999999999999 0.25
0.4499999999997918 0.6499999999999999 0.3
0.4499999999997918 0.6499999999999999 0.35
0.4499999999997918 0.6499999999999999 0.4
0.4499999999997918 0.6499999999999999 0.45
0.4499999999997918 0.6499999999999999 0.5
0.4499999999997918 0.6499999999999999 0.55
0.4499999999997918 0.6499999999999999 0.6
0.4499999999997918 0.6499999999999999 0.65
0.4499999999997918 0.6499999999999999 0.7
0.4499999999997918 0.6499999999999999 0.75
0.4499999999997918 0.6499999999999999 0.8
0.4499999999997918 0.6499999999999999 0.85
0.4499999999997918 0.6499999999999999 0.9
0.4499999999997918 0.6499999999999999 0.95
0.4499999999997918 0.7 0.05
0.4499999999997918 0.7 0.1
0.4499999999997918 0.7 0.15
0.4499999999997918 0.7 0.2
0.4499999999997918 0.7 0.25
0.4499999999997918 0.7 0.3
0.4499999999997918 0.7 0.35
0.4499999999997918 0.7 0.4
0.4499999999997918 0.7 0.45
0.4499999999997918 0.7 0.5
0.4499999999997918 0.7 0.55
0.4499999999997918 0.7 0.6
0.4499999999997918 0.7 0.65
0.4499999999997918 0.7 0.7
0.4499999999997918 0.7 0.75
0.4499999999997918 0.7 0.8
0.4499999999997918 0.7 0.85
0.4499999999997918 0.7 0.9
0.4499999999997918 0.7 0.95
0.4499999999997918 0.75 0.05
0.4499999999997918 0.75 0.1
0.4499999999997918 0.75 0.15
0.4499999999997918 0.75 0.2
0.4499999999997918 0.75 0.25
0.4499999999997918 0.75 0.3
0.4499999999997918 0.75 0.35
0.4499999999997918 0.75 0.4
0.4499999999997918 0.75 0.45
0.4499999999997918 0.75 0.5
0.4499999999997918 0.75 0.55
0.4499999999997918 0.75 0.6
0.4499999999997918 0.75 0.65
0.4499999999997918 0.75 0.7
0.4499999999997918 0.75 0.75
0.4499999999997918 0.75 0.8
0.4499999999997918 0.75 0.85
0.4499999999997918 0.75 0.9
0.4499999999997918 0.75 0.95
0.4499999999997918 0.8 0.05
0.4499999999997918 0.8 0.1
0.4499999999997918 0.8 0.15
0.4499999999997918 0.8 0.2
0.4499999999997918 0.8 0.25
0.4499999999997918 0.8 0.3
0.4499999999997918 0.8 0.35
0.4499999999997918 0.8 0.4
0.4499999999997918 0.8 0.45
0.4499999999997918 0.8 0.5
0.4499999999997918 0.8 0.55
0.4499999999997918 0.8 0.6
0.4499999999997918 0.8 0.65
0.4499999999997918 0.8 0.7
0.4499999999997918 0.8 0.75
0.4499999999997918 0.8 0.8
0.4499999999997918 0.8 0.85
0.4499999999997918 0.8 0.9
0.4499999999997918 0.8 0.95
0.4499999999997918 0.85 0.05
0.4499999999997918 0.85 0.1
0.4499999999997918 0.85 0.15
0.4499999999997918 0.85 0.2
0.4499999999997918 0.85 0.25
0.4499999999997918 0.85 0.3
0.4499999999997918 0.85 0.35
0.4499999999997918 0.85 0.4
0.4499999999997918 0.85 0.45
0.4499999999997918 0.85 0.5
0.4499999999997918 0.85 0.55
0.4499999999997918 0.85 0.6
0.4499999999997918 0.85 0.65
0.4499999999997918 0.85 0.7
0.4499999999997918 0.85 0.75
0.4499999999997918 0.85 0.8
0.4499999999997918 0.85 0.85
0.4499999999997918 0.85 0.9
0.4499999999997918 0.85 0.95
0.4499999999997918 0.9 0.05
0.4499999999997918 0.9 0.1
0.4499999999997918 0.9 0.15
0.4499999999997918 0.9 0.2
0.4499999999997918 0.9 0.25
0.4499999999997918 0.9 0.3
0.4499999999997918 0.9 0.35
0.4499999999997918 0.9 0.4
0.4499999999997918 0.9 0.45
0.4499999999997918 0.9 0.5
0.4499999999997918 0.9 0.55
0.4499999999997918 0.9 0.6
0.4499999999997918 0.9 0.65
0.4499999999997918 0.9 0.7
0.4499999999997918 0.9 0.75
0.4499999999997918 0.9 0.8
0.4499999999997918 0.9 0.85
0.4499999999997918 0.9 0.9
0.4499999999997918 0.9 0.95
0.4499999999997918 0.95 0.05
0.4499999999997918 0.95 0.1
0.4499999999997918 0.95 0.15
0.4499999999997918 0.95 0.2
0.4499999999997918 0.95 0.25
0.4499999999997918 0.95 0.3
0.4499999999997918 0.95 0.35
0.4499999999997918 0.95 0.4
0.4499999999997918 0.95 0.45
0.4499999999997918 0.95 0.5
0.4499999999997918 0.95 0.55
0.4499999999997918 0.95 0.6
0.4499999999997918 0.95 0.65
0.4499999999997918 0.95 0.7
0.4499999999997918 0.95 0.75
0.4499999999997918 0.95 0.8
0.4499999999997918 0.95 0.85
0.4499999999997918 0.95 0.9
0.4499999999997918 0.95 0.95
0.4 0.55 0.05
0.4 0.55 0.1
0.4 0.55 0.15
0.4 0.55 0.2
0.4 0.55 0.25
0.4 0.55 0.3
0.4 0.55 0.35
0.4 0.55 0.4
0.4 0.55 0.45
0.4 0.55 0.5
0.4 0.55 0.55
0.4 0.55 0.6
0.4 0.55 0.65
0.4 0.55 0.7
0.4 0.55 0.75
0.4 0.55 0.8
0.4 0.55 0.85
0.4 0.55 0.9
0.4 0.55 0.95
0.4 0.6 0.05
0.4 0.6 0.1
0.4 0.6 0.15
0.4 0.6 0.2
0.4 0.6 0.25
0.4 0.6 0.3
0.4 0.6 0.35
0.4 0.6 0.4
0.4 0.6 0.45
0.4 0.6 0.5
0.4 0.6 0.55
0.4 0.6 0.6
0.4 0.6 0.65
0.4 0.6 0.7
0.4 0.6 0.75
0.4 0.6 0.8
0.4 0.6 0.85
0.4 0.6 0.9
0.4 0.6 0.95
0.4 0.6499999999999999 0.05
0.4 0.6499999999999999 0.1
0.4 0.6499999999999999 0.15
0.4 0.6499999999999999 0.2
0.4 0.6499999999999999 0.25
0.4 0.6499999999999999 0.3
0.4 0.6499999999999999 0.35
0.4 0.6499999999999999 0.4
0.4 0.6499999999999999 0.45
0.4 0.6499999999999999 0.5
0.4 0.6499999999999999 0.55
0.4 0.6499999999999999 0.6
0.4 0.6499999999999999 0.65
0.4 0.6499999999999999 0.7
0.4 0.6499999999999999 0.75
0.4 0.6499999999999999 0.8
0.4 0.6499999999999999 0.85
0.4 0.6499999999999999 0.9
0.4 0.6499999999999999 0.95
0.4 0.7 0.05
0.4 0.7 0.1
0.4 0.7 0.15
0.4 0.7 0.2
0.4 0.7 0.25
0.4 0.7 0.3
0.4 0.7 0.35
0.4 0.7 0.4
0.4 0.7 0.45
0.4 0.7 0.5
0.4 0.7 0.55
0.4 0.7 0.6
0.4 0.7 0.65
0.4 0.7 0.7
0.4 0.7 0.75
0.4 0.7 0.8
0.4 0.7 0.85
0.4 0.7 0.9
0.4 0.7 0.95
0.4 0.75 0.05
0.4 0.75 0.1
0.4 0.75 0.15
0.4 0.75 0.2
0.4 0.75 0.25
0.4 0.75 0.3
0.4 0.75 0.35
0.4 0.75 0.4
0.4 0.75 0.45
0.4 0.75 0.5
0.4 0.75 0.55
0.4 0.75 0.6
0.4 0.75 0.65
0.4 0.75 0.7
0.4 0.75 0.75
0.4 0.75 0.8
0.4 0.75 0.85
0.4 0.75 0.9
0.4 0.75 0.95
0.4 0.8 0.05
0.4 0.8 0.1
0.4 0.8 0.15
0.4 0.8 0.2
0.4 0.8 0.25
0.4 0.8 0.3
0.4 0.8 0.35
0.4 0.8 0.4
0.4 0.8 0.45
0.4 0.8 0.5
0.4 0.8 0.55
0.4 0.8 0.6
0.4 0.8 0.65
0.4 0.8 0.7
0.4 0.8 0.75
0.4 0.8 0.8
0.4 0.8 0.85
0.4 0.8 0.9
0.4 0.8 0.95
0.4 0.8500000000000001 0.05
0.4 0.8500000000000001 0.1
0.4 0.8500000000000001 0.15
0.4 0.8500000000000001 0.2
0.4 0.8500000000000001 0.25
0.4 0.8500000000000001 0.3
0.4 0.8500000000000001 0.35
0.4 0.8500000000000001 0.4
0.4 0.8500000000000001 0.45
0.4 0.8500000000000001 0.5
0.4 0.8500000000000001 0.55
0.4 0.8500000000000001 0.6
0.4 0.8500000000000001 0.65
0.4 0.8500000000000001 0.7
0.4 0.8500000000000001 0.75
0.4 0.8500000000000001 0.8
0.4 0.8500000000000001 0.85
0.4 0.8500000000000001 0.9
0.4 0.8500000000000001 0.95
0.4 0.8999999999999999 0.05
0.4 0.8999999999999999 0.1
0.4 0.8999999999999999 0.15
0.4 0.8999999999999999 0.2
0.4 0.8999999999999999 0.25
0.4 0.8999999999999999 0.3
0.4 0.8999999999999999 0.35
0.4 0.8999999999999999 0.4
0.4 0.8999999999999999 0.45
0.4 0.8999999999999999 0.5
0.4 0.8999999999999999 0.55
0.4 0.8999999999999999 0.6
0.4 0.8999999999999999 0.65
0.4 0.8999999999999999 0.7
0.4 0.8999999999999999 0.75
0.4 0.8999999999999999 0.8
0.4 0.8999999999999999 0.85
0.4 0.8999999999999999 0.9
0.4 0.8999999999999999 0.95
0.4 0.95 0.05
0.4 0.95 0.1
0.4 0.95 0.15
0.4 0.95 0.2
0.4 0.95 0.25
0.4 0.95 0.3
0.4 0.95 0.35
0.4 0.95 0.4
0.4 0.95 0.45
0.4 0.95 0.5
0.4 0.95 0.55
0.4 0.95 0.6
0.4 0.95 0.65
0.4 0.95 0.7
0.4 0.95 0.75
0.4 0.95 0.8
0.4 0.95 0.85
0.4 0.95 0.9
0.4 0.95 0.95
0.3500000000003469 0.55 0.05
0.3500000000003469 0.55 0.1
0.3500000000003469 0.55 0.15
0.3500000000003469 0.55 0.2
0.3500000000003469 0.55 0.25
0.3500000000003469 0.55 0.3
0.3500000000003469 0.55 0.35
0.3500000000003469 0.55 0.4
0.3500000000003469 0.55 0.45
0.3500000000003469 0.55 0.5
0.3500000000003469 0.55 0.55
0.3500000000003469 0.55 0.6
0.3500000000003469 0.55 0.65
0.3500000000003469 0.55 0.7
0.3500000000003469 0.55 0.75
0.3500000000003469 0.55 0.8
0.3500000000003469 0.55 0.85
0.3500000000003469 0.55 0.9
0.3500000000003469 0.55 0.95
0.3500000000003469 0.6 0.05
0.3500000000003469 0.6 0.1
0.3500000000003469 0.6 0.15
0.3500000000003469 0.6 0.2
0.3500000000003469 0.6 0.25
0.3500000000003469 0.6 0.3
0.3500000000003469 0.6 0.35
0.3500000000003469 0.6 0.4
0.3500000000003469 0.6 0.45
0.3500000000003469 0.6 0.5
0.3500000000003469 0.6 0.55
0.3500000000003469 0.6 0.6
0.3500000000003469 0.6 0.65
0.3500000000003469 0.6 0.7
0.3500000000003469 0.6 0.75
0.3500000000003469 0.6 0.8
0.3500000000003469 0.6 0.85
0.3500000000003469 0.6 0.9
0.3500000000003469 0.6 0.95
0.3500000000003469 0.6499999999999999 0.05
0.3500000000003469 0.6499999999999999 0.1
0.3500000000003469 0.6499999999999999 0.15
0.3500000000003469 0.6499999999999999 0.2
0.3500000000003469 0.6499999999999999 0.25
0.3500000000003469 0.6499999999999999 0.3
0.3500000000003469 0.6499999999999999 0.35
0.3500000000003469 0.6499999999999999 0.4
0.3500000000003469 0.6499999999999999 0.45
0.3500000000003469 0.6499999999999999 0.5
0.3500000000003469 0.6499999999999999 0.55
0.3500000000003469 0.6499999999999999 0.6
0.3500000000003469 0.6499999999999999 0.65
0.3500000000003469 0.6499999999999999 0.7
0.3500000000003469 0.6499999999999999 0.75
0.3500000000003469 0.6499999999999999 0.8
0.3500000000003469 0.6499999999999999 0.85
0.3500000000003469 0.6499999999999999 0.9
0.3500000000003469 0.6499999999999999 0.95
0.3500000000003469 0.7 0.05
0.3500000000003469 0.7 0.1
0.3500000000003469 0.7 0.15
0.3500000000003469 0.7 0.2
0.3500000000003469 0.7 0.25
0.3500000000003469 0.7 0.3
0.3500000000003469 0.7 0.35
0.3500000000003469 0.7 0.4
0.3500000000003469 0.7 0.45
0.3500000000003469 0.7 0.5
0.3500000000003469 0.7 0.55
0.3500000000003469 0.7 0.6
0.3500000000003469 0.7 0.65
0.3500000000003469 0.7 0.7
0.3500000000003469 0.7 0.75
0.3500000000003469 0.7 0.8
0.3500000000003469 0.7 0.85
0.3500000000003469 0.7 0.9
0.3500000000003469 0.7 0.95
0.3500000000003469 0.75 0.05
0.3500000000003469 0.75 0.1
0.3500000000003469 0.75 0.15
0.3500000000003469 0.75 0.2
0.3500000000003469 0.75 0.25
0.3500000000003469 0.75 0.3
0.3500000000003469 0.75 0.35
0.3500000000003469 0.75 0.4
0.3500000000003469 0.75 0.45
0.3500000000003469 0.75 0.5
0.3500000000003469 0.75 0.55
0.3500000000003469 0.75 0.6
0.3500000000003469 0.75 0.65
0.3500000000003469 0.75 0.7
0.3500000000003469 0.75 0.75
0.3500000000003469 0.75 0.8
0.3500000000003469 0.75 0.85
0.3500000000003469 0.75 0.9
0.3500000000003469 0.75 0.95
0.3500000000003469 0.8 0.05
0.3500000000003469 0.8 0.1
0.3500000000003469 0.8 0.15
0.3500000000003469 0.8 0.2
0.3500000000003469 0.8 0.25
0.3500000000003469 0.8 0.3
0.3500000000003469 0.8 0.35
0.3500000000003469 0.8 0.4
0.3500000000003469 0.8 0.45
0.3500000000003469 0.8 0.5
0.3500000000003469 0.8 0.55
0.3500000000003469 0.8 0.6
0.3500000000003469 0.8 0.65
0.3500000000003469 0.8 0.7
0.3500000000003469 0.8 0.75
0.3500000000003469 0.8 0.8
0.3500000000003469 0.8 0.85
0.3500000000003469 0.8 0.9
0.3500000000003469 0.8 0.95
0.3500000000003469 0.8499999999999998 0.05
0.3500000000003469 0.8499999999999998 0.1
0.3500000000003469 0.8499999999999998 0.15
0.3500000000003469 0.8499999999999998 0.2
0.3500000000003469 0.8499999999999998 0.25
0.3500000000003469 0.8499999999999998 0.3
0.3500000000003469 0.8499999999999998 0.35
0.3500000000003469 0.8499999999999998 0.4
0.3500000000003469 0.8499999999999998 0.45
0.3500000000003469 0.8499999999999998 0.5
0.3500000000003469 0.8499999999999998 0.55
0.3500000000003469 0.8499999999999998 0.6
0.3500000000003469 0.8499999999999998 0.65
0.3500000000003469 0.8499999999999998 0.7
0.3500000000003469 0.8499999999999998 0.75
0.3500000000003469 0.8499999999999998 0.8
0.3500000000003469 0.8499999999999998 0.85
0.3500000000003469 0.8499999999999998 0.9
0.3500000000003469 0.8499999999999998 0.95
0.3500000000003469 0.9000000000000001 0.05
0.3500000000003469 0.9000000000000001 0.1
0.3500000000003469 0.9000000000000001 0.15
0.3500000000003469 0.9000000000000001 0.2
0.3500000000003469 0.9000000000000001 0.25
0.3500000000003469 0.9000000000000001 0.3
0.3500000000003469 0.9000000000000001 0.35
0.3500000000003469 0.9000000000000001 0.4
0.3500000000003469 0.9000000000000001 0.45
0.3500000000003469 0.9000000000000001 0.5
0.3500000000003469 0.9000000000000001 0.55
0.3500000000003469 0.9000000000000001 0.6
0.3500000000003469 0.9000000000000001 0.65
0.3500000000003469 0.9000000000000001 0.7
0.3500000000003469 0.9000000000000001 0.75
0.3500000000003469 0.9000000000000001 0.8
0.3500000000003469 0.9000000000000001 0.85
0.3500000000003469 0.9000000000000001 0.9
0.3500000000003469 0.9000000000000001 0.95
0.3500000000003469 0.95 0.05
0.3500000000003469 0.95 0.1
0.3500000000003469 0.95 0.15
0.3500000000003469 0.95 0.2
0.3500000000003469 0.95 0.25
0.3500000000003469 0.95 0.3
0.3500000000003469 0.95 0.35
0.3500000000003469 0.95 0.4
0.3500000000003469 0.95 0.45
0.3500000000003469 0.95 0.5
0.3500000000003469 0.95 0.55
0.3500000000003469 0.95 0.6
0.3500000000003469 0.95 0.65
0.3500000000003469 0.95 0.7
0.3500000000003469 0.95 0.75
0.3500000000003469 0.95 0.8
0.3500000000003469 0.95 0.85
0.3500000000003469 0.95 0.9
0.3500000000003469 0.95 0.95
0.3000000000006937 0.55 0.05
0.3000000000006937 0.55 0.1
0.3000000000006937 0.55 0.15
0.3000000000006937 0.55 0.2
0.3000000000006937 0.55 0.25
0.3000000000006937 0.55 0.3
0.3000000000006937 0.55 0.35
0.3000000000006937 0.55 0.4
0.3000000000006937 0.55 0.45
0.3000000000006937 0.55 0.5
0.3000000000006937 0.55 0.55
0.3000000000006937 0.55 0.6
0.3000000000006937 0.55 0.65
0.3000000000006937 0.55 0.7
0.3000000000006937 0.55 0.75
0.3000000000006937 0.55 0.8
0.3000000000006937 0.55 0.85
0.3000000000006937 0.55 0.9
0.3000000000006937 0.55 0.95
0.3000000000006937 0.6 0.05
0.3000000000006937 0.6 0.1
0.3000000000006937 0.6 0.15
0.3000000000006937 0.6 0.2
0.3000000000006937 0.6 0.25
0.3000000000006937 0.6 0.3
0.3000000000006937 0.6 0.35
0.3000000000006937 0.6 0.4
0.3000000000006937 0.6 0.45
0.3000000000006937 0.6 0.5
0.3000000000006937 0.6 0.55
0.3000000000006937 0.6 0.6
0.3000000000006937 0.6 0.65
0.3000000000006937 0.6 0.7
0.3000000000006937 0.6 0.75
0.3000000000006937 0.6 0.8
0.3000000000006937 0.6 0.85
0.3000000000006937 0.6 0.9
0.3000000000006937 0.6 0.95
0.3000000000006937 0.6499999999999999 0.05
0.3000000000006937 0.6499999999999999 0.1
0.3000000000006937 0.6499999999999999 0.15
0.3000000000006937 0.6499999999999999 0.2
0.3000000000006937 0.6499999999999999 0.25
0.3000000000006937 0.6499999999999999 0.3
0.3000000000006937 0.6499999999999999 0.35
0.3000000000006937 0.6499999999999999 0.4
0.3000000000006937 0.6499999999999999 0.45
0.3000000000006937 0.6499999999999999 0.5
0.3000000000006937 0.6499999999999999 0.55
0.3000000000006937 0.6499999999999999 0.6
0.3000000000006937 0.6499999999999999 0.65
0.3000000000006937 0.6499999999999999 0.7
0.3000000000006937 0.6499999999999999 0.75
0.3000000000006937 0.6499999999999999 0.8
0.3000000000006937 0.6499999999999999 0.85
0.3000000000006937 0.6499999999999999 0.9
0.3000000000006937 0.6499999999999999 0.95
0.3000000000006937 0.7 0.05
0.3000000000006937 0.7 0.1
0.3000000000006937 0.7 0.15
0.3000000000006937 0.7 0.2
0.3000000000006937 0.7 0.25
0.3000000000006937 0.7 0.3
0.3000000000006937 0.7 0.35
0.3000000000006937 0.7 0.4
0.3000000000006937 0.7 0.45
0.3000000000006937 0.7 0.5
0.3000000000006937 0.7 0.55
0.3000000000006937 0.7 0.6
0.3000000000006937 0.7 0.65
0.3000000000006937 0.7 0.7
0.3000000000006937 0.7 0.75
0.3000000000006937 0.7 0.8
0.3000000000006937 0.7 0.85
0.3000000000006937 0.7 0.9
0.3000000000006937 0.7 0.95
0.3000000000006937 0.75 0.05
0.3000000000006937 0.75 0.1
0.3000000000006937 0.75 0.15
0.3000000000006937 0.75 0.2
0.3000000000006937 0.75 0.25
0.3000000000006937 0.75 0.3
0.3000000000006937 0.75 0.35
0.3000000000006937 0.75 0.4
0.3000000000006937 0.75 0.45
0.3000000000006937 0.75 0.5
0.3000000000006937 0.75 0.55
0.3000000000006937 0.75 0.6
0.3000000000006937 0.75 0.65
0.3000000000006937 0.75 0.7
0.3000000000006937 0.75 0.75
0.3000000000006937 0.75 0.8
0.3000000000006937 0.75 0.85
0.3000000000006937 0.75 0.9
0.3000000000006937 0.75 0.95
0.3000000000006937 0.8 0.05
0.3000000000006937 0.8 0.1
0.3000000000006937 0.8 0.15
0.3000000000006937 0.8 0.2
0.3000000000006937 0.8 0.25
0.3000000000006937 0.8 0.3
0.3000000000006937 0.8 0.35
0.3000000000006937 0.8 0.4
0.3000000000006937 0.8 0.45
0.3000000000006937 0.8 0.5
0.3000000000006937 0.8 0.55
0.3000000000006937 0.8 0.6
0.3000000000006937 0.8 0.65
0.3000000000006937 0.8 0.7
0.3000000000006937 0.8 0.75
0.3000000000006937 0.8 0.8
0.3000000000006937 0.8 0.85
0.3000000000006937 0.8 0.9
0.3000000000006937 0.8 0.95
0.3000000000006937 0.85 0.05
0.3000000000006937 0.85 0.1
0.3000000000006937 0.85 0.15
0.3000000000006937 0.85 0.2
0.3000000000006937 0.85 0.25
0.3000000000006937 0.85 0.3
0.3000000000006937 0.85 0.35
0.3000000000006937 0.85 0.4
0.3000000000006937 0.85 0.45
0.3000000000006937 0.85 0.5
0.3000000000006937 0.85 0.55
0.3000000000006937 0.85 0.6
0.3000000000006937 0.85 0.65
0.3000000000006937 0.85 0.7
0.3000000000006937 0.85 0.75
0.3000000000006937 0.85 0.8
0.3000000000006937 0.85 0.85
0.3000000000006937 0.85 0.9
0.3000000000006937 0.85 0.95
0.3000000000006937 0.9 0.05
0.3000000000006937 0.9 0.1
0.3000000000006937 0.9 0.15
0.3000000000006937 0.9 0.2
0.3000000000006937 0.9 0.25
0.3000000000006937 0.9 0.3
0.3000000000006937 0.9 0.35
0.3000000000006937 0.9 0.4
0.3000000000006937 0.9 0.45
0.3000000000006937 0.9 0.5
0.3000000000006937 0.9 0.55
0.3000000000006937 0.9 0.6
0.3000000000006937 0.9 0.65
0.3000000000006937 0.9 0.7
0.3000000000006937 0.9 0.75
0.3000000000006937 0.9 0.8
0.3000000000006937 0.9 0.85
0.3000000000006937 0.9 0.9
0.3000000000006937 0.9 0.95
0.3000000000006937 0.95 0.05
0.3000000000006937 0.95 0.1
0.3000000000006937 0.95 0.15
0.3000000000006937 0.95 0.2
0.3000000000006937 0.95 0.25
0.3000000000006937 0.95 0.3
0.3000000000006937 0.95 0.35
0.3000000000006937 0.95 0.4
0.3000000000006937 0.95 0.45
0.3000000000006937 0.95 0.5
0.3000000000006937 0.95 0.55
0.3000000000006937 0.95 0.6
0.3000000000006937 0.95 0.65
0.3000000000006937 0.95 0.7
0.3000000000006937 0.95 0.75
0.3000000000006937 0.95 0.8
0.3000000000006937 0.95 0.85
0.3000000000006937 0.95 0.9
0.3000000000006937 0.95 0.95
0.2500000000010297 0.55 0.05
0.2500000000010297 0.55 0.1
0.2500000000010297 0.55 0.15
0.2500000000010297 0.55 0.2
0.2500000000010297 0.55 0.25
0.2500000000010297 0.55 0.3
0.2500000000010297 0.55 0.35
0.2500000000010297 0.55 0.4
0.2500000000010297 0.55 0.45
0.2500000000010297 0.55 0.5
0.2500000000010297 0.55 0.55
0.2500000000010297 0.55 0.6
0.2500000000010297 0.55 0.65
0.2500000000010297 0.55 0.7
0.2500000000010297 0.55 0.75
0.2500000000010297 0.55 0.8
0.2500000000010297 0.55 0.85
0.2500000000010297 0.55 0.9
0.2500000000010297 0.55 0.95
0.2500000000010297 0.6 0.05
0.2500000000010297 0.6 0.1
0.2500000000010297 0.6 0.15
0.2500000000010297 0.6 0.2
0.2500000000010297 0.6 0.25
0.2500000000010297 0.6 0.3
0.2500000000010297 0.6 0.35
0.2500000000010297 0.6 0.4
0.2500000000010297 0.6 0.45
0.2500000000010297 0.6 0.5
0.2500000000010297 0.6 0.55
0.2500000000010297 0.6 0.6
0.2500000000010297 0.6 0.65
0.2500000000010297 0.6 0.7
0.2500000000010297 0.6 0.75
0.2500000000010297 0.6 0.8
0.2500000000010297 0.6 0.85
0.2500000000010297 0.6 0.9
0.2500000000010297 0.6 0.95
0.2500000000010297 0.6499999999999999 0.05
0.2500000000010297 0.6499999999999999 0.1
0.2500000000010297 0.6499999999999999 0.15
0.2500000000010297 0.6499999999999999 0.2
0.2500000000010297 0.6499999999999999 0.25
0.2500000000010297 0.6499999999999999 0.3
0.2500000000010297 0.6499999999999999 0.35
0.2500000000010297 0.6499999999999999 0.4
0.2500000000010297 0.6499999999999999 0.45
0.2500000000010297 0.6499999999999999 0.5
0.2500000000010297 0.6499999999999999 0.55
0.2500000000010297 0.6499999999999999 0.6
0.2500000000010297 0.6499999999999999 0.65
0.2500000000010297 0.6499999999999999 0.7
0.2500000000010297 0.6499999999999999 0.75
0.2500000000010297 0.6499999999999999 0.8
0.2500000000010297 0.6499999999999999 0.85
0.2500000000010297 0.6499999999999999 0.9
0.2500000000010297 0.6499999999999999 0.95
0.2500000000010297 0.7 0.05
0.2500000000010297 0.7 0.1
0.2500000000010297 0.7 0.15
0.2500000000010297 0.7 0.2
0.2500000000010297 0.7 0.25
0.2500000000010297 0.7 0.3
0.2500000000010297 0.7 0.35
0.2500000000010297 0.7 0.4
0.2500000000010297 0.7 0.45
0.2500000000010297 0.7 0.5
0.2500000000010297 0.7 0.55
0.2500000000010297 0.7 0.6
0.2500000000010297 0.7 0.65
0.2500000000010297 0.7 0.7
0.2500000000010297 0.7 0.75
0.2500000000010297 0.7 0.8
0.2500000000010297 0.7 0.85
0.2500000000010297 0.7 0.9
0.2500000000010297 0.7 0.95
0.2500000000010297 0.75 0.05
0.2500000000010297 0.75 0.1
0.2500000000010297 0.75 0.15
0.2500000000010297 0.75 0.2
0.2500000000010297 0.75 0.25
0.2500000000010297 0.75 0.3
0.2500000000010297 0.75 0.35
0.2500000000010297 0.75 0.4
0.2500000000010297 0.75 0.45
0.2500000000010297 0.75 0.5
0.2500000000010297 0.75 0.55
0.2500000000010297 0.75 0.6
0.2500000000010297 0.75 0.65
0.2500000000010297 0.75 0.7
0.2500000000010297 0.75 0.75
0.2500000000010297 0.75 0.8
0.2500000000010297 0.75 0.85
0.2500000000010297 0.75 0.9
0.2500000000010297 0.75 0.95
0.2500000000010297 0.8 0.05
0.2500000000010297 0.8 0.1
0.2500000000010297 0.8 0.15
0.2500000000010297 0.8 0.2
0.2500000000010297 0.8 0.25
0.2500000000010297 0.8 0.3
0.2500000000010297 0.8 0.35
0.2500000000010297 0.8 0.4
0.2500000000010297 0.8 0.45
0.2500000000010297 0.8 0.5
0.2500000000010297 0.8 0.55
0.2500000000010297 0.8 0.6
0.2500000000010297 0.8 0.65
0.2500000000010297 0.8 0.7
0.2500000000010297 0.8 0.75
0.2500000000010297 0.8 0.8
0.2500000000010297 0.8 0.85
0.2500000000010297 0.8 0.9
0.2500000000010297 0.8 0.95
0.2500000000010297 0.85 0.05
0.2500000000010297 0.85 0.1
0.2500000000010297 0.85 0.15
0.2500000000010297 0.85 0.2
0.2500000000010297 0.85 0.25
0.2500000000010297 0.85 0.3
0.2500000000010297 0.85 0.35
0.2500000000010297 0.85 0.4
0.2500000000010297 0.85 0.45
0.2500000000010297 0.85 0.5
0.2500000000010297 0.85 0.55
0.2500000000010297 0.85 0.6
0.2500000000010297 0.85 0.65
0.2500000000010297 0.85 0.7
0.2500000000010297 0.85 0.75
0.2500000000010297 0.85 0.8
0.2500000000010297 0.85 0.85
0.2500000000010297 0.85 0.9
0.2500000000010297 0.85 0.95
0.2500000000010297 0.9 0.05
0.2500000000010297 0.9 0.1
0.2500000000010297 0.9 0.15
0.2500000000010297 0.9 0.2
0.2500000000010297 0.9 0.25
0.2500000000010297 0.9 0.3
0.2500000000010297 0.9 0.35
0.2500000000010297 0.9 0.4
0.2500000000010297 0.9 0.45
0.2500000000010297 0.9 0.5
0.2500000000010297 0.9 0.55
0.2500000000010297 0.9 0.6
0.2500000000010297 0.9 0.65
0.2500000000010297 0.9 0.7
0.2500000000010297 0.9 0.75
0.2500000000010297 0.9 0.8
0.2500000000010297 0.9 0.85
0.2500000000010297 0.9 0.9
0.2500000000010297 0.9 0.95
0.2500000000010297 0.95 0.05
0.2500000000010297 0.95 0.1
0.2500000000010297 0.95 0.15
0.2500000000010297 0.95 0.2
0.2500000000010297 0.95 0.25
0.2500000000010297 0.95 0.3
0.2500000000010297 0.95 0.35
0.2500000000010297 0.95 0.4
0.2500000000010297 0.95 0.45
0.2500000000010297 0.95 0.5
0.2500000000010297 0.95 0.55
0.2500000000010297 0.95 0.6
0.2500000000010297 0.95 0.65
0.2500000000010297 0.95 0.7
0.2500000000010297 0.95 0.75
0.2500000000010297 0.95 0.8
0.2500000000010297 0.95 0.85
0.2500000000010297 0.95 0.9
0.2500000000010297 0.95 0.95
0.2000000000008325 0.55 0.05
0.2000000000008325 0.55 0.1
0.2000000000008325 0.55 0.15
0.2000000000008325 0.55 0.2
0.2000000000008325 0.55 0.25
0.2000000000008325 0.55 0.3
0.2000000000008325 0.55 0.35
0.2000000000008325 0.55 0.4
0.2000000000008325 0.55 0.45
0.2000000000008325 0.55 0.5
0.2000000000008325 0.55 0.55
0.2000000000008325 0.55 0.6
0.2000000000008325 0.55 0.65
0.2000000000008325 0.55 0.7
0.2000000000008325 0.55 0.75
0.2000000000008325 0.55 0.8
0.2000000000008325 0.55 0.85
0.2000000000008325 0.55 0.9
0.2000000000008325 0.55 0.95
0.2000000000008326 0.6 0.05
0.2000000000008326 0.6 0.1
0.2000000000008326 0.6 0.15
0.2000000000008326 0.6 0.2
0.2000000000008326 0.6 0.25
0.2000000000008326 0.6 0.3
0.2000000000008326 0.6 0.35
0.2000000000008326 0.6 0.4
0.2000000000008326 0.6 0.45
0.2000000000008326 0.6 0.5
0.2000000000008326 0.6 0.55
0.2000000000008326 0.6 0.6
0.2000000000008326 0.6 0.65
0.2000000000008326 0.6 0.7
0.2000000000008326 0.6 0.75
0.2000000000008326 0.6 0.8
0.2000000000008326 0.6 0.85
0.2000000000008326 0.6 0.9
0.2000000000008326 0.6 0.95
0.2000000000008325 0.6499999999999999 0.05
0.2000000000008325 0.6499999999999999 0.1
0.2000000000008325 0.6499999999999999 0.15
0.2000000000008325 0.6499999999999999 0.2
0.2000000000008325 0.6499999999999999 0.25
0.2000000000008325 0.6499999999999999 0.3
0.2000000000008325 0.6499999999999999 0.35
0.2000000000008325 0.6499999999999999 0.4
0.2000000000008325 0.6499999999999999 0.45
0.2000000000008325 0.6499999999999999 0.5
0.2000000000008325 0.6499999999999999 0.55
0.2000000000008325 0.6499999999999999 0.6
0.2000000000008325 0.6499999999999999 0.65
0.2000000000008325 0.6499999999999999 0.7
0.2000000000008325 0.6499999999999999 0.75
0.2000000000008325 0.6499999999999999 0.8
0.2000000000008325 0.6499999999999999 0.85
0.2000000000008325 0.6499999999999999 0.9
0.2000000000008325 0.6499999999999999 0.95
0.2000000000008325 0.7 0.05
0.2000000000008325 0.7 0.1
0.2000000000008325 0.7 0.15
0.2000000000008325 0.7 0.2
0.2000000000008325 0.7 0.25
0.2000000000008325 0.7 0.3
0.2000000000008325 0.7 0.35
0.2000000000008325 0.7 0.4
0.2000000000008325 0.7 0.45
0.2000000000008325 0.7 0.5
0.2000000000008325 0.7 0.55
0.2000000000008325 0.7 0.6
0.2000000000008325 0.7 0.65
0.2000000000008325 0.7 0.7
0.2000000000008325 0.7 0.75
0.2000000000008325 0.7 0.8
0.2000000000008325 0.7 0.85
0.2000000000008325 0.7 0.9
0.2000000000008325 0.7 0.95
0.2000000000008325 0.75 0.05
0.2000000000008325 0.75 0.1
0.2000000000008325 0.75 0.15
0.2000000000008325 0.75 0.2
0.2000000000008325 0.75 0.25
0.2000000000008325 0.75 0.3
0.2000000000008325 0.75 0.35
0.2000000000008325 0.75 0.4
0.2000000000008325 0.75 0.45
0.2000000000008325 0.75 0.5
0.2000000000008325 0.75 0.55
0.2000000000008325 0.75 0.6
0.2000000000008325 0.75 0.65
0.2000000000008325 0.75 0.7
0.2000000000008325 0.75 0.75
0.2000000000008325 0.75 0.8
0.2000000000008325 0.75 0.85
0.2000000000008325 0.75 0.9
0.2000000000008325 0.75 0.95
0.2000000000008325 0.7999999999999999 0.05
0.2000000000008325 0.7999999999999999 0.1
0.2000000000008325 0.7999999999999999 0.15
0.2000000000008325 0.7999999999999999 0.2
0.2000000000008325 0.7999999999999999 0.25
0.2000000000008325 0.7999999999999999 0.3
0.2000000000008325 0.7999999999999999 0.35
0.2000000000008325 0.7999999999999999 0.4
0.2000000000008325 0.7999999999999999 0.45
0.2000000000008325 0.7999999999999999 0.5
0.2000000000008325 0.7999999999999999 0.55
0.2000000000008325 0.7999999999999999 0.6
0.2000000000008325 0.7999999999999999 0.65
0.2000000000008325 0.7999999999999999 0.7
0.2000000000008325 0.7999999999999999 0.75
0.2000000000008325 0.7999999999999999 0.8
0.2000000000008325 0.7999999999999999 0.85
0.2000000000008325 0.7999999999999999 0.9
0.2000000000008325 0.7999999999999999 0.95
0.2000000000008325 0.8499999999999999 0.05
0.2000000000008325 0.8499999999999999 0.1
0.2000000000008325 0.8499999999999999 0.15
0.2000000000008325 0.8499999999999999 0.2
0.2000000000008325 0.8499999999999999 0.25
0.2000000000008325 0.8499999999999999 0.3
0.2000000000008325 0.8499999999999999 0.35
0.2000000000008325 0.8499999999999999 0.4
0.2000000000008325 0.8499999999999999 0.45
0.2000000000008325 0.8499999999999999 0.5
0.2000000000008325 0.8499999999999999 0.55
0.2000000000008325 0.8499999999999999 0.6
0.2000000000008325 0.8499999999999999 0.65
0.2000000000008325 0.8499999999999999 0.7
0.2000000000008325 0.8499999999999999 0.75
0.2000000000008325 0.8499999999999999 0.8
0.2000000000008325 0.8499999999999999 0.85
0.2000000000008325 0.8499999999999999 0.9
0.2000000000008325 0.8499999999999999 0.95
0.2000000000008325 0.8999999999999997 0.05
0.2000000000008325 0.8999999999999997 0.1
0.2000000000008325 0.8999999999999997 0.15
0.2000000000008325 0.8999999999999997 0.2
0.2000000000008325 0.8999999999999997 0.25
0.2000000000008325 0.8999999999999997 0.3
0.2000000000008325 0.8999999999999997 0.35
0.2000000000008325 0.8999999999999997 0.4
0.2000000000008325 0.8999999999999997 0.45
0.2000000000008325 0.8999999999999997 0.5
0.2000000000008325 0.8999999999999997 0.55
0.2000000000008325 0.8999999999999997 0.6
0.2000000000008325 0.8999999999999997 0.65
0.2000000000008325 0.8999999999999997 0.7
0.2000000000008325 0.8999999999999997 0.75
0.2000000000008325 0.8999999999999997 0.8
0.2000000000008325 0.8999999999999997 0.85
0.2000000000008325 0.8999999999999997 0.9
0.2000000000008325 0.8999999999999997 0.95
0.2000000000008325 0.95 0.05
0.2000000000008325 0.95 0.1
0.2000000000008325 0.95 0.15
0.2000000000008325 0.95 0.2
0.2000000000008325 0.95 0.25
0.2000000000008325 0.95 0.3
0.2000000000008325 0.95 0.35
0.2000000000008325 0.95 0.4
0.2000000000008325 0.95 0.45
0.2000000000008325 0.95 0.5
0.2000000000008325 0.95 0.55
0.2000000000008325 0.95 0.6
0.2000000000008325 0.95 0.65
0.2000000000008325 0.95 0.7
0.2000000000008325 0.95 0.75
0.2000000000008325 0.95 0.8
0.2000000000008325 0.95 0.85
0.2000000000008325 0.95 0.9
0.2000000000008325 0.95 0.95
0.1500000000006244 0.55 0.05
0.1500000000006244 0.55 0.1
0.1500000000006244 0.55 0.15
0.1500000000006244 0.55 0.2
0.1500000000006244 0.55 0.25
0.1500000000006244 0.55 0.3
0.1500000000006244 0.55 0.35
0.1500000000006244 0.55 0.4
0.1500000000006244 0.55 0.45
0.1500000000006244 0.55 0.5
0.1500000000006244 0.55 0.55
0.1500000000006244 0.55 0.6
0.1500000000006244 0.55 0.65
0.1500000000006244 0.55 0.7
0.1500000000006244 0.55 0.75
0.1500000000006244 0.55 0.8
0.1500000000006244 0.55 0.85
0.1500000000006244 0.55 0.9
0.1500000000006244 0.55 0.95
0.1500000000006244 0.6 0.05
0.1500000000006244 0.6 0.1
0.1500000000006244 0.6 0.15
0.1500000000006244 0.6 0.2
0.1500000000006244 0.6 0.25
0.1500000000006244 0.6 0.3
0.1500000000006244 0.6 0.35
0.1500000000006244 0.6 0.4
0.1500000000006244 0.6 0.45
0.1500000000006244 0.6 0.5
0.1500000000006244 0.6 0.55
0.1500000000006244 0.6 0.6
0.1500000000006244 0.6 0.65
0.1500000000006244 0.6 0.7
0.1500000000006244 0.6 0.75
0.1500000000006244 0.6 0.8
0.1500000000006244 0.6 0.85
0.1500000000006244 0.6 0.9
0.1500000000006244 0.6 0.95
0.1500000000006244 0.6499999999999999 0.05
0.1500000000006244 0.6499999999999999 0.1
0.1500000000006244 0.6499999999999999 0.15
0.1500000000006244 0.6499999999999999 0.2
0.1500000000006244 0.6499999999999999 0.25
0.1500000000006244 0.6499999999999999 0.3
0.1500000000006244 0.6499999999999999 0.35
0.1500000000006244 0.6499999999999999 0.4
0.1500000000006244 0.6499999999999999 0.45
0.1500000000006244 0.6499999999999999 0.5
0.1500000000006244 0.6499999999999999 0.55
0.1500000000006244 0.6499999999999999 0.6
0.1500000000006244 0.6499999999999999 0.65
0.1500000000006244 0.6499999999999999 0.7
0.1500000000006244 0.6499999999999999 0.75
0.1500000000006244 0.6499999999999999 0.8
0.1500000000006244 0.6499999999999999 0.85
0.1500000000006244 0.6499999999999999 0.9
0.1500000000006244 0.6499999999999999 0.95
0.1500000000006244 0.7 0.05
0.1500000000006244 0.7 0.1
0.1500000000006244 0.7 0.15
0.1500000000006244 0.7 0.2
0.1500000000006244 0.7 0.25
0.1500000000006244 0.7 0.3
0.1500000000006244 0.7 0.35
0.1500000000006244 0.7 0.4
0.1500000000006244 0.7 0.45
0.1500000000006244 0.7 0.5
0.1500000000006244 0.7 0.55
0.1500000000006244 0.7 0.6
0.1500000000006244 0.7 0.65
0.1500000000006244 0.7 0.7
0.1500000000006244 0.7 0.75
0.1500000000006244 0.7 0.8
0.1500000000006244 0.7 0.85
0.1500000000006244 0.7 0.9
0.1500000000006244 0.7 0.95
0.1500000000006244 0.75 0.05
0.1500000000006244 0.75 0.1
0.1500000000006244 0.75 0.15
0.1500000000006244 0.75 0.2
0.1500000000006244 0.75 0.25
0.1500000000006244 0.75 0.3
0.1500000000006244 0.75 0.35
0.1500000000006244 0.75 0.4
0.1500000000006244 0.75 0.45
0.1500000000006244 0.75 0.5
0.1500000000006244 0.75 0.55
0.1500000000006244 0.75 0.6
0.1500000000006244 0.75 0.65
0.1500000000006244 0.75 0.7
0.1500000000006244 0.75 0.75
0.1500000000006244 0.75 0.8
0.1500000000006244 0.75 0.85
0.1500000000006244 0.75 0.9
0.1500000000006244 0.75 0.95
0.1500000000006244 0.8 0.05
0.1500000000006244 0.8 0.1
0.1500000000006244 0.8 0.15
0.1500000000006244 0.8 0.2
0.1500000000006244 0.8 0.25
0.1500000000006244 0.8 0.3
0.1500000000006244 0.8 0.35
0.1500000000006244 0.8 0.4
0.1500000000006244 0.8 0.45
0.1500000000006244 0.8 0.5
0.1500000000006244 0.8 0.55
0.1500000000006244 0.8 0.6
0.1500000000006244 0.8 0.65
0.1500000000006244 0.8 0.7
0.1500000000006244 0.8 0.75
0.1500000000006244 0.8 0.8
0.1500000000006244 0.8 0.85
0.1500000000006244 0.8 0.9
0.1500000000006244 0.8 0.95
0.1500000000006244 0.8499999999999999 0.05
0.1500000000006244 0.8499999999999999 0.1
0.1500000000006244 0.8499999999999999 0.15
0.1500000000006244 0.8499999999999999 0.2
0.1500000000006244 0.8499999999999999 0.25
0.1500000000006244 0.8499999999999999 0.3
0.1500000000006244 0.8499999999999999 0.35
0.1500000000006244 0.8499999999999999 0.4
0.1500000000006244 0.8499999999999999 0.45
0.1500000000006244 0.8499999999999999 0.5
0.1500000000006244 0.8499999999999999 0.55
0.1500000000006244 0.8499999999999999 0.6
0.1500000000006244 0.8499999999999999 0.65
0.1500000000006244 0.8499999999999999 0.7
0.1500000000006244 0.8499999999999999 0.75
0.1500000000006244 0.8499999999999999 0.8
0.1500000000006244 0.8499999999999999 0.85
0.1500000000006244 0.8499999999999999 0.9
0.1500000000006244 0.8499999999999999 0.95
0.1500000000006244 0.8999999999999998 0.05
0.1500000000006244 0.8999999999999998 0.1
0.1500000000006244 0.8999999999999998 0.15
0.1500000000006244 0.8999999999999998 0.2
0.1500000000006244 0.8999999999999998 0.25
0.1500000000006244 0.8999999999999998 0.3
0.1500000000006244 0.8999999999999998 0.35
0.1500000000006244 0.8999999999999998 0.4
0.1500000000006244 0.8999999999999998 0.45
0.1500000000006244 0.8999999999999998 0.5
0.1500000000006244 0.8999999999999998 0.55
0.1500000000006244 0.8999999999999998 0.6
0.1500000000006244 0.8999999999999998 0.65
0.1500000000006244 0.8999999999999998 0.7
0.1500000000006244 0.8999999999999998 0.75
0.1500000000006244 0.8999999999999998 0.8
0.1500000000006244 0.8999999999999998 0.85
0.1500000000006244 0.8999999999999998 0.9
0.1500000000006244 0.8999999999999998 0.95
0.1500000000006244 0.95 0.05
0.1500000000006244 0.95 0.1
0.1500000000006244 0.95 0.15
0.1500000000006244 0.95 0.2
0.1500000000006244 0.95 0.25
0.1500000000006244 0.95 0.3
0.1500000000006244 0.95 0.35
0.1500000000006244 0.95 0.4
0.1500000000006244 0.95 0.45
0.1500000000006244 0.95 0.5
0.1500000000006244 0.95 0.55
0.1500000000006244 0.95 0.6
0.1500000000006244 0.95 0.65
0.1500000000006244 0.95 0.7
0.1500000000006244 0.95 0.75
0.1500000000006244 0.95 0.8
0.1500000000006244 0.95 0.85
0.1500000000006244 0.95 0.9
0.1500000000006244 0.95 0.95
0.1000000000004163 0.55 0.05
0.1000000000004163 0.55 0.1
0.1000000000004163 0.55 0.15
0.1000000000004163 0.55 0.2
0.1000000000004163 0.55 0.25
0.1000000000004163 0.55 0.3
0.1000000000004163 0.55 0.35
0.1000000000004163 0.55 0.4
0.1000000000004163 0.55 0.45
0.1000000000004163 0.55 0.5
0.1000000000004163 0.55 0.55
0.1000000000004163 0.55 0.6
0.1000000000004163 0.55 0.65
0.1000000000004163 0.55 0.7
0.1000000000004163 0.55 0.75
0.1000000000004163 0.55 0.8
0.1000000000004163 0.55 0.85
0.1000000000004163 0.55 0.9
0.1000000000004163 0.55 0.95
0.1000000000004163 0.6 0.05
0.1000000000004163 0.6 0.1
0.1000000000004163 0.6 0.15
0.1000000000004163 0.6 0.2
0.1000000000004163 0.6 0.25
0.1000000000004163 0.6 0.3
0.1000000000004163 0.6 0.35
0.1000000000004163 0.6 0.4
0.1000000000004163 0.6 0.45
0.1000000000004163 0.6 0.5
0.1000000000004163 0.6 0.55
0.1000000000004163 0.6 0.6
0.1000000000004163 0.6 0.65
0.1000000000004163 0.6 0.7
0.1000000000004163 0.6 0.75
0.1000000000004163 0.6 0.8
0.1000000000004163 0.6 0.85
0.1000000000004163 0.6 0.9
0.1000000000004163 0.6 0.95
0.1000000000004163 0.6499999999999999 0.05
0.1000000000004163 0.6499999999999999 0.1
0.1000000000004163 0.6499999999999999 0.15
0.1000000000004163 0.6499999999999999 0.2
0.1000000000004163 0.6499999999999999 0.25
0.1000000000004163 0.6499999999999999 0.3
0.1000000000004163 0.6499999999999999 0.35
0.1000000000004163 0.6499999999999999 0.4
0.1000000000004163 0.6499999999999999 0.45
0.1000000000004163 0.6499999999999999 0.5
0.1000000000004163 0.6499999999999999 0.55
0.1000000000004163 0.6499999999999999 0.6
0.1000000000004163 0.6499999999999999 0.65
0.1000000000004163 0.6499999999999999 0.7
0.1000000000004163 0.6499999999999999 0.75
0.1000000000004163 0.6499999999999999 0.8
0.1000000000004163 0.6499999999999999 0.85
0.1000000000004163 0.6499999999999999 0.9
0.1000000000004163 0.6499999999999999 0.95
0.1000000000004163 0.6999999999999998 0.05
0.1000000000004163 0.6999999999999998 0.1
0.1000000000004163 0.6999999999999998 0.15
0.1000000000004163 0.6999999999999998 0.2
0.1000000000004163 0.6999999999999998 0.25
0.1000000000004163 0.6999999999999998 0.3
0.1000000000004163 0.6999999999999998 0.35
0.1000000000004163 0.6999999999999998 0.4
0.1000000000004163 0.6999999999999998 0.45
0.1000000000004163 0.6999999999999998 0.5
0.1000000000004163 0.6999999999999998 0.55
0.1000000000004163 0.6999999999999998 0.6
0.1000000000004163 0.6999999999999998 0.65
0.1000000000004163 0.6999999999999998 0.7
0.1000000000004163 0.6999999999999998 0.75
0.1000000000004163 0.6999999999999998 0.8
0.1000000000004163 0.6999999999999998 0.85
0.1000000000004163 0.6999999999999998 0.9
0.1000000000004163 0.6999999999999998 0.95
0.1000000000004163 0.75 0.05
0.1000000000004163 0.75 0.1
0.1000000000004163 0.75 0.15
0.1000000000004163 0.75 0.2
0.1000000000004163 0.75 0.25
0.1000000000004163 0.75 0.3
0.1000000000004163 0.75 0.35
0.1000000000004163 0.75 0.4
0.1000000000004163 0.75 0.45
0.1000000000004163 0.75 0.5
0.1000000000004163 0.75 0.55
0.1000000000004163 0.75 0.6
0.1000000000004163 0.75 0.65
0.1000000000004163 0.75 0.7
0.1000000000004163 0.75 0.75
0.1000000000004163 0.75 0.8
0.1000000000004163 0.75 0.85
0.1000000000004163 0.75 0.9
0.1000000000004163 0.75 0.95
0.1000000000004163 0.8 0.05
0.1000000000004163 0.8 0.1
0.1000000000004163 0.8 0.15
0.1000000000004163 0.8 0.2
0.1000000000004163 0.8 0.25
0.1000000000004163 0.8 0.3
0.1000000000004163 0.8 0.35
0.1000000000004163 0.8 0.4
0.1000000000004163 0.8 0.45
0.1000000000004163 0.8 0.5
0.1000000000004163 0.8 0.55
0.1000000000004163 0.8 0.6
0.1000000000004163 0.8 0.65
0.1000000000004163 0.8 0.7
0.1000000000004163 0.8 0.75
0.1000000000004163 0.8 0.8
0.1000000000004163 0.8 0.85
0.1000000000004163 0.8 0.9
0.1000000000004163 0.8 0.95
0.1000000000004163 0.85 0.05
0.1000000000004163 0.85 0.1
0.1000000000004163 0.85 0.15
0.1000000000004163 0.85 0.2
0.1000000000004163 0.85 0.25
0.1000000000004163 0.85 0.3
0.1000000000004163 0.85 0.35
0.1000000000004163 0.85 0.4
0.1000000000004163 0.85 0.45
0.1000000000004163 0.85 0.5
0.1000000000004163 0.85 0.55
0.1000000000004163 0.85 0.6
0.1000000000004163 0.85 0.65
0.1000000000004163 0.85 0.7
0.1000000000004163 0.85 0.75
0.1000000000004163 0.85 0.8
0.1000000000004163 0.85 0.85
0.1000000000004163 0.85 0.9
0.1000000000004163 0.85 0.95
0.1000000000004163 0.9 0.05
0.1000000000004163 0.9 0.1
0.1000000000004163 0.9 0.15
0.1000000000004163 0.9 0.2
0.1000000000004163 0.9 0.25
0.1000000000004163 0.9 0.3
0.1000000000004163 0.9 0.35
0.1000000000004163 0.9 0.4
0.1000000000004163 0.9 0.45
0.1000000000004163 0.9 0.5
0.1000000000004163 0.9 0.55
0.1000000000004163 0.9 0.6
0.1000000000004163 0.9 0.65
0.1000000000004163 0.9 0.7
0.1000000000004163 0.9 0.75
0.1000000000004163 0.9 0.8
0.1000000000004163 0.9 0.85
0.1000000000004163 0.9 0.9
0.1000000000004163 0.9 0.95
0.1000000000004163 0.95 0.05
0.1000000000004163 0.95 0.1
0.1000000000004163 0.95 0.15
0.1000000000004163 0.95 0.2
0.1000000000004163 0.95 0.25
0.1000000000004163 0.95 0.3
0.1000000000004163 0.95 0.35
0.1000000000004163 0.95 0.4
0.1000000000004163 0.95 0.45
0.1000000000004163 0.95 0.5
0.1000000000004163 0.95 0.55
0.1000000000004163 0.95 0.6
0.1000000000004163 0.95 0.65
0.1000000000004163 0.95 0.7
0.1000000000004163 0.95 0.75
0.1000000000004163 0.95 0.8
0.1000000000004163 0.95 0.85
0.1000000000004163 0.95 0.9
0.1000000000004163 0.95 0.95
0.0500000000002081 0.55 0.05
0.0500000000002081 0.55 0.1
0.0500000000002081 0.55 0.15
0.0500000000002081 0.55 0.2
0.0500000000002081 0.55 0.25
0.0500000000002081 0.55 0.3
0.0500000000002081 0.55 0.35
0.0500000000002081 0.55 0.4
0.0500000000002081 0.55 0.45
0.0500000000002081 0.55 0.5
0.0500000000002081 0.55 0.55
0.0500000000002081 0.55 0.6
0.0500000000002081 0.55 0.65
0.0500000000002081 0.55 0.7
0.0500000000002081 0.55 0.75
0.0500000000002081 0.55 0.8
0.0500000000002081 0.55 0.85
0.0500000000002081 0.55 0.9
0.0500000000002081 0.55 0.95
0.0500000000002081 0.5999999999999999 0.05
0.0500000000002081 0.5999999999999999 0.1
0.0500000000002081 0.5999999999999999 0.15
0.0500000000002081 0.5999999999999999 0.2
0.0500000000002081 0.5999999999999999 0.25
0.0500000000002081 0.5999999999999999 0.3
0.0500000000002081 0.5999999999999999 0.35
0.0500000000002081 0.5999999999999999 0.4
0.0500000000002081 0.5999999999999999 0.45
0.0500000000002081 0.5999999999999999 0.5
0.0500000000002081 0.5999999999999999 0.55
0.0500000000002081 0.5999999999999999 0.6
0.0500000000002081 0.5999999999999999 0.65
0.0500000000002081 0.5999999999999999 0.7
0.0500000000002081 0.5999999999999999 0.75
0.0500000000002081 0.5999999999999999 0.8
0.0500000000002081 0.5999999999999999 0.85
0.0500000000002081 0.5999999999999999 0.9
0.0500000000002081 0.5999999999999999 0.95
0.0500000000002081 0.6499999999999999 0.05
0.0500000000002081 0.6499999999999999 0.1
0.0500000000002081 0.6499999999999999 0.15
0.0500000000002081 0.6499999999999999 0.2
0.0500000000002081 0.6499999999999999 0.25
0.0500000000002081 0.6499999999999999 0.3
0.0500000000002081 0.6499999999999999 0.35
0.0500000000002081 0.6499999999999999 0.4
0.0500000000002081 0.6499999999999999 0.45
0.0500000000002081 0.6499999999999999 0.5
0.0500000000002081 0.6499999999999999 0.55
0.0500000000002081 0.6499999999999999 0.6
0.0500000000002081 0.6499999999999999 0.65
0.0500000000002081 0.6499999999999999 0.7
0.0500000000002081 0.6499999999999999 0.75
0.0500000000002081 0.6499999999999999 0.8
0.0500000000002081 0.6499999999999999 0.85
0.0500000000002081 0.6499999999999999 0.9
0.0500000000002081 0.6499999999999999 0.95
0.0500000000002081 0.7 0.05
0.0500000000002081 0.7 0.1
0.0500000000002081 0.7 0.15
0.0500000000002081 0.7 0.2
0.0500000000002081 0.7 0.25
0.0500000000002081 0.7 0.3
0.0500000000002081 0.7 0.35
0.0500000000002081 0.7 0.4
0.0500000000002081 0.7 0.45
0.0500000000002081 0.7 0.5
0.0500000000002081 0.7 0.55
0.0500000000002081 0.7 0.6
0.0500000000002081 0.7 0.65
0.0500000000002081 0.7 0.7
0.0500000000002081 0.7 0.75
0.0500000000002081 0.7 0.8
0.0500000000002081 0.7 0.85
0.0500000000002081 0.7 0.9
0.0500000000002081 0.7 0.95
0.0500000000002081 0.75 0.05
0.0500000000002081 0.75 0.1
0.0500000000002081 0.75 0.15
0.0500000000002081 0.75 0.2
0.0500000000002081 0.75 0.25
0.0500000000002081 0.75 0.3
0.0500000000002081 0.75 0.35
0.0500000000002081 0.75 0.4
0.0500000000002081 0.75 0.45
0.0500000000002081 0.75 0.5
0.0500000000002081 0.75 0.55
0.0500000000002081 0.75 0.6
0.0500000000002081 0.75 0.65
0.0500000000002081 0.75 0.7
0.0500000000002081 0.75 0.75
0.0500000000002081 0.75 0.8
0.0500000000002081 0.75 0.85
0.0500000000002081 0.75 0.9
0.0500000000002081 0.75 0.95
0.0500000000002081 0.8 0.05
0.0500000000002081 0.8 0.1
0.0500000000002081 0.8 0.15
0.0500000000002081 0.8 0.2
0.0500000000002081 0.8 0.25
0.0500000000002081 0.8 0.3
0.0500000000002081 0.8 0.35
0.0500000000002081 0.8 0.4
0.0500000000002081 0.8 0.45
0.0500000000002081 0.8 0.5
0.0500000000002081 0.8 0.55
0.0500000000002081 0.8 0.6
0.0500000000002081 0.8 0.65
0.0500000000002081 0.8 0.7
0.0500000000002081 0.8 0.75
0.0500000000002081 0.8 0.8
0.0500000000002081 0.8 0.85
0.0500000000002081 0.8 0.9
0.0500000000002081 0.8 0.95
0.0500000000002081 0.8500000000000001 0.05
0.0500000000002081 0.8500000000000001 0.1
0.0500000000002081 0.8500000000000001 0.15
0.0500000000002081 0.8500000000000001 0.2
0.0500000000002081 0.8500000000000001 0.25
0.0500000000002081 0.8500000000000001 0.3
0.0500000000002081 0.8500000000000001 0.35
0.0500000000002081 0.8500000000000001 0.4
0.0500000000002081 0.8500000000000001 0.45
0.0500000000002081 0.8500000000000001 0.5
0.0500000000002081 0.8500000000000001 0.55
0.0500000000002081 0.8500000000000001 0.6
0.0500000000002081 0.8500000000000001 0.65
0.0500000000002081 0.8500000000000001 0.7
0.0500000000002081 0.8500000000000001 0.75
0.0500000000002081 0.8500000000000001 0.8
0.0500000000002081 0.8500000000000001 0.85
0.0500000000002081 0.8500000000000001 0.9
0.0500000000002081 0.8500000000000001 0.95
0.0500000000002081 0.8999999999999999 0.05
0.0500000000002081 0.8999999999999999 0.1
0.0500000000002081 0.8999999999999999 0.15
0.0500000000002081 0.8999999999999999 0.2
0.0500000000002081 0.8999999999999999 0.25
0.0500000000002081 0.8999999999999999 0.3
0.0500000000002081 0.8999999999999999 0.35
0.0500000000002081 0.8999999999999999 0.4
0.0500000000002081 0.8999999999999999 0.45
0.0500000000002081 0.8999999999999999 0.5
0.0500000000002081 0.8999999999999999 0.55
0.0500000000002081 0.8999999999999999 0.6
0.0500000000002081 0.8999999999999999 0.65
0.0500000000002081 0.8999999999999999 0.7
0.0500000000002081 0.8999999999999999 0.75
0.0500000000002081 0.8999999999999999 0.8
0.0500000000002081 0.8999999999999999 0.85
0.0500000000002081 0.8999999999999999 0.9
0.0500000000002081 0.8999999999999999 0.95
0.0500000000002081 0.95 0.05
0.0500000000002081 0.95 0.1
0.0500000000002081 0.95 0.15
0.0500000000002081 0.95 0.2
0.0500000000002081 0.95 0.25
0.0500000000002081 0.95 0.3
0.0500000000002081 0.95 0.35
0.0500000000002081 0.95 0.4
0.0500000000002081 0.95 0.45
0.0500000000002081 0.95 0.5
0.0500000000002081 0.95 0.55
0.0500000000002081 0.95 0.6
0.0500000000002081 0.95 0.65
0.0500000000002081 0.95 0.7
0.0500000000002081 0.95 0.75
0.0500000000002081 0.95 0.8
0.0500000000002081 0.95 0.85
0.0500000000002081 0.95 0.9
0.0500000000002081 0.95 0.95
$EndNodes
$Elements
75 11638 1 11638
0 1 15 1
1 1 
0 2 15 1
2 2 
0 3 15 1
3 3 
0 4 15 1
4 4 
0 6 15 1
5 5 
0 7 15 1
6 6 
0 11 15 1
7 7 
0 12 15 1
8 8 
0 16 15 1
9 9 
0 17 15 1
10 10 
0 18 15 1
11 11 
0 22 15 1
12 12 
0 26 15 1
13 13 
0 28 15 1
14 14 
0 32 15 1
15 15 
0 38 15 1
16 16 
0 42 15 1
17 17 
0 52 15 1
18 18 
1 1 1 10
19 1 19 
20 19 20 
21 20 21 
22 21 22 
23 22 23 
24 23 24 
25 24 25 
26 25 26 
27 26 27 
28 27 2 
1 2 1 10
29 2 28 
30 28 29 
31 29 30 
32 30 31 
33 31 32 
34 32 33 
35 33 34 
36 34 35 
37 35 36 
38 36 3 
1 3 1 10
39 3 37 
40 37 38 
41 38 39 
42 39 40 
43 40 41 
44 41 42 
45 42 43 
46 43 44 
47 44 45 
48 45 4 
1 4 1 10
49 4 46 
50 46 47 
51 47 48 
52 48 49 
53 49 50 
54 50 51 
55 51 52 
56 52 53 
57 53 54 
58 54 1 
1 5 1 10
59 2 55 
60 55 56 
61 56 57 
62 57 58 
63 58 59 
64 59 60 
65 60 61 
66 61 62 
67 62 63 
68 63 5 
1 6 1 10
69 5 64 
70 64 65 
71 65 66 
72 66 67 
73 67 68 
74 68 69 
75 69 70 
76 70 71 
77 71 72 
78 72 6 
1 7 1 10
79 6 73 
80 73 74 
81 74 75 
82 75 76 
83 76 77 
84 77 78 
85 78 79 
86 79 80 
87 80 81 
88 81 3 
1 10 1 10
89 6 82 
90 82 83 
91 83 84 
92 84 85 
93 85 86 
94 86 87 
95 87 88 
96 88 89 
97 89 90 
98 90 7 
1 11 1 10
99 7 91 
100 91 92 
101 92 93 
102 93 94 
103 94 95 
104 95 96 
105 96 97 
106 97 98 
107 98 99 
108 99 8 
1 12 1 10
109 8 100 
110 100 101 
111 101 102 
112 102 103 
113 103 104 
114 104 105 
115 105 106 
116 106 107 
117 107 108 
118 108 3 
1 15 1 10
119 8 109 
120 109 110 
121 110 111 
122 111 112 
123 112 113 
124 113 114 
125 114 115 
126 115 116 
127 116 117 
128 117 9 
1 16 1 10
129 9 118 
130 118 119 
131 119 120 
132 120 121 
133 121 122 
134 122 123 
135 123 124 
136 124 125 
137 125 126 
138 126 4 
1 18 1 10
139 10 127 
140 127 128 
141 128 129 
142 129 130 
143 130 131 
144 131 132 
145 132 133 
146 133 134 
147 134 135 
148 135 11 
1 19 1 10
149 11 136 
150 136 137 
151 137 138 
152 138 139 
153 139 140 
154 140 141 
155 141 142 
156 142 143 
157 143 144 
158 144 12 
1 20 1 10
159 12 145 
160 145 146 
161 146 147 
162 147 148 
163 148 149 
164 149 150 
165 150 151 
166 151 152 
167 152 153 
168 153 13 
1 21 1 10
169 13 154 
170 154 155 
171 155 156 
172 156 157 
173 157 158 
174 158 159 
175 159 160 
176 160 161 
177 161 162 
178 162 10 
1 23 1 20
179 1 163 
180 163 164 
181 164 165 
182 165 166 
183 166 167 
184 167 168 
185 168 169 
186 169 170 
187 170 171 
188 171 172 
189 172 173 
190 173 174 
191 174 175 
192 175 176 
193 176 177 
194 177 178 
195 178 179 
196 179 180 
197 180 181 
198 181 10 
1 24 1 20
199 2 182 
200 182 183 
201 183 184 
202 184 185 
203 185 186 
204 186 187 
205 187 188 
206 188 189 
207 189 190 
208 190 191 
209 191 192 
210 192 193 
211 193 194 
212 194 195 
213 195 196 
214 196 197 
215 197 198 
216 198 199 
217 199 200 
218 200 11 
1 28 1 20
219 3 201 
220 201 202 
221 202 203 
222 203 204 
223 204 205 
224 205 206 
225 206 207 
226 207 208 
227 208 209 
228 209 210 
229 210 211 
230 211 212 
231 212 213 
232 213 214 
233 214 215 
234 215 216 
235 216 217 
236 217 218 
237 218 219 
238 219 12 
1 32 1 20
239 4 220 
240 220 221 
241 221 222 
242 222 223 
243 223 224 
244 224 225 
245 225 226 
246 226 227 
247 227 228 
248 228 229 
249 229 230 
250 230 231 
251 231 232 
252 232 233 
253 233 234 
254 234 235 
255 235 236 
256 236 237 
257 237 238 
258 238 13 
1 40 1 10
259 11 239 
260 239 240 
261 240 241 
262 241 242 
263 242 243 
264 243 244 
265 244 245 
266 245 246 
267 246 247 
268 247 14 
1 41 1 10
269 14 248 
270 248 249 
271 249 250 
272 250 251 
273 251 252 
274 252 253 
275 253 254 
276 254 255 
277 255 256 
278 256 15 
1 42 1 10
279 15 257 
280 257 258 
281 258 259 
282 259 260 
283 260 261 
284 261 262 
285 262 263 
286 263 264 
287 264 265 
288 265 12 
1 46 1 20
289 5 266 
290 266 267 
291 267 268 
292 268 269 
293 269 270 
294 270 271 
295 271 272 
296 272 273 
297 273 274 
298 274 275 
299 275 276 
300 276 277 
301 277 278 
302 278 279 
303 279 280 
304 280 281 
305 281 282 
306 282 283 
307 283 284 
308 284 14 
1 50 1 20
309 6 285 
310 285 286 
311 286 287 
312 287 288 
313 288 289 
314 289 290 
315 290 291 
316 291 292 
317 292 293 
318 293 294 
319 294 295 
320 295 296 
321 296 297 
322 297 298 
323 298 299 
324 299 300 
325 300 301 
326 301 302 
327 302 303 
328 303 15 
1 63 1 10
329 15 304 
330 304 305 
331 305 306 
332 306 307 
333 307 308 
334 308 309 
335 309 310 
336 310 311 
337 311 312 
338 312 16 
1 64 1 10
339 16 313 
340 313 314 
341 314 315 
342 315 316 
343 316 317 
344 317 318 
345 318 319 
346 319 320 
347 320 321 
348 321 17 
1 65 1 10
349 17 322 
350 322 323 
351 323 324 
352 324 325 
353 325 326 
354 326 327 
355 327 328 
356 328 329 
357 329 330 
358 330 12 
1 72 1 20
359 7 331 
360 331 332 
361 332 333 
362 333 334 
363 334 335 
364 335 336 
365 336 337 
366 337 338 
367 338 339 
368 339 340 
369 340 341 
370 341 342 
371 342 343 
372 343 344 
373 344 345 
374 345 346 
375 346 347 
376 347 348 
377 348 349 
378 349 16 
1 76 1 20
379 8 350 
380 350 351 
381 351 352 
382 352 353 
383 353 354 
384 354 355 
385 355 356 
386 356 357 
387 357 358 
388 358 359 
389 359 360 
390 360 361 
391 361 362 
392 362 363 
393 363 364 
394 364 365 
395 365 366 
396 366 367 
397 367 368 
398 368 17 
1 86 1 10
399 17 369 
400 369 370 
401 370 371 
402 371 372 
403 372 373 
404 373 374 
405 374 375 
406 375 376 
407 376 377 
408 377 18 
1 87 1 10
409 18 378 
410 378 379 
411 379 380 
412 380 381 
413 381 382 
414 382 383 
415 383 384 
416 384 385 
417 385 386 
418 386 13 
1 98 1 20
419 9 387 
420 387 388 
421 388 389 
422 389 390 
423 390 391 
424 391 392 
425 392 393 
426 393 394 
427 394 395 
428 395 396 
429 396 397 
430 397 398 
431 398 399 
432 399 400 
433 400 401 
434 401 402 
435 402 403 
436 403 404 
437 404 405 
438 405 18 
2 1 3 100
439 1 19 406 54 
440 54 406 407 53 
441 53 407 408 52 
442 52 408 409 51 
443 51 409 410 50 
444 50 410 411 49 
445 49 411 412 48 
446 48 412 413 47 
447 47 413 414 46 
448 46 414 45 4 
449 19 20 415 406 
450 406 415 416 407 
451 407 416 417 408 
452 408 417 418 409 
453 409 418 419 410 
454 410 419 420 411 
455 411 420 421 412 
456 412 421 422 413 
457 413 422 423 414 
458 414 423 44 45 
459 20 21 424 415 
460 415 424 425 416 
461 416 425 426 417 
462 417 426 427 418 
463 418 427 428 419 
464 419 428 429 420 
465 420 429 430 421 
466 421 430 431 422 
467 422 431 432 423 
468 423 432 43 44 
469 21 22 433 424 
470 424 433 434 425 
471 425 434 435 426 
472 426 435 436 427 
473 427 436 437 428 
474 428 437 438 429 
475 429 438 439 430 
476 430 439 440 431 
477 431 440 441 432 
478 432 441 42 43 
479 22 23 442 433 
480 433 442 443 434 
481 434 443 444 435 
482 435 444 445 436 
483 436 445 446 437 
484 437 446 447 438 
485 438 447 448 439 
486 439 448 449 440 
487 440 449 450 441 
488 441 450 41 42 
489 23 24 451 442 
490 442 451 452 443 
491 443 452 453 444 
492 444 453 454 445 
493 445 454 455 446 
494 446 455 456 447 
495 447 456 457 448 
496 448 457 458 449 
497 449 458 459 450 
498 450 459 40 41 
499 24 25 460 451 
500 451 460 461 452 
501 452 461 462 453 
502 453 462 463 454 
503 454 463 464 455 
504 455 464 465 456 
505 456 465 466 457 
506 457 466 467 458 
507 458 467 468 459 
508 459 468 39 40 
509 25 26 469 460 
510 460 469 470 461 
511 461 470 471 462 
512 462 471 472 463 
513 463 472 473 464 
514 464 473 474 465 
515 465 474 475 466 
516 466 475 476 467 
517 467 476 477 468 
518 468 477 38 39 
519 26 27 478 469 
520 469 478 479 470 
521 470 479 480 471 
522 471 480 481 472 
523 472 481 482 473 
524 473 482 483 474 
525 474 483 484 475 
526 475 484 485 476 
527 476 485 486 477 
528 477 486 37 38 
529 27 2 28 478 
530 478 28 29 479 
531 479 29 30 480 
532 480 30 31 481 
533 481 31 32 482 
534 482 32 33 483 
535 483 33 34 484 
536 484 34 35 485 
537 485 35 36 486 
538 486 36 3 37 
2 2 3 100
539 2 55 487 28 
540 28 487 488 29 
541 29 488 489 30 
542 30 489 490 31 
543 31 490 491 32 
544 32 491 492 33 
545 33 492 493 34 
546 34 493 494 35 
547 35 494 495 36 
548 36 495 81 3 
549 55 56 496 487 
550 487 496 497 488 
551 488 497 498 489 
552 489 498 499 490 
553 490 499 500 491 
554 491 500 501 492 
555 492 501 502 493 
556 493 502 503 494 
557 494 503 504 495 
558 495 504 80 81 
559 56 57 505 496 
560 496 505 506 497 
561 497 506 507 498 
562 498 507 508 499 
563 499 508 509 500 
564 500 509 510 501 
565 501 510 511 502 
566 502 511 512 503 
567 503 512 513 504 
568 504 513 79 80 
569 57 58 514 505 
570 505 514 515 506 
571 506 515 516 507 
572 507 516 517 508 
573 508 517 518 509 
574 509 518 519 510 
575 510 519 520 511 
576 511 520 521 512 
577 512 521 522 513 
578 513 522 78 79 
579 58 59 523 514 
580 514 523 524 515 
581 515 524 525 516 
582 516 525 526 517 
583 517 526 527 518 
584 518 527 528 519 
585 519 528 529 520 
586 520 529 530 521 
587 521 530 531 522 
588 522 531 77 78 
589 59 60 532 523 
590 523 532 533 524 
591 524 533 534 525 
592 525 534 535 526 
593 526 535 536 527 
594 527 536 537 528 
595 528 537 538 529 
596 529 538 539 530 
597 530 539 540 531 
598 531 540 76 77 
599 60 61 541 532 
600 532 541 542 533 
601 533 542 543 534 
602 534 543 544 535 
603 535 544 545 536 
604 536 545 546 537 
605 537 546 547 538 
606 538 547 548 539 
607 539 548 549 540 
608 540 549 75 76 
609 61 62 550 541 
610 541 550 551 542 
611 542 551 552 543 
612 543 552 553 544 
613 544 553 554 545 
614 545 554 555 546 
615 546 555 556 547 
616 547 556 557 548 
617 548 557 558 549 
618 549 558 74 75 
619 62 63 559 550 
620 550 559 560 551 
621 551 560 561 552 
622 552 561 562 553 
623 553 562 563 554 
624 554 563 564 555 
625 555 564 565 556 
626 556 565 566 557 
627 557 566 567 558 
628 558 567 73 74 
629 63 5 64 559 
630 559 64 65 560 
631 560 65 66 561 
632 561 66 67 562 
633 562 67 68 563 
634 563 68 69 564 
635 564 69 70 565 
636 565 70 71 566 
637 566 71 72 567 
638 567 72 6 73 
2 3 3 100
639 6 82 568 73 
640 82 83 569 568 
641 83 84 570 569 
642 84 85 571 570 
643 85 86 572 571 
644 86 87 573 572 
645 87 88 574 573 
646 88 89 575 574 
647 89 90 576 575 
648 90 7 91 576 
649 73 568 577 74 
650 568 569 578 577 
651 569 570 579 578 
652 570 571 580 579 
653 571 572 581 580 
654 572 573 582 581 
655 573 574 583 582 
656 574 575 584 583 
657 575 576 585 584 
658 576 91 92 585 
659 74 577 586 75 
660 577 578 587 586 
661 578 579 588 587 
662 579 580 589 588 
663 580 581 590 589 
664 581 582 591 590 
665 582 583 592 591 
666 583 584 593 592 
667 584 585 594 593 
668 585 92 93 594 
669 75 586 595 76 
670 586 587 596 595 
671 587 588 597 596 
672 588 589 598 597 
673 589 590 599 598 
674 590 591 600 599 
675 591 592 601 600 
676 592 593 602 601 
677 593 594 603 602 
678 594 93 94 603 
679 76 595 604 77 
680 595 596 605 604 
681 596 597 606 605 
682 597 598 607 606 
683 598 599 608 607 
684 599 600 609 608 
685 600 601 610 609 
686 601 602 611 610 
687 602 603 612 611 
688 603 94 95 612 
689 77 604 613 78 
690 604 605 614 613 
691 605 606 615 614 
692 606 607 616 615 
693 607 608 617 616 
694 608 609 618 617 
695 609 610 619 618 
696 610 611 620 619 
697 611 612 621 620 
698 612 95 96 621 
699 78 613 622 79 
700 613 614 623 622 
701 614 615 624 623 
702 615 616 625 624 
703 616 617 626 625 
704 617 618 627 626 
705 618 619 628 627 
706 619 620 629 628 
707 620 621 630 629 
708 621 96 97 630 
709 79 622 631 80 
710 622 623 632 631 
711 623 624 633 632 
712 624 625 634 633 
713 625 626 635 634 
714 626 627 636 635 
715 627 628 637 636 
716 628 629 638 637 
717 629 630 639 638 
718 630 97 98 639 
719 80 631 640 81 
720 631 632 641 640 
721 632 633 642 641 
722 633 634 643 642 
723 634 635 644 643 
724 635 636 645 644 
725 636 637 646 645 
726 637 638 647 646 
727 638 639 648 647 
728 639 98 99 648 
729 81 640 108 3 
730 640 641 107 108 
731 641 642 106 107 
732 642 643 105 106 
733 643 644 104 105 
734 644 645 103 104 
735 645 646 102 103 
736 646 647 101 102 
737 647 648 100 101 
738 648 99 8 100 
2 4 3 100
739 3 108 649 37 
740 108 107 650 649 
741 107 106 651 650 
742 106 105 652 651 
743 105 104 653 652 
744 104 103 654 653 
745 103 102 655 654 
746 102 101 656 655 
747 101 100 657 656 
748 100 8 109 657 
749 37 649 658 38 
750 649 650 659 658 
751 650 651 660 659 
752 651 652 661 660 
753 652 653 662 661 
754 653 654 663 662 
755 654 655 664 663 
756 655 656 665 664 
757 656 657 666 665 
758 657 109 110 666 
759 38 658 667 39 
760 658 659 668 667 
761 659 660 669 668 
762 660 661 670 669 
763 661 662 671 670 
764 662 663 672 671 
765 663 664 673 672 
766 664 665 674 673 
767 665 666 675 674 
768 666 110 111 675 
769 39 667 676 40 
770 667 668 677 676 
771 668 669 678 677 
772 669 670 679 678 
773 670 671 680 679 
774 671 672 681 680 
775 672 673 682 681 
776 673 674 683 682 
777 674 675 684 683 
778 675 111 112 684 
779 40 676 685 41 
780 676 677 686 685 
781 677 678 687 686 
782 678 679 688 687 
783 679 680 689 688 
784 680 681 690 689 
785 681 682 691 690 
786 682 683 692 691 
787 683 684 693 692 
788 684 112 113 693 
789 41 685 694 42 
790 685 686 695 694 
791 686 687 696 695 
792 687 688 697 696 
793 688 689 698 697 
794 689 690 699 698 
795 690 691 700 699 
796 691 692 701 700 
797 692 693 702 701 
798 693 113 114 702 
799 42 694 703 43 
800 694 695 704 703 
801 695 696 705 704 
802 696 697 706 705 
803 697 698 707 706 
804 698 699 708 707 
805 699 700 709 708 
806 700 701 710 709 
807 701 702 711 710 
808 702 114 115 711 
809 43 703 712 44 
810 703 704 713 712 
811 704 705 714 713 
812 705 706 715 714 
813 706 707 716 715 
814 707 708 717 716 
815 708 709 718 717 
816 709 710 719 718 
817 710 711 720 719 
818 711 115 116 720 
819 44 712 721 45 
820 712 713 722 721 
821 713 714 723 722 
822 714 715 724 723 
823 715 716 725 724 
824 716 717 726 725 
825 717 718 727 726 
826 718 719 728 727 
827 719 720 729 728 
828 720 116 117 729 
829 45 721 126 4 
830 721 722 125 126 
831 722 723 124 125 
832 723 724 123 124 
833 724 725 122 123 
834 725 726 121 122 
835 726 727 120 121 
836 727 728 119 120 
837 728 729 118 119 
838 729 117 9 118 
2 25 3 200
839 1 19 730 163 
840 163 730 731 164 
841 164 731 732 165 
842 165 732 733 166 
843 166 733 734 167 
844 167 734 735 168 
845 168 735 736 169 
846 169 736 737 170 
847 170 737 738 171 
848 171 738 739 172 
849 172 739 740 173 
850 173 740 741 174 
851 174 741 742 175 
852 175 742 743 176 
853 176 743 744 177 
854 177 744 745 178 
855 178 745 746 179 
856 179 746 747 180 
857 180 747 748 181 
858 181 748 127 10 
859 19 20 749 730 
860 730 749 750 731 
861 731 750 751 732 
862 732 751 752 733 
863 733 752 753 734 
864 734 753 754 735 
865 735 754 755 736 
866 736 755 756 737 
867 737 756 757 738 
868 738 757 758 739 
869 739 758 759 740 
870 740 759 760 741 
871 741 760 761 742 
872 742 761 762 743 
873 743 762 763 744 
874 744 763 764 745 
875 745 764 765 746 
876 746 765 766 747 
877 747 766 767 748 
878 748 767 128 127 
879 20 21 768 749 
880 749 768 769 750 
881 750 769 770 751 
882 751 770 771 752 
883 752 771 772 753 
884 753 772 773 754 
885 754 773 774 755 
886 755 774 775 756 
887 756 775 776 757 
888 757 776 777 758 
889 758 777 778 759 
890 759 778 779 760 
891 760 779 780 761 
892 761 780 781 762 
893 762 781 782 763 
894 763 782 783 764 
895 764 783 784 765 
896 765 784 785 766 
897 766 785 786 767 
898 767 786 129 128 
899 21 22 787 768 
900 768 787 788 769 
901 769 788 789 770 
902 770 789 790 771 
903 771 790 791 772 
904 772 791 792 773 
905 773 792 793 774 
906 774 793 794 775 
907 775 794 795 776 
908 776 795 796 777 
909 777 796 797 778 
910 778 797 798 779 
911 779 798 799 780 
912 780 799 800 781 
913 781 800 801 782 
914 782 801 802 783 
915 783 802 803 784 
916 784 803 804 785 
917 785 804 805 786 
918 786 805 130 129 
919 22 23 806 787 
920 787 806 807 788 
921 788 807 808 789 
922 789 808 809 790 
923 790 809 810 791 
924 791 810 811 792 
925 792 811 812 793 
926 793 812 813 794 
927 794 813 814 795 
928 795 814 815 796 
929 796 815 816 797 
930 797 816 817 798 
931 798 817 818 799 
932 799 818 819 800 
933 800 819 820 801 
934 801 820 821 802 
935 802 821 822 803 
936 803 822 823 804 
937 804 823 824 805 
938 805 824 131 130 
939 23 24 825 806 
940 806 825 826 807 
941 807 826 827 808 
942 808 827 828 809 
943 809 828 829 810 
944 810 829 830 811 
945 811 830 831 812 
946 812 831 832 813 
947 813 832 833 814 
948 814 833 834 815 
949 815 834 835 816 
950 816 835 836 817 
951 817 836 837 818 
952 818 837 838 819 
953 819 838 839 820 
954 820 839 840 821 
955 821 840 841 822 
956 822 841 842 823 
957 823 842 843 824 
958 824 843 132 131 
959 24 25 844 825 
960 825 844 845 826 
961 826 845 846 827 
962 827 846 847 828 
963 828 847 848 829 
964 829 848 849 830 
965 830 849 850 831 
966 831 850 851 832 
967 832 851 852 833 
968 833 852 853 834 
969 834 853 854 835 
970 835 854 855 836 
971 836 855 856 837 
972 837 856 857 838 
973 838 857 858 839 
974 839 858 859 840 
975 840 859 860 841 
976 841 860 861 842 
977 842 861 862 843 
978 843 862 133 132 
979 25 26 863 844 
980 844 863 864 845 
981 845 864 865 846 
982 846 865 866 847 
983 847 866 867 848 
984 848 867 868 849 
985 849 868 869 850 
986 850 869 870 851 
987 851 870 871 852 
988 852 871 872 853 
989 853 872 873 854 
990 854 873 874 855 
991 855 874 875 856 
992 856 875 876 857 
993 857 876 877 858 
994 858 877 878 859 
995 859 878 879 860 
996 860 879 880 861 
997 861 880 881 862 
998 862 881 134 133 
999 26 27 882 863 
1000 863 882 883 864 
1001 864 883 884 865 
1002 865 884 885 866 
1003 866 885 886 867 
1004 867 886 887 868 
1005 868 887 888 869 
1006 869 888 889 870 
1007 870 889 890 871 
1008 871 890 891 872 
1009 872 891 892 873 
1010 873 892 893 874 
1011 874 893 894 875 
1012 875 894 895 876 
1013 876 895 896 877 
1014 877 896 897 878 
1015 878 897 898 879 
1016 879 898 899 880 
1017 880 899 900 881 
1018 881 900 135 134 
1019 27 2 182 882 
1020 882 182 183 883 
1021 883 183 184 884 
1022 884 184 185 885 
1023 885 185 186 886 
1024 886 186 187 887 
1025 887 187 188 888 
1026 888 188 189 889 
1027 889 189 190 890 
1028 890 190 191 891 
1029 891 191 192 892 
1030 892 192 193 893 
1031 893 193 194 894 
1032 894 194 195 895 
1033 895 195 196 896 
1034 896 196 197 897 
1035 897 197 198 898 
1036 898 198 199 899 
1037 899 199 200 900 
1038 900 200 11 135 
2 29 3 200
1039 2 28 901 182 
1040 182 901 902 183 
1041 183 902 903 184 
1042 184 903 904 185 
1043 185 904 905 186 
1044 186 905 906 187 
1045 187 906 907 188 
1046 188 907 908 189 
1047 189 908 909 190 
1048 190 909 910 191 
1049 191 910 911 192 
1050 192 911 912 193 
1051 193 912 913 194 
1052 194 913 914 195 
1053 195 914 915 196 
1054 196 915 916 197 
1055 197 916 917 198 
1056 198 917 918 199 
1057 199 918 919 200 
1058 200 919 136 11 
1059 28 29 920 901 
1060 901 920 921 902 
1061 902 921 922 903 
1062 903 922 923 904 
1063 904 923 924 905 
1064 905 924 925 906 
1065 906 925 926 907 
1066 907 926 927 908 
1067 908 927 928 909 
1068 909 928 929 910 
1069 910 929 930 911 
1070 911 930 931 912 
1071 912 931 932 913 
1072 913 932 933 914 
1073 914 933 934 915 
1074 915 934 935 916 
1075 916 935 936 917 
1076 917 936 937 918 
1077 918 937 938 919 
1078 919 938 137 136 
1079 29 30 939 920 
1080 920 939 940 921 
1081 921 940 941 922 
1082 922 941 942 923 
1083 923 942 943 924 
1084 924 943 944 925 
1085 925 944 945 926 
1086 926 945 946 927 
1087 927 946 947 928 
1088 928 947 948 929 
1089 929 948 949 930 
1090 930 949 950 931 
1091 931 950 951 932 
1092 932 951 952 933 
1093 933 952 953 934 
1094 934 953 954 935 
1095 935 954 955 936 
1096 936 955 956 937 
1097 937 956 957 938 
1098 938 957 138 137 
1099 30 31 958 939 
1100 939 958 959 940 
1101 940 959 960 941 
1102 941 960 961 942 
1103 942 961 962 943 
1104 943 962 963 944 
1105 944 963 964 945 
1106 945 964 965 946 
1107 946 965 966 947 
1108 947 966 967 948 
1109 948 967 968 949 
1110 949 968 969 950 
1111 950 969 970 951 
1112 951 970 971 952 
1113 952 971 972 953 
1114 953 972 973 954 
1115 954 973 974 955 
1116 955 974 975 956 
1117 956 975 976 957 
1118 957 976 139 138 
1119 31 32 977 958 
1120 958 977 978 959 
1121 959 978 979 960 
1122 960 979 980 961 
1123 961 980 981 962 
1124 962 981 982 963 
1125 963 982 983 964 
1126 964 983 984 965 
1127 965 984 985 966 
1128 966 985 986 967 
1129 967 986 987 968 
1130 968 987 988 969 
1131 969 988 989 970 
1132 970 989 990 971 
1133 971 990 991 972 
1134 972 991 992 973 
1135 973 992 993 974 
1136 974 993 994 975 
1137 975 994 995 976 
1138 976 995 140 139 
1139 32 33 996 977 
1140 977 996 997 978 
1141 978 997 998 979 
1142 979 998 999 980 
1143 980 999 1000 981 
1144 981 1000 1001 982 
1145 982 1001 1002 983 
1146 983 1002 1003 984 
1147 984 1003 1004 985 
1148 985 1004 1005 986 
1149 986 1005 1006 987 
1150 987 1006 1007 988 
1151 988 1007 1008 989 
1152 989 1008 1009 990 
1153 990 1009 1010 991 
1154 991 1010 1011 992 
1155 992 1011 1012 993 
1156 993 1012 1013 994 
1157 994 1013 1014 995 
1158 995 1014 141 140 
1159 33 34 1015 996 
1160 996 1015 1016 997 
1161 997 1016 1017 998 
1162 998 1017 1018 999 
1163 999 1018 1019 1000 
1164 1000 1019 1020 1001 
1165 1001 1020 1021 1002 
1166 1002 1021 1022 1003 
1167 1003 1022 1023 1004 
1168 1004 1023 1024 1005 
1169 1005 1024 1025 1006 
1170 1006 1025 1026 1007 
1171 1007 1026 1027 1008 
1172 1008 1027 1028 1009 
1173 1009 1028 1029 1010 
1174 1010 1029 1030 1011 
1175 1011 1030 1031 1012 
1176 1012 1031 1032 1013 
1177 1013 1032 1033 1014 
1178 1014 1033 142 141 
1179 34 35 1034 1015 
1180 1015 1034 1035 1016 
1181 1016 1035 1036 1017 
1182 1017 1036 1037 1018 
1183 1018 1037 1038 1019 
1184 1019 1038 1039 1020 
1185 1020 1039 1040 1021 
1186 1021 1040 1041 1022 
1187 1022 1041 1042 1023 
1188 1023 1042 1043 1024 
1189 1024 1043 1044 1025 
1190 1025 1044 1045 1026 
1191 1026 1045 1046 1027 
1192 1027 1046 1047 1028 
1193 1028 1047 1048 1029 
1194 1029 1048 1049 1030 
1195 1030 1049 1050 1031 
1196 1031 1050 1051 1032 
1197 1032 1051 1052 1033 
1198 1033 1052 143 142 
1199 35 36 1053 1034 
1200 1034 1053 1054 1035 
1201 1035 1054 1055 1036 
1202 1036 1055 1056 1037 
1203 1037 1056 1057 1038 
1204 1038 1057 1058 1039 
1205 1039 1058 1059 1040 
1206 1040 1059 1060 1041 
1207 1041 1060 1061 1042 
1208 1042 1061 1062 1043 
1209 1043 1062 1063 1044 
1210 1044 1063 1064 1045 
1211 1045 1064 1065 1046 
1212 1046 1065 1066 1047 
1213 1047 1066 1067 1048 
1214 1048 1067 1068 1049 
1215 1049 1068 1069 1050 
1216 1050 1069 1070 1051 
1217 1051 1070 1071 1052 
1218 1052 1071 144 143 
1219 36 3 201 1053 
1220 1053 201 202 1054 
1221 1054 202 203 1055 
1222 1055 203 204 1056 
1223 1056 204 205 1057 
1224 1057 205 206 1058 
1225 1058 206 207 1059 
1226 1059 207 208 1060 
1227 1060 208 209 1061 
1228 1061 209 210 1062 
1229 1062 210 211 1063 
1230 1063 211 212 1064 
1231 1064 212 213 1065 
1232 1065 213 214 1066 
1233 1066 214 215 1067 
1234 1067 215 216 1068 
1235 1068 216 217 1069 
1236 1069 217 218 1070 
1237 1070 218 219 1071 
1238 1071 219 12 144 
2 33 3 200
1239 3 37 1072 201 
1240 201 1072 1073 202 
1241 202 1073 1074 203 
1242 203 1074 1075 204 
1243 204 1075 1076 205 
1244 205 1076 1077 206 
1245 206 1077 1078 207 
1246 207 1078 1079 208 
1247 208 1079 1080 209 
1248 209 1080 1081 210 
1249 210 1081 1082 211 
1250 211 1082 1083 212 
1251 212 1083 1084 213 
1252 213 1084 1085 214 
1253 214 1085 1086 215 
1254 215 1086 1087 216 
1255 216 1087 1088 217 
1256 217 1088 1089 218 
1257 218 1089 1090 219 
1258 219 1090 145 12 
1259 37 38 1091 1072 
1260 1072 1091 1092 1073 
1261 1073 1092 1093 1074 
1262 1074 1093 1094 1075 
1263 1075 1094 1095 1076 
1264 1076 1095 1096 1077 
1265 1077 1096 1097 1078 
1266 1078 1097 1098 1079 
1267 1079 1098 1099 1080 
1268 1080 1099 1100 1081 
1269 1081 1100 1101 1082 
1270 1082 1101 1102 1083 
1271 1083 1102 1103 1084 
1272 1084 1103 1104 1085 
1273 1085 1104 1105 1086 
1274 1086 1105 1106 1087 
1275 1087 1106 1107 1088 
1276 1088 1107 1108 1089 
1277 1089 1108 1109 1090 
1278 1090 1109 146 145 
1279 38 39 1110 1091 
1280 1091 1110 1111 1092 
1281 1092 1111 1112 1093 
1282 1093 1112 1113 1094 
1283 1094 1113 1114 1095 
1284 1095 1114 1115 1096 
1285 1096 1115 1116 1097 
1286 1097 1116 1117 1098 
1287 1098 1117 1118 1099 
1288 1099 1118 1119 1100 
1289 1100 1119 1120 1101 
1290 1101 1120 1121 1102 
1291 1102 1121 1122 1103 
1292 1103 1122 1123 1104 
1293 1104 1123 1124 1105 
1294 1105 1124 1125 1106 
1295 1106 1125 1126 1107 
1296 1107 1126 1127 1108 
1297 1108 1127 1128 1109 
1298 1109 1128 147 146 
1299 39 40 1129 1110 
1300 1110 1129 1130 1111 
1301 1111 1130 1131 1112 
1302 1112 1131 1132 1113 
1303 1113 1132 1133 1114 
1304 1114 1133 1134 1115 
1305 1115 1134 1135 1116 
1306 1116 1135 1136 1117 
1307 1117 1136 1137 1118 
1308 1118 1137 1138 1119 
1309 1119 1138 1139 1120 
1310 1120 1139 1140 1121 
1311 1121 1140 1141 1122 
1312 1122 1141 1142 1123 
1313 1123 1142 1143 1124 
1314 1124 1143 1144 1125 
1315 1125 1144 1145 1126 
1316 1126 1145 1146 1127 
1317 1127 1146 1147 1128 
1318 1128 1147 148 147 
1319 40 41 1148 1129 
1320 1129 1148 1149 1130 
1321 1130 1149 1150 1131 
1322 1131 1150 1151 1132 
1323 1132 1151 1152 1133 
1324 1133 1152 1153 1134 
1325 1134 1153 1154 1135 
1326 1135 1154 1155 1136 
1327 1136 1155 1156 1137 
1328 1137 1156 1157 1138 
1329 1138 1157 1158 1139 
1330 1139 1158 1159 1140 
1331 1140 1159 1160 1141 
1332 1141 1160 1161 1142 
1333 1142 1161 1162 1143 
1334 1143 1162 1163 1144 
1335 1144 1163 1164 1145 
1336 1145 1164 1165 1146 
1337 1146 1165 1166 1147 
1338 1147 1166 149 148 
1339 41 42 1167 1148 
1340 1148 1167 1168 1149 
1341 1149 1168 1169 1150 
1342 1150 1169 1170 1151 
1343 1151 1170 1171 1152 
1344 1152 1171 1172 1153 
1345 1153 1172 1173 1154 
1346 1154 1173 1174 1155 
1347 1155 1174 1175 1156 
1348 1156 1175 1176 1157 
1349 1157 1176 1177 1158 
1350 1158 1177 1178 1159 
1351 1159 1178 1179 1160 
1352 1160 1179 1180 1161 
1353 1161 1180 1181 1162 
1354 1162 1181 1182 1163 
1355 1163 1182 1183 1164 
1356 1164 1183 1184 1165 
1357 1165 1184 1185 1166 
1358 1166 1185 150 149 
1359 42 43 1186 1167 
1360 1167 1186 1187 1168 
1361 1168 1187 1188 1169 
1362 1169 1188 1189 1170 
1363 1170 1189 1190 1171 
1364 1171 1190 1191 1172 
1365 1172 1191 1192 1173 
1366 1173 1192 1193 1174 
1367 1174 1193 1194 1175 
1368 1175 1194 1195 1176 
1369 1176 1195 1196 1177 
1370 1177 1196 1197 1178 
1371 1178 1197 1198 1179 
1372 1179 1198 1199 1180 
1373 1180 1199 1200 1181 
1374 1181 1200 1201 1182 
1375 1182 1201 1202 1183 
1376 1183 1202 1203 1184 
1377 1184 1203 1204 1185 
1378 1185 1204 151 150 
1379 43 44 1205 1186 
1380 1186 1205 1206 1187 
1381 1187 1206 1207 1188 
1382 1188 1207 1208 1189 
1383 1189 1208 1209 1190 
1384 1190 1209 1210 1191 
1385 1191 1210 1211 1192 
1386 1192 1211 1212 1193 
1387 1193 1212 1213 1194 
1388 1194 1213 1214 1195 
1389 1195 1214 1215 1196 
1390 1196 1215 1216 1197 
1391 1197 1216 1217 1198 
1392 1198 1217 1218 1199 
1393 1199 1218 1219 1200 
1394 1200 1219 1220 1201 
1395 1201 1220 1221 1202 
1396 1202 1221 1222 1203 
1397 1203 1222 1223 1204 
1398 1204 1223 152 151 
1399 44 45 1224 1205 
1400 1205 1224 1225 1206 
1401 1206 1225 1226 1207 
1402 1207 1226 1227 1208 
1403 1208 1227 1228 1209 
1404 1209 1228 1229 1210 
1405 1210 1229 1230 1211 
1406 1211 1230 1231 1212 
1407 1212 1231 1232 1213 
1408 1213 1232 1233 1214 
1409 1214 1233 1234 1215 
1410 1215 1234 1235 1216 
1411 1216 1235 1236 1217 
1412 1217 1236 1237 1218 
1413 1218 1237 1238 1219 
1414 1219 1238 1239 1220 
1415 1220 1239 1240 1221 
1416 1221 1240 1241 1222 
1417 1222 1241 1242 1223 
1418 1223 1242 153 152 
1419 45 4 220 1224 
1420 1224 220 221 1225 
1421 1225 221 222 1226 
1422 1226 222 223 1227 
1423 1227 223 224 1228 
1424 1228 224 225 1229 
1425 1229 225 226 1230 
1426 1230 226 227 1231 
1427 1231 227 228 1232 
1428 1232 228 229 1233 
1429 1233 229 230 1234 
1430 1234 230 231 1235 
1431 1235 231 232 1236 
1432 1236 232 233 1237 
1433 1237 233 234 1238 
1434 1238 234 235 1239 
1435 1239 235 236 1240 
1436 1240 236 237 1241 
1437 1241 237 238 1242 
1438 1242 238 13 153 
2 37 3 200
1439 4 46 1243 220 
1440 220 1243 1244 221 
1441 221 1244 1245 222 
1442 222 1245 1246 223 
1443 223 1246 1247 224 
1444 224 1247 1248 225 
1445 225 1248 1249 226 
1446 226 1249 1250 227 
1447 227 1250 1251 228 
1448 228 1251 1252 229 
1449 229 1252 1253 230 
1450 230 1253 1254 231 
1451 231 1254 1255 232 
1452 232 1255 1256 233 
1453 233 1256 1257 234 
1454 234 1257 1258 235 
1455 235 1258 1259 236 
1456 236 1259 1260 237 
1457 237 1260 1261 238 
1458 238 1261 154 13 
1459 46 47 1262 1243 
1460 1243 1262 1263 1244 
1461 1244 1263 1264 1245 
1462 1245 1264 1265 1246 
1463 1246 1265 1266 1247 
1464 1247 1266 1267 1248 
1465 1248 1267 1268 1249 
1466 1249 1268 1269 1250 
1467 1250 1269 1270 1251 
1468 1251 1270 1271 1252 
1469 1252 1271 1272 1253 
1470 1253 1272 1273 1254 
1471 1254 1273 1274 1255 
1472 1255 1274 1275 1256 
1473 1256 1275 1276 1257 
1474 1257 1276 1277 1258 
1475 1258 1277 1278 1259 
1476 1259 1278 1279 1260 
1477 1260 1279 1280 1261 
1478 1261 1280 155 154 
1479 47 48 1281 1262 
1480 1262 1281 1282 1263 
1481 1263 1282 1283 1264 
1482 1264 1283 1284 1265 
1483 1265 1284 1285 1266 
1484 1266 1285 1286 1267 
1485 1267 1286 1287 1268 
1486 1268 1287 1288 1269 
1487 1269 1288 1289 1270 
1488 1270 1289 1290 1271 
1489 1271 1290 1291 1272 
1490 1272 1291 1292 1273 
1491 1273 1292 1293 1274 
1492 1274 1293 1294 1275 
1493 1275 1294 1295 1276 
1494 1276 1295 1296 1277 
1495 1277 1296 1297 1278 
1496 1278 1297 1298 1279 
1497 1279 1298 1299 1280 
1498 1280 1299 156 155 
1499 48 49 1300 1281 
1500 1281 1300 1301 1282 
1501 1282 1301 1302 1283 
1502 1283 1302 1303 1284 
1503 1284 1303 1304 1285 
1504 1285 1304 1305 1286 
1505 1286 1305 1306 1287 
1506 1287 1306 1307 1288 
1507 1288 1307 1308 1289 
1508 1289 1308 1309 1290 
1509 1290 1309 1310 1291 
1510 1291 1310 1311 1292 
1511 1292 1311 1312 1293 
1512 1293 1312 1313 1294 
1513 1294 1313 1314 1295 
1514 1295 1314 1315 1296 
1515 1296 1315 1316 1297 
1516 1297 1316 1317 1298 
1517 1298 1317 1318 1299 
1518 1299 1318 157 156 
1519 49 50 1319 1300 
1520 1300 1319 1320 1301 
1521 1301 1320 1321 1302 
1522 1302 1321 1322 1303 
1523 1303 1322 1323 1304 
1524 1304 1323 1324 1305 
1525 1305 1324 1325 1306 
1526 1306 1325 1326 1307 
1527 1307 1326 1327 1308 
1528 1308 1327 1328 1309 
1529 1309 1328 1329 1310 
1530 1310 1329 1330 1311 
1531 1311 1330 1331 1312 
1532 1312 1331 1332 1313 
1533 1313 1332 1333 1314 
1534 1314 1333 1334 1315 
1535 1315 1334 1335 1316 
1536 1316 1335 1336 1317 
1537 1317 1336 1337 1318 
1538 1318 1337 158 157 
1539 50 51 1338 1319 
1540 1319 1338 1339 1320 
1541 1320 1339 1340 1321 
1542 1321 1340 1341 1322 
1543 1322 1341 1342 1323 
1544 1323 1342 1343 1324 
1545 1324 1343 1344 1325 
1546 1325 1344 1345 1326 
1547 1326 1345 1346 1327 
1548 1327 1346 1347 1328 
1549 1328 1347 1348 1329 
1550 1329 1348 1349 1330 
1551 1330 1349 1350 1331 
1552 1331 1350 1351 1332 
1553 1332 1351 1352 1333 
1554 1333 1352 1353 1334 
1555 1334 1353 1354 1335 
1556 1335 1354 1355 1336 
1557 1336 1355 1356 1337 
1558 1337 1356 159 158 
1559 51 52 1357 1338 
1560 1338 1357 1358 1339 
1561 1339 1358 1359 1340 
1562 1340 1359 1360 1341 
1563 1341 1360 1361 1342 
1564 1342 1361 1362 1343 
1565 1343 1362 1363 1344 
1566 1344 1363 1364 1345 
1567 1345 1364 1365 1346 
1568 1346 1365 1366 1347 
1569 1347 1366 1367 1348 
1570 1348 1367 1368 1349 
1571 1349 1368 1369 1350 
1572 1350 1369 1370 1351 
1573 1351 1370 1371 1352 
1574 1352 1371 1372 1353 
1575 1353 1372 1373 1354 
1576 1354 1373 1374 1355 
1577 1355 1374 1375 1356 
1578 1356 1375 160 159 
1579 52 53 1376 1357 
1580 1357 1376 1377 1358 
1581 1358 1377 1378 1359 
1582 1359 1378 1379 1360 
1583 1360 1379 1380 1361 
1584 1361 1380 1381 1362 
1585 1362 1381 1382 1363 
1586 1363 1382 1383 1364 
1587 1364 1383 1384 1365 
1588 1365 1384 1385 1366 
1589 1366 1385 1386 1367 
1590 1367 1386 1387 1368 
1591 1368 1387 1388 1369 
1592 1369 1388 1389 1370 
1593 1370 1389 1390 1371 
1594 1371 1390 1391 1372 
1595 1372 1391 1392 1373 
1596 1373 1392 1393 1374 
1597 1374 1393 1394 1375 
1598 1375 1394 161 160 
1599 53 54 1395 1376 
1600 1376 1395 1396 1377 
1601 1377 1396 1397 1378 
1602 1378 1397 1398 1379 
1603 1379 1398 1399 1380 
1604 1380 1399 1400 1381 
1605 1381 1400 1401 1382 
1606 1382 1401 1402 1383 
1607 1383 1402 1403 1384 
1608 1384 1403 1404 1385 
1609 1385 1404 1405 1386 
1610 1386 1405 1406 1387 
1611 1387 1406 1407 1388 
1612 1388 1407 1408 1389 
1613 1389 1408 1409 1390 
1614 1390 1409 1410 1391 
1615 1391 1410 1411 1392 
1616 1392 1411 1412 1393 
1617 1393 1412 1413 1394 
1618 1394 1413 162 161 
1619 54 1 163 1395 
1620 1395 163 164 1396 
1621 1396 164 165 1397 
1622 1397 165 166 1398 
1623 1398 166 167 1399 
1624 1399 167 168 1400 
1625 1400 168 169 1401 
1626 1401 169 170 1402 
1627 1402 170 171 1403 
1628 1403 171 172 1404 
1629 1404 172 173 1405 
1630 1405 173 174 1406 
1631 1406 174 175 1407 
1632 1407 175 176 1408 
1633 1408 176 177 1409 
1634 1409 177 178 1410 
1635 1410 178 179 1411 
1636 1411 179 180 1412 
1637 1412 180 181 1413 
1638 1413 181 10 162 
2 38 3 100
1639 10 127 1414 162 
1640 162 1414 1415 161 
1641 161 1415 1416 160 
1642 160 1416 1417 159 
1643 159 1417 1418 158 
1644 158 1418 1419 157 
1645 157 1419 1420 156 
1646 156 1420 1421 155 
1647 155 1421 1422 154 
1648 154 1422 153 13 
1649 127 128 1423 1414 
1650 1414 1423 1424 1415 
1651 1415 1424 1425 1416 
1652 1416 1425 1426 1417 
1653 1417 1426 1427 1418 
1654 1418 1427 1428 1419 
1655 1419 1428 1429 1420 
1656 1420 1429 1430 1421 
1657 1421 1430 1431 1422 
1658 1422 1431 152 153 
1659 128 129 1432 1423 
1660 1423 1432 1433 1424 
1661 1424 1433 1434 1425 
1662 1425 1434 1435 1426 
1663 1426 1435 1436 1427 
1664 1427 1436 1437 1428 
1665 1428 1437 1438 1429 
1666 1429 1438 1439 1430 
1667 1430 1439 1440 1431 
1668 1431 1440 151 152 
1669 129 130 1441 1432 
1670 1432 1441 1442 1433 
1671 1433 1442 1443 1434 
1672 1434 1443 1444 1435 
1673 1435 1444 1445 1436 
1674 1436 1445 1446 1437 
1675 1437 1446 1447 1438 
1676 1438 1447 1448 1439 
1677 1439 1448 1449 1440 
1678 1440 1449 150 151 
1679 130 131 1450 1441 
1680 1441 1450 1451 1442 
1681 1442 1451 1452 1443 
1682 1443 1452 1453 1444 
1683 1444 1453 1454 1445 
1684 1445 1454 1455 1446 
1685 1446 1455 1456 1447 
1686 1447 1456 1457 1448 
1687 1448 1457 1458 1449 
1688 1449 1458 149 150 
1689 131 132 1459 1450 
1690 1450 1459 1460 1451 
1691 1451 1460 1461 1452 
1692 1452 1461 1462 1453 
1693 1453 1462 1463 1454 
1694 1454 1463 1464 1455 
1695 1455 1464 1465 1456 
1696 1456 1465 1466 1457 
1697 1457 1466 1467 1458 
1698 1458 1467 148 149 
1699 132 133 1468 1459 
1700 1459 1468 1469 1460 
1701 1460 1469 1470 1461 
1702 1461 1470 1471 1462 
1703 1462 1471 1472 1463 
1704 1463 1472 1473 1464 
1705 1464 1473 1474 1465 
1706 1465 1474 1475 1466 
1707 1466 1475 1476 1467 
1708 1467 1476 147 148 
1709 133 134 1477 1468 
1710 1468 1477 1478 1469 
1711 1469 1478 1479 1470 
1712 1470 1479 1480 1471 
1713 1471 1480 1481 1472 
1714 1472 1481 1482 1473 
1715 1473 1482 1483 1474 
1716 1474 1483 1484 1475 
1717 1475 1484 1485 1476 
1718 1476 1485 146 147 
1719 134 135 1486 1477 
1720 1477 1486 1487 1478 
1721 1478 1487 1488 1479 
1722 1479 1488 1489 1480 
1723 1480 1489 1490 1481 
1724 1481 1490 1491 1482 
1725 1482 1491 1492 1483 
1726 1483 1492 1493 1484 
1727 1484 1493 1494 1485 
1728 1485 1494 145 146 
1729 135 11 136 1486 
1730 1486 136 137 1487 
1731 1487 137 138 1488 
1732 1488 138 139 1489 
1733 1489 139 140 1490 
1734 1490 140 141 1491 
1735 1491 141 142 1492 
1736 1492 142 143 1493 
1737 1493 143 144 1494 
1738 1494 144 12 145 
2 47 3 200
1739 2 55 1495 182 
1740 182 1495 1496 183 
1741 183 1496 1497 184 
1742 184 1497 1498 185 
1743 185 1498 1499 186 
1744 186 1499 1500 187 
1745 187 1500 1501 188 
1746 188 1501 1502 189 
1747 189 1502 1503 190 
1748 190 1503 1504 191 
1749 191 1504 1505 192 
1750 192 1505 1506 193 
1751 193 1506 1507 194 
1752 194 1507 1508 195 
1753 195 1508 1509 196 
1754 196 1509 1510 197 
1755 197 1510 1511 198 
1756 198 1511 1512 199 
1757 199 1512 1513 200 
1758 200 1513 239 11 
1759 55 56 1514 1495 
1760 1495 1514 1515 1496 
1761 1496 1515 1516 1497 
1762 1497 1516 1517 1498 
1763 1498 1517 1518 1499 
1764 1499 1518 1519 1500 
1765 1500 1519 1520 1501 
1766 1501 1520 1521 1502 
1767 1502 1521 1522 1503 
1768 1503 1522 1523 1504 
1769 1504 1523 1524 1505 
1770 1505 1524 1525 1506 
1771 1506 1525 1526 1507 
1772 1507 1526 1527 1508 
1773 1508 1527 1528 1509 
1774 1509 1528 1529 1510 
1775 1510 1529 1530 1511 
1776 1511 1530 1531 1512 
1777 1512 1531 1532 1513 
1778 1513 1532 240 239 
1779 56 57 1533 1514 
1780 1514 1533 1534 1515 
1781 1515 1534 1535 1516 
1782 1516 1535 1536 1517 
1783 1517 1536 1537 1518 
1784 1518 1537 1538 1519 
1785 1519 1538 1539 1520 
1786 1520 1539 1540 1521 
1787 1521 1540 1541 1522 
1788 1522 1541 1542 1523 
1789 1523 1542 1543 1524 
1790 1524 1543 1544 1525 
1791 1525 1544 1545 1526 
1792 1526 1545 1546 1527 
1793 1527 1546 1547 1528 
1794 1528 1547 1548 1529 
1795 1529 1548 1549 1530 
1796 1530 1549 1550 1531 
1797 1531 1550 1551 1532 
1798 1532 1551 241 240 
1799 57 58 1552 1533 
1800 1533 1552 1553 1534 
1801 1534 1553 1554 1535 
1802 1535 1554 1555 1536 
1803 1536 1555 1556 1537 
1804 1537 1556 1557 1538 
1805 1538 1557 1558 1539 
1806 1539 1558 1559 1540 
1807 1540 1559 1560 1541 
1808 1541 1560 1561 1542 
1809 1542 1561 1562 1543 
1810 1543 1562 1563 1544 
1811 1544 1563 1564 1545 
1812 1545 1564 1565 1546 
1813 1546 1565 1566 1547 
1814 1547 1566 1567 1548 
1815 1548 1567 1568 1549 
1816 1549 1568 1569 1550 
1817 1550 1569 1570 1551 
1818 1551 1570 242 241 
1819 58 59 1571 1552 
1820 1552 1571 1572 1553 
1821 1553 1572 1573 1554 
1822 1554 1573 1574 1555 
1823 1555 1574 1575 1556 
1824 1556 1575 1576 1557 
1825 1557 1576 1577 1558 
1826 1558 1577 1578 1559 
1827 1559 1578 1579 1560 
1828 1560 1579 1580 1561 
1829 1561 1580 1581 1562 
1830 1562 1581 1582 1563 
1831 1563 1582 1583 1564 
1832 1564 1583 1584 1565 
1833 1565 1584 1585 1566 
1834 1566 1585 1586 1567 
1835 1567 1586 1587 1568 
1836 1568 1587 1588 1569 
1837 1569 1588 1589 1570 
1838 1570 1589 243 242 
1839 59 60 1590 1571 
1840 1571 1590 1591 1572 
1841 1572 1591 1592 1573 
1842 1573 1592 1593 1574 
1843 1574 1593 1594 1575 
1844 1575 1594 1595 1576 
1845 1576 1595 1596 1577 
1846 1577 1596 1597 1578 
1847 1578 1597 1598 1579 
1848 1579 1598 1599 1580 
1849 1580 1599 1600 1581 
1850 1581 1600 1601 1582 
1851 1582 1601 1602 1583 
1852 1583 1602 1603 1584 
1853 1584 1603 1604 1585 
1854 1585 1604 1605 1586 
1855 1586 1605 1606 1587 
1856 1587 1606 1607 1588 
1857 1588 1607 1608 1589 
1858 1589 1608 244 243 
1859 60 61 1609 1590 
1860 1590 1609 1610 1591 
1861 1591 1610 1611 1592 
1862 1592 1611 1612 1593 
1863 1593 1612 1613 1594 
1864 1594 1613 1614 1595 
1865 1595 1614 1615 1596 
1866 1596 1615 1616 1597 
1867 1597 1616 1617 1598 
1868 1598 1617 1618 1599 
1869 1599 1618 1619 1600 
1870 1600 1619 1620 1601 
1871 1601 1620 1621 1602 
1872 1602 1621 1622 1603 
1873 1603 1622 1623 1604 
1874 1604 1623 1624 1605 
1875 1605 1624 1625 1606 
1876 1606 1625 1626 1607 
1877 1607 1626 1627 1608 
1878 1608 1627 245 244 
1879 61 62 1628 1609 
1880 1609 1628 1629 1610 
1881 1610 1629 1630 1611 
1882 1611 1630 1631 1612 
1883 1612 1631 1632 1613 
1884 1613 1632 1633 1614 
1885 1614 1633 1634 1615 
1886 1615 1634 1635 1616 
1887 1616 1635 1636 1617 
1888 1617 1636 1637 1618 
1889 1618 1637 1638 1619 
1890 1619 1638 1639 1620 
1891 1620 1639 1640 1621 
1892 1621 1640 1641 1622 
1893 1622 1641 1642 1623 
1894 1623 1642 1643 1624 
1895 1624 1643 1644 1625 
1896 1625 1644 1645 1626 
1897 1626 1645 1646 1627 
1898 1627 1646 246 245 
1899 62 63 1647 1628 
1900 1628 1647 1648 1629 
1901 1629 1648 1649 1630 
1902 1630 1649 1650 1631 
1903 1631 1650 1651 1632 
1904 1632 1651 1652 1633 
1905 1633 1652 1653 1634 
1906 1634 1653 1654 1635 
1907 1635 1654 1655 1636 
1908 1636 1655 1656 1637 
1909 1637 1656 1657 1638 
1910 1638 1657 1658 1639 
1911 1639 1658 1659 1640 
1912 1640 1659 1660 1641 
1913 1641 1660 1661 1642 
1914 1642 1661 1662 1643 
1915 1643 1662 1663 1644 
1916 1644 1663 1664 1645 
1917 1645 1664 1665 1646 
1918 1646 1665 247 246 
1919 63 5 266 1647 
1920 1647 266 267 1648 
1921 1648 267 268 1649 
1922 1649 268 269 1650 
1923 1650 269 270 1651 
1924 1651 270 271 1652 
1925 1652 271 272 1653 
1926 1653 272 273 1654 
1927 1654 273 274 1655 
1928 1655 274 275 1656 
1929 1656 275 276 1657 
1930 1657 276 277 1658 
1931 1658 277 278 1659 
1932 1659 278 279 1660 
1933 1660 279 280 1661 
1934 1661 280 281 1662 
1935 1662 281 282 1663 
1936 1663 282 283 1664 
1937 1664 283 284 1665 
1938 1665 284 14 247 
2 51 3 200
1939 5 64 1666 266 
1940 266 1666 1667 267 
1941 267 1667 1668 268 
1942 268 1668 1669 269 
1943 269 1669 1670 270 
1944 270 1670 1671 271 
1945 271 1671 1672 272 
1946 272 1672 1673 273 
1947 273 1673 1674 274 
1948 274 1674 1675 275 
1949 275 1675 1676 276 
1950 276 1676 1677 277 
1951 277 1677 1678 278 
1952 278 1678 1679 279 
1953 279 1679 1680 280 
1954 280 1680 1681 281 
1955 281 1681 1682 282 
1956 282 1682 1683 283 
1957 283 1683 1684 284 
1958 284 1684 248 14 
1959 64 65 1685 1666 
1960 1666 1685 1686 1667 
1961 1667 1686 1687 1668 
1962 1668 1687 1688 1669 
1963 1669 1688 1689 1670 
1964 1670 1689 1690 1671 
1965 1671 1690 1691 1672 
1966 1672 1691 1692 1673 
1967 1673 1692 1693 1674 
1968 1674 1693 1694 1675 
1969 1675 1694 1695 1676 
1970 1676 1695 1696 1677 
1971 1677 1696 1697 1678 
1972 1678 1697 1698 1679 
1973 1679 1698 1699 1680 
1974 1680 1699 1700 1681 
1975 1681 1700 1701 1682 
1976 1682 1701 1702 1683 
1977 1683 1702 1703 1684 
1978 1684 1703 249 248 
1979 65 66 1704 1685 
1980 1685 1704 1705 1686 
1981 1686 1705 1706 1687 
1982 1687 1706 1707 1688 
1983 1688 1707 1708 1689 
1984 1689 1708 1709 1690 
1985 1690 1709 1710 1691 
1986 1691 1710 1711 1692 
1987 1692 1711 1712 1693 
1988 1693 1712 1713 1694 
1989 1694 1713 1714 1695 
1990 1695 1714 1715 1696 
1991 1696 1715 1716 1697 
1992 1697 1716 1717 1698 
1993 1698 1717 1718 1699 
1994 1699 1718 1719 1700 
1995 1700 1719 1720 1701 
1996 1701 1720 1721 1702 
1997 1702 1721 1722 1703 
1998 1703 1722 250 249 
1999 66 67 1723 1704 
2000 1704 1723 1724 1705 
2001 1705 1724 1725 1706 
2002 1706 1725 1726 1707 
2003 1707 1726 1727 1708 
2004 1708 1727 1728 1709 
2005 1709 1728 1729 1710 
2006 1710 1729 1730 1711 
2007 1711 1730 1731 1712 
2008 1712 1731 1732 1713 
2009 1713 1732 1733 1714 
2010 1714 1733 1734 1715 
2011 1715 1734 1735 1716 
2012 1716 1735 1736 1717 
2013 1717 1736 1737 1718 
2014 1718 1737 1738 1719 
2015 1719 1738 1739 1720 
2016 1720 1739 1740 1721 
2017 1721 1740 1741 1722 
2018 1722 1741 251 250 
2019 67 68 1742 1723 
2020 1723 1742 1743 1724 
2021 1724 1743 1744 1725 
2022 1725 1744 1745 1726 
2023 1726 1745 1746 1727 
2024 1727 1746 1747 1728 
2025 1728 1747 1748 1729 
2026 1729 1748 1749 1730 
2027 1730 1749 1750 1731 
2028 1731 1750 1751 1732 
2029 1732 1751 1752 1733 
2030 1733 1752 1753 1734 
2031 1734 1753 1754 1735 
2032 1735 1754 1755 1736 
2033 1736 1755 1756 1737 
2034 1737 1756 1757 1738 
2035 1738 1757 1758 1739 
2036 1739 1758 1759 1740 
2037 1740 1759 1760 1741 
2038 1741 1760 252 251 
2039 68 69 1761 1742 
2040 1742 1761 1762 1743 
2041 1743 1762 1763 1744 
2042 1744 1763 1764 1745 
2043 1745 1764 1765 1746 
2044 1746 1765 1766 1747 
2045 1747 1766 1767 1748 
2046 1748 1767 1768 1749 
2047 1749 1768 1769 1750 
2048 1750 1769 1770 1751 
2049 1751 1770 1771 1752 
2050 1752 1771 1772 1753 
2051 1753 1772 1773 1754 
2052 1754 1773 1774 1755 
2053 1755 1774 1775 1756 
2054 1756 1775 1776 1757 
2055 1757 1776 1777 1758 
2056 1758 1777 1778 1759 
2057 1759 1778 1779 1760 
2058 1760 1779 253 252 
2059 69 70 1780 1761 
2060 1761 1780 1781 1762 
2061 1762 1781 1782 1763 
2062 1763 1782 1783 1764 
2063 1764 1783 1784 1765 
2064 1765 1784 1785 1766 
2065 1766 1785 1786 1767 
2066 1767 1786 1787 1768 
2067 1768 1787 1788 1769 
2068 1769 1788 1789 1770 
2069 1770 1789 1790 1771 
2070 1771 1790 1791 1772 
2071 1772 1791 1792 1773 
2072 1773 1792 1793 1774 
2073 1774 1793 1794 1775 
2074 1775 1794 1795 1776 
2075 1776 1795 1796 1777 
2076 1777 1796 1797 1778 
2077 1778 1797 1798 1779 
2078 1779 1798 254 253 
2079 70 71 1799 1780 
2080 1780 1799 1800 1781 
2081 1781 1800 1801 1782 
2082 1782 1801 1802 1783 
2083 1783 1802 1803 1784 
2084 1784 1803 1804 1785 
2085 1785 1804 1805 1786 
2086 1786 1805 1806 1787 
2087 1787 1806 1807 1788 
2088 1788 1807 1808 1789 
2089 1789 1808 1809 1790 
2090 1790 1809 1810 1791 
2091 1791 1810 1811 1792 
2092 1792 1811 1812 1793 
2093 1793 1812 1813 1794 
2094 1794 1813 1814 1795 
2095 1795 1814 1815 1796 
2096 1796 1815 1816 1797 
2097 1797 1816 1817 1798 
2098 1798 1817 255 254 
2099 71 72 1818 1799 
2100 1799 1818 1819 1800 
2101 1800 1819 1820 1801 
2102 1801 1820 1821 1802 
2103 1802 1821 1822 1803 
2104 1803 1822 1823 1804 
2105 1804 1823 1824 1805 
2106 1805 1824 1825 1806 
2107 1806 1825 1826 1807 
2108 1807 1826 1827 1808 
2109 1808 1827 1828 1809 
2110 1809 1828 1829 1810 
2111 1810 1829 1830 1811 
2112 1811 1830 1831 1812 
2113 1812 1831 1832 1813 
2114 1813 1832 1833 1814 
2115 1814 1833 1834 1815 
2116 1815 1834 1835 1816 
2117 1816 1835 1836 1817 
2118 1817 1836 256 255 
2119 72 6 285 1818 
2120 1818 285 286 1819 
2121 1819 286 287 1820 
2122 1820 287 288 1821 
2123 1821 288 289 1822 
2124 1822 289 290 1823 
2125 1823 290 291 1824 
2126 1824 291 292 1825 
2127 1825 292 293 1826 
2128 1826 293 294 1827 
2129 1827 294 295 1828 
2130 1828 295 296 1829 
2131 1829 296 297 1830 
2132 1830 297 298 1831 
2133 1831 298 299 1832 
2134 1832 299 300 1833 
2135 1833 300 301 1834 
2136 1834 301 302 1835 
2137 1835 302 303 1836 
2138 1836 303 15 256 
2 55 3 200
2139 6 73 1837 285 
2140 285 1837 1838 286 
2141 286 1838 1839 287 
2142 287 1839 1840 288 
2143 288 1840 1841 289 
2144 289 1841 1842 290 
2145 290 1842 1843 291 
2146 291 1843 1844 292 
2147 292 1844 1845 293 
2148 293 1845 1846 294 
2149 294 1846 1847 295 
2150 295 1847 1848 296 
2151 296 1848 1849 297 
2152 297 1849 1850 298 
2153 298 1850 1851 299 
2154 299 1851 1852 300 
2155 300 1852 1853 301 
2156 301 1853 1854 302 
2157 302 1854 1855 303 
2158 303 1855 257 15 
2159 73 74 1856 1837 
2160 1837 1856 1857 1838 
2161 1838 1857 1858 1839 
2162 1839 1858 1859 1840 
2163 1840 1859 1860 1841 
2164 1841 1860 1861 1842 
2165 1842 1861 1862 1843 
2166 1843 1862 1863 1844 
2167 1844 1863 1864 1845 
2168 1845 1864 1865 1846 
2169 1846 1865 1866 1847 
2170 1847 1866 1867 1848 
2171 1848 1867 1868 1849 
2172 1849 1868 1869 1850 
2173 1850 1869 1870 1851 
2174 1851 1870 1871 1852 
2175 1852 1871 1872 1853 
2176 1853 1872 1873 1854 
2177 1854 1873 1874 1855 
2178 1855 1874 258 257 
2179 74 75 1875 1856 
2180 1856 1875 1876 1857 
2181 1857 1876 1877 1858 
2182 1858 1877 1878 1859 
2183 1859 1878 1879 1860 
2184 1860 1879 1880 1861 
2185 1861 1880 1881 1862 
2186 1862 1881 1882 1863 
2187 1863 1882 1883 1864 
2188 1864 1883 1884 1865 
2189 1865 1884 1885 1866 
2190 1866 1885 1886 1867 
2191 1867 1886 1887 1868 
2192 1868 1887 1888 1869 
2193 1869 1888 1889 1870 
2194 1870 1889 1890 1871 
2195 1871 1890 1891 1872 
2196 1872 1891 1892 1873 
2197 1873 1892 1893 1874 
2198 1874 1893 259 258 
2199 75 76 1894 1875 
2200 1875 1894 1895 1876 
2201 1876 1895 1896 1877 
2202 1877 1896 1897 1878 
2203 1878 1897 1898 1879 
2204 1879 1898 1899 1880 
2205 1880 1899 1900 1881 
2206 1881 1900 1901 1882 
2207 1882 1901 1902 1883 
2208 1883 1902 1903 1884 
2209 1884 1903 1904 1885 
2210 1885 1904 1905 1886 
2211 1886 1905 1906 1887 
2212 1887 1906 1907 1888 
2213 1888 1907 1908 1889 
2214 1889 1908 1909 1890 
2215 1890 1909 1910 1891 
2216 1891 1910 1911 1892 
2217 1892 1911 1912 1893 
2218 1893 1912 260 259 
2219 76 77 1913 1894 
2220 1894 1913 1914 1895 
2221 1895 1914 1915 1896 
2222 1896 1915 1916 1897 
2223 1897 1916 1917 1898 
2224 1898 1917 1918 1899 
2225 1899 1918 1919 1900 
2226 1900 1919 1920 1901 
2227 1901 1920 1921 1902 
2228 1902 1921 1922 1903 
2229 1903 1922 1923 1904 
2230 1904 1923 1924 1905 
2231 1905 1924 1925 1906 
2232 1906 1925 1926 1907 
2233 1907 1926 1927 1908 
2234 1908 1927 1928 1909 
2235 1909 1928 1929 1910 
2236 1910 1929 1930 1911 
2237 1911 1930 1931 1912 
2238 1912 1931 261 260 
2239 77 78 1932 1913 
2240 1913 1932 1933 1914 
2241 1914 1933 1934 1915 
2242 1915 1934 1935 1916 
2243 1916 1935 1936 1917 
2244 1917 1936 1937 1918 
2245 1918 1937 1938 1919 
2246 1919 1938 1939 1920 
2247 1920 1939 1940 1921 
2248 1921 1940 1941 1922 
2249 1922 1941 1942 1923 
2250 1923 1942 1943 1924 
2251 1924 1943 1944 1925 
2252 1925 1944 1945 1926 
2253 1926 1945 1946 1927 
2254 1927 1946 1947 1928 
2255 1928 1947 1948 1929 
2256 1929 1948 1949 1930 
2257 1930 1949 1950 1931 
2258 1931 1950 262 261 
2259 78 79 1951 1932 
2260 1932 1951 1952 1933 
2261 1933 1952 1953 1934 
2262 1934 1953 1954 1935 
2263 1935 1954 1955 1936 
2264 1936 1955 1956 1937 
2265 1937 1956 1957 1938 
2266 1938 1957 1958 1939 
2267 1939 1958 1959 1940 
2268 1940 1959 1960 1941 
2269 1941 1960 1961 1942 
2270 1942 1961 1962 1943 
2271 1943 1962 1963 1944 
2272 1944 1963 1964 1945 
2273 1945 1964 1965 1946 
2274 1946 1965 1966 1947 
2275 1947 1966 1967 1948 
2276 1948 1967 1968 1949 
2277 1949 1968 1969 1950 
2278 1950 1969 263 262 
2279 79 80 1970 1951 
2280 1951 1970 1971 1952 
2281 1952 1971 1972 1953 
2282 1953 1972 1973 1954 
2283 1954 1973 1974 1955 
2284 1955 1974 1975 1956 
2285 1956 1975 1976 1957 
2286 1957 1976 1977 1958 
2287 1958 1977 1978 1959 
2288 1959 1978 1979 1960 
2289 1960 1979 1980 1961 
2290 1961 1980 1981 1962 
2291 1962 1981 1982 1963 
2292 1963 1982 1983 1964 
2293 1964 1983 1984 1965 
2294 1965 1984 1985 1966 
2295 1966 1985 1986 1967 
2296 1967 1986 1987 1968 
2297 1968 1987 1988 1969 
2298 1969 1988 264 263 
2299 80 81 1989 1970 
2300 1970 1989 1990 1971 
2301 1971 1990 1991 1972 
2302 1972 1991 1992 1973 
2303 1973 1992 1993 1974 
2304 1974 1993 1994 1975 
2305 1975 1994 1995 1976 
2306 1976 1995 1996 1977 
2307 1977 1996 1997 1978 
2308 1978 1997 1998 1979 
2309 1979 1998 1999 1980 
2310 1980 1999 2000 1981 
2311 1981 2000 2001 1982 
2312 1982 2001 2002 1983 
2313 1983 2002 2003 1984 
2314 1984 2003 2004 1985 
2315 1985 2004 2005 1986 
2316 1986 2005 2006 1987 
2317 1987 2006 2007 1988 
2318 1988 2007 265 264 
2319 81 3 201 1989 
2320 1989 201 202 1990 
2321 1990 202 203 1991 
2322 1991 203 204 1992 
2323 1992 204 205 1993 
2324 1993 205 206 1994 
2325 1994 206 207 1995 
2326 1995 207 208 1996 
2327 1996 208 209 1997 
2328 1997 209 210 1998 
2329 1998 210 211 1999 
2330 1999 211 212 2000 
2331 2000 212 213 2001 
2332 2001 213 214 2002 
2333 2002 214 215 2003 
2334 2003 215 216 2004 
2335 2004 216 217 2005 
2336 2005 217 218 2006 
2337 2006 218 219 2007 
2338 2007 219 12 265 
2 60 3 100
2339 11 239 2008 136 
2340 136 2008 2009 137 
2341 137 2009 2010 138 
2342 138 2010 2011 139 
2343 139 2011 2012 140 
2344 140 2012 2013 141 
2345 141 2013 2014 142 
2346 142 2014 2015 143 
2347 143 2015 2016 144 
2348 144 2016 265 12 
2349 239 240 2017 2008 
2350 2008 2017 2018 2009 
2351 2009 2018 2019 2010 
2352 2010 2019 2020 2011 
2353 2011 2020 2021 2012 
2354 2012 2021 2022 2013 
2355 2013 2022 2023 2014 
2356 2014 2023 2024 2015 
2357 2015 2024 2025 2016 
2358 2016 2025 264 265 
2359 240 241 2026 2017 
2360 2017 2026 2027 2018 
2361 2018 2027 2028 2019 
2362 2019 2028 2029 2020 
2363 2020 2029 2030 2021 
2364 2021 2030 2031 2022 
2365 2022 2031 2032 2023 
2366 2023 2032 2033 2024 
2367 2024 2033 2034 2025 
2368 2025 2034 263 264 
2369 241 242 2035 2026 
2370 2026 2035 2036 2027 
2371 2027 2036 2037 2028 
2372 2028 2037 2038 2029 
2373 2029 2038 2039 2030 
2374 2030 2039 2040 2031 
2375 2031 2040 2041 2032 
2376 2032 2041 2042 2033 
2377 2033 2042 2043 2034 
2378 2034 2043 262 263 
2379 242 243 2044 2035 
2380 2035 2044 2045 2036 
2381 2036 2045 2046 2037 
2382 2037 2046 2047 2038 
2383 2038 2047 2048 2039 
2384 2039 2048 2049 2040 
2385 2040 2049 2050 2041 
2386 2041 2050 2051 2042 
2387 2042 2051 2052 2043 
2388 2043 2052 261 262 
2389 243 244 2053 2044 
2390 2044 2053 2054 2045 
2391 2045 2054 2055 2046 
2392 2046 2055 2056 2047 
2393 2047 2056 2057 2048 
2394 2048 2057 2058 2049 
2395 2049 2058 2059 2050 
2396 2050 2059 2060 2051 
2397 2051 2060 2061 2052 
2398 2052 2061 260 261 
2399 244 245 2062 2053 
2400 2053 2062 2063 2054 
2401 2054 2063 2064 2055 
2402 2055 2064 2065 2056 
2403 2056 2065 2066 2057 
2404 2057 2066 2067 2058 
2405 2058 2067 2068 2059 
2406 2059 2068 2069 2060 
2407 2060 2069 2070 2061 
2408 2061 2070 259 260 
2409 245 246 2071 2062 
2410 2062 2071 2072 2063 
2411 2063 2072 2073 2064 
2412 2064 2073 2074 2065 
2413 2065 2074 2075 2066 
2414 2066 2075 2076 2067 
2415 2067 2076 2077 2068 
2416 2068 2077 2078 2069 
2417 2069 2078 2079 2070 
2418 2070 2079 258 259 
2419 246 247 2080 2071 
2420 2071 2080 2081 2072 
2421 2072 2081 2082 2073 
2422 2073 2082 2083 2074 
2423 2074 2083 2084 2075 
2424 2075 2084 2085 2076 
2425 2076 2085 2086 2077 
2426 2077 2086 2087 2078 
2427 2078 2087 2088 2079 
2428 2079 2088 257 258 
2429 247 14 248 2080 
2430 2080 248 249 2081 
2431 2081 249 250 2082 
2432 2082 250 251 2083 
2433 2083 251 252 2084 
2434 2084 252 253 2085 
2435 2085 253 254 2086 
2436 2086 254 255 2087 
2437 2087 255 256 2088 
2438 2088 256 15 257 
2 73 3 200
2439 6 82 2089 285 
2440 285 2089 2090 286 
2441 286 2090 2091 287 
2442 287 2091 2092 288 
2443 288 2092 2093 289 
2444 289 2093 2094 290 
2445 290 2094 2095 291 
2446 291 2095 2096 292 
2447 292 2096 2097 293 
2448 293 2097 2098 294 
2449 294 2098 2099 295 
2450 295 2099 2100 296 
2451 296 2100 2101 297 
2452 297 2101 2102 298 
2453 298 2102 2103 299 
2454 299 2103 2104 300 
2455 300 2104 2105 301 
2456 301 2105 2106 302 
2457 302 2106 2107 303 
2458 303 2107 304 15 
2459 82 83 2108 2089 
2460 2089 2108 2109 2090 
2461 2090 2109 2110 2091 
2462 2091 2110 2111 2092 
2463 2092 2111 2112 2093 
2464 2093 2112 2113 2094 
2465 2094 2113 2114 2095 
2466 2095 2114 2115 2096 
2467 2096 2115 2116 2097 
2468 2097 2116 2117 2098 
2469 2098 2117 2118 2099 
2470 2099 2118 2119 2100 
2471 2100 2119 2120 2101 
2472 2101 2120 2121 2102 
2473 2102 2121 2122 2103 
2474 2103 2122 2123 2104 
2475 2104 2123 2124 2105 
2476 2105 2124 2125 2106 
2477 2106 2125 2126 2107 
2478 2107 2126 305 304 
2479 83 84 2127 2108 
2480 2108 2127 2128 2109 
2481 2109 2128 2129 2110 
2482 2110 2129 2130 2111 
2483 2111 2130 2131 2112 
2484 2112 2131 2132 2113 
2485 2113 2132 2133 2114 
2486 2114 2133 2134 2115 
2487 2115 2134 2135 2116 
2488 2116 2135 2136 2117 
2489 2117 2136 2137 2118 
2490 2118 2137 2138 2119 
2491 2119 2138 2139 2120 
2492 2120 2139 2140 2121 
2493 2121 2140 2141 2122 
2494 2122 2141 2142 2123 
2495 2123 2142 2143 2124 
2496 2124 2143 2144 2125 
2497 2125 2144 2145 2126 
2498 2126 2145 306 305 
2499 84 85 2146 2127 
2500 2127 2146 2147 2128 
2501 2128 2147 2148 2129 
2502 2129 2148 2149 2130 
2503 2130 2149 2150 2131 
2504 2131 2150 2151 2132 
2505 2132 2151 2152 2133 
2506 2133 2152 2153 2134 
2507 2134 2153 2154 2135 
2508 2135 2154 2155 2136 
2509 2136 2155 2156 2137 
2510 2137 2156 2157 2138 
2511 2138 2157 2158 2139 
2512 2139 2158 2159 2140 
2513 2140 2159 2160 2141 
2514 2141 2160 2161 2142 
2515 2142 2161 2162 2143 
2516 2143 2162 2163 2144 
2517 2144 2163 2164 2145 
2518 2145 2164 307 306 
2519 85 86 2165 2146 
2520 2146 2165 2166 2147 
2521 2147 2166 2167 2148 
2522 2148 2167 2168 2149 
2523 2149 2168 2169 2150 
2524 2150 2169 2170 2151 
2525 2151 2170 2171 2152 
2526 2152 2171 2172 2153 
2527 2153 2172 2173 2154 
2528 2154 2173 2174 2155 
2529 2155 2174 2175 2156 
2530 2156 2175 2176 2157 
2531 2157 2176 2177 2158 
2532 2158 2177 2178 2159 
2533 2159 2178 2179 2160 
2534 2160 2179 2180 2161 
2535 2161 2180 2181 2162 
2536 2162 2181 2182 2163 
2537 2163 2182 2183 2164 
2538 2164 2183 308 307 
2539 86 87 2184 2165 
2540 2165 2184 2185 2166 
2541 2166 2185 2186 2167 
2542 2167 2186 2187 2168 
2543 2168 2187 2188 2169 
2544 2169 2188 2189 2170 
2545 2170 2189 2190 2171 
2546 2171 2190 2191 2172 
2547 2172 2191 2192 2173 
2548 2173 2192 2193 2174 
2549 2174 2193 2194 2175 
2550 2175 2194 2195 2176 
2551 2176 2195 2196 2177 
2552 2177 2196 2197 2178 
2553 2178 2197 2198 2179 
2554 2179 2198 2199 2180 
2555 2180 2199 2200 2181 
2556 2181 2200 2201 2182 
2557 2182 2201 2202 2183 
2558 2183 2202 309 308 
2559 87 88 2203 2184 
2560 2184 2203 2204 2185 
2561 2185 2204 2205 2186 
2562 2186 2205 2206 2187 
2563 2187 2206 2207 2188 
2564 2188 2207 2208 2189 
2565 2189 2208 2209 2190 
2566 2190 2209 2210 2191 
2567 2191 2210 2211 2192 
2568 2192 2211 2212 2193 
2569 2193 2212 2213 2194 
2570 2194 2213 2214 2195 
2571 2195 2214 2215 2196 
2572 2196 2215 2216 2197 
2573 2197 2216 2217 2198 
2574 2198 2217 2218 2199 
2575 2199 2218 2219 2200 
2576 2200 2219 2220 2201 
2577 2201 2220 2221 2202 
2578 2202 2221 310 309 
2579 88 89 2222 2203 
2580 2203 2222 2223 2204 
2581 2204 2223 2224 2205 
2582 2205 2224 2225 2206 
2583 2206 2225 2226 2207 
2584 2207 2226 2227 2208 
2585 2208 2227 2228 2209 
2586 2209 2228 2229 2210 
2587 2210 2229 2230 2211 
2588 2211 2230 2231 2212 
2589 2212 2231 2232 2213 
2590 2213 2232 2233 2214 
2591 2214 2233 2234 2215 
2592 2215 2234 2235 2216 
2593 2216 2235 2236 2217 
2594 2217 2236 2237 2218 
2595 2218 2237 2238 2219 
2596 2219 2238 2239 2220 
2597 2220 2239 2240 2221 
2598 2221 2240 311 310 
2599 89 90 2241 2222 
2600 2222 2241 2242 2223 
2601 2223 2242 2243 2224 
2602 2224 2243 2244 2225 
2603 2225 2244 2245 2226 
2604 2226 2245 2246 2227 
2605 2227 2246 2247 2228 
2606 2228 2247 2248 2229 
2607 2229 2248 2249 2230 
2608 2230 2249 2250 2231 
2609 2231 2250 2251 2232 
2610 2232 2251 2252 2233 
2611 2233 2252 2253 2234 
2612 2234 2253 2254 2235 
2613 2235 2254 2255 2236 
2614 2236 2255 2256 2237 
2615 2237 2256 2257 2238 
2616 2238 2257 2258 2239 
2617 2239 2258 2259 2240 
2618 2240 2259 312 311 
2619 90 7 331 2241 
2620 2241 331 332 2242 
2621 2242 332 333 2243 
2622 2243 333 334 2244 
2623 2244 334 335 2245 
2624 2245 335 336 2246 
2625 2246 336 337 2247 
2626 2247 337 338 2248 
2627 2248 338 339 2249 
2628 2249 339 340 2250 
2629 2250 340 341 2251 
2630 2251 341 342 2252 
2631 2252 342 343 2253 
2632 2253 343 344 2254 
2633 2254 344 345 2255 
2634 2255 345 346 2256 
2635 2256 346 347 2257 
2636 2257 347 348 2258 
2637 2258 348 349 2259 
2638 2259 349 16 312 
2 77 3 200
2639 7 91 2260 331 
2640 331 2260 2261 332 
2641 332 2261 2262 333 
2642 333 2262 2263 334 
2643 334 2263 2264 335 
2644 335 2264 2265 336 
2645 336 2265 2266 337 
2646 337 2266 2267 338 
2647 338 2267 2268 339 
2648 339 2268 2269 340 
2649 340 2269 2270 341 
2650 341 2270 2271 342 
2651 342 2271 2272 343 
2652 343 2272 2273 344 
2653 344 2273 2274 345 
2654 345 2274 2275 346 
2655 346 2275 2276 347 
2656 347 2276 2277 348 
2657 348 2277 2278 349 
2658 349 2278 313 16 
2659 91 92 2279 2260 
2660 2260 2279 2280 2261 
2661 2261 2280 2281 2262 
2662 2262 2281 2282 2263 
2663 2263 2282 2283 2264 
2664 2264 2283 2284 2265 
2665 2265 2284 2285 2266 
2666 2266 2285 2286 2267 
2667 2267 2286 2287 2268 
2668 2268 2287 2288 2269 
2669 2269 2288 2289 2270 
2670 2270 2289 2290 2271 
2671 2271 2290 2291 2272 
2672 2272 2291 2292 2273 
2673 2273 2292 2293 2274 
2674 2274 2293 2294 2275 
2675 2275 2294 2295 2276 
2676 2276 2295 2296 2277 
2677 2277 2296 2297 2278 
2678 2278 2297 314 313 
2679 92 93 2298 2279 
2680 2279 2298 2299 2280 
2681 2280 2299 2300 2281 
2682 2281 2300 2301 2282 
2683 2282 2301 2302 2283 
2684 2283 2302 2303 2284 
2685 2284 2303 2304 2285 
2686 2285 2304 2305 2286 
2687 2286 2305 2306 2287 
2688 2287 2306 2307 2288 
2689 2288 2307 2308 2289 
2690 2289 2308 2309 2290 
2691 2290 2309 2310 2291 
2692 2291 2310 2311 2292 
2693 2292 2311 2312 2293 
2694 2293 2312 2313 2294 
2695 2294 2313 2314 2295 
2696 2295 2314 2315 2296 
2697 2296 2315 2316 2297 
2698 2297 2316 315 314 
2699 93 94 2317 2298 
2700 2298 2317 2318 2299 
2701 2299 2318 2319 2300 
2702 2300 2319 2320 2301 
2703 2301 2320 2321 2302 
2704 2302 2321 2322 2303 
2705 2303 2322 2323 2304 
2706 2304 2323 2324 2305 
2707 2305 2324 2325 2306 
2708 2306 2325 2326 2307 
2709 2307 2326 2327 2308 
2710 2308 2327 2328 2309 
2711 2309 2328 2329 2310 
2712 2310 2329 2330 2311 
2713 2311 2330 2331 2312 
2714 2312 2331 2332 2313 
2715 2313 2332 2333 2314 
2716 2314 2333 2334 2315 
2717 2315 2334 2335 2316 
2718 2316 2335 316 315 
2719 94 95 2336 2317 
2720 2317 2336 2337 2318 
2721 2318 2337 2338 2319 
2722 2319 2338 2339 2320 
2723 2320 2339 2340 2321 
2724 2321 2340 2341 2322 
2725 2322 2341 2342 2323 
2726 2323 2342 2343 2324 
2727 2324 2343 2344 2325 
2728 2325 2344 2345 2326 
2729 2326 2345 2346 2327 
2730 2327 2346 2347 2328 
2731 2328 2347 2348 2329 
2732 2329 2348 2349 2330 
2733 2330 2349 2350 2331 
2734 2331 2350 2351 2332 
2735 2332 2351 2352 2333 
2736 2333 2352 2353 2334 
2737 2334 2353 2354 2335 
2738 2335 2354 317 316 
2739 95 96 2355 2336 
2740 2336 2355 2356 2337 
2741 2337 2356 2357 2338 
2742 2338 2357 2358 2339 
2743 2339 2358 2359 2340 
2744 2340 2359 2360 2341 
2745 2341 2360 2361 2342 
2746 2342 2361 2362 2343 
2747 2343 2362 2363 2344 
2748 2344 2363 2364 2345 
2749 2345 2364 2365 2346 
2750 2346 2365 2366 2347 
2751 2347 2366 2367 2348 
2752 2348 2367 2368 2349 
2753 2349 2368 2369 2350 
2754 2350 2369 2370 2351 
2755 2351 2370 2371 2352 
2756 2352 2371 2372 2353 
2757 2353 2372 2373 2354 
2758 2354 2373 318 317 
2759 96 97 2374 2355 
2760 2355 2374 2375 2356 
2761 2356 2375 2376 2357 
2762 2357 2376 2377 2358 
2763 2358 2377 2378 2359 
2764 2359 2378 2379 2360 
2765 2360 2379 2380 2361 
2766 2361 2380 2381 2362 
2767 2362 2381 2382 2363 
2768 2363 2382 2383 2364 
2769 2364 2383 2384 2365 
2770 2365 2384 2385 2366 
2771 2366 2385 2386 2367 
2772 2367 2386 2387 2368 
2773 2368 2387 2388 2369 
2774 2369 2388 2389 2370 
2775 2370 2389 2390 2371 
2776 2371 2390 2391 2372 
2777 2372 2391 2392 2373 
2778 2373 2392 319 318 
2779 97 98 2393 2374 
2780 2374 2393 2394 2375 
2781 2375 2394 2395 2376 
2782 2376 2395 2396 2377 
2783 2377 2396 2397 2378 
2784 2378 2397 2398 2379 
2785 2379 2398 2399 2380 
2786 2380 2399 2400 2381 
2787 2381 2400 2401 2382 
2788 2382 2401 2402 2383 
2789 2383 2402 2403 2384 
2790 2384 2403 2404 2385 
2791 2385 2404 2405 2386 
2792 2386 2405 2406 2387 
2793 2387 2406 2407 2388 
2794 2388 2407 2408 2389 
2795 2389 2408 2409 2390 
2796 2390 2409 2410 2391 
2797 2391 2410 2411 2392 
2798 2392 2411 320 319 
2799 98 99 2412 2393 
2800 2393 2412 2413 2394 
2801 2394 2413 2414 2395 
2802 2395 2414 2415 2396 
2803 2396 2415 2416 2397 
2804 2397 2416 2417 2398 
2805 2398 2417 2418 2399 
2806 2399 2418 2419 2400 
2807 2400 2419 2420 2401 
2808 2401 2420 2421 2402 
2809 2402 2421 2422 2403 
2810 2403 2422 2423 2404 
2811 2404 2423 2424 2405 
2812 2405 2424 2425 2406 
2813 2406 2425 2426 2407 
2814 2407 2426 2427 2408 
2815 2408 2427 2428 2409 
2816 2409 2428 2429 2410 
2817 2410 2429 2430 2411 
2818 2411 2430 321 320 
2819 99 8 350 2412 
2820 2412 350 351 2413 
2821 2413 351 352 2414 
2822 2414 352 353 2415 
2823 2415 353 354 2416 
2824 2416 354 355 2417 
2825 2417 355 356 2418 
2826 2418 356 357 2419 
2827 2419 357 358 2420 
2828 2420 358 359 2421 
2829 2421 359 360 2422 
2830 2422 360 361 2423 
2831 2423 361 362 2424 
2832 2424 362 363 2425 
2833 2425 363 364 2426 
2834 2426 364 365 2427 
2835 2427 365 366 2428 
2836 2428 366 367 2429 
2837 2429 367 368 2430 
2838 2430 368 17 321 
2 81 3 200
2839 8 100 2431 350 
2840 350 2431 2432 351 
2841 351 2432 2433 352 
2842 352 2433 2434 353 
2843 353 2434 2435 354 
2844 354 2435 2436 355 
2845 355 2436 2437 356 
2846 356 2437 2438 357 
2847 357 2438 2439 358 
2848 358 2439 2440 359 
2849 359 2440 2441 360 
2850 360 2441 2442 361 
2851 361 2442 2443 362 
2852 362 2443 2444 363 
2853 363 2444 2445 364 
2854 364 2445 2446 365 
2855 365 2446 2447 366 
2856 366 2447 2448 367 
2857 367 2448 2449 368 
2858 368 2449 322 17 
2859 100 101 2450 2431 
2860 2431 2450 2451 2432 
2861 2432 2451 2452 2433 
2862 2433 2452 2453 2434 
2863 2434 2453 2454 2435 
2864 2435 2454 2455 2436 
2865 2436 2455 2456 2437 
2866 2437 2456 2457 2438 
2867 2438 2457 2458 2439 
2868 2439 2458 2459 2440 
2869 2440 2459 2460 2441 
2870 2441 2460 2461 2442 
2871 2442 2461 2462 2443 
2872 2443 2462 2463 2444 
2873 2444 2463 2464 2445 
2874 2445 2464 2465 2446 
2875 2446 2465 2466 2447 
2876 2447 2466 2467 2448 
2877 2448 2467 2468 2449 
2878 2449 2468 323 322 
2879 101 102 2469 2450 
2880 2450 2469 2470 2451 
2881 2451 2470 2471 2452 
2882 2452 2471 2472 2453 
2883 2453 2472 2473 2454 
2884 2454 2473 2474 2455 
2885 2455 2474 2475 2456 
2886 2456 2475 2476 2457 
2887 2457 2476 2477 2458 
2888 2458 2477 2478 2459 
2889 2459 2478 2479 2460 
2890 2460 2479 2480 2461 
2891 2461 2480 2481 2462 
2892 2462 2481 2482 2463 
2893 2463 2482 2483 2464 
2894 2464 2483 2484 2465 
2895 2465 2484 2485 2466 
2896 2466 2485 2486 2467 
2897 2467 2486 2487 2468 
2898 2468 2487 324 323 
2899 102 103 2488 2469 
2900 2469 2488 2489 2470 
2901 2470 2489 2490 2471 
2902 2471 2490 2491 2472 
2903 2472 2491 2492 2473 
2904 2473 2492 2493 2474 
2905 2474 2493 2494 2475 
2906 2475 2494 2495 2476 
2907 2476 2495 2496 2477 
2908 2477 2496 2497 2478 
2909 2478 2497 2498 2479 
2910 2479 2498 2499 2480 
2911 2480 2499 2500 2481 
2912 2481 2500 2501 2482 
2913 2482 2501 2502 2483 
2914 2483 2502 2503 2484 
2915 2484 2503 2504 2485 
2916 2485 2504 2505 2486 
2917 2486 2505 2506 2487 
2918 2487 2506 325 324 
2919 103 104 2507 2488 
2920 2488 2507 2508 2489 
2921 2489 2508 2509 2490 
2922 2490 2509 2510 2491 
2923 2491 2510 2511 2492 
2924 2492 2511 2512 2493 
2925 2493 2512 2513 2494 
2926 2494 2513 2514 2495 
2927 2495 2514 2515 2496 
2928 2496 2515 2516 2497 
2929 2497 2516 2517 2498 
2930 2498 2517 2518 2499 
2931 2499 2518 2519 2500 
2932 2500 2519 2520 2501 
2933 2501 2520 2521 2502 
2934 2502 2521 2522 2503 
2935 2503 2522 2523 2504 
2936 2504 2523 2524 2505 
2937 2505 2524 2525 2506 
2938 2506 2525 326 325 
2939 104 105 2526 2507 
2940 2507 2526 2527 2508 
2941 2508 2527 2528 2509 
2942 2509 2528 2529 2510 
2943 2510 2529 2530 2511 
2944 2511 2530 2531 2512 
2945 2512 2531 2532 2513 
2946 2513 2532 2533 2514 
2947 2514 2533 2534 2515 
2948 2515 2534 2535 2516 
2949 2516 2535 2536 2517 
2950 2517 2536 2537 2518 
2951 2518 2537 2538 2519 
2952 2519 2538 2539 2520 
2953 2520 2539 2540 2521 
2954 2521 2540 2541 2522 
2955 2522 2541 2542 2523 
2956 2523 2542 2543 2524 
2957 2524 2543 2544 2525 
2958 2525 2544 327 326 
2959 105 106 2545 2526 
2960 2526 2545 2546 2527 
2961 2527 2546 2547 2528 
2962 2528 2547 2548 2529 
2963 2529 2548 2549 2530 
2964 2530 2549 2550 2531 
2965 2531 2550 2551 2532 
2966 2532 2551 2552 2533 
2967 2533 2552 2553 2534 
2968 2534 2553 2554 2535 
2969 2535 2554 2555 2536 
2970 2536 2555 2556 2537 
2971 2537 2556 2557 2538 
2972 2538 2557 2558 2539 
2973 2539 2558 2559 2540 
2974 2540 2559 2560 2541 
2975 2541 2560 2561 2542 
2976 2542 2561 2562 2543 
2977 2543 2562 2563 2544 
2978 2544 2563 328 327 
2979 106 107 2564 2545 
2980 2545 2564 2565 2546 
2981 2546 2565 2566 2547 
2982 2547 2566 2567 2548 
2983 2548 2567 2568 2549 
2984 2549 2568 2569 2550 
2985 2550 2569 2570 2551 
2986 2551 2570 2571 2552 
2987 2552 2571 2572 2553 
2988 2553 2572 2573 2554 
2989 2554 2573 2574 2555 
2990 2555 2574 2575 2556 
2991 2556 2575 2576 2557 
2992 2557 2576 2577 2558 
2993 2558 2577 2578 2559 
2994 2559 2578 2579 2560 
2995 2560 2579 2580 2561 
2996 2561 2580 2581 2562 
2997 2562 2581 2582 2563 
2998 2563 2582 329 328 
2999 107 108 2583 2564 
3000 2564 2583 2584 2565 
3001 2565 2584 2585 2566 
3002 2566 2585 2586 2567 
3003 2567 2586 2587 2568 
3004 2568 2587 2588 2569 
3005 2569 2588 2589 2570 
3006 2570 2589 2590 2571 
3007 2571 2590 2591 2572 
3008 2572 2591 2592 2573 
3009 2573 2592 2593 2574 
3010 2574 2593 2594 2575 
3011 2575 2594 2595 2576 
3012 2576 2595 2596 2577 
3013 2577 2596 2597 2578 
3014 2578 2597 2598 2579 
3015 2579 2598 2599 2580 
3016 2580 2599 2600 2581 
3017 2581 2600 2601 2582 
3018 2582 2601 330 329 
3019 108 3 201 2583 
3020 2583 201 202 2584 
3021 2584 202 203 2585 
3022 2585 203 204 2586 
3023 2586 204 205 2587 
3024 2587 205 206 2588 
3025 2588 206 207 2589 
3026 2589 207 208 2590 
3027 2590 208 209 2591 
3028 2591 209 210 2592 
3029 2592 210 211 2593 
3030 2593 211 212 2594 
3031 2594 212 213 2595 
3032 2595 213 214 2596 
3033 2596 214 215 2597 
3034 2597 215 216 2598 
3035 2598 216 217 2599 
3036 2599 217 218 2600 
3037 2600 218 219 2601 
3038 2601 219 12 330 
2 82 3 100
3039 15 304 2602 257 
3040 304 305 2603 2602 
3041 305 306 2604 2603 
3042 306 307 2605 2604 
3043 307 308 2606 2605 
3044 308 309 2607 2606 
3045 309 310 2608 2607 
3046 310 311 2609 2608 
3047 311 312 2610 2609 
3048 312 16 313 2610 
3049 257 2602 2611 258 
3050 2602 2603 2612 2611 
3051 2603 2604 2613 2612 
3052 2604 2605 2614 2613 
3053 2605 2606 2615 2614 
3054 2606 2607 2616 2615 
3055 2607 2608 2617 2616 
3056 2608 2609 2618 2617 
3057 2609 2610 2619 2618 
3058 2610 313 314 2619 
3059 258 2611 2620 259 
3060 2611 2612 2621 2620 
3061 2612 2613 2622 2621 
3062 2613 2614 2623 2622 
3063 2614 2615 2624 2623 
3064 2615 2616 2625 2624 
3065 2616 2617 2626 2625 
3066 2617 2618 2627 2626 
3067 2618 2619 2628 2627 
3068 2619 314 315 2628 
3069 259 2620 2629 260 
3070 2620 2621 2630 2629 
3071 2621 2622 2631 2630 
3072 2622 2623 2632 2631 
3073 2623 2624 2633 2632 
3074 2624 2625 2634 2633 
3075 2625 2626 2635 2634 
3076 2626 2627 2636 2635 
3077 2627 2628 2637 2636 
3078 2628 315 316 2637 
3079 260 2629 2638 261 
3080 2629 2630 2639 2638 
3081 2630 2631 2640 2639 
3082 2631 2632 2641 2640 
3083 2632 2633 2642 2641 
3084 2633 2634 2643 2642 
3085 2634 2635 2644 2643 
3086 2635 2636 2645 2644 
3087 2636 2637 2646 2645 
3088 2637 316 317 2646 
3089 261 2638 2647 262 
3090 2638 2639 2648 2647 
3091 2639 2640 2649 2648 
3092 2640 2641 2650 2649 
3093 2641 2642 2651 2650 
3094 2642 2643 2652 2651 
3095 2643 2644 2653 2652 
3096 2644 2645 2654 2653 
3097 2645 2646 2655 2654 
3098 2646 317 318 2655 
3099 262 2647 2656 263 
3100 2647 2648 2657 2656 
3101 2648 2649 2658 2657 
3102 2649 2650 2659 2658 
3103 2650 2651 2660 2659 
3104 2651 2652 2661 2660 
3105 2652 2653 2662 2661 
3106 2653 2654 2663 2662 
3107 2654 2655 2664 2663 
3108 2655 318 319 2664 
3109 263 2656 2665 264 
3110 2656 2657 2666 2665 
3111 2657 2658 2667 2666 
3112 2658 2659 2668 2667 
3113 2659 2660 2669 2668 
3114 2660 2661 2670 2669 
3115 2661 2662 2671 2670 
3116 2662 2663 2672 2671 
3117 2663 2664 2673 2672 
3118 2664 319 320 2673 
3119 264 2665 2674 265 
3120 2665 2666 2675 2674 
3121 2666 2667 2676 2675 
3122 2667 2668 2677 2676 
3123 2668 2669 2678 2677 
3124 2669 2670 2679 2678 
3125 2670 2671 2680 2679 
3126 2671 2672 2681 2680 
3127 2672 2673 2682 2681 
3128 2673 320 321 2682 
3129 265 2674 330 12 
3130 2674 2675 329 330 
3131 2675 2676 328 329 
3132 2676 2677 327 328 
3133 2677 2678 326 327 
3134 2678 2679 325 326 
3135 2679 2680 324 325 
3136 2680 2681 323 324 
3137 2681 2682 322 323 
3138 2682 321 17 322 
2 99 3 200
3139 8 109 2683 350 
3140 350 2683 2684 351 
3141 351 2684 2685 352 
3142 352 2685 2686 353 
3143 353 2686 2687 354 
3144 354 2687 2688 355 
3145 355 2688 2689 356 
3146 356 2689 2690 357 
3147 357 2690 2691 358 
3148 358 2691 2692 359 
3149 359 2692 2693 360 
3150 360 2693 2694 361 
3151 361 2694 2695 362 
3152 362 2695 2696 363 
3153 363 2696 2697 364 
3154 364 2697 2698 365 
3155 365 2698 2699 366 
3156 366 2699 2700 367 
3157 367 2700 2701 368 
3158 368 2701 369 17 
3159 109 110 2702 2683 
3160 2683 2702 2703 2684 
3161 2684 2703 2704 2685 
3162 2685 2704 2705 2686 
3163 2686 2705 2706 2687 
3164 2687 2706 2707 2688 
3165 2688 2707 2708 2689 
3166 2689 2708 2709 2690 
3167 2690 2709 2710 2691 
3168 2691 2710 2711 2692 
3169 2692 2711 2712 2693 
3170 2693 2712 2713 2694 
3171 2694 2713 2714 2695 
3172 2695 2714 2715 2696 
3173 2696 2715 2716 2697 
3174 2697 2716 2717 2698 
3175 2698 2717 2718 2699 
3176 2699 2718 2719 2700 
3177 2700 2719 2720 2701 
3178 2701 2720 370 369 
3179 110 111 2721 2702 
3180 2702 2721 2722 2703 
3181 2703 2722 2723 2704 
3182 2704 2723 2724 2705 
3183 2705 2724 2725 2706 
3184 2706 2725 2726 2707 
3185 2707 2726 2727 2708 
3186 2708 2727 2728 2709 
3187 2709 2728 2729 2710 
3188 2710 2729 2730 2711 
3189 2711 2730 2731 2712 
3190 2712 2731 2732 2713 
3191 2713 2732 2733 2714 
3192 2714 2733 2734 2715 
3193 2715 2734 2735 2716 
3194 2716 2735 2736 2717 
3195 2717 2736 2737 2718 
3196 2718 2737 2738 2719 
3197 2719 2738 2739 2720 
3198 2720 2739 371 370 
3199 111 112 2740 2721 
3200 2721 2740 2741 2722 
3201 2722 2741 2742 2723 
3202 2723 2742 2743 2724 
3203 2724 2743 2744 2725 
3204 2725 2744 2745 2726 
3205 2726 2745 2746 2727 
3206 2727 2746 2747 2728 
3207 2728 2747 2748 2729 
3208 2729 2748 2749 2730 
3209 2730 2749 2750 2731 
3210 2731 2750 2751 2732 
3211 2732 2751 2752 2733 
3212 2733 2752 2753 2734 
3213 2734 2753 2754 2735 
3214 2735 2754 2755 2736 
3215 2736 2755 2756 2737 
3216 2737 2756 2757 2738 
3217 2738 2757 2758 2739 
3218 2739 2758 372 371 
3219 112 113 2759 2740 
3220 2740 2759 2760 2741 
3221 2741 2760 2761 2742 
3222 2742 2761 2762 2743 
3223 2743 2762 2763 2744 
3224 2744 2763 2764 2745 
3225 2745 2764 2765 2746 
3226 2746 2765 2766 2747 
3227 2747 2766 2767 2748 
3228 2748 2767 2768 2749 
3229 2749 2768 2769 2750 
3230 2750 2769 2770 2751 
3231 2751 2770 2771 2752 
3232 2752 2771 2772 2753 
3233 2753 2772 2773 2754 
3234 2754 2773 2774 2755 
3235 2755 2774 2775 2756 
3236 2756 2775 2776 2757 
3237 2757 2776 2777 2758 
3238 2758 2777 373 372 
3239 113 114 2778 2759 
3240 2759 2778 2779 2760 
3241 2760 2779 2780 2761 
3242 2761 2780 2781 2762 
3243 2762 2781 2782 2763 
3244 2763 2782 2783 2764 
3245 2764 2783 2784 2765 
3246 2765 2784 2785 2766 
3247 2766 2785 2786 2767 
3248 2767 2786 2787 2768 
3249 2768 2787 2788 2769 
3250 2769 2788 2789 2770 
3251 2770 2789 2790 2771 
3252 2771 2790 2791 2772 
3253 2772 2791 2792 2773 
3254 2773 2792 2793 2774 
3255 2774 2793 2794 2775 
3256 2775 2794 2795 2776 
3257 2776 2795 2796 2777 
3258 2777 2796 374 373 
3259 114 115 2797 2778 
3260 2778 2797 2798 2779 
3261 2779 2798 2799 2780 
3262 2780 2799 2800 2781 
3263 2781 2800 2801 2782 
3264 2782 2801 2802 2783 
3265 2783 2802 2803 2784 
3266 2784 2803 2804 2785 
3267 2785 2804 2805 2786 
3268 2786 2805 2806 2787 
3269 2787 2806 2807 2788 
3270 2788 2807 2808 2789 
3271 2789 2808 2809 2790 
3272 2790 2809 2810 2791 
3273 2791 2810 2811 2792 
3274 2792 2811 2812 2793 
3275 2793 2812 2813 2794 
3276 2794 2813 2814 2795 
3277 2795 2814 2815 2796 
3278 2796 2815 375 374 
3279 115 116 2816 2797 
3280 2797 2816 2817 2798 
3281 2798 2817 2818 2799 
3282 2799 2818 2819 2800 
3283 2800 2819 2820 2801 
3284 2801 2820 2821 2802 
3285 2802 2821 2822 2803 
3286 2803 2822 2823 2804 
3287 2804 2823 2824 2805 
3288 2805 2824 2825 2806 
3289 2806 2825 2826 2807 
3290 2807 2826 2827 2808 
3291 2808 2827 2828 2809 
3292 2809 2828 2829 2810 
3293 2810 2829 2830 2811 
3294 2811 2830 2831 2812 
3295 2812 2831 2832 2813 
3296 2813 2832 2833 2814 
3297 2814 2833 2834 2815 
3298 2815 2834 376 375 
3299 116 117 2835 2816 
3300 2816 2835 2836 2817 
3301 2817 2836 2837 2818 
3302 2818 2837 2838 2819 
3303 2819 2838 2839 2820 
3304 2820 2839 2840 2821 
3305 2821 2840 2841 2822 
3306 2822 2841 2842 2823 
3307 2823 2842 2843 2824 
3308 2824 2843 2844 2825 
3309 2825 2844 2845 2826 
3310 2826 2845 2846 2827 
3311 2827 2846 2847 2828 
3312 2828 2847 2848 2829 
3313 2829 2848 2849 2830 
3314 2830 2849 2850 2831 
3315 2831 2850 2851 2832 
3316 2832 2851 2852 2833 
3317 2833 2852 2853 2834 
3318 2834 2853 377 376 
3319 117 9 387 2835 
3320 2835 387 388 2836 
3321 2836 388 389 2837 
3322 2837 389 390 2838 
3323 2838 390 391 2839 
3324 2839 391 392 2840 
3325 2840 392 393 2841 
3326 2841 393 394 2842 
3327 2842 394 395 2843 
3328 2843 395 396 2844 
3329 2844 396 397 2845 
3330 2845 397 398 2846 
3331 2846 398 399 2847 
3332 2847 399 400 2848 
3333 2848 400 401 2849 
3334 2849 401 402 2850 
3335 2850 402 403 2851 
3336 2851 403 404 2852 
3337 2852 404 405 2853 
3338 2853 405 18 377 
2 103 3 200
3339 9 118 2854 387 
3340 387 2854 2855 388 
3341 388 2855 2856 389 
3342 389 2856 2857 390 
3343 390 2857 2858 391 
3344 391 2858 2859 392 
3345 392 2859 2860 393 
3346 393 2860 2861 394 
3347 394 2861 2862 395 
3348 395 2862 2863 396 
3349 396 2863 2864 397 
3350 397 2864 2865 398 
3351 398 2865 2866 399 
3352 399 2866 2867 400 
3353 400 2867 2868 401 
3354 401 2868 2869 402 
3355 402 2869 2870 403 
3356 403 2870 2871 404 
3357 404 2871 2872 405 
3358 405 2872 378 18 
3359 118 119 2873 2854 
3360 2854 2873 2874 2855 
3361 2855 2874 2875 2856 
3362 2856 2875 2876 2857 
3363 2857 2876 2877 2858 
3364 2858 2877 2878 2859 
3365 2859 2878 2879 2860 
3366 2860 2879 2880 2861 
3367 2861 2880 2881 2862 
3368 2862 2881 2882 2863 
3369 2863 2882 2883 2864 
3370 2864 2883 2884 2865 
3371 2865 2884 2885 2866 
3372 2866 2885 2886 2867 
3373 2867 2886 2887 2868 
3374 2868 2887 2888 2869 
3375 2869 2888 2889 2870 
3376 2870 2889 2890 2871 
3377 2871 2890 2891 2872 
3378 2872 2891 379 378 
3379 119 120 2892 2873 
3380 2873 2892 2893 2874 
3381 2874 2893 2894 2875 
3382 2875 2894 2895 2876 
3383 2876 2895 2896 2877 
3384 2877 2896 2897 2878 
3385 2878 2897 2898 2879 
3386 2879 2898 2899 2880 
3387 2880 2899 2900 2881 
3388 2881 2900 2901 2882 
3389 2882 2901 2902 2883 
3390 2883 2902 2903 2884 
3391 2884 2903 2904 2885 
3392 2885 2904 2905 2886 
3393 2886 2905 2906 2887 
3394 2887 2906 2907 2888 
3395 2888 2907 2908 2889 
3396 2889 2908 2909 2890 
3397 2890 2909 2910 2891 
3398 2891 2910 380 379 
3399 120 121 2911 2892 
3400 2892 2911 2912 2893 
3401 2893 2912 2913 2894 
3402 2894 2913 2914 2895 
3403 2895 2914 2915 2896 
3404 2896 2915 2916 2897 
3405 2897 2916 2917 2898 
3406 2898 2917 2918 2899 
3407 2899 2918 2919 2900 
3408 2900 2919 2920 2901 
3409 2901 2920 2921 2902 
3410 2902 2921 2922 2903 
3411 2903 2922 2923 2904 
3412 2904 2923 2924 2905 
3413 2905 2924 2925 2906 
3414 2906 2925 2926 2907 
3415 2907 2926 2927 2908 
3416 2908 2927 2928 2909 
3417 2909 2928 2929 2910 
3418 2910 2929 381 380 
3419 121 122 2930 2911 
3420 2911 2930 2931 2912 
3421 2912 2931 2932 2913 
3422 2913 2932 2933 2914 
3423 2914 2933 2934 2915 
3424 2915 2934 2935 2916 
3425 2916 2935 2936 2917 
3426 2917 2936 2937 2918 
3427 2918 2937 2938 2919 
3428 2919 2938 2939 2920 
3429 2920 2939 2940 2921 
3430 2921 2940 2941 2922 
3431 2922 2941 2942 2923 
3432 2923 2942 2943 2924 
3433 2924 2943 2944 2925 
3434 2925 2944 2945 2926 
3435 2926 2945 2946 2927 
3436 2927 2946 2947 2928 
3437 2928 2947 2948 2929 
3438 2929 2948 382 381 
3439 122 123 2949 2930 
3440 2930 2949 2950 2931 
3441 2931 2950 2951 2932 
3442 2932 2951 2952 2933 
3443 2933 2952 2953 2934 
3444 2934 2953 2954 2935 
3445 2935 2954 2955 2936 
3446 2936 2955 2956 2937 
3447 2937 2956 2957 2938 
3448 2938 2957 2958 2939 
3449 2939 2958 2959 2940 
3450 2940 2959 2960 2941 
3451 2941 2960 2961 2942 
3452 2942 2961 2962 2943 
3453 2943 2962 2963 2944 
3454 2944 2963 2964 2945 
3455 2945 2964 2965 2946 
3456 2946 2965 2966 2947 
3457 2947 2966 2967 2948 
3458 2948 2967 383 382 
3459 123 124 2968 2949 
3460 2949 2968 2969 2950 
3461 2950 2969 2970 2951 
3462 2951 2970 2971 2952 
3463 2952 2971 2972 2953 
3464 2953 2972 2973 2954 
3465 2954 2973 2974 2955 
3466 2955 2974 2975 2956 
3467 2956 2975 2976 2957 
3468 2957 2976 2977 2958 
3469 2958 2977 2978 2959 
3470 2959 2978 2979 2960 
3471 2960 2979 2980 2961 
3472 2961 2980 2981 2962 
3473 2962 2981 2982 2963 
3474 2963 2982 2983 2964 
3475 2964 2983 2984 2965 
3476 2965 2984 2985 2966 
3477 2966 2985 2986 2967 
3478 2967 2986 384 383 
3479 124 125 2987 2968 
3480 2968 2987 2988 2969 
3481 2969 2988 2989 2970 
3482 2970 2989 2990 2971 
3483 2971 2990 2991 2972 
3484 2972 2991 2992 2973 
3485 2973 2992 2993 2974 
3486 2974 2993 2994 2975 
3487 2975 2994 2995 2976 
3488 2976 2995 2996 2977 
3489 2977 2996 2997 2978 
3490 2978 2997 2998 2979 
3491 2979 2998 2999 2980 
3492 2980 2999 3000 2981 
3493 2981 3000 3001 2982 
3494 2982 3001 3002 2983 
3495 2983 3002 3003 2984 
3496 2984 3003 3004 2985 
3497 2985 3004 3005 2986 
3498 2986 3005 385 384 
3499 125 126 3006 2987 
3500 2987 3006 3007 2988 
3501 2988 3007 3008 2989 
3502 2989 3008 3009 2990 
3503 2990 3009 3010 2991 
3504 2991 3010 3011 2992 
3505 2992 3011 3012 2993 
3506 2993 3012 3013 2994 
3507 2994 3013 3014 2995 
3508 2995 3014 3015 2996 
3509 2996 3015 3016 2997 
3510 2997 3016 3017 2998 
3511 2998 3017 3018 2999 
3512 2999 3018 3019 3000 
3513 3000 3019 3020 3001 
3514 3001 3020 3021 3002 
3515 3002 3021 3022 3003 
3516 3003 3022 3023 3004 
3517 3004 3023 3024 3005 
3518 3005 3024 386 385 
3519 126 4 220 3006 
3520 3006 220 221 3007 
3521 3007 221 222 3008 
3522 3008 222 223 3009 
3523 3009 223 224 3010 
3524 3010 224 225 3011 
3525 3011 225 226 3012 
3526 3012 226 227 3013 
3527 3013 227 228 3014 
3528 3014 228 229 3015 
3529 3015 229 230 3016 
3530 3016 230 231 3017 
3531 3017 231 232 3018 
3532 3018 232 233 3019 
3533 3019 233 234 3020 
3534 3020 234 235 3021 
3535 3021 235 236 3022 
3536 3022 236 237 3023 
3537 3023 237 238 3024 
3538 3024 238 13 386 
2 104 3 100
3539 12 330 3025 145 
3540 330 329 3026 3025 
3541 329 328 3027 3026 
3542 328 327 3028 3027 
3543 327 326 3029 3028 
3544 326 325 3030 3029 
3545 325 324 3031 3030 
3546 324 323 3032 3031 
3547 323 322 3033 3032 
3548 322 17 369 3033 
3549 145 3025 3034 146 
3550 3025 3026 3035 3034 
3551 3026 3027 3036 3035 
3552 3027 3028 3037 3036 
3553 3028 3029 3038 3037 
3554 3029 3030 3039 3038 
3555 3030 3031 3040 3039 
3556 3031 3032 3041 3040 
3557 3032 3033 3042 3041 
3558 3033 369 370 3042 
3559 146 3034 3043 147 
3560 3034 3035 3044 3043 
3561 3035 3036 3045 3044 
3562 3036 3037 3046 3045 
3563 3037 3038 3047 3046 
3564 3038 3039 3048 3047 
3565 3039 3040 3049 3048 
3566 3040 3041 3050 3049 
3567 3041 3042 3051 3050 
3568 3042 370 371 3051 
3569 147 3043 3052 148 
3570 3043 3044 3053 3052 
3571 3044 3045 3054 3053 
3572 3045 3046 3055 3054 
3573 3046 3047 3056 3055 
3574 3047 3048 3057 3056 
3575 3048 3049 3058 3057 
3576 3049 3050 3059 3058 
3577 3050 3051 3060 3059 
3578 3051 371 372 3060 
3579 148 3052 3061 149 
3580 3052 3053 3062 3061 
3581 3053 3054 3063 3062 
3582 3054 3055 3064 3063 
3583 3055 3056 3065 3064 
3584 3056 3057 3066 3065 
3585 3057 3058 3067 3066 
3586 3058 3059 3068 3067 
3587 3059 3060 3069 3068 
3588 3060 372 373 3069 
3589 149 3061 3070 150 
3590 3061 3062 3071 3070 
3591 3062 3063 3072 3071 
3592 3063 3064 3073 3072 
3593 3064 3065 3074 3073 
3594 3065 3066 3075 3074 
3595 3066 3067 3076 3075 
3596 3067 3068 3077 3076 
3597 3068 3069 3078 3077 
3598 3069 373 374 3078 
3599 150 3070 3079 151 
3600 3070 3071 3080 3079 
3601 3071 3072 3081 3080 
3602 3072 3073 3082 3081 
3603 3073 3074 3083 3082 
3604 3074 3075 3084 3083 
3605 3075 3076 3085 3084 
3606 3076 3077 3086 3085 
3607 3077 3078 3087 3086 
3608 3078 374 375 3087 
3609 151 3079 3088 152 
3610 3079 3080 3089 3088 
3611 3080 3081 3090 3089 
3612 3081 3082 3091 3090 
3613 3082 3083 3092 3091 
3614 3083 3084 3093 3092 
3615 3084 3085 3094 3093 
3616 3085 3086 3095 3094 
3617 3086 3087 3096 3095 
3618 3087 375 376 3096 
3619 152 3088 3097 153 
3620 3088 3089 3098 3097 
3621 3089 3090 3099 3098 
3622 3090 3091 3100 3099 
3623 3091 3092 3101 3100 
3624 3092 3093 3102 3101 
3625 3093 3094 3103 3102 
3626 3094 3095 3104 3103 
3627 3095 3096 3105 3104 
3628 3096 376 377 3105 
3629 153 3097 386 13 
3630 3097 3098 385 386 
3631 3098 3099 384 385 
3632 3099 3100 383 384 
3633 3100 3101 382 383 
3634 3101 3102 381 382 
3635 3102 3103 380 381 
3636 3103 3104 379 380 
3637 3104 3105 378 379 
3638 3105 377 18 378 
3 1 5 2000
3639 1 19 406 54 163 730 3106 1395 
3640 163 730 3106 1395 164 731 3107 1396 
3641 164 731 3107 1396 165 732 3108 1397 
3642 165 732 3108 1397 166 733 3109 1398 
3643 166 733 3109 1398 167 734 3110 1399 
3644 167 734 3110 1399 168 735 3111 1400 
3645 168 735 3111 1400 169 736 3112 1401 
3646 169 736 3112 1401 170 737 3113 1402 
3647 170 737 3113 1402 171 738 3114 1403 
3648 171 738 3114 1403 172 739 3115 1404 
3649 172 739 3115 1404 173 740 3116 1405 
3650 173 740 3116 1405 174 741 3117 1406 
3651 174 741 3117 1406 175 742 3118 1407 
3652 175 742 3118 1407 176 743 3119 1408 
3653 176 743 3119 1408 177 744 3120 1409 
3654 177 744 3120 1409 178 745 3121 1410 
3655 178 745 3121 1410 179 746 3122 1411 
3656 179 746 3122 1411 180 747 3123 1412 
3657 180 747 3123 1412 181 748 3124 1413 
3658 181 748 3124 1413 10 127 1414 162 
3659 54 406 407 53 1395 3106 3125 1376 
3660 1395 3106 3125 1376 1396 3107 3126 1377 
3661 1396 3107 3126 1377 1397 3108 3127 1378 
3662 1397 3108 3127 1378 1398 3109 3128 1379 
3663 1398 3109 3128 1379 1399 3110 3129 1380 
3664 1399 3110 3129 1380 1400 3111 3130 1381 
3665 1400 3111 3130 1381 1401 3112 3131 1382 
3666 1401 3112 3131 1382 1402 3113 3132 1383 
3667 1402 3113 3132 1383 1403 3114 3133 1384 
3668 1403 3114 3133 1384 1404 3115 3134 1385 
3669 1404 3115 3134 1385 1405 3116 3135 1386 
3670 1405 3116 3135 1386 1406 3117 3136 1387 
3671 1406 3117 3136 1387 1407 3118 3137 1388 
3672 1407 3118 3137 1388 1408 3119 3138 1389 
3673 1408 3119 3138 1389 1409 3120 3139 1390 
3674 1409 3120 3139 1390 1410 3121 3140 1391 
3675 1410 3121 3140 1391 1411 3122 3141 1392 
3676 1411 3122 3141 1392 1412 3123 3142 1393 
3677 1412 3123 3142 1393 1413 3124 3143 1394 
3678 1413 3124 3143 1394 162 1414 1415 161 
3679 53 407 408 52 1376 3125 3144 1357 
3680 1376 3125 3144 1357 1377 3126 3145 1358 
3681 1377 3126 3145 1358 1378 3127 3146 1359 
3682 1378 3127 3146 1359 1379 3128 3147 1360 
3683 1379 3128 3147 1360 1380 3129 3148 1361 
3684 1380 3129 3148 1361 1381 3130 3149 1362 
3685 1381 3130 3149 1362 1382 3131 3150 1363 
3686 1382 3131 3150 1363 1383 3132 3151 1364 
3687 1383 3132 3151 1364 1384 3133 3152 1365 
3688 1384 3133 3152 1365 1385 3134 3153 1366 
3689 1385 3134 3153 1366 1386 3135 3154 1367 
3690 1386 3135 3154 1367 1387 3136 3155 1368 
3691 1387 3136 3155 1368 1388 3137 3156 1369 
3692 1388 3137 3156 1369 1389 3138 3157 1370 
3693 1389 3138 3157 1370 1390 3139 3158 1371 
3694 1390 3139 3158 1371 1391 3140 3159 1372 
3695 1391 3140 3159 1372 1392 3141 3160 1373 
3696 1392 3141 3160 1373 1393 3142 3161 1374 
3697 1393 3142 3161 1374 1394 3143 3162 1375 
3698 1394 3143 3162 1375 161 1415 1416 160 
3699 52 408 409 51 1357 3144 3163 1338 
3700 1357 3144 3163 1338 1358 3145 3164 1339 
3701 1358 3145 3164 1339 1359 3146 3165 1340 
3702 1359 3146 3165 1340 1360 3147 3166 1341 
3703 1360 3147 3166 1341 1361 3148 3167 1342 
3704 1361 3148 3167 1342 1362 3149 3168 1343 
3705 1362 3149 3168 1343 1363 3150 3169 1344 
3706 1363 3150 3169 1344 1364 3151 3170 1345 
3707 1364 3151 3170 1345 1365 3152 3171 1346 
3708 1365 3152 3171 1346 1366 3153 3172 1347 
3709 1366 3153 3172 1347 1367 3154 3173 1348 
3710 1367 3154 3173 1348 1368 3155 3174 1349 
3711 1368 3155 3174 1349 1369 3156 3175 1350 
3712 1369 3156 3175 1350 1370 3157 3176 1351 
3713 1370 3157 3176 1351 1371 3158 3177 1352 
3714 1371 3158 3177 1352 1372 3159 3178 1353 
3715 1372 3159 3178 1353 1373 3160 3179 1354 
3716 1373 3160 3179 1354 1374 3161 3180 1355 
3717 1374 3161 3180 1355 1375 3162 3181 1356 
3718 1375 3162 3181 1356 160 1416 1417 159 
3719 51 409 410 50 1338 3163 3182 1319 
3720 1338 3163 3182 1319 1339 3164 3183 1320 
3721 1339 3164 3183 1320 1340 3165 3184 1321 
3722 1340 3165 3184 1321 1341 3166 3185 1322 
3723 1341 3166 3185 1322 1342 3167 3186 1323 
3724 1342 3167 3186 1323 1343 3168 3187 1324 
3725 1343 3168 3187 1324 1344 3169 3188 1325 
3726 1344 3169 3188 1325 1345 3170 3189 1326 
3727 1345 3170 3189 1326 1346 3171 3190 1327 
3728 1346 3171 3190 1327 1347 3172 3191 1328 
3729 1347 3172 3191 1328 1348 3173 3192 1329 
3730 1348 3173 3192 1329 1349 3174 3193 1330 
3731 1349 3174 3193 1330 1350 3175 3194 1331 
3732 1350 3175 3194 1331 1351 3176 3195 1332 
3733 1351 3176 3195 1332 1352 3177 3196 1333 
3734 1352 3177 3196 1333 1353 3178 3197 1334 
3735 1353 3178 3197 1334 1354 3179 3198 1335 
3736 1354 3179 3198 1335 1355 3180 3199 1336 
3737 1355 3180 3199 1336 1356 3181 3200 1337 
3738 1356 3181 3200 1337 159 1417 1418 158 
3739 50 410 411 49 1319 3182 3201 1300 
3740 1319 3182 3201 1300 1320 3183 3202 1301 
3741 1320 3183 3202 1301 1321 3184 3203 1302 
3742 1321 3184 3203 1302 1322 3185 3204 1303 
3743 1322 3185 3204 1303 1323 3186 3205 1304 
3744 1323 3186 3205 1304 1324 3187 3206 1305 
3745 1324 3187 3206 1305 1325 3188 3207 1306 
3746 1325 3188 3207 1306 1326 3189 3208 1307 
3747 1326 3189 3208 1307 1327 3190 3209 1308 
3748 1327 3190 3209 1308 1328 3191 3210 1309 
3749 1328 3191 3210 1309 1329 3192 3211 1310 
3750 1329 3192 3211 1310 1330 3193 3212 1311 
3751 1330 3193 3212 1311 1331 3194 3213 1312 
3752 1331 3194 3213 1312 1332 3195 3214 1313 
3753 1332 3195 3214 1313 1333 3196 3215 1314 
3754 1333 3196 3215 1314 1334 3197 3216 1315 
3755 1334 3197 3216 1315 1335 3198 3217 1316 
3756 1335 3198 3217 1316 1336 3199 3218 1317 
3757 1336 3199 3218 1317 1337 3200 3219 1318 
3758 1337 3200 3219 1318 158 1418 1419 157 
3759 49 411 412 48 1300 3201 3220 1281 
3760 1300 3201 3220 1281 1301 3202 3221 1282 
3761 1301 3202 3221 1282 1302 3203 3222 1283 
3762 1302 3203 3222 1283 1303 3204 3223 1284 
3763 1303 3204 3223 1284 1304 3205 3224 1285 
3764 1304 3205 3224 1285 1305 3206 3225 1286 
3765 1305 3206 3225 1286 1306 3207 3226 1287 
3766 1306 3207 3226 1287 1307 3208 3227 1288 
3767 1307 3208 3227 1288 1308 3209 3228 1289 
3768 1308 3209 3228 1289 1309 3210 3229 1290 
3769 1309 3210 3229 1290 1310 3211 3230 1291 
3770 1310 3211 3230 1291 1311 3212 3231 1292 
3771 1311 3212 3231 1292 1312 3213 3232 1293 
3772 1312 3213 3232 1293 1313 3214 3233 1294 
3773 1313 3214 3233 1294 1314 3215 3234 1295 
3774 1314 3215 3234 1295 1315 3216 3235 1296 
3775 1315 3216 3235 1296 1316 3217 3236 1297 
3776 1316 3217 3236 1297 1317 3218 3237 1298 
3777 1317 3218 3237 1298 1318 3219 3238 1299 
3778 1318 3219 3238 1299 157 1419 1420 156 
3779 48 412 413 47 1281 3220 3239 1262 
3780 1281 3220 3239 1262 1282 3221 3240 1263 
3781 1282 3221 3240 1263 1283 3222 3241 1264 
3782 1283 3222 3241 1264 1284 3223 3242 1265 
3783 1284 3223 3242 1265 1285 3224 3243 1266 
3784 1285 3224 3243 1266 1286 3225 3244 1267 
3785 1286 3225 3244 1267 1287 3226 3245 1268 
3786 1287 3226 3245 1268 1288 3227 3246 1269 
3787 1288 3227 3246 1269 1289 3228 3247 1270 
3788 1289 3228 3247 1270 1290 3229 3248 1271 
3789 1290 3229 3248 1271 1291 3230 3249 1272 
3790 1291 3230 3249 1272 1292 3231 3250 1273 
3791 1292 3231 3250 1273 1293 3232 3251 1274 
3792 1293 3232 3251 1274 1294 3233 3252 1275 
3793 1294 3233 3252 1275 1295 3234 3253 1276 
3794 1295 3234 3253 1276 1296 3235 3254 1277 
3795 1296 3235 3254 1277 1297 3236 3255 1278 
3796 1297 3236 3255 1278 1298 3237 3256 1279 
3797 1298 3237 3256 1279 1299 3238 3257 1280 
3798 1299 3238 3257 1280 156 1420 1421 155 
3799 47 413 414 46 1262 3239 3258 1243 
3800 1262 3239 3258 1243 1263 3240 3259 1244 
3801 1263 3240 3259 1244 1264 3241 3260 1245 
3802 1264 3241 3260 1245 1265 3242 3261 1246 
3803 1265 3242 3261 1246 1266 3243 3262 1247 
3804 1266 3243 3262 1247 1267 3244 3263 1248 
3805 1267 3244 3263 1248 1268 3245 3264 1249 
3806 1268 3245 3264 1249 1269 3246 3265 1250 
3807 1269 3246 3265 1250 1270 3247 3266 1251 
3808 1270 3247 3266 1251 1271 3248 3267 1252 
3809 1271 3248 3267 1252 1272 3249 3268 1253 
3810 1272 3249 3268 1253 1273 3250 3269 1254 
3811 1273 3250 3269 1254 1274 3251 3270 1255 
3812 1274 3251 3270 1255 1275 3252 3271 1256 
3813 1275 3252 3271 1256 1276 3253 3272 1257 
3814 1276 3253 3272 1257 1277 3254 3273 1258 
3815 1277 3254 3273 1258 1278 3255 3274 1259 
3816 1278 3255 3274 1259 1279 3256 3275 1260 
3817 1279 3256 3275 1260 1280 3257 3276 1261 
3818 1280 3257 3276 1261 155 1421 1422 154 
3819 46 414 45 4 1243 3258 1224 220 
3820 1243 3258 1224 220 1244 3259 1225 221 
3821 1244 3259 1225 221 1245 3260 1226 222 
3822 1245 3260 1226 222 1246 3261 1227 223 
3823 1246 3261 1227 223 1247 3262 1228 224 
3824 1247 3262 1228 224 1248 3263 1229 225 
3825 1248 3263 1229 225 1249 3264 1230 226 
3826 1249 3264 1230 226 1250 3265 1231 227 
3827 1250 3265 1231 227 1251 3266 1232 228 
3828 1251 3266 1232 228 1252 3267 1233 229 
3829 1252 3267 1233 229 1253 3268 1234 230 
3830 1253 3268 1234 230 1254 3269 1235 231 
3831 1254 3269 1235 231 1255 3270 1236 232 
3832 1255 3270 1236 232 1256 3271 1237 233 
3833 1256 3271 1237 233 1257 3272 1238 234 
3834 1257 3272 1238 234 1258 3273 1239 235 
3835 1258 3273 1239 235 1259 3274 1240 236 
3836 1259 3274 1240 236 1260 3275 1241 237 
3837 1260 3275 1241 237 1261 3276 1242 238 
3838 1261 3276 1242 238 154 1422 153 13 
3839 19 20 415 406 730 749 3277 3106 
3840 730 749 3277 3106 731 750 3278 3107 
3841 731 750 3278 3107 732 751 3279 3108 
3842 732 751 3279 3108 733 752 3280 3109 
3843 733 752 3280 3109 734 753 3281 3110 
3844 734 753 3281 3110 735 754 3282 3111 
3845 735 754 3282 3111 736 755 3283 3112 
3846 736 755 3283 3112 737 756 3284 3113 
3847 737 756 3284 3113 738 757 3285 3114 
3848 738 757 3285 3114 739 758 3286 3115 
3849 739 758 3286 3115 740 759 3287 3116 
3850 740 759 3287 3116 741 760 3288 3117 
3851 741 760 3288 3117 742 761 3289 3118 
3852 742 761 3289 3118 743 762 3290 3119 
3853 743 762 3290 3119 744 763 3291 3120 
3854 744 763 3291 3120 745 764 3292 3121 
3855 745 764 3292 3121 746 765 3293 3122 
3856 746 765 3293 3122 747 766 3294 3123 
3857 747 766 3294 3123 748 767 3295 3124 
3858 748 767 3295 3124 127 128 1423 1414 
3859 406 415 416 407 3106 3277 3296 3125 
3860 3106 3277 3296 3125 3107 3278 3297 3126 
3861 3107 3278 3297 3126 3108 3279 3298 3127 
3862 3108 3279 3298 3127 3109 3280 3299 3128 
3863 3109 3280 3299 3128 3110 3281 3300 3129 
3864 3110 3281 3300 3129 3111 3282 3301 3130 
3865 3111 3282 3301 3130 3112 3283 3302 3131 
3866 3112 3283 3302 3131 3113 3284 3303 3132 
3867 3113 3284 3303 3132 3114 3285 3304 3133 
3868 3114 3285 3304 3133 3115 3286 3305 3134 
3869 3115 3286 3305 3134 3116 3287 3306 3135 
3870 3116 3287 3306 3135 3117 3288 3307 3136 
3871 3117 3288 3307 3136 3118 3289 3308 3137 
3872 3118 3289 3308 3137 3119 3290 3309 3138 
3873 3119 3290 3309 3138 3120 3291 3310 3139 
3874 3120 3291 3310 3139 3121 3292 3311 3140 
3875 3121 3292 3311 3140 3122 3293 3312 3141 
3876 3122 3293 3312 3141 3123 3294 3313 3142 
3877 3123 3294 3313 3142 3124 3295 3314 3143 
3878 3124 3295 3314 3143 1414 1423 1424 1415 
3879 407 416 417 408 3125 3296 3315 3144 
3880 3125 3296 3315 3144 3126 3297 3316 3145 
3881 3126 3297 3316 3145 3127 3298 3317 3146 
3882 3127 3298 3317 3146 3128 3299 3318 3147 
3883 3128 3299 3318 3147 3129 3300 3319 3148 
3884 3129 3300 3319 3148 3130 3301 3320 3149 
3885 3130 3301 3320 3149 3131 3302 3321 3150 
3886 3131 3302 3321 3150 3132 3303 3322 3151 
3887 3132 3303 3322 3151 3133 3304 3323 3152 
3888 3133 3304 3323 3152 3134 3305 3324 3153 
3889 3134 3305 3324 3153 3135 3306 3325 3154 
3890 3135 3306 3325 3154 3136 3307 3326 3155 
3891 3136 3307 3326 3155 3137 3308 3327 3156 
3892 3137 3308 3327 3156 3138 3309 3328 3157 
3893 3138 3309 3328 3157 3139 3310 3329 3158 
3894 3139 3310 3329 3158 3140 3311 3330 3159 
3895 3140 3311 3330 3159 3141 3312 3331 3160 
3896 3141 3312 3331 3160 3142 3313 3332 3161 
3897 3142 3313 3332 3161 3143 3314 3333 3162 
3898 3143 3314 3333 3162 1415 1424 1425 1416 
3899 408 417 418 409 3144 3315 3334 3163 
3900 3144 3315 3334 3163 3145 3316 3335 3164 
3901 3145 3316 3335 3164 3146 3317 3336 3165 
3902 3146 3317 3336 3165 3147 3318 3337 3166 
3903 3147 3318 3337 3166 3148 3319 3338 3167 
3904 3148 3319 3338 3167 3149 3320 3339 3168 
3905 3149 3320 3339 3168 3150 3321 3340 3169 
3906 3150 3321 3340 3169 3151 3322 3341 3170 
3907 3151 3322 3341 3170 3152 3323 3342 3171 
3908 3152 3323 3342 3171 3153 3324 3343 3172 
3909 3153 3324 3343 3172 3154 3325 3344 3173 
3910 3154 3325 3344 3173 3155 3326 3345 3174 
3911 3155 3326 3345 3174 3156 3327 3346 3175 
3912 3156 3327 3346 3175 3157 3328 3347 3176 
3913 3157 3328 3347 3176 3158 3329 3348 3177 
3914 3158 3329 3348 3177 3159 3330 3349 3178 
3915 3159 3330 3349 3178 3160 3331 3350 3179 
3916 3160 3331 3350 3179 3161 3332 3351 3180 
3917 3161 3332 3351 3180 3162 3333 3352 3181 
3918 3162 3333 3352 3181 1416 1425 1426 1417 
3919 409 418 419 410 3163 3334 3353 3182 
3920 3163 3334 3353 3182 3164 3335 3354 3183 
3921 3164 3335 3354 3183 3165 3336 3355 3184 
3922 3165 3336 3355 3184 3166 3337 3356 3185 
3923 3166 3337 3356 3185 3167 3338 3357 3186 
3924 3167 3338 3357 3186 3168 3339 3358 3187 
3925 3168 3339 3358 3187 3169 3340 3359 3188 
3926 3169 3340 3359 3188 3170 3341 3360 3189 
3927 3170 3341 3360 3189 3171 3342 3361 3190 
3928 3171 3342 3361 3190 3172 3343 3362 3191 
3929 3172 3343 3362 3191 3173 3344 3363 3192 
3930 3173 3344 3363 3192 3174 3345 3364 3193 
3931 3174 3345 3364 3193 3175 3346 3365 3194 
3932 3175 3346 3365 3194 3176 3347 3366 3195 
3933 3176 3347 3366 3195 3177 3348 3367 3196 
3934 3177 3348 3367 3196 3178 3349 3368 3197 
3935 3178 3349 3368 3197 3179 3350 3369 3198 
3936 3179 3350 3369 3198 3180 3351 3370 3199 
3937 3180 3351 3370 3199 3181 3352 3371 3200 
3938 3181 3352 3371 3200 1417 1426 1427 1418 
3939 410 419 420 411 3182 3353 3372 3201 
3940 3182 3353 3372 3201 3183 3354 3373 3202 
3941 3183 3354 3373 3202 3184 3355 3374 3203 
3942 3184 3355 3374 3203 3185 3356 3375 3204 
3943 3185 3356 3375 3204 3186 3357 3376 3205 
3944 3186 3357 3376 3205 3187 3358 3377 3206 
3945 3187 3358 3377 3206 3188 3359 3378 3207 
3946 3188 3359 3378 3207 3189 3360 3379 3208 
3947 3189 3360 3379 3208 3190 3361 3380 3209 
3948 3190 3361 3380 3209 3191 3362 3381 3210 
3949 3191 3362 3381 3210 3192 3363 3382 3211 
3950 3192 3363 3382 3211 3193 3364 3383 3212 
3951 3193 3364 3383 3212 3194 3365 3384 3213 
3952 3194 3365 3384 3213 3195 3366 3385 3214 
3953 3195 3366 3385 3214 3196 3367 3386 3215 
3954 3196 3367 3386 3215 3197 3368 3387 3216 
3955 3197 3368 3387 3216 3198 3369 3388 3217 
3956 3198 3369 3388 3217 3199 3370 3389 3218 
3957 3199 3370 3389 3218 3200 3371 3390 3219 
3958 3200 3371 3390 3219 1418 1427 1428 1419 
3959 411 420 421 412 3201 3372 3391 3220 
3960 3201 3372 3391 3220 3202 3373 3392 3221 
3961 3202 3373 3392 3221 3203 3374 3393 3222 
3962 3203 3374 3393 3222 3204 3375 3394 3223 
3963 3204 3375 3394 3223 3205 3376 3395 3224 
3964 3205 3376 3395 3224 3206 3377 3396 3225 
3965 3206 3377 3396 3225 3207 3378 3397 3226 
3966 3207 3378 3397 3226 3208 3379 3398 3227 
3967 3208 3379 3398 3227 3209 3380 3399 3228 
3968 3209 3380 3399 3228 3210 3381 3400 3229 
3969 3210 3381 3400 3229 3211 3382 3401 3230 
3970 3211 3382 3401 3230 3212 3383 3402 3231 
3971 3212 3383 3402 3231 3213 3384 3403 3232 
3972 3213 3384 3403 3232 3214 3385 3404 3233 
3973 3214 3385 3404 3233 3215 3386 3405 3234 
3974 3215 3386 3405 3234 3216 3387 3406 3235 
3975 3216 3387 3406 3235 3217 3388 3407 3236 
3976 3217 3388 3407 3236 3218 3389 3408 3237 
3977 3218 3389 3408 3237 3219 3390 3409 3238 
3978 3219 3390 3409 3238 1419 1428 1429 1420 
3979 412 421 422 413 3220 3391 3410 3239 
3980 3220 3391 3410 3239 3221 3392 3411 3240 
3981 3221 3392 3411 3240 3222 3393 3412 3241 
3982 3222 3393 3412 3241 3223 3394 3413 3242 
3983 3223 3394 3413 3242 3224 3395 3414 3243 
3984 3224 3395 3414 3243 3225 3396 3415 3244 
3985 3225 3396 3415 3244 3226 3397 3416 3245 
3986 3226 3397 3416 3245 3227 3398 3417 3246 
3987 3227 3398 3417 3246 3228 3399 3418 3247 
3988 3228 3399 3418 3247 3229 3400 3419 3248 
3989 3229 3400 3419 3248 3230 3401 3420 3249 
3990 3230 3401 3420 3249 3231 3402 3421 3250 
3991 3231 3402 3421 3250 3232 3403 3422 3251 
3992 3232 3403 3422 3251 3233 3404 3423 3252 
3993 3233 3404 3423 3252 3234 3405 3424 3253 
3994 3234 3405 3424 3253 3235 3406 3425 3254 
3995 3235 3406 3425 3254 3236 3407 3426 3255 
3996 3236 3407 3426 3255 3237 3408 3427 3256 
3997 3237 3408 3427 3256 3238 3409 3428 3257 
3998 3238 3409 3428 3257 1420 1429 1430 1421 
3999 413 422 423 414 3239 3410 3429 3258 
4000 3239 3410 3429 3258 3240 3411 3430 3259 
4001 3240 3411 3430 3259 3241 3412 3431 3260 
4002 3241 3412 3431 3260 3242 3413 3432 3261 
4003 3242 3413 3432 3261 3243 3414 3433 3262 
4004 3243 3414 3433 3262 3244 3415 3434 3263 
4005 3244 3415 3434 3263 3245 3416 3435 3264 
4006 3245 3416 3435 3264 3246 3417 3436 3265 
4007 3246 3417 3436 3265 3247 3418 3437 3266 
4008 3247 3418 3437 3266 3248 3419 3438 3267 
4009 3248 3419 3438 3267 3249 3420 3439 3268 
4010 3249 3420 3439 3268 3250 3421 3440 3269 
4011 3250 3421 3440 3269 3251 3422 3441 3270 
4012 3251 3422 3441 3270 3252 3423 3442 3271 
4013 3252 3423 3442 3271 3253 3424 3443 3272 
4014 3253 3424 3443 3272 3254 3425 3444 3273 
4015 3254 3425 3444 3273 3255 3426 3445 3274 
4016 3255 3426 3445 3274 3256 3427 3446 3275 
4017 3256 3427 3446 3275 3257 3428 3447 3276 
4018 3257 3428 3447 3276 1421 1430 1431 1422 
4019 414 423 44 45 3258 3429 1205 1224 
4020 3258 3429 1205 1224 3259 3430 1206 1225 
4021 3259 3430 1206 1225 3260 3431 1207 1226 
4022 3260 3431 1207 1226 3261 3432 1208 1227 
4023 3261 3432 1208 1227 3262 3433 1209 1228 
4024 3262 3433 1209 1228 3263 3434 1210 1229 
4025 3263 3434 1210 1229 3264 3435 1211 1230 
4026 3264 3435 1211 1230 3265 3436 1212 1231 
4027 3265 3436 1212 1231 3266 3437 1213 1232 
4028 3266 3437 1213 1232 3267 3438 1214 1233 
4029 3267 3438 1214 1233 3268 3439 1215 1234 
4030 3268 3439 1215 1234 3269 3440 1216 1235 
4031 3269 3440 1216 1235 3270 3441 1217 1236 
4032 3270 3441 1217 1236 3271 3442 1218 1237 
4033 3271 3442 1218 1237 3272 3443 1219 1238 
4034 3272 3443 1219 1238 3273 3444 1220 1239 
4035 3273 3444 1220 1239 3274 3445 1221 1240 
4036 3274 3445 1221 1240 3275 3446 1222 1241 
4037 3275 3446 1222 1241 3276 3447 1223 1242 
4038 3276 3447 1223 1242 1422 1431 152 153 
4039 20 21 424 415 749 768 3448 3277 
4040 749 768 3448 3277 750 769 3449 3278 
4041 750 769 3449 3278 751 770 3450 3279 
4042 751 770 3450 3279 752 771 3451 3280 
4043 752 771 3451 3280 753 772 3452 3281 
4044 753 772 3452 3281 754 773 3453 3282 
4045 754 773 3453 3282 755 774 3454 3283 
4046 755 774 3454 3283 756 775 3455 3284 
4047 756 775 3455 3284 757 776 3456 3285 
4048 757 776 3456 3285 758 777 3457 3286 
4049 758 777 3457 3286 759 778 3458 3287 
4050 759 778 3458 3287 760 779 3459 3288 
4051 760 779 3459 3288 761 780 3460 3289 
4052 761 780 3460 3289 762 781 3461 3290 
4053 762 781 3461 3290 763 782 3462 3291 
4054 763 782 3462 3291 764 783 3463 3292 
4055 764 783 3463 3292 765 784 3464 3293 
4056 765 784 3464 3293 766 785 3465 3294 
4057 766 785 3465 3294 767 786 3466 3295 
4058 767 786 3466 3295 128 129 1432 1423 
4059 415 424 425 416 3277 3448 3467 3296 
4060 3277 3448 3467 3296 3278 3449 3468 3297 
4061 3278 3449 3468 3297 3279 3450 3469 3298 
4062 3279 3450 3469 3298 3280 3451 3470 3299 
4063 3280 3451 3470 3299 3281 3452 3471 3300 
4064 3281 3452 3471 3300 3282 3453 3472 3301 
4065 3282 3453 3472 3301 3283 3454 3473 3302 
4066 3283 3454 3473 3302 3284 3455 3474 3303 
4067 3284 3455 3474 3303 3285 3456 3475 3304 
4068 3285 3456 3475 3304 3286 3457 3476 3305 
4069 3286 3457 3476 3305 3287 3458 3477 3306 
4070 3287 3458 3477 3306 3288 3459 3478 3307 
4071 3288 3459 3478 3307 3289 3460 3479 3308 
4072 3289 3460 3479 3308 3290 3461 3480 3309 
4073 3290 3461 3480 3309 3291 3462 3481 3310 
4074 3291 3462 3481 3310 3292 3463 3482 3311 
4075 3292 3463 3482 3311 3293 3464 3483 3312 
4076 3293 3464 3483 3312 3294 3465 3484 3313 
4077 3294 3465 3484 3313 3295 3466 3485 3314 
4078 3295 3466 3485 3314 1423 1432 1433 1424 
4079 416 425 426 417 3296 3467 3486 3315 
4080 3296 3467 3486 3315 3297 3468 3487 3316 
4081 3297 3468 3487 3316 3298 3469 3488 3317 
4082 3298 3469 3488 3317 3299 3470 3489 3318 
4083 3299 3470 3489 3318 3300 3471 3490 3319 
4084 3300 3471 3490 3319 3301 3472 3491 3320 
4085 3301 3472 3491 3320 3302 3473 3492 3321 
4086 3302 3473 3492 3321 3303 3474 3493 3322 
4087 3303 3474 3493 3322 3304 3475 3494 3323 
4088 3304 3475 3494 3323 3305 3476 3495 3324 
4089 3305 3476 3495 3324 3306 3477 3496 3325 
4090 3306 3477 3496 3325 3307 3478 3497 3326 
4091 3307 3478 3497 3326 3308 3479 3498 3327 
4092 3308 3479 3498 3327 3309 3480 3499 3328 
4093 3309 3480 3499 3328 3310 3481 3500 3329 
4094 3310 3481 3500 3329 3311 3482 3501 3330 
4095 3311 3482 3501 3330 3312 3483 3502 3331 
4096 3312 3483 3502 3331 3313 3484 3503 3332 
4097 3313 3484 3503 3332 3314 3485 3504 3333 
4098 3314 3485 3504 3333 1424 1433 1434 1425 
4099 417 426 427 418 3315 3486 3505 3334 
4100 3315 3486 3505 3334 3316 3487 3506 3335 
4101 3316 3487 3506 3335 3317 3488 3507 3336 
4102 3317 3488 3507 3336 3318 3489 3508 3337 
4103 3318 3489 3508 3337 3319 3490 3509 3338 
4104 3319 3490 3509 3338 3320 3491 3510 3339 
4105 3320 3491 3510 3339 3321 3492 3511 3340 
4106 3321 3492 3511 3340 3322 3493 3512 3341 
4107 3322 3493 3512 3341 3323 3494 3513 3342 
4108 3323 3494 3513 3342 3324 3495 3514 3343 
4109 3324 3495 3514 3343 3325 3496 3515 3344 
4110 3325 3496 3515 3344 3326 3497 3516 3345 
4111 3326 3497 3516 3345 3327 3498 3517 3346 
4112 3327 3498 3517 3346 3328 3499 3518 3347 
4113 3328 3499 3518 3347 3329 3500 3519 3348 
4114 3329 3500 3519 3348 3330 3501 3520 3349 
4115 3330 3501 3520 3349 3331 3502 3521 3350 
4116 3331 3502 3521 3350 3332 3503 3522 3351 
4117 3332 3503 3522 3351 3333 3504 3523 3352 
4118 3333 3504 3523 3352 1425 1434 1435 1426 
4119 418 427 428 419 3334 3505 3524 3353 
4120 3334 3505 3524 3353 3335 3506 3525 3354 
4121 3335 3506 3525 3354 3336 3507 3526 3355 
4122 3336 3507 3526 3355 3337 3508 3527 3356 
4123 3337 3508 3527 3356 3338 3509 3528 3357 
4124 3338 3509 3528 3357 3339 3510 3529 3358 
4125 3339 3510 3529 3358 3340 3511 3530 3359 
4126 3340 3511 3530 3359 3341 3512 3531 3360 
4127 3341 3512 3531 3360 3342 3513 3532 3361 
4128 3342 3513 3532 3361 3343 3514 3533 3362 
4129 3343 3514 3533 3362 3344 3515 3534 3363 
4130 3344 3515 3534 3363 3345 3516 3535 3364 
4131 3345 3516 3535 3364 3346 3517 3536 3365 
4132 3346 3517 3536 3365 3347 3518 3537 3366 
4133 3347 3518 3537 3366 3348 3519 3538 3367 
4134 3348 3519 3538 3367 3349 3520 3539 3368 
4135 3349 3520 3539 3368 3350 3521 3540 3369 
4136 3350 3521 3540 3369 3351 3522 3541 3370 
4137 3351 3522 3541 3370 3352 3523 3542 3371 
4138 3352 3523 3542 3371 1426 1435 1436 1427 
4139 419 428 429 420 3353 3524 3543 3372 
4140 3353 3524 3543 3372 3354 3525 3544 3373 
4141 3354 3525 3544 3373 3355 3526 3545 3374 
4142 3355 3526 3545 3374 3356 3527 3546 3375 
4143 3356 3527 3546 3375 3357 3528 3547 3376 
4144 3357 3528 3547 3376 3358 3529 3548 3377 
4145 3358 3529 3548 3377 3359 3530 3549 3378 
4146 3359 3530 3549 3378 3360 3531 3550 3379 
4147 3360 3531 3550 3379 3361 3532 3551 3380 
4148 3361 3532 3551 3380 3362 3533 3552 3381 
4149 3362 3533 3552 3381 3363 3534 3553 3382 
4150 3363 3534 3553 3382 3364 3535 3554 3383 
4151 3364 3535 3554 3383 3365 3536 3555 3384 
4152 3365 3536 3555 3384 3366 3537 3556 3385 
4153 3366 3537 3556 3385 3367 3538 3557 3386 
4154 3367 3538 3557 3386 3368 3539 3558 3387 
4155 3368 3539 3558 3387 3369 3540 3559 3388 
4156 3369 3540 3559 3388 3370 3541 3560 3389 
4157 3370 3541 3560 3389 3371 3542 3561 3390 
4158 3371 3542 3561 3390 1427 1436 1437 1428 
4159 420 429 430 421 3372 3543 3562 3391 
4160 3372 3543 3562 3391 3373 3544 3563 3392 
4161 3373 3544 3563 3392 3374 3545 3564 3393 
4162 3374 3545 3564 3393 3375 3546 3565 3394 
4163 3375 3546 3565 3394 3376 3547 3566 3395 
4164 3376 3547 3566 3395 3377 3548 3567 3396 
4165 3377 3548 3567 3396 3378 3549 3568 3397 
4166 3378 3549 3568 3397 3379 3550 3569 3398 
4167 3379 3550 3569 3398 3380 3551 3570 3399 
4168 3380 3551 3570 3399 3381 3552 3571 3400 
4169 3381 3552 3571 3400 3382 3553 3572 3401 
4170 3382 3553 3572 3401 3383 3554 3573 3402 
4171 3383 3554 3573 3402 3384 3555 3574 3403 
4172 3384 3555 3574 3403 3385 3556 3575 3404 
4173 3385 3556 3575 3404 3386 3557 3576 3405 
4174 3386 3557 3576 3405 3387 3558 3577 3406 
4175 3387 3558 3577 3406 3388 3559 3578 3407 
4176 3388 3559 3578 3407 3389 3560 3579 3408 
4177 3389 3560 3579 3408 3390 3561 3580 3409 
4178 3390 3561 3580 3409 1428 1437 1438 1429 
4179 421 430 431 422 3391 3562 3581 3410 
4180 3391 3562 3581 3410 3392 3563 3582 3411 
4181 3392 3563 3582 3411 3393 3564 3583 3412 
4182 3393 3564 3583 3412 3394 3565 3584 3413 
4183 3394 3565 3584 3413 3395 3566 3585 3414 
4184 3395 3566 3585 3414 3396 3567 3586 3415 
4185 3396 3567 3586 3415 3397 3568 3587 3416 
4186 3397 3568 3587 3416 3398 3569 3588 3417 
4187 3398 3569 3588 3417 3399 3570 3589 3418 
4188 3399 3570 3589 3418 3400 3571 3590 3419 
4189 3400 3571 3590 3419 3401 3572 3591 3420 
4190 3401 3572 3591 3420 3402 3573 3592 3421 
4191 3402 3573 3592 3421 3403 3574 3593 3422 
4192 3403 3574 3593 3422 3404 3575 3594 3423 
4193 3404 3575 3594 3423 3405 3576 3595 3424 
4194 3405 3576 3595 3424 3406 3577 3596 3425 
4195 3406 3577 3596 3425 3407 3578 3597 3426 
4196 3407 3578 3597 3426 3408 3579 3598 3427 
4197 3408 3579 3598 3427 3409 3580 3599 3428 
4198 3409 3580 3599 3428 1429 1438 1439 1430 
4199 422 431 432 423 3410 3581 3600 3429 
4200 3410 3581 3600 3429 3411 3582 3601 3430 
4201 3411 3582 3601 3430 3412 3583 3602 3431 
4202 3412 3583 3602 3431 3413 3584 3603 3432 
4203 3413 3584 3603 3432 3414 3585 3604 3433 
4204 3414 3585 3604 3433 3415 3586 3605 3434 
4205 3415 3586 3605 3434 3416 3587 3606 3435 
4206 3416 3587 3606 3435 3417 3588 3607 3436 
4207 3417 3588 3607 3436 3418 3589 3608 3437 
4208 3418 3589 3608 3437 3419 3590 3609 3438 
4209 3419 3590 3609 3438 3420 3591 3610 3439 
4210 3420 3591 3610 3439 3421 3592 3611 3440 
4211 3421 3592 3611 3440 3422 3593 3612 3441 
4212 3422 3593 3612 3441 3423 3594 3613 3442 
4213 3423 3594 3613 3442 3424 3595 3614 3443 
4214 3424 3595 3614 3443 3425 3596 3615 3444 
4215 3425 3596 3615 3444 3426 3597 3616 3445 
4216 3426 3597 3616 3445 3427 3598 3617 3446 
4217 3427 3598 3617 3446 3428 3599 3618 3447 
4218 3428 3599 3618 3447 1430 1439 1440 1431 
4219 423 432 43 44 3429 3600 1186 1205 
4220 3429 3600 1186 1205 3430 3601 1187 1206 
4221 3430 3601 1187 1206 3431 3602 1188 1207 
4222 3431 3602 1188 1207 3432 3603 1189 1208 
4223 3432 3603 1189 1208 3433 3604 1190 1209 
4224 3433 3604 1190 1209 3434 3605 1191 1210 
4225 3434 3605 1191 1210 3435 3606 1192 1211 
4226 3435 3606 1192 1211 3436 3607 1193 1212 
4227 3436 3607 1193 1212 3437 3608 1194 1213 
4228 3437 3608 1194 1213 3438 3609 1195 1214 
4229 3438 3609 1195 1214 3439 3610 1196 1215 
4230 3439 3610 1196 1215 3440 3611 1197 1216 
4231 3440 3611 1197 1216 3441 3612 1198 1217 
4232 3441 3612 1198 1217 3442 3613 1199 1218 
4233 3442 3613 1199 1218 3443 3614 1200 1219 
4234 3443 3614 1200 1219 3444 3615 1201 1220 
4235 3444 3615 1201 1220 3445 3616 1202 1221 
4236 3445 3616 1202 1221 3446 3617 1203 1222 
4237 3446 3617 1203 1222 3447 3618 1204 1223 
4238 3447 3618 1204 1223 1431 1440 151 152 
4239 21 22 433 424 768 787 3619 3448 
4240 768 787 3619 3448 769 788 3620 3449 
4241 769 788 3620 3449 770 789 3621 3450 
4242 770 789 3621 3450 771 790 3622 3451 
4243 771 790 3622 3451 772 791 3623 3452 
4244 772 791 3623 3452 773 792 3624 3453 
4245 773 792 3624 3453 774 793 3625 3454 
4246 774 793 3625 3454 775 794 3626 3455 
4247 775 794 3626 3455 776 795 3627 3456 
4248 776 795 3627 3456 777 796 3628 3457 
4249 777 796 3628 3457 778 797 3629 3458 
4250 778 797 3629 3458 779 798 3630 3459 
4251 779 798 3630 3459 780 799 3631 3460 
4252 780 799 3631 3460 781 800 3632 3461 
4253 781 800 3632 3461 782 801 3633 3462 
4254 782 801 3633 3462 783 802 3634 3463 
4255 783 802 3634 3463 784 803 3635 3464 
4256 784 803 3635 3464 785 804 3636 3465 
4257 785 804 3636 3465 786 805 3637 3466 
4258 786 805 3637 3466 129 130 1441 1432 
4259 424 433 434 425 3448 3619 3638 3467 
4260 3448 3619 3638 3467 3449 3620 3639 3468 
4261 3449 3620 3639 3468 3450 3621 3640 3469 
4262 3450 3621 3640 3469 3451 3622 3641 3470 
4263 3451 3622 3641 3470 3452 3623 3642 3471 
4264 3452 3623 3642 3471 3453 3624 3643 3472 
4265 3453 3624 3643 3472 3454 3625 3644 3473 
4266 3454 3625 3644 3473 3455 3626 3645 3474 
4267 3455 3626 3645 3474 3456 3627 3646 3475 
4268 3456 3627 3646 3475 3457 3628 3647 3476 
4269 3457 3628 3647 3476 3458 3629 3648 3477 
4270 3458 3629 3648 3477 3459 3630 3649 3478 
4271 3459 3630 3649 3478 3460 3631 3650 3479 
4272 3460 3631 3650 3479 3461 3632 3651 3480 
4273 3461 3632 3651 3480 3462 3633 3652 3481 
4274 3462 3633 3652 3481 3463 3634 3653 3482 
4275 3463 3634 3653 3482 3464 3635 3654 3483 
4276 3464 3635 3654 3483 3465 3636 3655 3484 
4277 3465 3636 3655 3484 3466 3637 3656 3485 
4278 3466 3637 3656 3485 1432 1441 1442 1433 
4279 425 434 435 426 3467 3638 3657 3486 
4280 3467 3638 3657 3486 3468 3639 3658 3487 
4281 3468 3639 3658 3487 3469 3640 3659 3488 
4282 3469 3640 3659 3488 3470 3641 3660 3489 
4283 3470 3641 3660 3489 3471 3642 3661 3490 
4284 3471 3642 3661 3490 3472 3643 3662 3491 
4285 3472 3643 3662 3491 3473 3644 3663 3492 
4286 3473 3644 3663 3492 3474 3645 3664 3493 
4287 3474 3645 3664 3493 3475 3646 3665 3494 
4288 3475 3646 3665 3494 3476 3647 3666 3495 
4289 3476 3647 3666 3495 3477 3648 3667 3496 
4290 3477 3648 3667 3496 3478 3649 3668 3497 
4291 3478 3649 3668 3497 3479 3650 3669 3498 
4292 3479 3650 3669 3498 3480 3651 3670 3499 
4293 3480 3651 3670 3499 3481 3652 3671 3500 
4294 3481 3652 3671 3500 3482 3653 3672 3501 
4295 3482 3653 3672 3501 3483 3654 3673 3502 
4296 3483 3654 3673 3502 3484 3655 3674 3503 
4297 3484 3655 3674 3503 3485 3656 3675 3504 
4298 3485 3656 3675 3504 1433 1442 1443 1434 
4299 426 435 436 427 3486 3657 3676 3505 
4300 3486 3657 3676 3505 3487 3658 3677 3506 
4301 3487 3658 3677 3506 3488 3659 3678 3507 
4302 3488 3659 3678 3507 3489 3660 3679 3508 
4303 3489 3660 3679 3508 3490 3661 3680 3509 
4304 3490 3661 3680 3509 3491 3662 3681 3510 
4305 3491 3662 3681 3510 3492 3663 3682 3511 
4306 3492 3663 3682 3511 3493 3664 3683 3512 
4307 3493 3664 3683 3512 3494 3665 3684 3513 
4308 3494 3665 3684 3513 3495 3666 3685 3514 
4309 3495 3666 3685 3514 3496 3667 3686 3515 
4310 3496 3667 3686 3515 3497 3668 3687 3516 
4311 3497 3668 3687 3516 3498 3669 3688 3517 
4312 3498 3669 3688 3517 3499 3670 3689 3518 
4313 3499 3670 3689 3518 3500 3671 3690 3519 
4314 3500 3671 3690 3519 3501 3672 3691 3520 
4315 3501 3672 3691 3520 3502 3673 3692 3521 
4316 3502 3673 3692 3521 3503 3674 3693 3522 
4317 3503 3674 3693 3522 3504 3675 3694 3523 
4318 3504 3675 3694 3523 1434 1443 1444 1435 
4319 427 436 437 428 3505 3676 3695 3524 
4320 3505 3676 3695 3524 3506 3677 3696 3525 
4321 3506 3677 3696 3525 3507 3678 3697 3526 
4322 3507 3678 3697 3526 3508 3679 3698 3527 
4323 3508 3679 3698 3527 3509 3680 3699 3528 
4324 3509 3680 3699 3528 3510 3681 3700 3529 
4325 3510 3681 3700 3529 3511 3682 3701 3530 
4326 3511 3682 3701 3530 3512 3683 3702 3531 
4327 3512 3683 3702 3531 3513 3684 3703 3532 
4328 3513 3684 3703 3532 3514 3685 3704 3533 
4329 3514 3685 3704 3533 3515 3686 3705 3534 
4330 3515 3686 3705 3534 3516 3687 3706 3535 
4331 3516 3687 3706 3535 3517 3688 3707 3536 
4332 3517 3688 3707 3536 3518 3689 3708 3537 
4333 3518 3689 3708 3537 3519 3690 3709 3538 
4334 3519 3690 3709 3538 3520 3691 3710 3539 
4335 3520 3691 3710 3539 3521 3692 3711 3540 
4336 3521 3692 3711 3540 3522 3693 3712 3541 
4337 3522 3693 3712 3541 3523 3694 3713 3542 
4338 3523 3694 3713 3542 1435 1444 1445 1436 
4339 428 437 438 429 3524 3695 3714 3543 
4340 3524 3695 3714 3543 3525 3696 3715 3544 
4341 3525 3696 3715 3544 3526 3697 3716 3545 
4342 3526 3697 3716 3545 3527 3698 3717 3546 
4343 3527 3698 3717 3546 3528 3699 3718 3547 
4344 3528 3699 3718 3547 3529 3700 3719 3548 
4345 3529 3700 3719 3548 3530 3701 3720 3549 
4346 3530 3701 3720 3549 3531 3702 3721 3550 
4347 3531 3702 3721 3550 3532 3703 3722 3551 
4348 3532 3703 3722 3551 3533 3704 3723 3552 
4349 3533 3704 3723 3552 3534 3705 3724 3553 
4350 3534 3705 3724 3553 3535 3706 3725 3554 
4351 3535 3706 3725 3554 3536 3707 3726 3555 
4352 3536 3707 3726 3555 3537 3708 3727 3556 
4353 3537 3708 3727 3556 3538 3709 3728 3557 
4354 3538 3709 3728 3557 3539 3710 3729 3558 
4355 3539 3710 3729 3558 3540 3711 3730 3559 
4356 3540 3711 3730 3559 3541 3712 3731 3560 
4357 3541 3712 3731 3560 3542 3713 3732 3561 
4358 3542 3713 3732 3561 1436 1445 1446 1437 
4359 429 438 439 430 3543 3714 3733 3562 
4360 3543 3714 3733 3562 3544 3715 3734 3563 
4361 3544 3715 3734 3563 3545 3716 3735 3564 
4362 3545 3716 3735 3564 3546 3717 3736 3565 
4363 3546 3717 3736 3565 3547 3718 3737 3566 
4364 3547 3718 3737 3566 3548 3719 3738 3567 
4365 3548 3719 3738 3567 3549 3720 3739 3568 
4366 3549 3720 3739 3568 3550 3721 3740 3569 
4367 3550 3721 3740 3569 3551 3722 3741 3570 
4368 3551 3722 3741 3570 3552 3723 3742 3571 
4369 3552 3723 3742 3571 3553 3724 3743 3572 
4370 3553 3724 3743 3572 3554 3725 3744 3573 
4371 3554 3725 3744 3573 3555 3726 3745 3574 
4372 3555 3726 3745 3574 3556 3727 3746 3575 
4373 3556 3727 3746 3575 3557 3728 3747 3576 
4374 3557 3728 3747 3576 3558 3729 3748 3577 
4375 3558 3729 3748 3577 3559 3730 3749 3578 
4376 3559 3730 3749 3578 3560 3731 3750 3579 
4377 3560 3731 3750 3579 3561 3732 3751 3580 
4378 3561 3732 3751 3580 1437 1446 1447 1438 
4379 430 439 440 431 3562 3733 3752 3581 
4380 3562 3733 3752 3581 3563 3734 3753 3582 
4381 3563 3734 3753 3582 3564 3735 3754 3583 
4382 3564 3735 3754 3583 3565 3736 3755 3584 
4383 3565 3736 3755 3584 3566 3737 3756 3585 
4384 3566 3737 3756 3585 3567 3738 3757 3586 
4385 3567 3738 3757 3586 3568 3739 3758 3587 
4386 3568 3739 3758 3587 3569 3740 3759 3588 
4387 3569 3740 3759 3588 3570 3741 3760 3589 
4388 3570 3741 3760 3589 3571 3742 3761 3590 
4389 3571 3742 3761 3590 3572 3743 3762 3591 
4390 3572 3743 3762 3591 3573 3744 3763 3592 
4391 3573 3744 3763 3592 3574 3745 3764 3593 
4392 3574 3745 3764 3593 3575 3746 3765 3594 
4393 3575 3746 3765 3594 3576 3747 3766 3595 
4394 3576 3747 3766 3595 3577 3748 3767 3596 
4395 3577 3748 3767 3596 3578 3749 3768 3597 
4396 3578 3749 3768 3597 3579 3750 3769 3598 
4397 3579 3750 3769 3598 3580 3751 3770 3599 
4398 3580 3751 3770 3599 1438 1447 1448 1439 
4399 431 440 441 432 3581 3752 3771 3600 
4400 3581 3752 3771 3600 3582 3753 3772 3601 
4401 3582 3753 3772 3601 3583 3754 3773 3602 
4402 3583 3754 3773 3602 3584 3755 3774 3603 
4403 3584 3755 3774 3603 3585 3756 3775 3604 
4404 3585 3756 3775 3604 3586 3757 3776 3605 
4405 3586 3757 3776 3605 3587 3758 3777 3606 
4406 3587 3758 3777 3606 3588 3759 3778 3607 
4407 3588 3759 3778 3607 3589 3760 3779 3608 
4408 3589 3760 3779 3608 3590 3761 3780 3609 
4409 3590 3761 3780 3609 3591 3762 3781 3610 
4410 3591 3762 3781 3610 3592 3763 3782 3611 
4411 3592 3763 3782 3611 3593 3764 3783 3612 
4412 3593 3764 3783 3612 3594 3765 3784 3613 
4413 3594 3765 3784 3613 3595 3766 3785 3614 
4414 3595 3766 3785 3614 3596 3767 3786 3615 
4415 3596 3767 3786 3615 3597 3768 3787 3616 
4416 3597 3768 3787 3616 3598 3769 3788 3617 
4417 3598 3769 3788 3617 3599 3770 3789 3618 
4418 3599 3770 3789 3618 1439 1448 1449 1440 
4419 432 441 42 43 3600 3771 1167 1186 
4420 3600 3771 1167 1186 3601 3772 1168 1187 
4421 3601 3772 1168 1187 3602 3773 1169 1188 
4422 3602 3773 1169 1188 3603 3774 1170 1189 
4423 3603 3774 1170 1189 3604 3775 1171 1190 
4424 3604 3775 1171 1190 3605 3776 1172 1191 
4425 3605 3776 1172 1191 3606 3777 1173 1192 
4426 3606 3777 1173 1192 3607 3778 1174 1193 
4427 3607 3778 1174 1193 3608 3779 1175 1194 
4428 3608 3779 1175 1194 3609 3780 1176 1195 
4429 3609 3780 1176 1195 3610 3781 1177 1196 
4430 3610 3781 1177 1196 3611 3782 1178 1197 
4431 3611 3782 1178 1197 3612 3783 1179 1198 
4432 3612 3783 1179 1198 3613 3784 1180 1199 
4433 3613 3784 1180 1199 3614 3785 1181 1200 
4434 3614 3785 1181 1200 3615 3786 1182 1201 
4435 3615 3786 1182 1201 3616 3787 1183 1202 
4436 3616 3787 1183 1202 3617 3788 1184 1203 
4437 3617 3788 1184 1203 3618 3789 1185 1204 
4438 3618 3789 1185 1204 1440 1449 150 151 
4439 22 23 442 433 787 806 3790 3619 
4440 787 806 3790 3619 788 807 3791 3620 
4441 788 807 3791 3620 789 808 3792 3621 
4442 789 808 3792 3621 790 809 3793 3622 
4443 790 809 3793 3622 791 810 3794 3623 
4444 791 810 3794 3623 792 811 3795 3624 
4445 792 811 3795 3624 793 812 3796 3625 
4446 793 812 3796 3625 794 813 3797 3626 
4447 794 813 3797 3626 795 814 3798 3627 
4448 795 814 3798 3627 796 815 3799 3628 
4449 796 815 3799 3628 797 816 3800 3629 
4450 797 816 3800 3629 798 817 3801 3630 
4451 798 817 3801 3630 799 818 3802 3631 
4452 799 818 3802 3631 800 819 3803 3632 
4453 800 819 3803 3632 801 820 3804 3633 
4454 801 820 3804 3633 802 821 3805 3634 
4455 802 821 3805 3634 803 822 3806 3635 
4456 803 822 3806 3635 804 823 3807 3636 
4457 804 823 3807 3636 805 824 3808 3637 
4458 805 824 3808 3637 130 131 1450 1441 
4459 433 442 443 434 3619 3790 3809 3638 
4460 3619 3790 3809 3638 3620 3791 3810 3639 
4461 3620 3791 3810 3639 3621 3792 3811 3640 
4462 3621 3792 3811 3640 3622 3793 3812 3641 
4463 3622 3793 3812 3641 3623 3794 3813 3642 
4464 3623 3794 3813 3642 3624 3795 3814 3643 
4465 3624 3795 3814 3643 3625 3796 3815 3644 
4466 3625 3796 3815 3644 3626 3797 3816 3645 
4467 3626 3797 3816 3645 3627 3798 3817 3646 
4468 3627 3798 3817 3646 3628 3799 3818 3647 
4469 3628 3799 3818 3647 3629 3800 3819 3648 
4470 3629 3800 3819 3648 3630 3801 3820 3649 
4471 3630 3801 3820 3649 3631 3802 3821 3650 
4472 3631 3802 3821 3650 3632 3803 3822 3651 
4473 3632 3803 3822 3651 3633 3804 3823 3652 
4474 3633 3804 3823 3652 3634 3805 3824 3653 
4475 3634 3805 3824 3653 3635 3806 3825 3654 
4476 3635 3806 3825 3654 3636 3807 3826 3655 
4477 3636 3807 3826 3655 3637 3808 3827 3656 
4478 3637 3808 3827 3656 1441 1450 1451 1442 
4479 434 443 444 435 3638 3809 3828 3657 
4480 3638 3809 3828 3657 3639 3810 3829 3658 
4481 3639 3810 3829 3658 3640 3811 3830 3659 
4482 3640 3811 3830 3659 3641 3812 3831 3660 
4483 3641 3812 3831 3660 3642 3813 3832 3661 
4484 3642 3813 3832 3661 3643 3814 3833 3662 
4485 3643 3814 3833 3662 3644 3815 3834 3663 
4486 3644 3815 3834 3663 3645 3816 3835 3664 
4487 3645 3816 3835 3664 3646 3817 3836 3665 
4488 3646 3817 3836 3665 3647 3818 3837 3666 
4489 3647 3818 3837 3666 3648 3819 3838 3667 
4490 3648 3819 3838 3667 3649 3820 3839 3668 
4491 3649 3820 3839 3668 3650 3821 3840 3669 
4492 3650 3821 3840 3669 3651 3822 3841 3670 
4493 3651 3822 3841 3670 3652 3823 3842 3671 
4494 3652 3823 3842 3671 3653 3824 3843 3672 
4495 3653 3824 3843 3672 3654 3825 3844 3673 
4496 3654 3825 3844 3673 3655 3826 3845 3674 
4497 3655 3826 3845 3674 3656 3827 3846 3675 
4498 3656 3827 3846 3675 1442 1451 1452 1443 
4499 435 444 445 436 3657 3828 3847 3676 
4500 3657 3828 3847 3676 3658 3829 3848 3677 
4501 3658 3829 3848 3677 3659 3830 3849 3678 
4502 3659 3830 3849 3678 3660 3831 3850 3679 
4503 3660 3831 3850 3679 3661 3832 3851 3680 
4504 3661 3832 3851 3680 3662 3833 3852 3681 
4505 3662 3833 3852 3681 3663 3834 3853 3682 
4506 3663 3834 3853 3682 3664 3835 3854 3683 
4507 3664 3835 3854 3683 3665 3836 3855 3684 
4508 3665 3836 3855 3684 3666 3837 3856 3685 
4509 3666 3837 3856 3685 3667 3838 3857 3686 
4510 3667 3838 3857 3686 3668 3839 3858 3687 
4511 3668 3839 3858 3687 3669 3840 3859 3688 
4512 3669 3840 3859 3688 3670 3841 3860 3689 
4513 3670 3841 3860 3689 3671 3842 3861 3690 
4514 3671 3842 3861 3690 3672 3843 3862 3691 
4515 3672 3843 3862 3691 3673 3844 3863 3692 
4516 3673 3844 3863 3692 3674 3845 3864 3693 
4517 3674 3845 3864 3693 3675 3846 3865 3694 
4518 3675 3846 3865 3694 1443 1452 1453 1444 
4519 436 445 446 437 3676 3847 3866 3695 
4520 3676 3847 3866 3695 3677 3848 3867 3696 
4521 3677 3848 3867 3696 3678 3849 3868 3697 
4522 3678 3849 3868 3697 3679 3850 3869 3698 
4523 3679 3850 3869 3698 3680 3851 3870 3699 
4524 3680 3851 3870 3699 3681 3852 3871 3700 
4525 3681 3852 3871 3700 3682 3853 3872 3701 
4526 3682 3853 3872 3701 3683 3854 3873 3702 
4527 3683 3854 3873 3702 3684 3855 3874 3703 
4528 3684 3855 3874 3703 3685 3856 3875 3704 
4529 3685 3856 3875 3704 3686 3857 3876 3705 
4530 3686 3857 3876 3705 3687 3858 3877 3706 
4531 3687 3858 3877 3706 3688 3859 3878 3707 
4532 3688 3859 3878 3707 3689 3860 3879 3708 
4533 3689 3860 3879 3708 3690 3861 3880 3709 
4534 3690 3861 3880 3709 3691 3862 3881 3710 
4535 3691 3862 3881 3710 3692 3863 3882 3711 
4536 3692 3863 3882 3711 3693 3864 3883 3712 
4537 3693 3864 3883 3712 3694 3865 3884 3713 
4538 3694 3865 3884 3713 1444 1453 1454 1445 
4539 437 446 447 438 3695 3866 3885 3714 
4540 3695 3866 3885 3714 3696 3867 3886 3715 
4541 3696 3867 3886 3715 3697 3868 3887 3716 
4542 3697 3868 3887 3716 3698 3869 3888 3717 
4543 3698 3869 3888 3717 3699 3870 3889 3718 
4544 3699 3870 3889 3718 3700 3871 3890 3719 
4545 3700 3871 3890 3719 3701 3872 3891 3720 
4546 3701 3872 3891 3720 3702 3873 3892 3721 
4547 3702 3873 3892 3721 3703 3874 3893 3722 
4548 3703 3874 3893 3722 3704 3875 3894 3723 
4549 3704 3875 3894 3723 3705 3876 3895 3724 
4550 3705 3876 3895 3724 3706 3877 3896 3725 
4551 3706 3877 3896 3725 3707 3878 3897 3726 
4552 3707 3878 3897 3726 3708 3879 3898 3727 
4553 3708 3879 3898 3727 3709 3880 3899 3728 
4554 3709 3880 3899 3728 3710 3881 3900 3729 
4555 3710 3881 3900 3729 3711 3882 3901 3730 
4556 3711 3882 3901 3730 3712 3883 3902 3731 
4557 3712 3883 3902 3731 3713 3884 3903 3732 
4558 3713 3884 3903 3732 1445 1454 1455 1446 
4559 438 447 448 439 3714 3885 3904 3733 
4560 3714 3885 3904 3733 3715 3886 3905 3734 
4561 3715 3886 3905 3734 3716 3887 3906 3735 
4562 3716 3887 3906 3735 3717 3888 3907 3736 
4563 3717 3888 3907 3736 3718 3889 3908 3737 
4564 3718 3889 3908 3737 3719 3890 3909 3738 
4565 3719 3890 3909 3738 3720 3891 3910 3739 
4566 3720 3891 3910 3739 3721 3892 3911 3740 
4567 3721 3892 3911 3740 3722 3893 3912 3741 
4568 3722 3893 3912 3741 3723 3894 3913 3742 
4569 3723 3894 3913 3742 3724 3895 3914 3743 
4570 3724 3895 3914 3743 3725 3896 3915 3744 
4571 3725 3896 3915 3744 3726 3897 3916 3745 
4572 3726 3897 3916 3745 3727 3898 3917 3746 
4573 3727 3898 3917 3746 3728 3899 3918 3747 
4574 3728 3899 3918 3747 3729 3900 3919 3748 
4575 3729 3900 3919 3748 3730 3901 3920 3749 
4576 3730 3901 3920 3749 3731 3902 3921 3750 
4577 3731 3902 3921 3750 3732 3903 3922 3751 
4578 3732 3903 3922 3751 1446 1455 1456 1447 
4579 439 448 449 440 3733 3904 3923 3752 
4580 3733 3904 3923 3752 3734 3905 3924 3753 
4581 3734 3905 3924 3753 3735 3906 3925 3754 
4582 3735 3906 3925 3754 3736 3907 3926 3755 
4583 3736 3907 3926 3755 3737 3908 3927 3756 
4584 3737 3908 3927 3756 3738 3909 3928 3757 
4585 3738 3909 3928 3757 3739 3910 3929 3758 
4586 3739 3910 3929 3758 3740 3911 3930 3759 
4587 3740 3911 3930 3759 3741 3912 3931 3760 
4588 3741 3912 3931 3760 3742 3913 3932 3761 
4589 3742 3913 3932 3761 3743 3914 3933 3762 
4590 3743 3914 3933 3762 3744 3915 3934 3763 
4591 3744 3915 3934 3763 3745 3916 3935 3764 
4592 3745 3916 3935 3764 3746 3917 3936 3765 
4593 3746 3917 3936 3765 3747 3918 3937 3766 
4594 3747 3918 3937 3766 3748 3919 3938 3767 
4595 3748 3919 3938 3767 3749 3920 3939 3768 
4596 3749 3920 3939 3768 3750 3921 3940 3769 
4597 3750 3921 3940 3769 3751 3922 3941 3770 
4598 3751 3922 3941 3770 1447 1456 1457 1448 
4599 440 449 450 441 3752 3923 3942 3771 
4600 3752 3923 3942 3771 3753 3924 3943 3772 
4601 3753 3924 3943 3772 3754 3925 3944 3773 
4602 3754 3925 3944 3773 3755 3926 3945 3774 
4603 3755 3926 3945 3774 3756 3927 3946 3775 
4604 3756 3927 3946 3775 3757 3928 3947 3776 
4605 3757 3928 3947 3776 3758 3929 3948 3777 
4606 3758 3929 3948 3777 3759 3930 3949 3778 
4607 3759 3930 3949 3778 3760 3931 3950 3779 
4608 3760 3931 3950 3779 3761 3932 3951 3780 
4609 3761 3932 3951 3780 3762 3933 3952 3781 
4610 3762 3933 3952 3781 3763 3934 3953 3782 
4611 3763 3934 3953 3782 3764 3935 3954 3783 
4612 3764 3935 3954 3783 3765 3936 3955 3784 
4613 3765 3936 3955 3784 3766 3937 3956 3785 
4614 3766 3937 3956 3785 3767 3938 3957 3786 
4615 3767 3938 3957 3786 3768 3939 3958 3787 
4616 3768 3939 3958 3787 3769 3940 3959 3788 
4617 3769 3940 3959 3788 3770 3941 3960 3789 
4618 3770 3941 3960 3789 1448 1457 1458 1449 
4619 441 450 41 42 3771 3942 1148 1167 
4620 3771 3942 1148 1167 3772 3943 1149 1168 
4621 3772 3943 1149 1168 3773 3944 1150 1169 
4622 3773 3944 1150 1169 3774 3945 1151 1170 
4623 3774 3945 1151 1170 3775 3946 1152 1171 
4624 3775 3946 1152 1171 3776 3947 1153 1172 
4625 3776 3947 1153 1172 3777 3948 1154 1173 
4626 3777 3948 1154 1173 3778 3949 1155 1174 
4627 3778 3949 1155 1174 3779 3950 1156 1175 
4628 3779 3950 1156 1175 3780 3951 1157 1176 
4629 3780 3951 1157 1176 3781 3952 1158 1177 
4630 3781 3952 1158 1177 3782 3953 1159 1178 
4631 3782 3953 1159 1178 3783 3954 1160 1179 
4632 3783 3954 1160 1179 3784 3955 1161 1180 
4633 3784 3955 1161 1180 3785 3956 1162 1181 
4634 3785 3956 1162 1181 3786 3957 1163 1182 
4635 3786 3957 1163 1182 3787 3958 1164 1183 
4636 3787 3958 1164 1183 3788 3959 1165 1184 
4637 3788 3959 1165 1184 3789 3960 1166 1185 
4638 3789 3960 1166 1185 1449 1458 149 150 
4639 23 24 451 442 806 825 3961 3790 
4640 806 825 3961 3790 807 826 3962 3791 
4641 807 826 3962 3791 808 827 3963 3792 
4642 808 827 3963 3792 809 828 3964 3793 
4643 809 828 3964 3793 810 829 3965 3794 
4644 810 829 3965 3794 811 830 3966 3795 
4645 811 830 3966 3795 812 831 3967 3796 
4646 812 831 3967 3796 813 832 3968 3797 
4647 813 832 3968 3797 814 833 3969 3798 
4648 814 833 3969 3798 815 834 3970 3799 
4649 815 834 3970 3799 816 835 3971 3800 
4650 816 835 3971 3800 817 836 3972 3801 
4651 817 836 3972 3801 818 837 3973 3802 
4652 818 837 3973 3802 819 838 3974 3803 
4653 819 838 3974 3803 820 839 3975 3804 
4654 820 839 3975 3804 821 840 3976 3805 
4655 821 840 3976 3805 822 841 3977 3806 
4656 822 841 3977 3806 823 842 3978 3807 
4657 823 842 3978 3807 824 843 3979 3808 
4658 824 843 3979 3808 131 132 1459 1450 
4659 442 451 452 443 3790 3961 3980 3809 
4660 3790 3961 3980 3809 3791 3962 3981 3810 
4661 3791 3962 3981 3810 3792 3963 3982 3811 
4662 3792 3963 3982 3811 3793 3964 3983 3812 
4663 3793 3964 3983 3812 3794 3965 3984 3813 
4664 3794 3965 3984 3813 3795 3966 3985 3814 
4665 3795 3966 3985 3814 3796 3967 3986 3815 
4666 3796 3967 3986 3815 3797 3968 3987 3816 
4667 3797 3968 3987 3816 3798 3969 3988 3817 
4668 3798 3969 3988 3817 3799 3970 3989 3818 
4669 3799 3970 3989 3818 3800 3971 3990 3819 
4670 3800 3971 3990 3819 3801 3972 3991 3820 
4671 3801 3972 3991 3820 3802 3973 3992 3821 
4672 3802 3973 3992 3821 3803 3974 3993 3822 
4673 3803 3974 3993 3822 3804 3975 3994 3823 
4674 3804 3975 3994 3823 3805 3976 3995 3824 
4675 3805 3976 3995 3824 3806 3977 3996 3825 
4676 3806 3977 3996 3825 3807 3978 3997 3826 
4677 3807 3978 3997 3826 3808 3979 3998 3827 
4678 3808 3979 3998 3827 1450 1459 1460 1451 
4679 443 452 453 444 3809 3980 3999 3828 
4680 3809 3980 3999 3828 3810 3981 4000 3829 
4681 3810 3981 4000 3829 3811 3982 4001 3830 
4682 3811 3982 4001 3830 3812 3983 4002 3831 
4683 3812 3983 4002 3831 3813 3984 4003 3832 
4684 3813 3984 4003 3832 3814 3985 4004 3833 
4685 3814 3985 4004 3833 3815 3986 4005 3834 
4686 3815 3986 4005 3834 3816 3987 4006 3835 
4687 3816 3987 4006 3835 3817 3988 4007 3836 
4688 3817 3988 4007 3836 3818 3989 4008 3837 
4689 3818 3989 4008 3837 3819 3990 4009 3838 
4690 3819 3990 4009 3838 3820 3991 4010 3839 
4691 3820 3991 4010 3839 3821 3992 4011 3840 
4692 3821 3992 4011 3840 3822 3993 4012 3841 
4693 3822 3993 4012 3841 3823 3994 4013 3842 
4694 3823 3994 4013 3842 3824 3995 4014 3843 
4695 3824 3995 4014 3843 3825 3996 4015 3844 
4696 3825 3996 4015 3844 3826 3997 4016 3845 
4697 3826 3997 4016 3845 3827 3998 4017 3846 
4698 3827 3998 4017 3846 1451 1460 1461 1452 
4699 444 453 454 445 3828 3999 4018 3847 
4700 3828 3999 4018 3847 3829 4000 4019 3848 
4701 3829 4000 4019 3848 3830 4001 4020 3849 
4702 3830 4001 4020 3849 3831 4002 4021 3850 
4703 3831 4002 4021 3850 3832 4003 4022 3851 
4704 3832 4003 4022 3851 3833 4004 4023 3852 
4705 3833 4004 4023 3852 3834 4005 4024 3853 
4706 3834 4005 4024 3853 3835 4006 4025 3854 
4707 3835 4006 4025 3854 3836 4007 4026 3855 
4708 3836 4007 4026 3855 3837 4008 4027 3856 
4709 3837 4008 4027 3856 3838 4009 4028 3857 
4710 3838 4009 4028 3857 3839 4010 4029 3858 
4711 3839 4010 4029 3858 3840 4011 4030 3859 
4712 3840 4011 4030 3859 3841 4012 4031 3860 
4713 3841 4012 4031 3860 3842 4013 4032 3861 
4714 3842 4013 4032 3861 3843 4014 4033 3862 
4715 3843 4014 4033 3862 3844 4015 4034 3863 
4716 3844 4015 4034 3863 3845 4016 4035 3864 
4717 3845 4016 4035 3864 3846 4017 4036 3865 
4718 3846 4017 4036 3865 1452 1461 1462 1453 
4719 445 454 455 446 3847 4018 4037 3866 
4720 3847 4018 4037 3866 3848 4019 4038 3867 
4721 3848 4019 4038 3867 3849 4020 4039 3868 
4722 3849 4020 4039 3868 3850 4021 4040 3869 
4723 3850 4021 4040 3869 3851 4022 4041 3870 
4724 3851 4022 4041 3870 3852 4023 4042 3871 
4725 3852 4023 4042 3871 3853 4024 4043 3872 
4726 3853 4024 4043 3872 3854 4025 4044 3873 
4727 3854 4025 4044 3873 3855 4026 4045 3874 
4728 3855 4026 4045 3874 3856 4027 4046 3875 
4729 3856 4027 4046 3875 3857 4028 4047 3876 
4730 3857 4028 4047 3876 3858 4029 4048 3877 
4731 3858 4029 4048 3877 3859 4030 4049 3878 
4732 3859 4030 4049 3878 3860 4031 4050 3879 
4733 3860 4031 4050 3879 3861 4032 4051 3880 
4734 3861 4032 4051 3880 3862 4033 4052 3881 
4735 3862 4033 4052 3881 3863 4034 4053 3882 
4736 3863 4034 4053 3882 3864 4035 4054 3883 
4737 3864 4035 4054 3883 3865 4036 4055 3884 
4738 3865 4036 4055 3884 1453 1462 1463 1454 
4739 446 455 456 447 3866 4037 4056 3885 
4740 3866 4037 4056 3885 3867 4038 4057 3886 
4741 3867 4038 4057 3886 3868 4039 4058 3887 
4742 3868 4039 4058 3887 3869 4040 4059 3888 
4743 3869 4040 4059 3888 3870 4041 4060 3889 
4744 3870 4041 4060 3889 3871 4042 4061 3890 
4745 3871 4042 4061 3890 3872 4043 4062 3891 
4746 3872 4043 4062 3891 3873 4044 4063 3892 
4747 3873 4044 4063 3892 3874 4045 4064 3893 
4748 3874 4045 4064 3893 3875 4046 4065 3894 
4749 3875 4046 4065 3894 3876 4047 4066 3895 
4750 3876 4047 4066 3895 3877 4048 4067 3896 
4751 3877 4048 4067 3896 3878 4049 4068 3897 
4752 3878 4049 4068 3897 3879 4050 4069 3898 
4753 3879 4050 4069 3898 3880 4051 4070 3899 
4754 3880 4051 4070 3899 3881 4052 4071 3900 
4755 3881 4052 4071 3900 3882 4053 4072 3901 
4756 3882 4053 4072 3901 3883 4054 4073 3902 
4757 3883 4054 4073 3902 3884 4055 4074 3903 
4758 3884 4055 4074 3903 1454 1463 1464 1455 
4759 447 456 457 448 3885 4056 4075 3904 
4760 3885 4056 4075 3904 3886 4057 4076 3905 
4761 3886 4057 4076 3905 3887 4058 4077 3906 
4762 3887 4058 4077 3906 3888 4059 4078 3907 
4763 3888 4059 4078 3907 3889 4060 4079 3908 
4764 3889 4060 4079 3908 3890 4061 4080 3909 
4765 3890 4061 4080 3909 3891 4062 4081 3910 
4766 3891 4062 4081 3910 3892 4063 4082 3911 
4767 3892 4063 4082 3911 3893 4064 4083 3912 
4768 3893 4064 4083 3912 3894 4065 4084 3913 
4769 3894 4065 4084 3913 3895 4066 4085 3914 
4770 3895 4066 4085 3914 3896 4067 4086 3915 
4771 3896 4067 4086 3915 3897 4068 4087 3916 
4772 3897 4068 4087 3916 3898 4069 4088 3917 
4773 3898 4069 4088 3917 3899 4070 4089 3918 
4774 3899 4070 4089 3918 3900 4071 4090 3919 
4775 3900 4071 4090 3919 3901 4072 4091 3920 
4776 3901 4072 4091 3920 3902 4073 4092 3921 
4777 3902 4073 4092 3921 3903 4074 4093 3922 
4778 3903 4074 4093 3922 1455 1464 1465 1456 
4779 448 457 458 449 3904 4075 4094 3923 
4780 3904 4075 4094 3923 3905 4076 4095 3924 
4781 3905 4076 4095 3924 3906 4077 4096 3925 
4782 3906 4077 4096 3925 3907 4078 4097 3926 
4783 3907 4078 4097 3926 3908 4079 4098 3927 
4784 3908 4079 4098 3927 3909 4080 4099 3928 
4785 3909 4080 4099 3928 3910 4081 4100 3929 
4786 3910 4081 4100 3929 3911 4082 4101 3930 
4787 3911 4082 4101 3930 3912 4083 4102 3931 
4788 3912 4083 4102 3931 3913 4084 4103 3932 
4789 3913 4084 4103 3932 3914 4085 4104 3933 
4790 3914 4085 4104 3933 3915 4086 4105 3934 
4791 3915 4086 4105 3934 3916 4087 4106 3935 
4792 3916 4087 4106 3935 3917 4088 4107 3936 
4793 3917 4088 4107 3936 3918 4089 4108 3937 
4794 3918 4089 4108 3937 3919 4090 4109 3938 
4795 3919 4090 4109 3938 3920 4091 4110 3939 
4796 3920 4091 4110 3939 3921 4092 4111 3940 
4797 3921 4092 4111 3940 3922 4093 4112 3941 
4798 3922 4093 4112 3941 1456 1465 1466 1457 
4799 449 458 459 450 3923 4094 4113 3942 
4800 3923 4094 4113 3942 3924 4095 4114 3943 
4801 3924 4095 4114 3943 3925 4096 4115 3944 
4802 3925 4096 4115 3944 3926 4097 4116 3945 
4803 3926 4097 4116 3945 3927 4098 4117 3946 
4804 3927 4098 4117 3946 3928 4099 4118 3947 
4805 3928 4099 4118 3947 3929 4100 4119 3948 
4806 3929 4100 4119 3948 3930 4101 4120 3949 
4807 3930 4101 4120 3949 3931 4102 4121 3950 
4808 3931 4102 4121 3950 3932 4103 4122 3951 
4809 3932 4103 4122 3951 3933 4104 4123 3952 
4810 3933 4104 4123 3952 3934 4105 4124 3953 
4811 3934 4105 4124 3953 3935 4106 4125 3954 
4812 3935 4106 4125 3954 3936 4107 4126 3955 
4813 3936 4107 4126 3955 3937 4108 4127 3956 
4814 3937 4108 4127 3956 3938 4109 4128 3957 
4815 3938 4109 4128 3957 3939 4110 4129 3958 
4816 3939 4110 4129 3958 3940 4111 4130 3959 
4817 3940 4111 4130 3959 3941 4112 4131 3960 
4818 3941 4112 4131 3960 1457 1466 1467 1458 
4819 450 459 40 41 3942 4113 1129 1148 
4820 3942 4113 1129 1148 3943 4114 1130 1149 
4821 3943 4114 1130 1149 3944 4115 1131 1150 
4822 3944 4115 1131 1150 3945 4116 1132 1151 
4823 3945 4116 1132 1151 3946 4117 1133 1152 
4824 3946 4117 1133 1152 3947 4118 1134 1153 
4825 3947 4118 1134 1153 3948 4119 1135 1154 
4826 3948 4119 1135 1154 3949 4120 1136 1155 
4827 3949 4120 1136 1155 3950 4121 1137 1156 
4828 3950 4121 1137 1156 3951 4122 1138 1157 
4829 3951 4122 1138 1157 3952 4123 1139 1158 
4830 3952 4123 1139 1158 3953 4124 1140 1159 
4831 3953 4124 1140 1159 3954 4125 1141 1160 
4832 3954 4125 1141 1160 3955 4126 1142 1161 
4833 3955 4126 1142 1161 3956 4127 1143 1162 
4834 3956 4127 1143 1162 3957 4128 1144 1163 
4835 3957 4128 1144 1163 3958 4129 1145 1164 
4836 3958 4129 1145 1164 3959 4130 1146 1165 
4837 3959 4130 1146 1165 3960 4131 1147 1166 
4838 3960 4131 1147 1166 1458 1467 148 149 
4839 24 25 460 451 825 844 4132 3961 
4840 825 844 4132 3961 826 845 4133 3962 
4841 826 845 4133 3962 827 846 4134 3963 
4842 827 846 4134 3963 828 847 4135 3964 
4843 828 847 4135 3964 829 848 4136 3965 
4844 829 848 4136 3965 830 849 4137 3966 
4845 830 849 4137 3966 831 850 4138 3967 
4846 831 850 4138 3967 832 851 4139 3968 
4847 832 851 4139 3968 833 852 4140 3969 
4848 833 852 4140 3969 834 853 4141 3970 
4849 834 853 4141 3970 835 854 4142 3971 
4850 835 854 4142 3971 836 855 4143 3972 
4851 836 855 4143 3972 837 856 4144 3973 
4852 837 856 4144 3973 838 857 4145 3974 
4853 838 857 4145 3974 839 858 4146 3975 
4854 839 858 4146 3975 840 859 4147 3976 
4855 840 859 4147 3976 841 860 4148 3977 
4856 841 860 4148 3977 842 861 4149 3978 
4857 842 861 4149 3978 843 862 4150 3979 
4858 843 862 4150 3979 132 133 1468 1459 
4859 451 460 461 452 3961 4132 4151 3980 
4860 3961 4132 4151 3980 3962 4133 4152 3981 
4861 3962 4133 4152 3981 3963 4134 4153 3982 
4862 3963 4134 4153 3982 3964 4135 4154 3983 
4863 3964 4135 4154 3983 3965 4136 4155 3984 
4864 3965 4136 4155 3984 3966 4137 4156 3985 
4865 3966 4137 4156 3985 3967 4138 4157 3986 
4866 3967 4138 4157 3986 3968 4139 4158 3987 
4867 3968 4139 4158 3987 3969 4140 4159 3988 
4868 3969 4140 4159 3988 3970 4141 4160 3989 
4869 3970 4141 4160 3989 3971 4142 4161 3990 
4870 3971 4142 4161 3990 3972 4143 4162 3991 
4871 3972 4143 4162 3991 3973 4144 4163 3992 
4872 3973 4144 4163 3992 3974 4145 4164 3993 
4873 3974 4145 4164 3993 3975 4146 4165 3994 
4874 3975 4146 4165 3994 3976 4147 4166 3995 
4875 3976 4147 4166 3995 3977 4148 4167 3996 
4876 3977 4148 4167 3996 3978 4149 4168 3997 
4877 3978 4149 4168 3997 3979 4150 4169 3998 
4878 3979 4150 4169 3998 1459 1468 1469 1460 
4879 452 461 462 453 3980 4151 4170 3999 
4880 3980 4151 4170 3999 3981 4152 4171 4000 
4881 3981 4152 4171 4000 3982 4153 4172 4001 
4882 3982 4153 4172 4001 3983 4154 4173 4002 
4883 3983 4154 4173 4002 3984 4155 4174 4003 
4884 3984 4155 4174 4003 3985 4156 4175 4004 
4885 3985 4156 4175 4004 3986 4157 4176 4005 
4886 3986 4157 4176 4005 3987 4158 4177 4006 
4887 3987 4158 4177 4006 3988 4159 4178 4007 
4888 3988 4159 4178 4007 3989 4160 4179 4008 
4889 3989 4160 4179 4008 3990 4161 4180 4009 
4890 3990 4161 4180 4009 3991 4162 4181 4010 
4891 3991 4162 4181 4010 3992 4163 4182 4011 
4892 3992 4163 4182 4011 3993 4164 4183 4012 
4893 3993 4164 4183 4012 3994 4165 4184 4013 
4894 3994 4165 4184 4013 3995 4166 4185 4014 
4895 3995 4166 4185 4014 3996 4167 4186 4015 
4896 3996 4167 4186 4015 3997 4168 4187 4016 
4897 3997 4168 4187 4016 3998 4169 4188 4017 
4898 3998 4169 4188 4017 1460 1469 1470 1461 
4899 453 462 463 454 3999 4170 4189 4018 
4900 3999 4170 4189 4018 4000 4171 4190 4019 
4901 4000 4171 4190 4019 4001 4172 4191 4020 
4902 4001 4172 4191 4020 4002 4173 4192 4021 
4903 4002 4173 4192 4021 4003 4174 4193 4022 
4904 4003 4174 4193 4022 4004 4175 4194 4023 
4905 4004 4175 4194 4023 4005 4176 4195 4024 
4906 4005 4176 4195 4024 4006 4177 4196 4025 
4907 4006 4177 4196 4025 4007 4178 4197 4026 
4908 4007 4178 4197 4026 4008 4179 4198 4027 
4909 4008 4179 4198 4027 4009 4180 4199 4028 
4910 4009 4180 4199 4028 4010 4181 4200 4029 
4911 4010 4181 4200 4029 4011 4182 4201 4030 
4912 4011 4182 4201 4030 4012 4183 4202 4031 
4913 4012 4183 4202 4031 4013 4184 4203 4032 
4914 4013 4184 4203 4032 4014 4185 4204 4033 
4915 4014 4185 4204 4033 4015 4186 4205 4034 
4916 4015 4186 4205 4034 4016 4187 4206 4035 
4917 4016 4187 4206 4035 4017 4188 4207 4036 
4918 4017 4188 4207 4036 1461 1470 1471 1462 
4919 454 463 464 455 4018 4189 4208 4037 
4920 4018 4189 4208 4037 4019 4190 4209 4038 
4921 4019 4190 4209 4038 4020 4191 4210 4039 
4922 4020 4191 4210 4039 4021 4192 4211 4040 
4923 4021 4192 4211 4040 4022 4193 4212 4041 
4924 4022 4193 4212 4041 4023 4194 4213 4042 
4925 4023 4194 4213 4042 4024 4195 4214 4043 
4926 4024 4195 4214 4043 4025 4196 4215 4044 
4927 4025 4196 4215 4044 4026 4197 4216 4045 
4928 4026 4197 4216 4045 4027 4198 4217 4046 
4929 4027 4198 4217 4046 4028 4199 4218 4047 
4930 4028 4199 4218 4047 4029 4200 4219 4048 
4931 4029 4200 4219 4048 4030 4201 4220 4049 
4932 4030 4201 4220 4049 4031 4202 4221 4050 
4933 4031 4202 4221 4050 4032 4203 4222 4051 
4934 4032 4203 4222 4051 4033 4204 4223 4052 
4935 4033 4204 4223 4052 4034 4205 4224 4053 
4936 4034 4205 4224 4053 4035 4206 4225 4054 
4937 4035 4206 4225 4054 4036 4207 4226 4055 
4938 4036 4207 4226 4055 1462 1471 1472 1463 
4939 455 464 465 456 4037 4208 4227 4056 
4940 4037 4208 4227 4056 4038 4209 4228 4057 
4941 4038 4209 4228 4057 4039 4210 4229 4058 
4942 4039 4210 4229 4058 4040 4211 4230 4059 
4943 4040 4211 4230 4059 4041 4212 4231 4060 
4944 4041 4212 4231 4060 4042 4213 4232 4061 
4945 4042 4213 4232 4061 4043 4214 4233 4062 
4946 4043 4214 4233 4062 4044 4215 4234 4063 
4947 4044 4215 4234 4063 4045 4216 4235 4064 
4948 4045 4216 4235 4064 4046 4217 4236 4065 
4949 4046 4217 4236 4065 4047 4218 4237 4066 
4950 4047 4218 4237 4066 4048 4219 4238 4067 
4951 4048 4219 4238 4067 4049 4220 4239 4068 
4952 4049 4220 4239 4068 4050 4221 4240 4069 
4953 4050 4221 4240 4069 4051 4222 4241 4070 
4954 4051 4222 4241 4070 4052 4223 4242 4071 
4955 4052 4223 4242 4071 4053 4224 4243 4072 
4956 4053 4224 4243 4072 4054 4225 4244 4073 
4957 4054 4225 4244 4073 4055 4226 4245 4074 
4958 4055 4226 4245 4074 1463 1472 1473 1464 
4959 456 465 466 457 4056 4227 4246 4075 
4960 4056 4227 4246 4075 4057 4228 4247 4076 
4961 4057 4228 4247 4076 4058 4229 4248 4077 
4962 4058 4229 4248 4077 4059 4230 4249 4078 
4963 4059 4230 4249 4078 4060 4231 4250 4079 
4964 4060 4231 4250 4079 4061 4232 4251 4080 
4965 4061 4232 4251 4080 4062 4233 4252 4081 
4966 4062 4233 4252 4081 4063 4234 4253 4082 
4967 4063 4234 4253 4082 4064 4235 4254 4083 
4968 4064 4235 4254 4083 4065 4236 4255 4084 
4969 4065 4236 4255 4084 4066 4237 4256 4085 
4970 4066 4237 4256 4085 4067 4238 4257 4086 
4971 4067 4238 4257 4086 4068 4239 4258 4087 
4972 4068 4239 4258 4087 4069 4240 4259 4088 
4973 4069 4240 4259 4088 4070 4241 4260 4089 
4974 4070 4241 4260 4089 4071 4242 4261 4090 
4975 4071 4242 4261 4090 4072 4243 4262 4091 
4976 4072 4243 4262 4091 4073 4244 4263 4092 
4977 4073 4244 4263 4092 4074 4245 4264 4093 
4978 4074 4245 4264 4093 1464 1473 1474 1465 
4979 457 466 467 458 4075 4246 4265 4094 
4980 4075 4246 4265 4094 4076 4247 4266 4095 
4981 4076 4247 4266 4095 4077 4248 4267 4096 
4982 4077 4248 4267 4096 4078 4249 4268 4097 
4983 4078 4249 4268 4097 4079 4250 4269 4098 
4984 4079 4250 4269 4098 4080 4251 4270 4099 
4985 4080 4251 4270 4099 4081 4252 4271 4100 
4986 4081 4252 4271 4100 4082 4253 4272 4101 
4987 4082 4253 4272 4101 4083 4254 4273 4102 
4988 4083 4254 4273 4102 4084 4255 4274 4103 
4989 4084 4255 4274 4103 4085 4256 4275 4104 
4990 4085 4256 4275 4104 4086 4257 4276 4105 
4991 4086 4257 4276 4105 4087 4258 4277 4106 
4992 4087 4258 4277 4106 4088 4259 4278 4107 
4993 4088 4259 4278 4107 4089 4260 4279 4108 
4994 4089 4260 4279 4108 4090 4261 4280 4109 
4995 4090 4261 4280 4109 4091 4262 4281 4110 
4996 4091 4262 4281 4110 4092 4263 4282 4111 
4997 4092 4263 4282 4111 4093 4264 4283 4112 
4998 4093 4264 4283 4112 1465 1474 1475 1466 
4999 458 467 468 459 4094 4265 4284 4113 
5000 4094 4265 4284 4113 4095 4266 4285 4114 
5001 4095 4266 4285 4114 4096 4267 4286 4115 
5002 4096 4267 4286 4115 4097 4268 4287 4116 
5003 4097 4268 4287 4116 4098 4269 4288 4117 
5004 4098 4269 4288 4117 4099 4270 4289 4118 
5005 4099 4270 4289 4118 4100 4271 4290 4119 
5006 4100 4271 4290 4119 4101 4272 4291 4120 
5007 4101 4272 4291 4120 4102 4273 4292 4121 
5008 4102 4273 4292 4121 4103 4274 4293 4122 
5009 4103 4274 4293 4122 4104 4275 4294 4123 
5010 4104 4275 4294 4123 4105 4276 4295 4124 
5011 4105 4276 4295 4124 4106 4277 4296 4125 
5012 4106 4277 4296 4125 4107 4278 4297 4126 
5013 4107 4278 4297 4126 4108 4279 4298 4127 
5014 4108 4279 4298 4127 4109 4280 4299 4128 
5015 4109 4280 4299 4128 4110 4281 4300 4129 
5016 4110 4281 4300 4129 4111 4282 4301 4130 
5017 4111 4282 4301 4130 4112 4283 4302 4131 
5018 4112 4283 4302 4131 1466 1475 1476 1467 
5019 459 468 39 40 4113 4284 1110 1129 
5020 4113 4284 1110 1129 4114 4285 1111 1130 
5021 4114 4285 1111 1130 4115 4286 1112 1131 
5022 4115 4286 1112 1131 4116 4287 1113 1132 
5023 4116 4287 1113 1132 4117 4288 1114 1133 
5024 4117 4288 1114 1133 4118 4289 1115 1134 
5025 4118 4289 1115 1134 4119 4290 1116 1135 
5026 4119 4290 1116 1135 4120 4291 1117 1136 
5027 4120 4291 1117 1136 4121 4292 1118 1137 
5028 4121 4292 1118 1137 4122 4293 1119 1138 
5029 4122 4293 1119 1138 4123 4294 1120 1139 
5030 4123 4294 1120 1139 4124 4295 1121 1140 
5031 4124 4295 1121 1140 4125 4296 1122 1141 
5032 4125 4296 1122 1141 4126 4297 1123 1142 
5033 4126 4297 1123 1142 4127 4298 1124 1143 
5034 4127 4298 1124 1143 4128 4299 1125 1144 
5035 4128 4299 1125 1144 4129 4300 1126 1145 
5036 4129 4300 1126 1145 4130 4301 1127 1146 
5037 4130 4301 1127 1146 4131 4302 1128 1147 
5038 4131 4302 1128 1147 1467 1476 147 148 
5039 25 26 469 460 844 863 4303 4132 
5040 844 863 4303 4132 845 864 4304 4133 
5041 845 864 4304 4133 846 865 4305 4134 
5042 846 865 4305 4134 847 866 4306 4135 
5043 847 866 4306 4135 848 867 4307 4136 
5044 848 867 4307 4136 849 868 4308 4137 
5045 849 868 4308 4137 850 869 4309 4138 
5046 850 869 4309 4138 851 870 4310 4139 
5047 851 870 4310 4139 852 871 4311 4140 
5048 852 871 4311 4140 853 872 4312 4141 
5049 853 872 4312 4141 854 873 4313 4142 
5050 854 873 4313 4142 855 874 4314 4143 
5051 855 874 4314 4143 856 875 4315 4144 
5052 856 875 4315 4144 857 876 4316 4145 
5053 857 876 4316 4145 858 877 4317 4146 
5054 858 877 4317 4146 859 878 4318 4147 
5055 859 878 4318 4147 860 879 4319 4148 
5056 860 879 4319 4148 861 880 4320 4149 
5057 861 880 4320 4149 862 881 4321 4150 
5058 862 881 4321 4150 133 134 1477 1468 
5059 460 469 470 461 4132 4303 4322 4151 
5060 4132 4303 4322 4151 4133 4304 4323 4152 
5061 4133 4304 4323 4152 4134 4305 4324 4153 
5062 4134 4305 4324 4153 4135 4306 4325 4154 
5063 4135 4306 4325 4154 4136 4307 4326 4155 
5064 4136 4307 4326 4155 4137 4308 4327 4156 
5065 4137 4308 4327 4156 4138 4309 4328 4157 
5066 4138 4309 4328 4157 4139 4310 4329 4158 
5067 4139 4310 4329 4158 4140 4311 4330 4159 
5068 4140 4311 4330 4159 4141 4312 4331 4160 
5069 4141 4312 4331 4160 4142 4313 4332 4161 
5070 4142 4313 4332 4161 4143 4314 4333 4162 
5071 4143 4314 4333 4162 4144 4315 4334 4163 
5072 4144 4315 4334 4163 4145 4316 4335 4164 
5073 4145 4316 4335 4164 4146 4317 4336 4165 
5074 4146 4317 4336 4165 4147 4318 4337 4166 
5075 4147 4318 4337 4166 4148 4319 4338 4167 
5076 4148 4319 4338 4167 4149 4320 4339 4168 
5077 4149 4320 4339 4168 4150 4321 4340 4169 
5078 4150 4321 4340 4169 1468 1477 1478 1469 
5079 461 470 471 462 4151 4322 4341 4170 
5080 4151 4322 4341 4170 4152 4323 4342 4171 
5081 4152 4323 4342 4171 4153 4324 4343 4172 
5082 4153 4324 4343 4172 4154 4325 4344 4173 
5083 4154 4325 4344 4173 4155 4326 4345 4174 
5084 4155 4326 4345 4174 4156 4327 4346 4175 
5085 4156 4327 4346 4175 4157 4328 4347 4176 
5086 4157 4328 4347 4176 4158 4329 4348 4177 
5087 4158 4329 4348 4177 4159 4330 4349 4178 
5088 4159 4330 4349 4178 4160 4331 4350 4179 
5089 4160 4331 4350 4179 4161 4332 4351 4180 
5090 4161 4332 4351 4180 4162 4333 4352 4181 
5091 4162 4333 4352 4181 4163 4334 4353 4182 
5092 4163 4334 4353 4182 4164 4335 4354 4183 
5093 4164 4335 4354 4183 4165 4336 4355 4184 
5094 4165 4336 4355 4184 4166 4337 4356 4185 
5095 4166 4337 4356 4185 4167 4338 4357 4186 
5096 4167 4338 4357 4186 4168 4339 4358 4187 
5097 4168 4339 4358 4187 4169 4340 4359 4188 
5098 4169 4340 4359 4188 1469 1478 1479 1470 
5099 462 471 472 463 4170 4341 4360 4189 
5100 4170 4341 4360 4189 4171 4342 4361 4190 
5101 4171 4342 4361 4190 4172 4343 4362 4191 
5102 4172 4343 4362 4191 4173 4344 4363 4192 
5103 4173 4344 4363 4192 4174 4345 4364 4193 
5104 4174 4345 4364 4193 4175 4346 4365 4194 
5105 4175 4346 4365 4194 4176 4347 4366 4195 
5106 4176 4347 4366 4195 4177 4348 4367 4196 
5107 4177 4348 4367 4196 4178 4349 4368 4197 
5108 4178 4349 4368 4197 4179 4350 4369 4198 
5109 4179 4350 4369 4198 4180 4351 4370 4199 
5110 4180 4351 4370 4199 4181 4352 4371 4200 
5111 4181 4352 4371 4200 4182 4353 4372 4201 
5112 4182 4353 4372 4201 4183 4354 4373 4202 
5113 4183 4354 4373 4202 4184 4355 4374 4203 
5114 4184 4355 4374 4203 4185 4356 4375 4204 
5115 4185 4356 4375 4204 4186 4357 4376 4205 
5116 4186 4357 4376 4205 4187 4358 4377 4206 
5117 4187 4358 4377 4206 4188 4359 4378 4207 
5118 4188 4359 4378 4207 1470 1479 1480 1471 
5119 463 472 473 464 4189 4360 4379 4208 
5120 4189 4360 4379 4208 4190 4361 4380 4209 
5121 4190 4361 4380 4209 4191 4362 4381 4210 
5122 4191 4362 4381 4210 4192 4363 4382 4211 
5123 4192 4363 4382 4211 4193 4364 4383 4212 
5124 4193 4364 4383 4212 4194 4365 4384 4213 
5125 4194 4365 4384 4213 4195 4366 4385 4214 
5126 4195 4366 4385 4214 4196 4367 4386 4215 
5127 4196 4367 4386 4215 4197 4368 4387 4216 
5128 4197 4368 4387 4216 4198 4369 4388 4217 
5129 4198 4369 4388 4217 4199 4370 4389 4218 
5130 4199 4370 4389 4218 4200 4371 4390 4219 
5131 4200 4371 4390 4219 4201 4372 4391 4220 
5132 4201 4372 4391 4220 4202 4373 4392 4221 
5133 4202 4373 4392 4221 4203 4374 4393 4222 
5134 4203 4374 4393 4222 4204 4375 4394 4223 
5135 4204 4375 4394 4223 4205 4376 4395 4224 
5136 4205 4376 4395 4224 4206 4377 4396 4225 
5137 4206 4377 4396 4225 4207 4378 4397 4226 
5138 4207 4378 4397 4226 1471 1480 1481 1472 
5139 464 473 474 465 4208 4379 4398 4227 
5140 4208 4379 4398 4227 4209 4380 4399 4228 
5141 4209 4380 4399 4228 4210 4381 4400 4229 
5142 4210 4381 4400 4229 4211 4382 4401 4230 
5143 4211 4382 4401 4230 4212 4383 4402 4231 
5144 4212 4383 4402 4231 4213 4384 4403 4232 
5145 4213 4384 4403 4232 4214 4385 4404 4233 
5146 4214 4385 4404 4233 4215 4386 4405 4234 
5147 4215 4386 4405 4234 4216 4387 4406 4235 
5148 4216 4387 4406 4235 4217 4388 4407 4236 
5149 4217 4388 4407 4236 4218 4389 4408 4237 
5150 4218 4389 4408 4237 4219 4390 4409 4238 
5151 4219 4390 4409 4238 4220 4391 4410 4239 
5152 4220 4391 4410 4239 4221 4392 4411 4240 
5153 4221 4392 4411 4240 4222 4393 4412 4241 
5154 4222 4393 4412 4241 4223 4394 4413 4242 
5155 4223 4394 4413 4242 4224 4395 4414 4243 
5156 4224 4395 4414 4243 4225 4396 4415 4244 
5157 4225 4396 4415 4244 4226 4397 4416 4245 
5158 4226 4397 4416 4245 1472 1481 1482 1473 
5159 465 474 475 466 4227 4398 4417 4246 
5160 4227 4398 4417 4246 4228 4399 4418 4247 
5161 4228 4399 4418 4247 4229 4400 4419 4248 
5162 4229 4400 4419 4248 4230 4401 4420 4249 
5163 4230 4401 4420 4249 4231 4402 4421 4250 
5164 4231 4402 4421 4250 4232 4403 4422 4251 
5165 4232 4403 4422 4251 4233 4404 4423 4252 
5166 4233 4404 4423 4252 4234 4405 4424 4253 
5167 4234 4405 4424 4253 4235 4406 4425 4254 
5168 4235 4406 4425 4254 4236 4407 4426 4255 
5169 4236 4407 4426 4255 4237 4408 4427 4256 
5170 4237 4408 4427 4256 4238 4409 4428 4257 
5171 4238 4409 4428 4257 4239 4410 4429 4258 
5172 4239 4410 4429 4258 4240 4411 4430 4259 
5173 4240 4411 4430 4259 4241 4412 4431 4260 
5174 4241 4412 4431 4260 4242 4413 4432 4261 
5175 4242 4413 4432 4261 4243 4414 4433 4262 
5176 4243 4414 4433 4262 4244 4415 4434 4263 
5177 4244 4415 4434 4263 4245 4416 4435 4264 
5178 4245 4416 4435 4264 1473 1482 1483 1474 
5179 466 475 476 467 4246 4417 4436 4265 
5180 4246 4417 4436 4265 4247 4418 4437 4266 
5181 4247 4418 4437 4266 4248 4419 4438 4267 
5182 4248 4419 4438 4267 4249 4420 4439 4268 
5183 4249 4420 4439 4268 4250 4421 4440 4269 
5184 4250 4421 4440 4269 4251 4422 4441 4270 
5185 4251 4422 4441 4270 4252 4423 4442 4271 
5186 4252 4423 4442 4271 4253 4424 4443 4272 
5187 4253 4424 4443 4272 4254 4425 4444 4273 
5188 4254 4425 4444 4273 4255 4426 4445 4274 
5189 4255 4426 4445 4274 4256 4427 4446 4275 
5190 4256 4427 4446 4275 4257 4428 4447 4276 
5191 4257 4428 4447 4276 4258 4429 4448 4277 
5192 4258 4429 4448 4277 4259 4430 4449 4278 
5193 4259 4430 4449 4278 4260 4431 4450 4279 
5194 4260 4431 4450 4279 4261 4432 4451 4280 
5195 4261 4432 4451 4280 4262 4433 4452 4281 
5196 4262 4433 4452 4281 4263 4434 4453 4282 
5197 4263 4434 4453 4282 4264 4435 4454 4283 
5198 4264 4435 4454 4283 1474 1483 1484 1475 
5199 467 476 477 468 4265 4436 4455 4284 
5200 4265 4436 4455 4284 4266 4437 4456 4285 
5201 4266 4437 4456 4285 4267 4438 4457 4286 
5202 4267 4438 4457 4286 4268 4439 4458 4287 
5203 4268 4439 4458 4287 4269 4440 4459 4288 
5204 4269 4440 4459 4288 4270 4441 4460 4289 
5205 4270 4441 4460 4289 4271 4442 4461 4290 
5206 4271 4442 4461 4290 4272 4443 4462 4291 
5207 4272 4443 4462 4291 4273 4444 4463 4292 
5208 4273 4444 4463 4292 4274 4445 4464 4293 
5209 4274 4445 4464 4293 4275 4446 4465 4294 
5210 4275 4446 4465 4294 4276 4447 4466 4295 
5211 4276 4447 4466 4295 4277 4448 4467 4296 
5212 4277 4448 4467 4296 4278 4449 4468 4297 
5213 4278 4449 4468 4297 4279 4450 4469 4298 
5214 4279 4450 4469 4298 4280 4451 4470 4299 
5215 4280 4451 4470 4299 4281 4452 4471 4300 
5216 4281 4452 4471 4300 4282 4453 4472 4301 
5217 4282 4453 4472 4301 4283 4454 4473 4302 
5218 4283 4454 4473 4302 1475 1484 1485 1476 
5219 468 477 38 39 4284 4455 1091 1110 
5220 4284 4455 1091 1110 4285 4456 1092 1111 
5221 4285 4456 1092 1111 4286 4457 1093 1112 
5222 4286 4457 1093 1112 4287 4458 1094 1113 
5223 4287 4458 1094 1113 4288 4459 1095 1114 
5224 4288 4459 1095 1114 4289 4460 1096 1115 
5225 4289 4460 1096 1115 4290 4461 1097 1116 
5226 4290 4461 1097 1116 4291 4462 1098 1117 
5227 4291 4462 1098 1117 4292 4463 1099 1118 
5228 4292 4463 1099 1118 4293 4464 1100 1119 
5229 4293 4464 1100 1119 4294 4465 1101 1120 
5230 4294 4465 1101 1120 4295 4466 1102 1121 
5231 4295 4466 1102 1121 4296 4467 1103 1122 
5232 4296 4467 1103 1122 4297 4468 1104 1123 
5233 4297 4468 1104 1123 4298 4469 1105 1124 
5234 4298 4469 1105 1124 4299 4470 1106 1125 
5235 4299 4470 1106 1125 4300 4471 1107 1126 
5236 4300 4471 1107 1126 4301 4472 1108 1127 
5237 4301 4472 1108 1127 4302 4473 1109 1128 
5238 4302 4473 1109 1128 1476 1485 146 147 
5239 26 27 478 469 863 882 4474 4303 
5240 863 882 4474 4303 864 883 4475 4304 
5241 864 883 4475 4304 865 884 4476 4305 
5242 865 884 4476 4305 866 885 4477 4306 
5243 866 885 4477 4306 867 886 4478 4307 
5244 867 886 4478 4307 868 887 4479 4308 
5245 868 887 4479 4308 869 888 4480 4309 
5246 869 888 4480 4309 870 889 4481 4310 
5247 870 889 4481 4310 871 890 4482 4311 
5248 871 890 4482 4311 872 891 4483 4312 
5249 872 891 4483 4312 873 892 4484 4313 
5250 873 892 4484 4313 874 893 4485 4314 
5251 874 893 4485 4314 875 894 4486 4315 
5252 875 894 4486 4315 876 895 4487 4316 
5253 876 895 4487 4316 877 896 4488 4317 
5254 877 896 4488 4317 878 897 4489 4318 
5255 878 897 4489 4318 879 898 4490 4319 
5256 879 898 4490 4319 880 899 4491 4320 
5257 880 899 4491 4320 881 900 4492 4321 
5258 881 900 4492 4321 134 135 1486 1477 
5259 469 478 479 470 4303 4474 4493 4322 
5260 4303 4474 4493 4322 4304 4475 4494 4323 
5261 4304 4475 4494 4323 4305 4476 4495 4324 
5262 4305 4476 4495 4324 4306 4477 4496 4325 
5263 4306 4477 4496 4325 4307 4478 4497 4326 
5264 4307 4478 4497 4326 4308 4479 4498 4327 
5265 4308 4479 4498 4327 4309 4480 4499 4328 
5266 4309 4480 4499 4328 4310 4481 4500 4329 
5267 4310 4481 4500 4329 4311 4482 4501 4330 
5268 4311 4482 4501 4330 4312 4483 4502 4331 
5269 4312 4483 4502 4331 4313 4484 4503 4332 
5270 4313 4484 4503 4332 4314 4485 4504 4333 
5271 4314 4485 4504 4333 4315 4486 4505 4334 
5272 4315 4486 4505 4334 4316 4487 4506 4335 
5273 4316 4487 4506 4335 4317 4488 4507 4336 
5274 4317 4488 4507 4336 4318 4489 4508 4337 
5275 4318 4489 4508 4337 4319 4490 4509 4338 
5276 4319 4490 4509 4338 4320 4491 4510 4339 
5277 4320 4491 4510 4339 4321 4492 4511 4340 
5278 4321 4492 4511 4340 1477 1486 1487 1478 
5279 470 479 480 471 4322 4493 4512 4341 
5280 4322 4493 4512 4341 4323 4494 4513 4342 
5281 4323 4494 4513 4342 4324 4495 4514 4343 
5282 4324 4495 4514 4343 4325 4496 4515 4344 
5283 4325 4496 4515 4344 4326 4497 4516 4345 
5284 4326 4497 4516 4345 4327 4498 4517 4346 
5285 4327 4498 4517 4346 4328 4499 4518 4347 
5286 4328 4499 4518 4347 4329 4500 4519 4348 
5287 4329 4500 4519 4348 4330 4501 4520 4349 
5288 4330 4501 4520 4349 4331 4502 4521 4350 
5289 4331 4502 4521 4350 4332 4503 4522 4351 
5290 4332 4503 4522 4351 4333 4504 4523 4352 
5291 4333 4504 4523 4352 4334 4505 4524 4353 
5292 4334 4505 4524 4353 4335 4506 4525 4354 
5293 4335 4506 4525 4354 4336 4507 4526 4355 
5294 4336 4507 4526 4355 4337 4508 4527 4356 
5295 4337 4508 4527 4356 4338 4509 4528 4357 
5296 4338 4509 4528 4357 4339 4510 4529 4358 
5297 4339 4510 4529 4358 4340 4511 4530 4359 
5298 4340 4511 4530 4359 1478 1487 1488 1479 
5299 471 480 481 472 4341 4512 4531 4360 
5300 4341 4512 4531 4360 4342 4513 4532 4361 
5301 4342 4513 4532 4361 4343 4514 4533 4362 
5302 4343 4514 4533 4362 4344 4515 4534 4363 
5303 4344 4515 4534 4363 4345 4516 4535 4364 
5304 4345 4516 4535 4364 4346 4517 4536 4365 
5305 4346 4517 4536 4365 4347 4518 4537 4366 
5306 4347 4518 4537 4366 4348 4519 4538 4367 
5307 4348 4519 4538 4367 4349 4520 4539 4368 
5308 4349 4520 4539 4368 4350 4521 4540 4369 
5309 4350 4521 4540 4369 4351 4522 4541 4370 
5310 4351 4522 4541 4370 4352 4523 4542 4371 
5311 4352 4523 4542 4371 4353 4524 4543 4372 
5312 4353 4524 4543 4372 4354 4525 4544 4373 
5313 4354 4525 4544 4373 4355 4526 4545 4374 
5314 4355 4526 4545 4374 4356 4527 4546 4375 
5315 4356 4527 4546 4375 4357 4528 4547 4376 
5316 4357 4528 4547 4376 4358 4529 4548 4377 
5317 4358 4529 4548 4377 4359 4530 4549 4378 
5318 4359 4530 4549 4378 1479 1488 1489 1480 
5319 472 481 482 473 4360 4531 4550 4379 
5320 4360 4531 4550 4379 4361 4532 4551 4380 
5321 4361 4532 4551 4380 4362 4533 4552 4381 
5322 4362 4533 4552 4381 4363 4534 4553 4382 
5323 4363 4534 4553 4382 4364 4535 4554 4383 
5324 4364 4535 4554 4383 4365 4536 4555 4384 
5325 4365 4536 4555 4384 4366 4537 4556 4385 
5326 4366 4537 4556 4385 4367 4538 4557 4386 
5327 4367 4538 4557 4386 4368 4539 4558 4387 
5328 4368 4539 4558 4387 4369 4540 4559 4388 
5329 4369 4540 4559 4388 4370 4541 4560 4389 
5330 4370 4541 4560 4389 4371 4542 4561 4390 
5331 4371 4542 4561 4390 4372 4543 4562 4391 
5332 4372 4543 4562 4391 4373 4544 4563 4392 
5333 4373 4544 4563 4392 4374 4545 4564 4393 
5334 4374 4545 4564 4393 4375 4546 4565 4394 
5335 4375 4546 4565 4394 4376 4547 4566 4395 
5336 4376 4547 4566 4395 4377 4548 4567 4396 
5337 4377 4548 4567 4396 4378 4549 4568 4397 
5338 4378 4549 4568 4397 1480 1489 1490 1481 
5339 473 482 483 474 4379 4550 4569 4398 
5340 4379 4550 4569 4398 4380 4551 4570 4399 
5341 4380 4551 4570 4399 4381 4552 4571 4400 
5342 4381 4552 4571 4400 4382 4553 4572 4401 
5343 4382 4553 4572 4401 4383 4554 4573 4402 
5344 4383 4554 4573 4402 4384 4555 4574 4403 
5345 4384 4555 4574 4403 4385 4556 4575 4404 
5346 4385 4556 4575 4404 4386 4557 4576 4405 
5347 4386 4557 4576 4405 4387 4558 4577 4406 
5348 4387 4558 4577 4406 4388 4559 4578 4407 
5349 4388 4559 4578 4407 4389 4560 4579 4408 
5350 4389 4560 4579 4408 4390 4561 4580 4409 
5351 4390 4561 4580 4409 4391 4562 4581 4410 
5352 4391 4562 4581 4410 4392 4563 4582 4411 
5353 4392 4563 4582 4411 4393 4564 4583 4412 
5354 4393 4564 4583 4412 4394 4565 4584 4413 
5355 4394 4565 4584 4413 4395 4566 4585 4414 
5356 4395 4566 4585 4414 4396 4567 4586 4415 
5357 4396 4567 4586 4415 4397 4568 4587 4416 
5358 4397 4568 4587 4416 1481 1490 1491 1482 
5359 474 483 484 475 4398 4569 4588 4417 
5360 4398 4569 4588 4417 4399 4570 4589 4418 
5361 4399 4570 4589 4418 4400 4571 4590 4419 
5362 4400 4571 4590 4419 4401 4572 4591 4420 
5363 4401 4572 4591 4420 4402 4573 4592 4421 
5364 4402 4573 4592 4421 4403 4574 4593 4422 
5365 4403 4574 4593 4422 4404 4575 4594 4423 
5366 4404 4575 4594 4423 4405 4576 4595 4424 
5367 4405 4576 4595 4424 4406 4577 4596 4425 
5368 4406 4577 4596 4425 4407 4578 4597 4426 
5369 4407 4578 4597 4426 4408 4579 4598 4427 
5370 4408 4579 4598 4427 4409 4580 4599 4428 
5371 4409 4580 4599 4428 4410 4581 4600 4429 
5372 4410 4581 4600 4429 4411 4582 4601 4430 
5373 4411 4582 4601 4430 4412 4583 4602 4431 
5374 4412 4583 4602 4431 4413 4584 4603 4432 
5375 4413 4584 4603 4432 4414 4585 4604 4433 
5376 4414 4585 4604 4433 4415 4586 4605 4434 
5377 4415 4586 4605 4434 4416 4587 4606 4435 
5378 4416 4587 4606 4435 1482 1491 1492 1483 
5379 475 484 485 476 4417 4588 4607 4436 
5380 4417 4588 4607 4436 4418 4589 4608 4437 
5381 4418 4589 4608 4437 4419 4590 4609 4438 
5382 4419 4590 4609 4438 4420 4591 4610 4439 
5383 4420 4591 4610 4439 4421 4592 4611 4440 
5384 4421 4592 4611 4440 4422 4593 4612 4441 
5385 4422 4593 4612 4441 4423 4594 4613 4442 
5386 4423 4594 4613 4442 4424 4595 4614 4443 
5387 4424 4595 4614 4443 4425 4596 4615 4444 
5388 4425 4596 4615 4444 4426 4597 4616 4445 
5389 4426 4597 4616 4445 4427 4598 4617 4446 
5390 4427 4598 4617 4446 4428 4599 4618 4447 
5391 4428 4599 4618 4447 4429 4600 4619 4448 
5392 4429 4600 4619 4448 4430 4601 4620 4449 
5393 4430 4601 4620 4449 4431 4602 4621 4450 
5394 4431 4602 4621 4450 4432 4603 4622 4451 
5395 4432 4603 4622 4451 4433 4604 4623 4452 
5396 4433 4604 4623 4452 4434 4605 4624 4453 
5397 4434 4605 4624 4453 4435 4606 4625 4454 
5398 4435 4606 4625 4454 1483 1492 1493 1484 
5399 476 485 486 477 4436 4607 4626 4455 
5400 4436 4607 4626 4455 4437 4608 4627 4456 
5401 4437 4608 4627 4456 4438 4609 4628 4457 
5402 4438 4609 4628 4457 4439 4610 4629 4458 
5403 4439 4610 4629 4458 4440 4611 4630 4459 
5404 4440 4611 4630 4459 4441 4612 4631 4460 
5405 4441 4612 4631 4460 4442 4613 4632 4461 
5406 4442 4613 4632 4461 4443 4614 4633 4462 
5407 4443 4614 4633 4462 4444 4615 4634 4463 
5408 4444 4615 4634 4463 4445 4616 4635 4464 
5409 4445 4616 4635 4464 4446 4617 4636 4465 
5410 4446 4617 4636 4465 4447 4618 4637 4466 
5411 4447 4618 4637 4466 4448 4619 4638 4467 
5412 4448 4619 4638 4467 4449 4620 4639 4468 
5413 4449 4620 4639 4468 4450 4621 4640 4469 
5414 4450 4621 4640 4469 4451 4622 4641 4470 
5415 4451 4622 4641 4470 4452 4623 4642 4471 
5416 4452 4623 4642 4471 4453 4624 4643 4472 
5417 4453 4624 4643 4472 4454 4625 4644 4473 
5418 4454 4625 4644 4473 1484 1493 1494 1485 
5419 477 486 37 38 4455 4626 1072 1091 
5420 4455 4626 1072 1091 4456 4627 1073 1092 
5421 4456 4627 1073 1092 4457 4628 1074 1093 
5422 4457 4628 1074 1093 4458 4629 1075 1094 
5423 4458 4629 1075 1094 4459 4630 1076 1095 
5424 4459 4630 1076 1095 4460 4631 1077 1096 
5425 4460 4631 1077 1096 4461 4632 1078 1097 
5426 4461 4632 1078 1097 4462 4633 1079 1098 
5427 4462 4633 1079 1098 4463 4634 1080 1099 
5428 4463 4634 1080 1099 4464 4635 1081 1100 
5429 4464 4635 1081 1100 4465 4636 1082 1101 
5430 4465 4636 1082 1101 4466 4637 1083 1102 
5431 4466 4637 1083 1102 4467 4638 1084 1103 
5432 4467 4638 1084 1103 4468 4639 1085 1104 
5433 4468 4639 1085 1104 4469 4640 1086 1105 
5434 4469 4640 1086 1105 4470 4641 1087 1106 
5435 4470 4641 1087 1106 4471 4642 1088 1107 
5436 4471 4642 1088 1107 4472 4643 1089 1108 
5437 4472 4643 1089 1108 4473 4644 1090 1109 
5438 4473 4644 1090 1109 1485 1494 145 146 
5439 27 2 28 478 882 182 901 4474 
5440 882 182 901 4474 883 183 902 4475 
5441 883 183 902 4475 884 184 903 4476 
5442 884 184 903 4476 885 185 904 4477 
5443 885 185 904 4477 886 186 905 4478 
5444 886 186 905 4478 887 187 906 4479 
5445 887 187 906 4479 888 188 907 4480 
5446 888 188 907 4480 889 189 908 4481 
5447 889 189 908 4481 890 190 909 4482 
5448 890 190 909 4482 891 191 910 4483 
5449 891 191 910 4483 892 192 911 4484 
5450 892 192 911 4484 893 193 912 4485 
5451 893 193 912 4485 894 194 913 4486 
5452 894 194 913 4486 895 195 914 4487 
5453 895 195 914 4487 896 196 915 4488 
5454 896 196 915 4488 897 197 916 4489 
5455 897 197 916 4489 898 198 917 4490 
5456 898 198 917 4490 899 199 918 4491 
5457 899 199 918 4491 900 200 919 4492 
5458 900 200 919 4492 135 11 136 1486 
5459 478 28 29 479 4474 901 920 4493 
5460 4474 901 920 4493 4475 902 921 4494 
5461 4475 902 921 4494 4476 903 922 4495 
5462 4476 903 922 4495 4477 904 923 4496 
5463 4477 904 923 4496 4478 905 924 4497 
5464 4478 905 924 4497 4479 906 925 4498 
5465 4479 906 925 4498 4480 907 926 4499 
5466 4480 907 926 4499 4481 908 927 4500 
5467 4481 908 927 4500 4482 909 928 4501 
5468 4482 909 928 4501 4483 910 929 4502 
5469 4483 910 929 4502 4484 911 930 4503 
5470 4484 911 930 4503 4485 912 931 4504 
5471 4485 912 931 4504 4486 913 932 4505 
5472 4486 913 932 4505 4487 914 933 4506 
5473 4487 914 933 4506 4488 915 934 4507 
5474 4488 915 934 4507 4489 916 935 4508 
5475 4489 916 935 4508 4490 917 936 4509 
5476 4490 917 936 4509 4491 918 937 4510 
5477 4491 918 937 4510 4492 919 938 4511 
5478 4492 919 938 4511 1486 136 137 1487 
5479 479 29 30 480 4493 920 939 4512 
5480 4493 920 939 4512 4494 921 940 4513 
5481 4494 921 940 4513 4495 922 941 4514 
5482 4495 922 941 4514 4496 923 942 4515 
5483 4496 923 942 4515 4497 924 943 4516 
5484 4497 924 943 4516 4498 925 944 4517 
5485 4498 925 944 4517 4499 926 945 4518 
5486 4499 926 945 4518 4500 927 946 4519 
5487 4500 927 946 4519 4501 928 947 4520 
5488 4501 928 947 4520 4502 929 948 4521 
5489 4502 929 948 4521 4503 930 949 4522 
5490 4503 930 949 4522 4504 931 950 4523 
5491 4504 931 950 4523 4505 932 951 4524 
5492 4505 932 951 4524 4506 933 952 4525 
5493 4506 933 952 4525 4507 934 953 4526 
5494 4507 934 953 4526 4508 935 954 4527 
5495 4508 935 954 4527 4509 936 955 4528 
5496 4509 936 955 4528 4510 937 956 4529 
5497 4510 937 956 4529 4511 938 957 4530 
5498 4511 938 957 4530 1487 137 138 1488 
5499 480 30 31 481 4512 939 958 4531 
5500 4512 939 958 4531 4513 940 959 4532 
5501 4513 940 959 4532 4514 941 960 4533 
5502 4514 941 960 4533 4515 942 961 4534 
5503 4515 942 961 4534 4516 943 962 4535 
5504 4516 943 962 4535 4517 944 963 4536 
5505 4517 944 963 4536 4518 945 964 4537 
5506 4518 945 964 4537 4519 946 965 4538 
5507 4519 946 965 4538 4520 947 966 4539 
5508 4520 947 966 4539 4521 948 967 4540 
5509 4521 948 967 4540 4522 949 968 4541 
5510 4522 949 968 4541 4523 950 969 4542 
5511 4523 950 969 4542 4524 951 970 4543 
5512 4524 951 970 4543 4525 952 971 4544 
5513 4525 952 971 4544 4526 953 972 4545 
5514 4526 953 972 4545 4527 954 973 4546 
5515 4527 954 973 4546 4528 955 974 4547 
5516 4528 955 974 4547 4529 956 975 4548 
5517 4529 956 975 4548 4530 957 976 4549 
5518 4530 957 976 4549 1488 138 139 1489 
5519 481 31 32 482 4531 958 977 4550 
5520 4531 958 977 4550 4532 959 978 4551 
5521 4532 959 978 4551 4533 960 979 4552 
5522 4533 960 979 4552 4534 961 980 4553 
5523 4534 961 980 4553 4535 962 981 4554 
5524 4535 962 981 4554 4536 963 982 4555 
5525 4536 963 982 4555 4537 964 983 4556 
5526 4537 964 983 4556 4538 965 984 4557 
5527 4538 965 984 4557 4539 966 985 4558 
5528 4539 966 985 4558 4540 967 986 4559 
5529 4540 967 986 4559 4541 968 987 4560 
5530 4541 968 987 4560 4542 969 988 4561 
5531 4542 969 988 4561 4543 970 989 4562 
5532 4543 970 989 4562 4544 971 990 4563 
5533 4544 971 990 4563 4545 972 991 4564 
5534 4545 972 991 4564 4546 973 992 4565 
5535 4546 973 992 4565 4547 974 993 4566 
5536 4547 974 993 4566 4548 975 994 4567 
5537 4548 975 994 4567 4549 976 995 4568 
5538 4549 976 995 4568 1489 139 140 1490 
5539 482 32 33 483 4550 977 996 4569 
5540 4550 977 996 4569 4551 978 997 4570 
5541 4551 978 997 4570 4552 979 998 4571 
5542 4552 979 998 4571 4553 980 999 4572 
5543 4553 980 999 4572 4554 981 1000 4573 
5544 4554 981 1000 4573 4555 982 1001 4574 
5545 4555 982 1001 4574 4556 983 1002 4575 
5546 4556 983 1002 4575 4557 984 1003 4576 
5547 4557 984 1003 4576 4558 985 1004 4577 
5548 4558 985 1004 4577 4559 986 1005 4578 
5549 4559 986 1005 4578 4560 987 1006 4579 
5550 4560 987 1006 4579 4561 988 1007 4580 
5551 4561 988 1007 4580 4562 989 1008 4581 
5552 4562 989 1008 4581 4563 990 1009 4582 
5553 4563 990 1009 4582 4564 991 1010 4583 
5554 4564 991 1010 4583 4565 992 1011 4584 
5555 4565 992 1011 4584 4566 993 1012 4585 
5556 4566 993 1012 4585 4567 994 1013 4586 
5557 4567 994 1013 4586 4568 995 1014 4587 
5558 4568 995 1014 4587 1490 140 141 1491 
5559 483 33 34 484 4569 996 1015 4588 
5560 4569 996 1015 4588 4570 997 1016 4589 
5561 4570 997 1016 4589 4571 998 1017 4590 
5562 4571 998 1017 4590 4572 999 1018 4591 
5563 4572 999 1018 4591 4573 1000 1019 4592 
5564 4573 1000 1019 4592 4574 1001 1020 4593 
5565 4574 1001 1020 4593 4575 1002 1021 4594 
5566 4575 1002 1021 4594 4576 1003 1022 4595 
5567 4576 1003 1022 4595 4577 1004 1023 4596 
5568 4577 1004 1023 4596 4578 1005 1024 4597 
5569 4578 1005 1024 4597 4579 1006 1025 4598 
5570 4579 1006 1025 4598 4580 1007 1026 4599 
5571 4580 1007 1026 4599 4581 1008 1027 4600 
5572 4581 1008 1027 4600 4582 1009 1028 4601 
5573 4582 1009 1028 4601 4583 1010 1029 4602 
5574 4583 1010 1029 4602 4584 1011 1030 4603 
5575 4584 1011 1030 4603 4585 1012 1031 4604 
5576 4585 1012 1031 4604 4586 1013 1032 4605 
5577 4586 1013 1032 4605 4587 1014 1033 4606 
5578 4587 1014 1033 4606 1491 141 142 1492 
5579 484 34 35 485 4588 1015 1034 4607 
5580 4588 1015 1034 4607 4589 1016 1035 4608 
5581 4589 1016 1035 4608 4590 1017 1036 4609 
5582 4590 1017 1036 4609 4591 1018 1037 4610 
5583 4591 1018 1037 4610 4592 1019 1038 4611 
5584 4592 1019 1038 4611 4593 1020 1039 4612 
5585 4593 1020 1039 4612 4594 1021 1040 4613 
5586 4594 1021 1040 4613 4595 1022 1041 4614 
5587 4595 1022 1041 4614 4596 1023 1042 4615 
5588 4596 1023 1042 4615 4597 1024 1043 4616 
5589 4597 1024 1043 4616 4598 1025 1044 4617 
5590 4598 1025 1044 4617 4599 1026 1045 4618 
5591 4599 1026 1045 4618 4600 1027 1046 4619 
5592 4600 1027 1046 4619 4601 1028 1047 4620 
5593 4601 1028 1047 4620 4602 1029 1048 4621 
5594 4602 1029 1048 4621 4603 1030 1049 4622 
5595 4603 1030 1049 4622 4604 1031 1050 4623 
5596 4604 1031 1050 4623 4605 1032 1051 4624 
5597 4605 1032 1051 4624 4606 1033 1052 4625 
5598 4606 1033 1052 4625 1492 142 143 1493 
5599 485 35 36 486 4607 1034 1053 4626 
5600 4607 1034 1053 4626 4608 1035 1054 4627 
5601 4608 1035 1054 4627 4609 1036 1055 4628 
5602 4609 1036 1055 4628 4610 1037 1056 4629 
5603 4610 1037 1056 4629 4611 1038 1057 4630 
5604 4611 1038 1057 4630 4612 1039 1058 4631 
5605 4612 1039 1058 4631 4613 1040 1059 4632 
5606 4613 1040 1059 4632 4614 1041 1060 4633 
5607 4614 1041 1060 4633 4615 1042 1061 4634 
5608 4615 1042 1061 4634 4616 1043 1062 4635 
5609 4616 1043 1062 4635 4617 1044 1063 4636 
5610 4617 1044 1063 4636 4618 1045 1064 4637 
5611 4618 1045 1064 4637 4619 1046 1065 4638 
5612 4619 1046 1065 4638 4620 1047 1066 4639 
5613 4620 1047 1066 4639 4621 1048 1067 4640 
5614 4621 1048 1067 4640 4622 1049 1068 4641 
5615 4622 1049 1068 4641 4623 1050 1069 4642 
5616 4623 1050 1069 4642 4624 1051 1070 4643 
5617 4624 1051 1070 4643 4625 1052 1071 4644 
5618 4625 1052 1071 4644 1493 143 144 1494 
5619 486 36 3 37 4626 1053 201 1072 
5620 4626 1053 201 1072 4627 1054 202 1073 
5621 4627 1054 202 1073 4628 1055 203 1074 
5622 4628 1055 203 1074 4629 1056 204 1075 
5623 4629 1056 204 1075 4630 1057 205 1076 
5624 4630 1057 205 1076 4631 1058 206 1077 
5625 4631 1058 206 1077 4632 1059 207 1078 
5626 4632 1059 207 1078 4633 1060 208 1079 
5627 4633 1060 208 1079 4634 1061 209 1080 
5628 4634 1061 209 1080 4635 1062 210 1081 
5629 4635 1062 210 1081 4636 1063 211 1082 
5630 4636 1063 211 1082 4637 1064 212 1083 
5631 4637 1064 212 1083 4638 1065 213 1084 
5632 4638 1065 213 1084 4639 1066 214 1085 
5633 4639 1066 214 1085 4640 1067 215 1086 
5634 4640 1067 215 1086 4641 1068 216 1087 
5635 4641 1068 216 1087 4642 1069 217 1088 
5636 4642 1069 217 1088 4643 1070 218 1089 
5637 4643 1070 218 1089 4644 1071 219 1090 
5638 4644 1071 219 1090 1494 144 12 145 
3 2 5 2000
5639 2 55 487 28 182 1495 4645 901 
5640 182 1495 4645 901 183 1496 4646 902 
5641 183 1496 4646 902 184 1497 4647 903 
5642 184 1497 4647 903 185 1498 4648 904 
5643 185 1498 4648 904 186 1499 4649 905 
5644 186 1499 4649 905 187 1500 4650 906 
5645 187 1500 4650 906 188 1501 4651 907 
5646 188 1501 4651 907 189 1502 4652 908 
5647 189 1502 4652 908 190 1503 4653 909 
5648 190 1503 4653 909 191 1504 4654 910 
5649 191 1504 4654 910 192 1505 4655 911 
5650 192 1505 4655 911 193 1506 4656 912 
5651 193 1506 4656 912 194 1507 4657 913 
5652 194 1507 4657 913 195 1508 4658 914 
5653 195 1508 4658 914 196 1509 4659 915 
5654 196 1509 4659 915 197 1510 4660 916 
5655 197 1510 4660 916 198 1511 4661 917 
5656 198 1511 4661 917 199 1512 4662 918 
5657 199 1512 4662 918 200 1513 4663 919 
5658 200 1513 4663 919 11 239 2008 136 
5659 28 487 488 29 901 4645 4664 920 
5660 901 4645 4664 920 902 4646 4665 921 
5661 902 4646 4665 921 903 4647 4666 922 
5662 903 4647 4666 922 904 4648 4667 923 
5663 904 4648 4667 923 905 4649 4668 924 
5664 905 4649 4668 924 906 4650 4669 925 
5665 906 4650 4669 925 907 4651 4670 926 
5666 907 4651 4670 926 908 4652 4671 927 
5667 908 4652 4671 927 909 4653 4672 928 
5668 909 4653 4672 928 910 4654 4673 929 
5669 910 4654 4673 929 911 4655 4674 930 
5670 911 4655 4674 930 912 4656 4675 931 
5671 912 4656 4675 931 913 4657 4676 932 
5672 913 4657 4676 932 914 4658 4677 933 
5673 914 4658 4677 933 915 4659 4678 934 
5674 915 4659 4678 934 916 4660 4679 935 
5675 916 4660 4679 935 917 4661 4680 936 
5676 917 4661 4680 936 918 4662 4681 937 
5677 918 4662 4681 937 919 4663 4682 938 
5678 919 4663 4682 938 136 2008 2009 137 
5679 29 488 489 30 920 4664 4683 939 
5680 920 4664 4683 939 921 4665 4684 940 
5681 921 4665 4684 940 922 4666 4685 941 
5682 922 4666 4685 941 923 4667 4686 942 
5683 923 4667 4686 942 924 4668 4687 943 
5684 924 4668 4687 943 925 4669 4688 944 
5685 925 4669 4688 944 926 4670 4689 945 
5686 926 4670 4689 945 927 4671 4690 946 
5687 927 4671 4690 946 928 4672 4691 947 
5688 928 4672 4691 947 929 4673 4692 948 
5689 929 4673 4692 948 930 4674 4693 949 
5690 930 4674 4693 949 931 4675 4694 950 
5691 931 4675 4694 950 932 4676 4695 951 
5692 932 4676 4695 951 933 4677 4696 952 
5693 933 4677 4696 952 934 4678 4697 953 
5694 934 4678 4697 953 935 4679 4698 954 
5695 935 4679 4698 954 936 4680 4699 955 
5696 936 4680 4699 955 937 4681 4700 956 
5697 937 4681 4700 956 938 4682 4701 957 
5698 938 4682 4701 957 137 2009 2010 138 
5699 30 489 490 31 939 4683 4702 958 
5700 939 4683 4702 958 940 4684 4703 959 
5701 940 4684 4703 959 941 4685 4704 960 
5702 941 4685 4704 960 942 4686 4705 961 
5703 942 4686 4705 961 943 4687 4706 962 
5704 943 4687 4706 962 944 4688 4707 963 
5705 944 4688 4707 963 945 4689 4708 964 
5706 945 4689 4708 964 946 4690 4709 965 
5707 946 4690 4709 965 947 4691 4710 966 
5708 947 4691 4710 966 948 4692 4711 967 
5709 948 4692 4711 967 949 4693 4712 968 
5710 949 4693 4712 968 950 4694 4713 969 
5711 950 4694 4713 969 951 4695 4714 970 
5712 951 4695 4714 970 952 4696 4715 971 
5713 952 4696 4715 971 953 4697 4716 972 
5714 953 4697 4716 972 954 4698 4717 973 
5715 954 4698 4717 973 955 4699 4718 974 
5716 955 4699 4718 974 956 4700 4719 975 
5717 956 4700 4719 975 957 4701 4720 976 
5718 957 4701 4720 976 138 2010 2011 139 
5719 31 490 491 32 958 4702 4721 977 
5720 958 4702 4721 977 959 4703 4722 978 
5721 959 4703 4722 978 960 4704 4723 979 
5722 960 4704 4723 979 961 4705 4724 980 
5723 961 4705 4724 980 962 4706 4725 981 
5724 962 4706 4725 981 963 4707 4726 982 
5725 963 4707 4726 982 964 4708 4727 983 
5726 964 4708 4727 983 965 4709 4728 984 
5727 965 4709 4728 984 966 4710 4729 985 
5728 966 4710 4729 985 967 4711 4730 986 
5729 967 4711 4730 986 968 4712 4731 987 
5730 968 4712 4731 987 969 4713 4732 988 
5731 969 4713 4732 988 970 4714 4733 989 
5732 970 4714 4733 989 971 4715 4734 990 
5733 971 4715 4734 990 972 4716 4735 991 
5734 972 4716 4735 991 973 4717 4736 992 
5735 973 4717 4736 992 974 4718 4737 993 
5736 974 4718 4737 993 975 4719 4738 994 
5737 975 4719 4738 994 976 4720 4739 995 
5738 976 4720 4739 995 139 2011 2012 140 
5739 32 491 492 33 977 4721 4740 996 
5740 977 4721 4740 996 978 4722 4741 997 
5741 978 4722 4741 997 979 4723 4742 998 
5742 979 4723 4742 998 980 4724 4743 999 
5743 980 4724 4743 999 981 4725 4744 1000 
5744 981 4725 4744 1000 982 4726 4745 1001 
5745 982 4726 4745 1001 983 4727 4746 1002 
5746 983 4727 4746 1002 984 4728 4747 1003 
5747 984 4728 4747 1003 985 4729 4748 1004 
5748 985 4729 4748 1004 986 4730 4749 1005 
5749 986 4730 4749 1005 987 4731 4750 1006 
5750 987 4731 4750 1006 988 4732 4751 1007 
5751 988 4732 4751 1007 989 4733 4752 1008 
5752 989 4733 4752 1008 990 4734 4753 1009 
5753 990 4734 4753 1009 991 4735 4754 1010 
5754 991 4735 4754 1010 992 4736 4755 1011 
5755 992 4736 4755 1011 993 4737 4756 1012 
5756 993 4737 4756 1012 994 4738 4757 1013 
5757 994 4738 4757 1013 995 4739 4758 1014 
5758 995 4739 4758 1014 140 2012 2013 141 
5759 33 492 493 34 996 4740 4759 1015 
5760 996 4740 4759 1015 997 4741 4760 1016 
5761 997 4741 4760 1016 998 4742 4761 1017 
5762 998 4742 4761 1017 999 4743 4762 1018 
5763 999 4743 4762 1018 1000 4744 4763 1019 
5764 1000 4744 4763 1019 1001 4745 4764 1020 
5765 1001 4745 4764 1020 1002 4746 4765 1021 
5766 1002 4746 4765 1021 1003 4747 4766 1022 
5767 1003 4747 4766 1022 1004 4748 4767 1023 
5768 1004 4748 4767 1023 1005 4749 4768 1024 
5769 1005 4749 4768 1024 1006 4750 4769 1025 
5770 1006 4750 4769 1025 1007 4751 4770 1026 
5771 1007 4751 4770 1026 1008 4752 4771 1027 
5772 1008 4752 4771 1027 1009 4753 4772 1028 
5773 1009 4753 4772 1028 1010 4754 4773 1029 
5774 1010 4754 4773 1029 1011 4755 4774 1030 
5775 1011 4755 4774 1030 1012 4756 4775 1031 
5776 1012 4756 4775 1031 1013 4757 4776 1032 
5777 1013 4757 4776 1032 1014 4758 4777 1033 
5778 1014 4758 4777 1033 141 2013 2014 142 
5779 34 493 494 35 1015 4759 4778 1034 
5780 1015 4759 4778 1034 1016 4760 4779 1035 
5781 1016 4760 4779 1035 1017 4761 4780 1036 
5782 1017 4761 4780 1036 1018 4762 4781 1037 
5783 1018 4762 4781 1037 1019 4763 4782 1038 
5784 1019 4763 4782 1038 1020 4764 4783 1039 
5785 1020 4764 4783 1039 1021 4765 4784 1040 
5786 1021 4765 4784 1040 1022 4766 4785 1041 
5787 1022 4766 4785 1041 1023 4767 4786 1042 
5788 1023 4767 4786 1042 1024 4768 4787 1043 
5789 1024 4768 4787 1043 1025 4769 4788 1044 
5790 1025 4769 4788 1044 1026 4770 4789 1045 
5791 1026 4770 4789 1045 1027 4771 4790 1046 
5792 1027 4771 4790 1046 1028 4772 4791 1047 
5793 1028 4772 4791 1047 1029 4773 4792 1048 
5794 1029 4773 4792 1048 1030 4774 4793 1049 
5795 1030 4774 4793 1049 1031 4775 4794 1050 
5796 1031 4775 4794 1050 1032 4776 4795 1051 
5797 1032 4776 4795 1051 1033 4777 4796 1052 
5798 1033 4777 4796 1052 142 2014 2015 143 
5799 35 494 495 36 1034 4778 4797 1053 
5800 1034 4778 4797 1053 1035 4779 4798 1054 
5801 1035 4779 4798 1054 1036 4780 4799 1055 
5802 1036 4780 4799 1055 1037 4781 4800 1056 
5803 1037 4781 4800 1056 1038 4782 4801 1057 
5804 1038 4782 4801 1057 1039 4783 4802 1058 
5805 1039 4783 4802 1058 1040 4784 4803 1059 
5806 1040 4784 4803 1059 1041 4785 4804 1060 
5807 1041 4785 4804 1060 1042 4786 4805 1061 
5808 1042 4786 4805 1061 1043 4787 4806 1062 
5809 1043 4787 4806 1062 1044 4788 4807 1063 
5810 1044 4788 4807 1063 1045 4789 4808 1064 
5811 1045 4789 4808 1064 1046 4790 4809 1065 
5812 1046 4790 4809 1065 1047 4791 4810 1066 
5813 1047 4791 4810 1066 1048 4792 4811 1067 
5814 1048 4792 4811 1067 1049 4793 4812 1068 
5815 1049 4793 4812 1068 1050 4794 4813 1069 
5816 1050 4794 4813 1069 1051 4795 4814 1070 
5817 1051 4795 4814 1070 1052 4796 4815 1071 
5818 1052 4796 4815 1071 143 2015 2016 144 
5819 36 495 81 3 1053 4797 1989 201 
5820 1053 4797 1989 201 1054 4798 1990 202 
5821 1054 4798 1990 202 1055 4799 1991 203 
5822 1055 4799 1991 203 1056 4800 1992 204 
5823 1056 4800 1992 204 1057 4801 1993 205 
5824 1057 4801 1993 205 1058 4802 1994 206 
5825 1058 4802 1994 206 1059 4803 1995 207 
5826 1059 4803 1995 207 1060 4804 1996 208 
5827 1060 4804 1996 208 1061 4805 1997 209 
5828 1061 4805 1997 209 1062 4806 1998 210 
5829 1062 4806 1998 210 1063 4807 1999 211 
5830 1063 4807 1999 211 1064 4808 2000 212 
5831 1064 4808 2000 212 1065 4809 2001 213 
5832 1065 4809 2001 213 1066 4810 2002 214 
5833 1066 4810 2002 214 1067 4811 2003 215 
5834 1067 4811 2003 215 1068 4812 2004 216 
5835 1068 4812 2004 216 1069 4813 2005 217 
5836 1069 4813 2005 217 1070 4814 2006 218 
5837 1070 4814 2006 218 1071 4815 2007 219 
5838 1071 4815 2007 219 144 2016 265 12 
5839 55 56 496 487 1495 1514 4816 4645 
5840 1495 1514 4816 4645 1496 1515 4817 4646 
5841 1496 1515 4817 4646 1497 1516 4818 4647 
5842 1497 1516 4818 4647 1498 1517 4819 4648 
5843 1498 1517 4819 4648 1499 1518 4820 4649 
5844 1499 1518 4820 4649 1500 1519 4821 4650 
5845 1500 1519 4821 4650 1501 1520 4822 4651 
5846 1501 1520 4822 4651 1502 1521 4823 4652 
5847 1502 1521 4823 4652 1503 1522 4824 4653 
5848 1503 1522 4824 4653 1504 1523 4825 4654 
5849 1504 1523 4825 4654 1505 1524 4826 4655 
5850 1505 1524 4826 4655 1506 1525 4827 4656 
5851 1506 1525 4827 4656 1507 1526 4828 4657 
5852 1507 1526 4828 4657 1508 1527 4829 4658 
5853 1508 1527 4829 4658 1509 1528 4830 4659 
5854 1509 1528 4830 4659 1510 1529 4831 4660 
5855 1510 1529 4831 4660 1511 1530 4832 4661 
5856 1511 1530 4832 4661 1512 1531 4833 4662 
5857 1512 1531 4833 4662 1513 1532 4834 4663 
5858 1513 1532 4834 4663 239 240 2017 2008 
5859 487 496 497 488 4645 4816 4835 4664 
5860 4645 4816 4835 4664 4646 4817 4836 4665 
5861 4646 4817 4836 4665 4647 4818 4837 4666 
5862 4647 4818 4837 4666 4648 4819 4838 4667 
5863 4648 4819 4838 4667 4649 4820 4839 4668 
5864 4649 4820 4839 4668 4650 4821 4840 4669 
5865 4650 4821 4840 4669 4651 4822 4841 4670 
5866 4651 4822 4841 4670 4652 4823 4842 4671 
5867 4652 4823 4842 4671 4653 4824 4843 4672 
5868 4653 4824 4843 4672 4654 4825 4844 4673 
5869 4654 4825 4844 4673 4655 4826 4845 4674 
5870 4655 4826 4845 4674 4656 4827 4846 4675 
5871 4656 4827 4846 4675 4657 4828 4847 4676 
5872 4657 4828 4847 4676 4658 4829 4848 4677 
5873 4658 4829 4848 4677 4659 4830 4849 4678 
5874 4659 4830 4849 4678 4660 4831 4850 4679 
5875 4660 4831 4850 4679 4661 4832 4851 4680 
5876 4661 4832 4851 4680 4662 4833 4852 4681 
5877 4662 4833 4852 4681 4663 4834 4853 4682 
5878 4663 4834 4853 4682 2008 2017 2018 2009 
5879 488 497 498 489 4664 4835 4854 4683 
5880 4664 4835 4854 4683 4665 4836 4855 4684 
5881 4665 4836 4855 4684 4666 4837 4856 4685 
5882 4666 4837 4856 4685 4667 4838 4857 4686 
5883 4667 4838 4857 4686 4668 4839 4858 4687 
5884 4668 4839 4858 4687 4669 4840 4859 4688 
5885 4669 4840 4859 4688 4670 4841 4860 4689 
5886 4670 4841 4860 4689 4671 4842 4861 4690 
5887 4671 4842 4861 4690 4672 4843 4862 4691 
5888 4672 4843 4862 4691 4673 4844 4863 4692 
5889 4673 4844 4863 4692 4674 4845 4864 4693 
5890 4674 4845 4864 4693 4675 4846 4865 4694 
5891 4675 4846 4865 4694 4676 4847 4866 4695 
5892 4676 4847 4866 4695 4677 4848 4867 4696 
5893 4677 4848 4867 4696 4678 4849 4868 4697 
5894 4678 4849 4868 4697 4679 4850 4869 4698 
5895 4679 4850 4869 4698 4680 4851 4870 4699 
5896 4680 4851 4870 4699 4681 4852 4871 4700 
5897 4681 4852 4871 4700 4682 4853 4872 4701 
5898 4682 4853 4872 4701 2009 2018 2019 2010 
5899 489 498 499 490 4683 4854 4873 4702 
5900 4683 4854 4873 4702 4684 4855 4874 4703 
5901 4684 4855 4874 4703 4685 4856 4875 4704 
5902 4685 4856 4875 4704 4686 4857 4876 4705 
5903 4686 4857 4876 4705 4687 4858 4877 4706 
5904 4687 4858 4877 4706 4688 4859 4878 4707 
5905 4688 4859 4878 4707 4689 4860 4879 4708 
5906 4689 4860 4879 4708 4690 4861 4880 4709 
5907 4690 4861 4880 4709 4691 4862 4881 4710 
5908 4691 4862 4881 4710 4692 4863 4882 4711 
5909 4692 4863 4882 4711 4693 4864 4883 4712 
5910 4693 4864 4883 4712 4694 4865 4884 4713 
5911 4694 4865 4884 4713 4695 4866 4885 4714 
5912 4695 4866 4885 4714 4696 4867 4886 4715 
5913 4696 4867 4886 4715 4697 4868 4887 4716 
5914 4697 4868 4887 4716 4698 4869 4888 4717 
5915 4698 4869 4888 4717 4699 4870 4889 4718 
5916 4699 4870 4889 4718 4700 4871 4890 4719 
5917 4700 4871 4890 4719 4701 4872 4891 4720 
5918 4701 4872 4891 4720 2010 2019 2020 2011 
5919 490 499 500 491 4702 4873 4892 4721 
5920 4702 4873 4892 4721 4703 4874 4893 4722 
5921 4703 4874 4893 4722 4704 4875 4894 4723 
5922 4704 4875 4894 4723 4705 4876 4895 4724 
5923 4705 4876 4895 4724 4706 4877 4896 4725 
5924 4706 4877 4896 4725 4707 4878 4897 4726 
5925 4707 4878 4897 4726 4708 4879 4898 4727 
5926 4708 4879 4898 4727 4709 4880 4899 4728 
5927 4709 4880 4899 4728 4710 4881 4900 4729 
5928 4710 4881 4900 4729 4711 4882 4901 4730 
5929 4711 4882 4901 4730 4712 4883 4902 4731 
5930 4712 4883 4902 4731 4713 4884 4903 4732 
5931 4713 4884 4903 4732 4714 4885 4904 4733 
5932 4714 4885 4904 4733 4715 4886 4905 4734 
5933 4715 4886 4905 4734 4716 4887 4906 4735 
5934 4716 4887 4906 4735 4717 4888 4907 4736 
5935 4717 4888 4907 4736 4718 4889 4908 4737 
5936 4718 4889 4908 4737 4719 4890 4909 4738 
5937 4719 4890 4909 4738 4720 4891 4910 4739 
5938 4720 4891 4910 4739 2011 2020 2021 2012 
5939 491 500 501 492 4721 4892 4911 4740 
5940 4721 4892 4911 4740 4722 4893 4912 4741 
5941 4722 4893 4912 4741 4723 4894 4913 4742 
5942 4723 4894 4913 4742 4724 4895 4914 4743 
5943 4724 4895 4914 4743 4725 4896 4915 4744 
5944 4725 4896 4915 4744 4726 4897 4916 4745 
5945 4726 4897 4916 4745 4727 4898 4917 4746 
5946 4727 4898 4917 4746 4728 4899 4918 4747 
5947 4728 4899 4918 4747 4729 4900 4919 4748 
5948 4729 4900 4919 4748 4730 4901 4920 4749 
5949 4730 4901 4920 4749 4731 4902 4921 4750 
5950 4731 4902 4921 4750 4732 4903 4922 4751 
5951 4732 4903 4922 4751 4733 4904 4923 4752 
5952 4733 4904 4923 4752 4734 4905 4924 4753 
5953 4734 4905 4924 4753 4735 4906 4925 4754 
5954 4735 4906 4925 4754 4736 4907 4926 4755 
5955 4736 4907 4926 4755 4737 4908 4927 4756 
5956 4737 4908 4927 4756 4738 4909 4928 4757 
5957 4738 4909 4928 4757 4739 4910 4929 4758 
5958 4739 4910 4929 4758 2012 2021 2022 2013 
5959 492 501 502 493 4740 4911 4930 4759 
5960 4740 4911 4930 4759 4741 4912 4931 4760 
5961 4741 4912 4931 4760 4742 4913 4932 4761 
5962 4742 4913 4932 4761 4743 4914 4933 4762 
5963 4743 4914 4933 4762 4744 4915 4934 4763 
5964 4744 4915 4934 4763 4745 4916 4935 4764 
5965 4745 4916 4935 4764 4746 4917 4936 4765 
5966 4746 4917 4936 4765 4747 4918 4937 4766 
5967 4747 4918 4937 4766 4748 4919 4938 4767 
5968 4748 4919 4938 4767 4749 4920 4939 4768 
5969 4749 4920 4939 4768 4750 4921 4940 4769 
5970 4750 4921 4940 4769 4751 4922 4941 4770 
5971 4751 4922 4941 4770 4752 4923 4942 4771 
5972 4752 4923 4942 4771 4753 4924 4943 4772 
5973 4753 4924 4943 4772 4754 4925 4944 4773 
5974 4754 4925 4944 4773 4755 4926 4945 4774 
5975 4755 4926 4945 4774 4756 4927 4946 4775 
5976 4756 4927 4946 4775 4757 4928 4947 4776 
5977 4757 4928 4947 4776 4758 4929 4948 4777 
5978 4758 4929 4948 4777 2013 2022 2023 2014 
5979 493 502 503 494 4759 4930 4949 4778 
5980 4759 4930 4949 4778 4760 4931 4950 4779 
5981 4760 4931 4950 4779 4761 4932 4951 4780 
5982 4761 4932 4951 4780 4762 4933 4952 4781 
5983 4762 4933 4952 4781 4763 4934 4953 4782 
5984 4763 4934 4953 4782 4764 4935 4954 4783 
5985 4764 4935 4954 4783 4765 4936 4955 4784 
5986 4765 4936 4955 4784 4766 4937 4956 4785 
5987 4766 4937 4956 4785 4767 4938 4957 4786 
5988 4767 4938 4957 4786 4768 4939 4958 4787 
5989 4768 4939 4958 4787 4769 4940 4959 4788 
5990 4769 4940 4959 4788 4770 4941 4960 4789 
5991 4770 4941 4960 4789 4771 4942 4961 4790 
5992 4771 4942 4961 4790 4772 4943 4962 4791 
5993 4772 4943 4962 4791 4773 4944 4963 4792 
5994 4773 4944 4963 4792 4774 4945 4964 4793 
5995 4774 4945 4964 4793 4775 4946 4965 4794 
5996 4775 4946 4965 4794 4776 4947 4966 4795 
5997 4776 4947 4966 4795 4777 4948 4967 4796 
5998 4777 4948 4967 4796 2014 2023 2024 2015 
5999 494 503 504 495 4778 4949 4968 4797 
6000 4778 4949 4968 4797 4779 4950 4969 4798 
6001 4779 4950 4969 4798 4780 4951 4970 4799 
6002 4780 4951 4970 4799 4781 4952 4971 4800 
6003 4781 4952 4971 4800 4782 4953 4972 4801 
6004 4782 4953 4972 4801 4783 4954 4973 4802 
6005 4783 4954 4973 4802 4784 4955 4974 4803 
6006 4784 4955 4974 4803 4785 4956 4975 4804 
6007 4785 4956 4975 4804 4786 4957 4976 4805 
6008 4786 4957 4976 4805 4787 4958 4977 4806 
6009 4787 4958 4977 4806 4788 4959 4978 4807 
6010 4788 4959 4978 4807 4789 4960 4979 4808 
6011 4789 4960 4979 4808 4790 4961 4980 4809 
6012 4790 4961 4980 4809 4791 4962 4981 4810 
6013 4791 4962 4981 4810 4792 4963 4982 4811 
6014 4792 4963 4982 4811 4793 4964 4983 4812 
6015 4793 4964 4983 4812 4794 4965 4984 4813 
6016 4794 4965 4984 4813 4795 4966 4985 4814 
6017 4795 4966 4985 4814 4796 4967 4986 4815 
6018 4796 4967 4986 4815 2015 2024 2025 2016 
6019 495 504 80 81 4797 4968 1970 1989 
6020 4797 4968 1970 1989 4798 4969 1971 1990 
6021 4798 4969 1971 1990 4799 4970 1972 1991 
6022 4799 4970 1972 1991 4800 4971 1973 1992 
6023 4800 4971 1973 1992 4801 4972 1974 1993 
6024 4801 4972 1974 1993 4802 4973 1975 1994 
6025 4802 4973 1975 1994 4803 4974 1976 1995 
6026 4803 4974 1976 1995 4804 4975 1977 1996 
6027 4804 4975 1977 1996 4805 4976 1978 1997 
6028 4805 4976 1978 1997 4806 4977 1979 1998 
6029 4806 4977 1979 1998 4807 4978 1980 1999 
6030 4807 4978 1980 1999 4808 4979 1981 2000 
6031 4808 4979 1981 2000 4809 4980 1982 2001 
6032 4809 4980 1982 2001 4810 4981 1983 2002 
6033 4810 4981 1983 2002 4811 4982 1984 2003 
6034 4811 4982 1984 2003 4812 4983 1985 2004 
6035 4812 4983 1985 2004 4813 4984 1986 2005 
6036 4813 4984 1986 2005 4814 4985 1987 2006 
6037 4814 4985 1987 2006 4815 4986 1988 2007 
6038 4815 4986 1988 2007 2016 2025 264 265 
6039 56 57 505 496 1514 1533 4987 4816 
6040 1514 1533 4987 4816 1515 1534 4988 4817 
6041 1515 1534 4988 4817 1516 1535 4989 4818 
6042 1516 1535 4989 4818 1517 1536 4990 4819 
6043 1517 1536 4990 4819 1518 1537 4991 4820 
6044 1518 1537 4991 4820 1519 1538 4992 4821 
6045 1519 1538 4992 4821 1520 1539 4993 4822 
6046 1520 1539 4993 4822 1521 1540 4994 4823 
6047 1521 1540 4994 4823 1522 1541 4995 4824 
6048 1522 1541 4995 4824 1523 1542 4996 4825 
6049 1523 1542 4996 4825 1524 1543 4997 4826 
6050 1524 1543 4997 4826 1525 1544 4998 4827 
6051 1525 1544 4998 4827 1526 1545 4999 4828 
6052 1526 1545 4999 4828 1527 1546 5000 4829 
6053 1527 1546 5000 4829 1528 1547 5001 4830 
6054 1528 1547 5001 4830 1529 1548 5002 4831 
6055 1529 1548 5002 4831 1530 1549 5003 4832 
6056 1530 1549 5003 4832 1531 1550 5004 4833 
6057 1531 1550 5004 4833 1532 1551 5005 4834 
6058 1532 1551 5005 4834 240 241 2026 2017 
6059 496 505 506 497 4816 4987 5006 4835 
6060 4816 4987 5006 4835 4817 4988 5007 4836 
6061 4817 4988 5007 4836 4818 4989 5008 4837 
6062 4818 4989 5008 4837 4819 4990 5009 4838 
6063 4819 4990 5009 4838 4820 4991 5010 4839 
6064 4820 4991 5010 4839 4821 4992 5011 4840 
6065 4821 4992 5011 4840 4822 4993 5012 4841 
6066 4822 4993 5012 4841 4823 4994 5013 4842 
6067 4823 4994 5013 4842 4824 4995 5014 4843 
6068 4824 4995 5014 4843 4825 4996 5015 4844 
6069 4825 4996 5015 4844 4826 4997 5016 4845 
6070 4826 4997 5016 4845 4827 4998 5017 4846 
6071 4827 4998 5017 4846 4828 4999 5018 4847 
6072 4828 4999 5018 4847 4829 5000 5019 4848 
6073 4829 5000 5019 4848 4830 5001 5020 4849 
6074 4830 5001 5020 4849 4831 5002 5021 4850 
6075 4831 5002 5021 4850 4832 5003 5022 4851 
6076 4832 5003 5022 4851 4833 5004 5023 4852 
6077 4833 5004 5023 4852 4834 5005 5024 4853 
6078 4834 5005 5024 4853 2017 2026 2027 2018 
6079 497 506 507 498 4835 5006 5025 4854 
6080 4835 5006 5025 4854 4836 5007 5026 4855 
6081 4836 5007 5026 4855 4837 5008 5027 4856 
6082 4837 5008 5027 4856 4838 5009 5028 4857 
6083 4838 5009 5028 4857 4839 5010 5029 4858 
6084 4839 5010 5029 4858 4840 5011 5030 4859 
6085 4840 5011 5030 4859 4841 5012 5031 4860 
6086 4841 5012 5031 4860 4842 5013 5032 4861 
6087 4842 5013 5032 4861 4843 5014 5033 4862 
6088 4843 5014 5033 4862 4844 5015 5034 4863 
6089 4844 5015 5034 4863 4845 5016 5035 4864 
6090 4845 5016 5035 4864 4846 5017 5036 4865 
6091 4846 5017 5036 4865 4847 5018 5037 4866 
6092 4847 5018 5037 4866 4848 5019 5038 4867 
6093 4848 5019 5038 4867 4849 5020 5039 4868 
6094 4849 5020 5039 4868 4850 5021 5040 4869 
6095 4850 5021 5040 4869 4851 5022 5041 4870 
6096 4851 5022 5041 4870 4852 5023 5042 4871 
6097 4852 5023 5042 4871 4853 5024 5043 4872 
6098 4853 5024 5043 4872 2018 2027 2028 2019 
6099 498 507 508 499 4854 5025 5044 4873 
6100 4854 5025 5044 4873 4855 5026 5045 4874 
6101 4855 5026 5045 4874 4856 5027 5046 4875 
6102 4856 5027 5046 4875 4857 5028 5047 4876 
6103 4857 5028 5047 4876 4858 5029 5048 4877 
6104 4858 5029 5048 4877 4859 5030 5049 4878 
6105 4859 5030 5049 4878 4860 5031 5050 4879 
6106 4860 5031 5050 4879 4861 5032 5051 4880 
6107 4861 5032 5051 4880 4862 5033 5052 4881 
6108 4862 5033 5052 4881 4863 5034 5053 4882 
6109 4863 5034 5053 4882 4864 5035 5054 4883 
6110 4864 5035 5054 4883 4865 5036 5055 4884 
6111 4865 5036 5055 4884 4866 5037 5056 4885 
6112 4866 5037 5056 4885 4867 5038 5057 4886 
6113 4867 5038 5057 4886 4868 5039 5058 4887 
6114 4868 5039 5058 4887 4869 5040 5059 4888 
6115 4869 5040 5059 4888 4870 5041 5060 4889 
6116 4870 5041 5060 4889 4871 5042 5061 4890 
6117 4871 5042 5061 4890 4872 5043 5062 4891 
6118 4872 5043 5062 4891 2019 2028 2029 2020 
6119 499 508 509 500 4873 5044 5063 4892 
6120 4873 5044 5063 4892 4874 5045 5064 4893 
6121 4874 5045 5064 4893 4875 5046 5065 4894 
6122 4875 5046 5065 4894 4876 5047 5066 4895 
6123 4876 5047 5066 4895 4877 5048 5067 4896 
6124 4877 5048 5067 4896 4878 5049 5068 4897 
6125 4878 5049 5068 4897 4879 5050 5069 4898 
6126 4879 5050 5069 4898 4880 5051 5070 4899 
6127 4880 5051 5070 4899 4881 5052 5071 4900 
6128 4881 5052 5071 4900 4882 5053 5072 4901 
6129 4882 5053 5072 4901 4883 5054 5073 4902 
6130 4883 5054 5073 4902 4884 5055 5074 4903 
6131 4884 5055 5074 4903 4885 5056 5075 4904 
6132 4885 5056 5075 4904 4886 5057 5076 4905 
6133 4886 5057 5076 4905 4887 5058 5077 4906 
6134 4887 5058 5077 4906 4888 5059 5078 4907 
6135 4888 5059 5078 4907 4889 5060 5079 4908 
6136 4889 5060 5079 4908 4890 5061 5080 4909 
6137 4890 5061 5080 4909 4891 5062 5081 4910 
6138 4891 5062 5081 4910 2020 2029 2030 2021 
6139 500 509 510 501 4892 5063 5082 4911 
6140 4892 5063 5082 4911 4893 5064 5083 4912 
6141 4893 5064 5083 4912 4894 5065 5084 4913 
6142 4894 5065 5084 4913 4895 5066 5085 4914 
6143 4895 5066 5085 4914 4896 5067 5086 4915 
6144 4896 5067 5086 4915 4897 5068 5087 4916 
6145 4897 5068 5087 4916 4898 5069 5088 4917 
6146 4898 5069 5088 4917 4899 5070 5089 4918 
6147 4899 5070 5089 4918 4900 5071 5090 4919 
6148 4900 5071 5090 4919 4901 5072 5091 4920 
6149 4901 5072 5091 4920 4902 5073 5092 4921 
6150 4902 5073 5092 4921 4903 5074 5093 4922 
6151 4903 5074 5093 4922 4904 5075 5094 4923 
6152 4904 5075 5094 4923 4905 5076 5095 4924 
6153 4905 5076 5095 4924 4906 5077 5096 4925 
6154 4906 5077 5096 4925 4907 5078 5097 4926 
6155 4907 5078 5097 4926 4908 5079 5098 4927 
6156 4908 5079 5098 4927 4909 5080 5099 4928 
6157 4909 5080 5099 4928 4910 5081 5100 4929 
6158 4910 5081 5100 4929 2021 2030 2031 2022 
6159 501 510 511 502 4911 5082 5101 4930 
6160 4911 5082 5101 4930 4912 5083 5102 4931 
6161 4912 5083 5102 4931 4913 5084 5103 4932 
6162 4913 5084 5103 4932 4914 5085 5104 4933 
6163 4914 5085 5104 4933 4915 5086 5105 4934 
6164 4915 5086 5105 4934 4916 5087 5106 4935 
6165 4916 5087 5106 4935 4917 5088 5107 4936 
6166 4917 5088 5107 4936 4918 5089 5108 4937 
6167 4918 5089 5108 4937 4919 5090 5109 4938 
6168 4919 5090 5109 4938 4920 5091 5110 4939 
6169 4920 5091 5110 4939 4921 5092 5111 4940 
6170 4921 5092 5111 4940 4922 5093 5112 4941 
6171 4922 5093 5112 4941 4923 5094 5113 4942 
6172 4923 5094 5113 4942 4924 5095 5114 4943 
6173 4924 5095 5114 4943 4925 5096 5115 4944 
6174 4925 5096 5115 4944 4926 5097 5116 4945 
6175 4926 5097 5116 4945 4927 5098 5117 4946 
6176 4927 5098 5117 4946 4928 5099 5118 4947 
6177 4928 5099 5118 4947 4929 5100 5119 4948 
6178 4929 5100 5119 4948 2022 2031 2032 2023 
6179 502 511 512 503 4930 5101 5120 4949 
6180 4930 5101 5120 4949 4931 5102 5121 4950 
6181 4931 5102 5121 4950 4932 5103 5122 4951 
6182 4932 5103 5122 4951 4933 5104 5123 4952 
6183 4933 5104 5123 4952 4934 5105 5124 4953 
6184 4934 5105 5124 4953 4935 5106 5125 4954 
6185 4935 5106 5125 4954 4936 5107 5126 4955 
6186 4936 5107 5126 4955 4937 5108 5127 4956 
6187 4937 5108 5127 4956 4938 5109 5128 4957 
6188 4938 5109 5128 4957 4939 5110 5129 4958 
6189 4939 5110 5129 4958 4940 5111 5130 4959 
6190 4940 5111 5130 4959 4941 5112 5131 4960 
6191 4941 5112 5131 4960 4942 5113 5132 4961 
6192 4942 5113 5132 4961 4943 5114 5133 4962 
6193 4943 5114 5133 4962 4944 5115 5134 4963 
6194 4944 5115 5134 4963 4945 5116 5135 4964 
6195 4945 5116 5135 4964 4946 5117 5136 4965 
6196 4946 5117 5136 4965 4947 5118 5137 4966 
6197 4947 5118 5137 4966 4948 5119 5138 4967 
6198 4948 5119 5138 4967 2023 2032 2033 2024 
6199 503 512 513 504 4949 5120 5139 4968 
6200 4949 5120 5139 4968 4950 5121 5140 4969 
6201 4950 5121 5140 4969 4951 5122 5141 4970 
6202 4951 5122 5141 4970 4952 5123 5142 4971 
6203 4952 5123 5142 4971 4953 5124 5143 4972 
6204 4953 5124 5143 4972 4954 5125 5144 4973 
6205 4954 5125 5144 4973 4955 5126 5145 4974 
6206 4955 5126 5145 4974 4956 5127 5146 4975 
6207 4956 5127 5146 4975 4957 5128 5147 4976 
6208 4957 5128 5147 4976 4958 5129 5148 4977 
6209 4958 5129 5148 4977 4959 5130 5149 4978 
6210 4959 5130 5149 4978 4960 5131 5150 4979 
6211 4960 5131 5150 4979 4961 5132 5151 4980 
6212 4961 5132 5151 4980 4962 5133 5152 4981 
6213 4962 5133 5152 4981 4963 5134 5153 4982 
6214 4963 5134 5153 4982 4964 5135 5154 4983 
6215 4964 5135 5154 4983 4965 5136 5155 4984 
6216 4965 5136 5155 4984 4966 5137 5156 4985 
6217 4966 5137 5156 4985 4967 5138 5157 4986 
6218 4967 5138 5157 4986 2024 2033 2034 2025 
6219 504 513 79 80 4968 5139 1951 1970 
6220 4968 5139 1951 1970 4969 5140 1952 1971 
6221 4969 5140 1952 1971 4970 5141 1953 1972 
6222 4970 5141 1953 1972 4971 5142 1954 1973 
6223 4971 5142 1954 1973 4972 5143 1955 1974 
6224 4972 5143 1955 1974 4973 5144 1956 1975 
6225 4973 5144 1956 1975 4974 5145 1957 1976 
6226 4974 5145 1957 1976 4975 5146 1958 1977 
6227 4975 5146 1958 1977 4976 5147 1959 1978 
6228 4976 5147 1959 1978 4977 5148 1960 1979 
6229 4977 5148 1960 1979 4978 5149 1961 1980 
6230 4978 5149 1961 1980 4979 5150 1962 1981 
6231 4979 5150 1962 1981 4980 5151 1963 1982 
6232 4980 5151 1963 1982 4981 5152 1964 1983 
6233 4981 5152 1964 1983 4982 5153 1965 1984 
6234 4982 5153 1965 1984 4983 5154 1966 1985 
6235 4983 5154 1966 1985 4984 5155 1967 1986 
6236 4984 5155 1967 1986 4985 5156 1968 1987 
6237 4985 5156 1968 1987 4986 5157 1969 1988 
6238 4986 5157 1969 1988 2025 2034 263 264 
6239 57 58 514 505 1533 1552 5158 4987 
6240 1533 1552 5158 4987 1534 1553 5159 4988 
6241 1534 1553 5159 4988 1535 1554 5160 4989 
6242 1535 1554 5160 4989 1536 1555 5161 4990 
6243 1536 1555 5161 4990 1537 1556 5162 4991 
6244 1537 1556 5162 4991 1538 1557 5163 4992 
6245 1538 1557 5163 4992 1539 1558 5164 4993 
6246 1539 1558 5164 4993 1540 1559 5165 4994 
6247 1540 1559 5165 4994 1541 1560 5166 4995 
6248 1541 1560 5166 4995 1542 1561 5167 4996 
6249 1542 1561 5167 4996 1543 1562 5168 4997 
6250 1543 1562 5168 4997 1544 1563 5169 4998 
6251 1544 1563 5169 4998 1545 1564 5170 4999 
6252 1545 1564 5170 4999 1546 1565 5171 5000 
6253 1546 1565 5171 5000 1547 1566 5172 5001 
6254 1547 1566 5172 5001 1548 1567 5173 5002 
6255 1548 1567 5173 5002 1549 1568 5174 5003 
6256 1549 1568 5174 5003 1550 1569 5175 5004 
6257 1550 1569 5175 5004 1551 1570 5176 5005 
6258 1551 1570 5176 5005 241 242 2035 2026 
6259 505 514 515 506 4987 5158 5177 5006 
6260 4987 5158 5177 5006 4988 5159 5178 5007 
6261 4988 5159 5178 5007 4989 5160 5179 5008 
6262 4989 5160 5179 5008 4990 5161 5180 5009 
6263 4990 5161 5180 5009 4991 5162 5181 5010 
6264 4991 5162 5181 5010 4992 5163 5182 5011 
6265 4992 5163 5182 5011 4993 5164 5183 5012 
6266 4993 5164 5183 5012 4994 5165 5184 5013 
6267 4994 5165 5184 5013 4995 5166 5185 5014 
6268 4995 5166 5185 5014 4996 5167 5186 5015 
6269 4996 5167 5186 5015 4997 5168 5187 5016 
6270 4997 5168 5187 5016 4998 5169 5188 5017 
6271 4998 5169 5188 5017 4999 5170 5189 5018 
6272 4999 5170 5189 5018 5000 5171 5190 5019 
6273 5000 5171 5190 5019 5001 5172 5191 5020 
6274 5001 5172 5191 5020 5002 5173 5192 5021 
6275 5002 5173 5192 5021 5003 5174 5193 5022 
6276 5003 5174 5193 5022 5004 5175 5194 5023 
6277 5004 5175 5194 5023 5005 5176 5195 5024 
6278 5005 5176 5195 5024 2026 2035 2036 2027 
6279 506 515 516 507 5006 5177 5196 5025 
6280 5006 5177 5196 5025 5007 5178 5197 5026 
6281 5007 5178 5197 5026 5008 5179 5198 5027 
6282 5008 5179 5198 5027 5009 5180 5199 5028 
6283 5009 5180 5199 5028 5010 5181 5200 5029 
6284 5010 5181 5200 5029 5011 5182 5201 5030 
6285 5011 5182 5201 5030 5012 5183 5202 5031 
6286 5012 5183 5202 5031 5013 5184 5203 5032 
6287 5013 5184 5203 5032 5014 5185 5204 5033 
6288 5014 5185 5204 5033 5015 5186 5205 5034 
6289 5015 5186 5205 5034 5016 5187 5206 5035 
6290 5016 5187 5206 5035 5017 5188 5207 5036 
6291 5017 5188 5207 5036 5018 5189 5208 5037 
6292 5018 5189 5208 5037 5019 5190 5209 5038 
6293 5019 5190 5209 5038 5020 5191 5210 5039 
6294 5020 5191 5210 5039 5021 5192 5211 5040 
6295 5021 5192 5211 5040 5022 5193 5212 5041 
6296 5022 5193 5212 5041 5023 5194 5213 5042 
6297 5023 5194 5213 5042 5024 5195 5214 5043 
6298 5024 5195 5214 5043 2027 2036 2037 2028 
6299 507 516 517 508 5025 5196 5215 5044 
6300 5025 5196 5215 5044 5026 5197 5216 5045 
6301 5026 5197 5216 5045 5027 5198 5217 5046 
6302 5027 5198 5217 5046 5028 5199 5218 5047 
6303 5028 5199 5218 5047 5029 5200 5219 5048 
6304 5029 5200 5219 5048 5030 5201 5220 5049 
6305 5030 5201 5220 5049 5031 5202 5221 5050 
6306 5031 5202 5221 5050 5032 5203 5222 5051 
6307 5032 5203 5222 5051 5033 5204 5223 5052 
6308 5033 5204 5223 5052 5034 5205 5224 5053 
6309 5034 5205 5224 5053 5035 5206 5225 5054 
6310 5035 5206 5225 5054 5036 5207 5226 5055 
6311 5036 5207 5226 5055 5037 5208 5227 5056 
6312 5037 5208 5227 5056 5038 5209 5228 5057 
6313 5038 5209 5228 5057 5039 5210 5229 5058 
6314 5039 5210 5229 5058 5040 5211 5230 5059 
6315 5040 5211 5230 5059 5041 5212 5231 5060 
6316 5041 5212 5231 5060 5042 5213 5232 5061 
6317 5042 5213 5232 5061 5043 5214 5233 5062 
6318 5043 5214 5233 5062 2028 2037 2038 2029 
6319 508 517 518 509 5044 5215 5234 5063 
6320 5044 5215 5234 5063 5045 5216 5235 5064 
6321 5045 5216 5235 5064 5046 5217 5236 5065 
6322 5046 5217 5236 5065 5047 5218 5237 5066 
6323 5047 5218 5237 5066 5048 5219 5238 5067 
6324 5048 5219 5238 5067 5049 5220 5239 5068 
6325 5049 5220 5239 5068 5050 5221 5240 5069 
6326 5050 5221 5240 5069 5051 5222 5241 5070 
6327 5051 5222 5241 5070 5052 5223 5242 5071 
6328 5052 5223 5242 5071 5053 5224 5243 5072 
6329 5053 5224 5243 5072 5054 5225 5244 5073 
6330 5054 5225 5244 5073 5055 5226 5245 5074 
6331 5055 5226 5245 5074 5056 5227 5246 5075 
6332 5056 5227 5246 5075 5057 5228 5247 5076 
6333 5057 5228 5247 5076 5058 5229 5248 5077 
6334 5058 5229 5248 5077 5059 5230 5249 5078 
6335 5059 5230 5249 5078 5060 5231 5250 5079 
6336 5060 5231 5250 5079 5061 5232 5251 5080 
6337 5061 5232 5251 5080 5062 5233 5252 5081 
6338 5062 5233 5252 5081 2029 2038 2039 2030 
6339 509 518 519 510 5063 5234 5253 5082 
6340 5063 5234 5253 5082 5064 5235 5254 5083 
6341 5064 5235 5254 5083 5065 5236 5255 5084 
6342 5065 5236 5255 5084 5066 5237 5256 5085 
6343 5066 5237 5256 5085 5067 5238 5257 5086 
6344 5067 5238 5257 5086 5068 5239 5258 5087 
6345 5068 5239 5258 5087 5069 5240 5259 5088 
6346 5069 5240 5259 5088 5070 5241 5260 5089 
6347 5070 5241 5260 5089 5071 5242 5261 5090 
6348 5071 5242 5261 5090 5072 5243 5262 5091 
6349 5072 5243 5262 5091 5073 5244 5263 5092 
6350 5073 5244 5263 5092 5074 5245 5264 5093 
6351 5074 5245 5264 5093 5075 5246 5265 5094 
6352 5075 5246 5265 5094 5076 5247 5266 5095 
6353 5076 5247 5266 5095 5077 5248 5267 5096 
6354 5077 5248 5267 5096 5078 5249 5268 5097 
6355 5078 5249 5268 5097 5079 5250 5269 5098 
6356 5079 5250 5269 5098 5080 5251 5270 5099 
6357 5080 5251 5270 5099 5081 5252 5271 5100 
6358 5081 5252 5271 5100 2030 2039 2040 2031 
6359 510 519 520 511 5082 5253 5272 5101 
6360 5082 5253 5272 5101 5083 5254 5273 5102 
6361 5083 5254 5273 5102 5084 5255 5274 5103 
6362 5084 5255 5274 5103 5085 5256 5275 5104 
6363 5085 5256 5275 5104 5086 5257 5276 5105 
6364 5086 5257 5276 5105 5087 5258 5277 5106 
6365 5087 5258 5277 5106 5088 5259 5278 5107 
6366 5088 5259 5278 5107 5089 5260 5279 5108 
6367 5089 5260 5279 5108 5090 5261 5280 5109 
6368 5090 5261 5280 5109 5091 5262 5281 5110 
6369 5091 5262 5281 5110 5092 5263 5282 5111 
6370 5092 5263 5282 5111 5093 5264 5283 5112 
6371 5093 5264 5283 5112 5094 5265 5284 5113 
6372 5094 5265 5284 5113 5095 5266 5285 5114 
6373 5095 5266 5285 5114 5096 5267 5286 5115 
6374 5096 5267 5286 5115 5097 5268 5287 5116 
6375 5097 5268 5287 5116 5098 5269 5288 5117 
6376 5098 5269 5288 5117 5099 5270 5289 5118 
6377 5099 5270 5289 5118 5100 5271 5290 5119 
6378 5100 5271 5290 5119 2031 2040 2041 2032 
6379 511 520 521 512 5101 5272 5291 5120 
6380 5101 5272 5291 5120 5102 5273 5292 5121 
6381 5102 5273 5292 5121 5103 5274 5293 5122 
6382 5103 5274 5293 5122 5104 5275 5294 5123 
6383 5104 5275 5294 5123 5105 5276 5295 5124 
6384 5105 5276 5295 5124 5106 5277 5296 5125 
6385 5106 5277 5296 5125 5107 5278 5297 5126 
6386 5107 5278 5297 5126 5108 5279 5298 5127 
6387 5108 5279 5298 5127 5109 5280 5299 5128 
6388 5109 5280 5299 5128 5110 5281 5300 5129 
6389 5110 5281 5300 5129 5111 5282 5301 5130 
6390 5111 5282 5301 5130 5112 5283 5302 5131 
6391 5112 5283 5302 5131 5113 5284 5303 5132 
6392 5113 5284 5303 5132 5114 5285 5304 5133 
6393 5114 5285 5304 5133 5115 5286 5305 5134 
6394 5115 5286 5305 5134 5116 5287 5306 5135 
6395 5116 5287 5306 5135 5117 5288 5307 5136 
6396 5117 5288 5307 5136 5118 5289 5308 5137 
6397 5118 5289 5308 5137 5119 5290 5309 5138 
6398 5119 5290 5309 5138 2032 2041 2042 2033 
6399 512 521 522 513 5120 5291 5310 5139 
6400 5120 5291 5310 5139 5121 5292 5311 5140 
6401 5121 5292 5311 5140 5122 5293 5312 5141 
6402 5122 5293 5312 5141 5123 5294 5313 5142 
6403 5123 5294 5313 5142 5124 5295 5314 5143 
6404 5124 5295 5314 5143 5125 5296 5315 5144 
6405 5125 5296 5315 5144 5126 5297 5316 5145 
6406 5126 5297 5316 5145 5127 5298 5317 5146 
6407 5127 5298 5317 5146 5128 5299 5318 5147 
6408 5128 5299 5318 5147 5129 5300 5319 5148 
6409 5129 5300 5319 5148 5130 5301 5320 5149 
6410 5130 5301 5320 5149 5131 5302 5321 5150 
6411 5131 5302 5321 5150 5132 5303 5322 5151 
6412 5132 5303 5322 5151 5133 5304 5323 5152 
6413 5133 5304 5323 5152 5134 5305 5324 5153 
6414 5134 5305 5324 5153 5135 5306 5325 5154 
6415 5135 5306 5325 5154 5136 5307 5326 5155 
6416 5136 5307 5326 5155 5137 5308 5327 5156 
6417 5137 5308 5327 5156 5138 5309 5328 5157 
6418 5138 5309 5328 5157 2033 2042 2043 2034 
6419 513 522 78 79 5139 5310 1932 1951 
6420 5139 5310 1932 1951 5140 5311 1933 1952 
6421 5140 5311 1933 1952 5141 5312 1934 1953 
6422 5141 5312 1934 1953 5142 5313 1935 1954 
6423 5142 5313 1935 1954 5143 5314 1936 1955 
6424 5143 5314 1936 1955 5144 5315 1937 1956 
6425 5144 5315 1937 1956 5145 5316 1938 1957 
6426 5145 5316 1938 1957 5146 5317 1939 1958 
6427 5146 5317 1939 1958 5147 5318 1940 1959 
6428 5147 5318 1940 1959 5148 5319 1941 1960 
6429 5148 5319 1941 1960 5149 5320 1942 1961 
6430 5149 5320 1942 1961 5150 5321 1943 1962 
6431 5150 5321 1943 1962 5151 5322 1944 1963 
6432 5151 5322 1944 1963 5152 5323 1945 1964 
6433 5152 5323 1945 1964 5153 5324 1946 1965 
6434 5153 5324 1946 1965 5154 5325 1947 1966 
6435 5154 5325 1947 1966 5155 5326 1948 1967 
6436 5155 5326 1948 1967 5156 5327 1949 1968 
6437 5156 5327 1949 1968 5157 5328 1950 1969 
6438 5157 5328 1950 1969 2034 2043 262 263 
6439 58 59 523 514 1552 1571 5329 5158 
6440 1552 1571 5329 5158 1553 1572 5330 5159 
6441 1553 1572 5330 5159 1554 1573 5331 5160 
6442 1554 1573 5331 5160 1555 1574 5332 5161 
6443 1555 1574 5332 5161 1556 1575 5333 5162 
6444 1556 1575 5333 5162 1557 1576 5334 5163 
6445 1557 1576 5334 5163 1558 1577 5335 5164 
6446 1558 1577 5335 5164 1559 1578 5336 5165 
6447 1559 1578 5336 5165 1560 1579 5337 5166 
6448 1560 1579 5337 5166 1561 1580 5338 5167 
6449 1561 1580 5338 5167 1562 1581 5339 5168 
6450 1562 1581 5339 5168 1563 1582 5340 5169 
6451 1563 1582 5340 5169 1564 1583 5341 5170 
6452 1564 1583 5341 5170 1565 1584 5342 5171 
6453 1565 1584 5342 5171 1566 1585 5343 5172 
6454 1566 1585 5343 5172 1567 1586 5344 5173 
6455 1567 1586 5344 5173 1568 1587 5345 5174 
6456 1568 1587 5345 5174 1569 1588 5346 5175 
6457 1569 1588 5346 5175 1570 1589 5347 5176 
6458 1570 1589 5347 5176 242 243 2044 2035 
6459 514 523 524 515 5158 5329 5348 5177 
6460 5158 5329 5348 5177 5159 5330 5349 5178 
6461 5159 5330 5349 5178 5160 5331 5350 5179 
6462 5160 5331 5350 5179 5161 5332 5351 5180 
6463 5161 5332 5351 5180 5162 5333 5352 5181 
6464 5162 5333 5352 5181 5163 5334 5353 5182 
6465 5163 5334 5353 5182 5164 5335 5354 5183 
6466 5164 5335 5354 5183 5165 5336 5355 5184 
6467 5165 5336 5355 5184 5166 5337 5356 5185 
6468 5166 5337 5356 5185 5167 5338 5357 5186 
6469 5167 5338 5357 5186 5168 5339 5358 5187 
6470 5168 5339 5358 5187 5169 5340 5359 5188 
6471 5169 5340 5359 5188 5170 5341 5360 5189 
6472 5170 5341 5360 5189 5171 5342 5361 5190 
6473 5171 5342 5361 5190 5172 5343 5362 5191 
6474 5172 5343 5362 5191 5173 5344 5363 5192 
6475 5173 5344 5363 5192 5174 5345 5364 5193 
6476 5174 5345 5364 5193 5175 5346 5365 5194 
6477 5175 5346 5365 5194 5176 5347 5366 5195 
6478 5176 5347 5366 5195 2035 2044 2045 2036 
6479 515 524 525 516 5177 5348 5367 5196 
6480 5177 5348 5367 5196 5178 5349 5368 5197 
6481 5178 5349 5368 5197 5179 5350 5369 5198 
6482 5179 5350 5369 5198 5180 5351 5370 5199 
6483 5180 5351 5370 5199 5181 5352 5371 5200 
6484 5181 5352 5371 5200 5182 5353 5372 5201 
6485 5182 5353 5372 5201 5183 5354 5373 5202 
6486 5183 5354 5373 5202 5184 5355 5374 5203 
6487 5184 5355 5374 5203 5185 5356 5375 5204 
6488 5185 5356 5375 5204 5186 5357 5376 5205 
6489 5186 5357 5376 5205 5187 5358 5377 5206 
6490 5187 5358 5377 5206 5188 5359 5378 5207 
6491 5188 5359 5378 5207 5189 5360 5379 5208 
6492 5189 5360 5379 5208 5190 5361 5380 5209 
6493 5190 5361 5380 5209 5191 5362 5381 5210 
6494 5191 5362 5381 5210 5192 5363 5382 5211 
6495 5192 5363 5382 5211 5193 5364 5383 5212 
6496 5193 5364 5383 5212 5194 5365 5384 5213 
6497 5194 5365 5384 5213 5195 5366 5385 5214 
6498 5195 5366 5385 5214 2036 2045 2046 2037 
6499 516 525 526 517 5196 5367 5386 5215 
6500 5196 5367 5386 5215 5197 5368 5387 5216 
6501 5197 5368 5387 5216 5198 5369 5388 5217 
6502 5198 5369 5388 5217 5199 5370 5389 5218 
6503 5199 5370 5389 5218 5200 5371 5390 5219 
6504 5200 5371 5390 5219 5201 5372 5391 5220 
6505 5201 5372 5391 5220 5202 5373 5392 5221 
6506 5202 5373 5392 5221 5203 5374 5393 5222 
6507 5203 5374 5393 5222 5204 5375 5394 5223 
6508 5204 5375 5394 5223 5205 5376 5395 5224 
6509 5205 5376 5395 5224 5206 5377 5396 5225 
6510 5206 5377 5396 5225 5207 5378 5397 5226 
6511 5207 5378 5397 5226 5208 5379 5398 5227 
6512 5208 5379 5398 5227 5209 5380 5399 5228 
6513 5209 5380 5399 5228 5210 5381 5400 5229 
6514 5210 5381 5400 5229 5211 5382 5401 5230 
6515 5211 5382 5401 5230 5212 5383 5402 5231 
6516 5212 5383 5402 5231 5213 5384 5403 5232 
6517 5213 5384 5403 5232 5214 5385 5404 5233 
6518 5214 5385 5404 5233 2037 2046 2047 2038 
6519 517 526 527 518 5215 5386 5405 5234 
6520 5215 5386 5405 5234 5216 5387 5406 5235 
6521 5216 5387 5406 5235 5217 5388 5407 5236 
6522 5217 5388 5407 5236 5218 5389 5408 5237 
6523 5218 5389 5408 5237 5219 5390 5409 5238 
6524 5219 5390 5409 5238 5220 5391 5410 5239 
6525 5220 5391 5410 5239 5221 5392 5411 5240 
6526 5221 5392 5411 5240 5222 5393 5412 5241 
6527 5222 5393 5412 5241 5223 5394 5413 5242 
6528 5223 5394 5413 5242 5224 5395 5414 5243 
6529 5224 5395 5414 5243 5225 5396 5415 5244 
6530 5225 5396 5415 5244 5226 5397 5416 5245 
6531 5226 5397 5416 5245 5227 5398 5417 5246 
6532 5227 5398 5417 5246 5228 5399 5418 5247 
6533 5228 5399 5418 5247 5229 5400 5419 5248 
6534 5229 5400 5419 5248 5230 5401 5420 5249 
6535 5230 5401 5420 5249 5231 5402 5421 5250 
6536 5231 5402 5421 5250 5232 5403 5422 5251 
6537 5232 5403 5422 5251 5233 5404 5423 5252 
6538 5233 5404 5423 5252 2038 2047 2048 2039 
6539 518 527 528 519 5234 5405 5424 5253 
6540 5234 5405 5424 5253 5235 5406 5425 5254 
6541 5235 5406 5425 5254 5236 5407 5426 5255 
6542 5236 5407 5426 5255 5237 5408 5427 5256 
6543 5237 5408 5427 5256 5238 5409 5428 5257 
6544 5238 5409 5428 5257 5239 5410 5429 5258 
6545 5239 5410 5429 5258 5240 5411 5430 5259 
6546 5240 5411 5430 5259 5241 5412 5431 5260 
6547 5241 5412 5431 5260 5242 5413 5432 5261 
6548 5242 5413 5432 5261 5243 5414 5433 5262 
6549 5243 5414 5433 5262 5244 5415 5434 5263 
6550 5244 5415 5434 5263 5245 5416 5435 5264 
6551 5245 5416 5435 5264 5246 5417 5436 5265 
6552 5246 5417 5436 5265 5247 5418 5437 5266 
6553 5247 5418 5437 5266 5248 5419 5438 5267 
6554 5248 5419 5438 5267 5249 5420 5439 5268 
6555 5249 5420 5439 5268 5250 5421 5440 5269 
6556 5250 5421 5440 5269 5251 5422 5441 5270 
6557 5251 5422 5441 5270 5252 5423 5442 5271 
6558 5252 5423 5442 5271 2039 2048 2049 2040 
6559 519 528 529 520 5253 5424 5443 5272 
6560 5253 5424 5443 5272 5254 5425 5444 5273 
6561 5254 5425 5444 5273 5255 5426 5445 5274 
6562 5255 5426 5445 5274 5256 5427 5446 5275 
6563 5256 5427 5446 5275 5257 5428 5447 5276 
6564 5257 5428 5447 5276 5258 5429 5448 5277 
6565 5258 5429 5448 5277 5259 5430 5449 5278 
6566 5259 5430 5449 5278 5260 5431 5450 5279 
6567 5260 5431 5450 5279 5261 5432 5451 5280 
6568 5261 5432 5451 5280 5262 5433 5452 5281 
6569 5262 5433 5452 5281 5263 5434 5453 5282 
6570 5263 5434 5453 5282 5264 5435 5454 5283 
6571 5264 5435 5454 5283 5265 5436 5455 5284 
6572 5265 5436 5455 5284 5266 5437 5456 5285 
6573 5266 5437 5456 5285 5267 5438 5457 5286 
6574 5267 5438 5457 5286 5268 5439 5458 5287 
6575 5268 5439 5458 5287 5269 5440 5459 5288 
6576 5269 5440 5459 5288 5270 5441 5460 5289 
6577 5270 5441 5460 5289 5271 5442 5461 5290 
6578 5271 5442 5461 5290 2040 2049 2050 2041 
6579 520 529 530 521 5272 5443 5462 5291 
6580 5272 5443 5462 5291 5273 5444 5463 5292 
6581 5273 5444 5463 5292 5274 5445 5464 5293 
6582 5274 5445 5464 5293 5275 5446 5465 5294 
6583 5275 5446 5465 5294 5276 5447 5466 5295 
6584 5276 5447 5466 5295 5277 5448 5467 5296 
6585 5277 5448 5467 5296 5278 5449 5468 5297 
6586 5278 5449 5468 5297 5279 5450 5469 5298 
6587 5279 5450 5469 5298 5280 5451 5470 5299 
6588 5280 5451 5470 5299 5281 5452 5471 5300 
6589 5281 5452 5471 5300 5282 5453 5472 5301 
6590 5282 5453 5472 5301 5283 5454 5473 5302 
6591 5283 5454 5473 5302 5284 5455 5474 5303 
6592 5284 5455 5474 5303 5285 5456 5475 5304 
6593 5285 5456 5475 5304 5286 5457 5476 5305 
6594 5286 5457 5476 5305 5287 5458 5477 5306 
6595 5287 5458 5477 5306 5288 5459 5478 5307 
6596 5288 5459 5478 5307 5289 5460 5479 5308 
6597 5289 5460 5479 5308 5290 5461 5480 5309 
6598 5290 5461 5480 5309 2041 2050 2051 2042 
6599 521 530 531 522 5291 5462 5481 5310 
6600 5291 5462 5481 5310 5292 5463 5482 5311 
6601 5292 5463 5482 5311 5293 5464 5483 5312 
6602 5293 5464 5483 5312 5294 5465 5484 5313 
6603 5294 5465 5484 5313 5295 5466 5485 5314 
6604 5295 5466 5485 5314 5296 5467 5486 5315 
6605 5296 5467 5486 5315 5297 5468 5487 5316 
6606 5297 5468 5487 5316 5298 5469 5488 5317 
6607 5298 5469 5488 5317 5299 5470 5489 5318 
6608 5299 5470 5489 5318 5300 5471 5490 5319 
6609 5300 5471 5490 5319 5301 5472 5491 5320 
6610 5301 5472 5491 5320 5302 5473 5492 5321 
6611 5302 5473 5492 5321 5303 5474 5493 5322 
6612 5303 5474 5493 5322 5304 5475 5494 5323 
6613 5304 5475 5494 5323 5305 5476 5495 5324 
6614 5305 5476 5495 5324 5306 5477 5496 5325 
6615 5306 5477 5496 5325 5307 5478 5497 5326 
6616 5307 5478 5497 5326 5308 5479 5498 5327 
6617 5308 5479 5498 5327 5309 5480 5499 5328 
6618 5309 5480 5499 5328 2042 2051 2052 2043 
6619 522 531 77 78 5310 5481 1913 1932 
6620 5310 5481 1913 1932 5311 5482 1914 1933 
6621 5311 5482 1914 1933 5312 5483 1915 1934 
6622 5312 5483 1915 1934 5313 5484 1916 1935 
6623 5313 5484 1916 1935 5314 5485 1917 1936 
6624 5314 5485 1917 1936 5315 5486 1918 1937 
6625 5315 5486 1918 1937 5316 5487 1919 1938 
6626 5316 5487 1919 1938 5317 5488 1920 1939 
6627 5317 5488 1920 1939 5318 5489 1921 1940 
6628 5318 5489 1921 1940 5319 5490 1922 1941 
6629 5319 5490 1922 1941 5320 5491 1923 1942 
6630 5320 5491 1923 1942 5321 5492 1924 1943 
6631 5321 5492 1924 1943 5322 5493 1925 1944 
6632 5322 5493 1925 1944 5323 5494 1926 1945 
6633 5323 5494 1926 1945 5324 5495 1927 1946 
6634 5324 5495 1927 1946 5325 5496 1928 1947 
6635 5325 5496 1928 1947 5326 5497 1929 1948 
6636 5326 5497 1929 1948 5327 5498 1930 1949 
6637 5327 5498 1930 1949 5328 5499 1931 1950 
6638 5328 5499 1931 1950 2043 2052 261 262 
6639 59 60 532 523 1571 1590 5500 5329 
6640 1571 1590 5500 5329 1572 1591 5501 5330 
6641 1572 1591 5501 5330 1573 1592 5502 5331 
6642 1573 1592 5502 5331 1574 1593 5503 5332 
6643 1574 1593 5503 5332 1575 1594 5504 5333 
6644 1575 1594 5504 5333 1576 1595 5505 5334 
6645 1576 1595 5505 5334 1577 1596 5506 5335 
6646 1577 1596 5506 5335 1578 1597 5507 5336 
6647 1578 1597 5507 5336 1579 1598 5508 5337 
6648 1579 1598 5508 5337 1580 1599 5509 5338 
6649 1580 1599 5509 5338 1581 1600 5510 5339 
6650 1581 1600 5510 5339 1582 1601 5511 5340 
6651 1582 1601 5511 5340 1583 1602 5512 5341 
6652 1583 1602 5512 5341 1584 1603 5513 5342 
6653 1584 1603 5513 5342 1585 1604 5514 5343 
6654 1585 1604 5514 5343 1586 1605 5515 5344 
6655 1586 1605 5515 5344 1587 1606 5516 5345 
6656 1587 1606 5516 5345 1588 1607 5517 5346 
6657 1588 1607 5517 5346 1589 1608 5518 5347 
6658 1589 1608 5518 5347 243 244 2053 2044 
6659 523 532 533 524 5329 5500 5519 5348 
6660 5329 5500 5519 5348 5330 5501 5520 5349 
6661 5330 5501 5520 5349 5331 5502 5521 5350 
6662 5331 5502 5521 5350 5332 5503 5522 5351 
6663 5332 5503 5522 5351 5333 5504 5523 5352 
6664 5333 5504 5523 5352 5334 5505 5524 5353 
6665 5334 5505 5524 5353 5335 5506 5525 5354 
6666 5335 5506 5525 5354 5336 5507 5526 5355 
6667 5336 5507 5526 5355 5337 5508 5527 5356 
6668 5337 5508 5527 5356 5338 5509 5528 5357 
6669 5338 5509 5528 5357 5339 5510 5529 5358 
6670 5339 5510 5529 5358 5340 5511 5530 5359 
6671 5340 5511 5530 5359 5341 5512 5531 5360 
6672 5341 5512 5531 5360 5342 5513 5532 5361 
6673 5342 5513 5532 5361 5343 5514 5533 5362 
6674 5343 5514 5533 5362 5344 5515 5534 5363 
6675 5344 5515 5534 5363 5345 5516 5535 5364 
6676 5345 5516 5535 5364 5346 5517 5536 5365 
6677 5346 5517 5536 5365 5347 5518 5537 5366 
6678 5347 5518 5537 5366 2044 2053 2054 2045 
6679 524 533 534 525 5348 5519 5538 5367 
6680 5348 5519 5538 5367 5349 5520 5539 5368 
6681 5349 5520 5539 5368 5350 5521 5540 5369 
6682 5350 5521 5540 5369 5351 5522 5541 5370 
6683 5351 5522 5541 5370 5352 5523 5542 5371 
6684 5352 5523 5542 5371 5353 5524 5543 5372 
6685 5353 5524 5543 5372 5354 5525 5544 5373 
6686 5354 5525 5544 5373 5355 5526 5545 5374 
6687 5355 5526 5545 5374 5356 5527 5546 5375 
6688 5356 5527 5546 5375 5357 5528 5547 5376 
6689 5357 5528 5547 5376 5358 5529 5548 5377 
6690 5358 5529 5548 5377 5359 5530 5549 5378 
6691 5359 5530 5549 5378 5360 5531 5550 5379 
6692 5360 5531 5550 5379 5361 5532 5551 5380 
6693 5361 5532 5551 5380 5362 5533 5552 5381 
6694 5362 5533 5552 5381 5363 5534 5553 5382 
6695 5363 5534 5553 5382 5364 5535 5554 5383 
6696 5364 5535 5554 5383 5365 5536 5555 5384 
6697 5365 5536 5555 5384 5366 5537 5556 5385 
6698 5366 5537 5556 5385 2045 2054 2055 2046 
6699 525 534 535 526 5367 5538 5557 5386 
6700 5367 5538 5557 5386 5368 5539 5558 5387 
6701 5368 5539 5558 5387 5369 5540 5559 5388 
6702 5369 5540 5559 5388 5370 5541 5560 5389 
6703 5370 5541 5560 5389 5371 5542 5561 5390 
6704 5371 5542 5561 5390 5372 5543 5562 5391 
6705 5372 5543 5562 5391 5373 5544 5563 5392 
6706 5373 5544 5563 5392 5374 5545 5564 5393 
6707 5374 5545 5564 5393 5375 5546 5565 5394 
6708 5375 5546 5565 5394 5376 5547 5566 5395 
6709 5376 5547 5566 5395 5377 5548 5567 5396 
6710 5377 5548 5567 5396 5378 5549 5568 5397 
6711 5378 5549 5568 5397 5379 5550 5569 5398 
6712 5379 5550 5569 5398 5380 5551 5570 5399 
6713 5380 5551 5570 5399 5381 5552 5571 5400 
6714 5381 5552 5571 5400 5382 5553 5572 5401 
6715 5382 5553 5572 5401 5383 5554 5573 5402 
6716 5383 5554 5573 5402 5384 5555 5574 5403 
6717 5384 5555 5574 5403 5385 5556 5575 5404 
6718 5385 5556 5575 5404 2046 2055 2056 2047 
6719 526 535 536 527 5386 5557 5576 5405 
6720 5386 5557 5576 5405 5387 5558 5577 5406 
6721 5387 5558 5577 5406 5388 5559 5578 5407 
6722 5388 5559 5578 5407 5389 5560 5579 5408 
6723 5389 5560 5579 5408 5390 5561 5580 5409 
6724 5390 5561 5580 5409 5391 5562 5581 5410 
6725 5391 5562 5581 5410 5392 5563 5582 5411 
6726 5392 5563 5582 5411 5393 5564 5583 5412 
6727 5393 5564 5583 5412 5394 5565 5584 5413 
6728 5394 5565 5584 5413 5395 5566 5585 5414 
6729 5395 5566 5585 5414 5396 5567 5586 5415 
6730 5396 5567 5586 5415 5397 5568 5587 5416 
6731 5397 5568 5587 5416 5398 5569 5588 5417 
6732 5398 5569 5588 5417 5399 5570 5589 5418 
6733 5399 5570 5589 5418 5400 5571 5590 5419 
6734 5400 5571 5590 5419 5401 5572 5591 5420 
6735 5401 5572 5591 5420 5402 5573 5592 5421 
6736 5402 5573 5592 5421 5403 5574 5593 5422 
6737 5403 5574 5593 5422 5404 5575 5594 5423 
6738 5404 5575 5594 5423 2047 2056 2057 2048 
6739 527 536 537 528 5405 5576 5595 5424 
6740 5405 5576 5595 5424 5406 5577 5596 5425 
6741 5406 5577 5596 5425 5407 5578 5597 5426 
6742 5407 5578 5597 5426 5408 5579 5598 5427 
6743 5408 5579 5598 5427 5409 5580 5599 5428 
6744 5409 5580 5599 5428 5410 5581 5600 5429 
6745 5410 5581 5600 5429 5411 5582 5601 5430 
6746 5411 5582 5601 5430 5412 5583 5602 5431 
6747 5412 5583 5602 5431 5413 5584 5603 5432 
6748 5413 5584 5603 5432 5414 5585 5604 5433 
6749 5414 5585 5604 5433 5415 5586 5605 5434 
6750 5415 5586 5605 5434 5416 5587 5606 5435 
6751 5416 5587 5606 5435 5417 5588 5607 5436 
6752 5417 5588 5607 5436 5418 5589 5608 5437 
6753 5418 5589 5608 5437 5419 5590 5609 5438 
6754 5419 5590 5609 5438 5420 5591 5610 5439 
6755 5420 5591 5610 5439 5421 5592 5611 5440 
6756 5421 5592 5611 5440 5422 5593 5612 5441 
6757 5422 5593 5612 5441 5423 5594 5613 5442 
6758 5423 5594 5613 5442 2048 2057 2058 2049 
6759 528 537 538 529 5424 5595 5614 5443 
6760 5424 5595 5614 5443 5425 5596 5615 5444 
6761 5425 5596 5615 5444 5426 5597 5616 5445 
6762 5426 5597 5616 5445 5427 5598 5617 5446 
6763 5427 5598 5617 5446 5428 5599 5618 5447 
6764 5428 5599 5618 5447 5429 5600 5619 5448 
6765 5429 5600 5619 5448 5430 5601 5620 5449 
6766 5430 5601 5620 5449 5431 5602 5621 5450 
6767 5431 5602 5621 5450 5432 5603 5622 5451 
6768 5432 5603 5622 5451 5433 5604 5623 5452 
6769 5433 5604 5623 5452 5434 5605 5624 5453 
6770 5434 5605 5624 5453 5435 5606 5625 5454 
6771 5435 5606 5625 5454 5436 5607 5626 5455 
6772 5436 5607 5626 5455 5437 5608 5627 5456 
6773 5437 5608 5627 5456 5438 5609 5628 5457 
6774 5438 5609 5628 5457 5439 5610 5629 5458 
6775 5439 5610 5629 5458 5440 5611 5630 5459 
6776 5440 5611 5630 5459 5441 5612 5631 5460 
6777 5441 5612 5631 5460 5442 5613 5632 5461 
6778 5442 5613 5632 5461 2049 2058 2059 2050 
6779 529 538 539 530 5443 5614 5633 5462 
6780 5443 5614 5633 5462 5444 5615 5634 5463 
6781 5444 5615 5634 5463 5445 5616 5635 5464 
6782 5445 5616 5635 5464 5446 5617 5636 5465 
6783 5446 5617 5636 5465 5447 5618 5637 5466 
6784 5447 5618 5637 5466 5448 5619 5638 5467 
6785 5448 5619 5638 5467 5449 5620 5639 5468 
6786 5449 5620 5639 5468 5450 5621 5640 5469 
6787 5450 5621 5640 5469 5451 5622 5641 5470 
6788 5451 5622 5641 5470 5452 5623 5642 5471 
6789 5452 5623 5642 5471 5453 5624 5643 5472 
6790 5453 5624 5643 5472 5454 5625 5644 5473 
6791 5454 5625 5644 5473 5455 5626 5645 5474 
6792 5455 5626 5645 5474 5456 5627 5646 5475 
6793 5456 5627 5646 5475 5457 5628 5647 5476 
6794 5457 5628 5647 5476 5458 5629 5648 5477 
6795 5458 5629 5648 5477 5459 5630 5649 5478 
6796 5459 5630 5649 5478 5460 5631 5650 5479 
6797 5460 5631 5650 5479 5461 5632 5651 5480 
6798 5461 5632 5651 5480 2050 2059 2060 2051 
6799 530 539 540 531 5462 5633 5652 5481 
6800 5462 5633 5652 5481 5463 5634 5653 5482 
6801 5463 5634 5653 5482 5464 5635 5654 5483 
6802 5464 5635 5654 5483 5465 5636 5655 5484 
6803 5465 5636 5655 5484 5466 5637 5656 5485 
6804 5466 5637 5656 5485 5467 5638 5657 5486 
6805 5467 5638 5657 5486 5468 5639 5658 5487 
6806 5468 5639 5658 5487 5469 5640 5659 5488 
6807 5469 5640 5659 5488 5470 5641 5660 5489 
6808 5470 5641 5660 5489 5471 5642 5661 5490 
6809 5471 5642 5661 5490 5472 5643 5662 5491 
6810 5472 5643 5662 5491 5473 5644 5663 5492 
6811 5473 5644 5663 5492 5474 5645 5664 5493 
6812 5474 5645 5664 5493 5475 5646 5665 5494 
6813 5475 5646 5665 5494 5476 5647 5666 5495 
6814 5476 5647 5666 5495 5477 5648 5667 5496 
6815 5477 5648 5667 5496 5478 5649 5668 5497 
6816 5478 5649 5668 5497 5479 5650 5669 5498 
6817 5479 5650 5669 5498 5480 5651 5670 5499 
6818 5480 5651 5670 5499 2051 2060 2061 2052 
6819 531 540 76 77 5481 5652 1894 1913 
6820 5481 5652 1894 1913 5482 5653 1895 1914 
6821 5482 5653 1895 1914 5483 5654 1896 1915 
6822 5483 5654 1896 1915 5484 5655 1897 1916 
6823 5484 5655 1897 1916 5485 5656 1898 1917 
6824 5485 5656 1898 1917 5486 5657 1899 1918 
6825 5486 5657 1899 1918 5487 5658 1900 1919 
6826 5487 5658 1900 1919 5488 5659 1901 1920 
6827 5488 5659 1901 1920 5489 5660 1902 1921 
6828 5489 5660 1902 1921 5490 5661 1903 1922 
6829 5490 5661 1903 1922 5491 5662 1904 1923 
6830 5491 5662 1904 1923 5492 5663 1905 1924 
6831 5492 5663 1905 1924 5493 5664 1906 1925 
6832 5493 5664 1906 1925 5494 5665 1907 1926 
6833 5494 5665 1907 1926 5495 5666 1908 1927 
6834 5495 5666 1908 1927 5496 5667 1909 1928 
6835 5496 5667 1909 1928 5497 5668 1910 1929 
6836 5497 5668 1910 1929 5498 5669 1911 1930 
6837 5498 5669 1911 1930 5499 5670 1912 1931 
6838 5499 5670 1912 1931 2052 2061 260 261 
6839 60 61 541 532 1590 1609 5671 5500 
6840 1590 1609 5671 5500 1591 1610 5672 5501 
6841 1591 1610 5672 5501 1592 1611 5673 5502 
6842 1592 1611 5673 5502 1593 1612 5674 5503 
6843 1593 1612 5674 5503 1594 1613 5675 5504 
6844 1594 1613 5675 5504 1595 1614 5676 5505 
6845 1595 1614 5676 5505 1596 1615 5677 5506 
6846 1596 1615 5677 5506 1597 1616 5678 5507 
6847 1597 1616 5678 5507 1598 1617 5679 5508 
6848 1598 1617 5679 5508 1599 1618 5680 5509 
6849 1599 1618 5680 5509 1600 1619 5681 5510 
6850 1600 1619 5681 5510 1601 1620 5682 5511 
6851 1601 1620 5682 5511 1602 1621 5683 5512 
6852 1602 1621 5683 5512 1603 1622 5684 5513 
6853 1603 1622 5684 5513 1604 1623 5685 5514 
6854 1604 1623 5685 5514 1605 1624 5686 5515 
6855 1605 1624 5686 5515 1606 1625 5687 5516 
6856 1606 1625 5687 5516 1607 1626 5688 5517 
6857 1607 1626 5688 5517 1608 1627 5689 5518 
6858 1608 1627 5689 5518 244 245 2062 2053 
6859 532 541 542 533 5500 5671 5690 5519 
6860 5500 5671 5690 5519 5501 5672 5691 5520 
6861 5501 5672 5691 5520 5502 5673 5692 5521 
6862 5502 5673 5692 5521 5503 5674 5693 5522 
6863 5503 5674 5693 5522 5504 5675 5694 5523 
6864 5504 5675 5694 5523 5505 5676 5695 5524 
6865 5505 5676 5695 5524 5506 5677 5696 5525 
6866 5506 5677 5696 5525 5507 5678 5697 5526 
6867 5507 5678 5697 5526 5508 5679 5698 5527 
6868 5508 5679 5698 5527 5509 5680 5699 5528 
6869 5509 5680 5699 5528 5510 5681 5700 5529 
6870 5510 5681 5700 5529 5511 5682 5701 5530 
6871 5511 5682 5701 5530 5512 5683 5702 5531 
6872 5512 5683 5702 5531 5513 5684 5703 5532 
6873 5513 5684 5703 5532 5514 5685 5704 5533 
6874 5514 5685 5704 5533 5515 5686 5705 5534 
6875 5515 5686 5705 5534 5516 5687 5706 5535 
6876 5516 5687 5706 5535 5517 5688 5707 5536 
6877 5517 5688 5707 5536 5518 5689 5708 5537 
6878 5518 5689 5708 5537 2053 2062 2063 2054 
6879 533 542 543 534 5519 5690 5709 5538 
6880 5519 5690 5709 5538 5520 5691 5710 5539 
6881 5520 5691 5710 5539 5521 5692 5711 5540 
6882 5521 5692 5711 5540 5522 5693 5712 5541 
6883 5522 5693 5712 5541 5523 5694 5713 5542 
6884 5523 5694 5713 5542 5524 5695 5714 5543 
6885 5524 5695 5714 5543 5525 5696 5715 5544 
6886 5525 5696 5715 5544 5526 5697 5716 5545 
6887 5526 5697 5716 5545 5527 5698 5717 5546 
6888 5527 5698 5717 5546 5528 5699 5718 5547 
6889 5528 5699 5718 5547 5529 5700 5719 5548 
6890 5529 5700 5719 5548 5530 5701 5720 5549 
6891 5530 5701 5720 5549 5531 5702 5721 5550 
6892 5531 5702 5721 5550 5532 5703 5722 5551 
6893 5532 5703 5722 5551 5533 5704 5723 5552 
6894 5533 5704 5723 5552 5534 5705 5724 5553 
6895 5534 5705 5724 5553 5535 5706 5725 5554 
6896 5535 5706 5725 5554 5536 5707 5726 5555 
6897 5536 5707 5726 5555 5537 5708 5727 5556 
6898 5537 5708 5727 5556 2054 2063 2064 2055 
6899 534 543 544 535 5538 5709 5728 5557 
6900 5538 5709 5728 5557 5539 5710 5729 5558 
6901 5539 5710 5729 5558 5540 5711 5730 5559 
6902 5540 5711 5730 5559 5541 5712 5731 5560 
6903 5541 5712 5731 5560 5542 5713 5732 5561 
6904 5542 5713 5732 5561 5543 5714 5733 5562 
6905 5543 5714 5733 5562 5544 5715 5734 5563 
6906 5544 5715 5734 5563 5545 5716 5735 5564 
6907 5545 5716 5735 5564 5546 5717 5736 5565 
6908 5546 5717 5736 5565 5547 5718 5737 5566 
6909 5547 5718 5737 5566 5548 5719 5738 5567 
6910 5548 5719 5738 5567 5549 5720 5739 5568 
6911 5549 5720 5739 5568 5550 5721 5740 5569 
6912 5550 5721 5740 5569 5551 5722 5741 5570 
6913 5551 5722 5741 5570 5552 5723 5742 5571 
6914 5552 5723 5742 5571 5553 5724 5743 5572 
6915 5553 5724 5743 5572 5554 5725 5744 5573 
6916 5554 5725 5744 5573 5555 5726 5745 5574 
6917 5555 5726 5745 5574 5556 5727 5746 5575 
6918 5556 5727 5746 5575 2055 2064 2065 2056 
6919 535 544 545 536 5557 5728 5747 5576 
6920 5557 5728 5747 5576 5558 5729 5748 5577 
6921 5558 5729 5748 5577 5559 5730 5749 5578 
6922 5559 5730 5749 5578 5560 5731 5750 5579 
6923 5560 5731 5750 5579 5561 5732 5751 5580 
6924 5561 5732 5751 5580 5562 5733 5752 5581 
6925 5562 5733 5752 5581 5563 5734 5753 5582 
6926 5563 5734 5753 5582 5564 5735 5754 5583 
6927 5564 5735 5754 5583 5565 5736 5755 5584 
6928 5565 5736 5755 5584 5566 5737 5756 5585 
6929 5566 5737 5756 5585 5567 5738 5757 5586 
6930 5567 5738 5757 5586 5568 5739 5758 5587 
6931 5568 5739 5758 5587 5569 5740 5759 5588 
6932 5569 5740 5759 5588 5570 5741 5760 5589 
6933 5570 5741 5760 5589 5571 5742 5761 5590 
6934 5571 5742 5761 5590 5572 5743 5762 5591 
6935 5572 5743 5762 5591 5573 5744 5763 5592 
6936 5573 5744 5763 5592 5574 5745 5764 5593 
6937 5574 5745 5764 5593 5575 5746 5765 5594 
6938 5575 5746 5765 5594 2056 2065 2066 2057 
6939 536 545 546 537 5576 5747 5766 5595 
6940 5576 5747 5766 5595 5577 5748 5767 5596 
6941 5577 5748 5767 5596 5578 5749 5768 5597 
6942 5578 5749 5768 5597 5579 5750 5769 5598 
6943 5579 5750 5769 5598 5580 5751 5770 5599 
6944 5580 5751 5770 5599 5581 5752 5771 5600 
6945 5581 5752 5771 5600 5582 5753 5772 5601 
6946 5582 5753 5772 5601 5583 5754 5773 5602 
6947 5583 5754 5773 5602 5584 5755 5774 5603 
6948 5584 5755 5774 5603 5585 5756 5775 5604 
6949 5585 5756 5775 5604 5586 5757 5776 5605 
6950 5586 5757 5776 5605 5587 5758 5777 5606 
6951 5587 5758 5777 5606 5588 5759 5778 5607 
6952 5588 5759 5778 5607 5589 5760 5779 5608 
6953 5589 5760 5779 5608 5590 5761 5780 5609 
6954 5590 5761 5780 5609 5591 5762 5781 5610 
6955 5591 5762 5781 5610 5592 5763 5782 5611 
6956 5592 5763 5782 5611 5593 5764 5783 5612 
6957 5593 5764 5783 5612 5594 5765 5784 5613 
6958 5594 5765 5784 5613 2057 2066 2067 2058 
6959 537 546 547 538 5595 5766 5785 5614 
6960 5595 5766 5785 5614 5596 5767 5786 5615 
6961 5596 5767 5786 5615 5597 5768 5787 5616 
6962 5597 5768 5787 5616 5598 5769 5788 5617 
6963 5598 5769 5788 5617 5599 5770 5789 5618 
6964 5599 5770 5789 5618 5600 5771 5790 5619 
6965 5600 5771 5790 5619 5601 5772 5791 5620 
6966 5601 5772 5791 5620 5602 5773 5792 5621 
6967 5602 5773 5792 5621 5603 5774 5793 5622 
6968 5603 5774 5793 5622 5604 5775 5794 5623 
6969 5604 5775 5794 5623 5605 5776 5795 5624 
6970 5605 5776 5795 5624 5606 5777 5796 5625 
6971 5606 5777 5796 5625 5607 5778 5797 5626 
6972 5607 5778 5797 5626 5608 5779 5798 5627 
6973 5608 5779 5798 5627 5609 5780 5799 5628 
6974 5609 5780 5799 5628 5610 5781 5800 5629 
6975 5610 5781 5800 5629 5611 5782 5801 5630 
6976 5611 5782 5801 5630 5612 5783 5802 5631 
6977 5612 5783 5802 5631 5613 5784 5803 5632 
6978 5613 5784 5803 5632 2058 2067 2068 2059 
6979 538 547 548 539 5614 5785 5804 5633 
6980 5614 5785 5804 5633 5615 5786 5805 5634 
6981 5615 5786 5805 5634 5616 5787 5806 5635 
6982 5616 5787 5806 5635 5617 5788 5807 5636 
6983 5617 5788 5807 5636 5618 5789 5808 5637 
6984 5618 5789 5808 5637 5619 5790 5809 5638 
6985 5619 5790 5809 5638 5620 5791 5810 5639 
6986 5620 5791 5810 5639 5621 5792 5811 5640 
6987 5621 5792 5811 5640 5622 5793 5812 5641 
6988 5622 5793 5812 5641 5623 5794 5813 5642 
6989 5623 5794 5813 5642 5624 5795 5814 5643 
6990 5624 5795 5814 5643 5625 5796 5815 5644 
6991 5625 5796 5815 5644 5626 5797 5816 5645 
6992 5626 5797 5816 5645 5627 5798 5817 5646 
6993 5627 5798 5817 5646 5628 5799 5818 5647 
6994 5628 5799 5818 5647 5629 5800 5819 5648 
6995 5629 5800 5819 5648 5630 5801 5820 5649 
6996 5630 5801 5820 5649 5631 5802 5821 5650 
6997 5631 5802 5821 5650 5632 5803 5822 5651 
6998 5632 5803 5822 5651 2059 2068 2069 2060 
6999 539 548 549 540 5633 5804 5823 5652 
7000 5633 5804 5823 5652 5634 5805 5824 5653 
7001 5634 5805 5824 5653 5635 5806 5825 5654 
7002 5635 5806 5825 5654 5636 5807 5826 5655 
7003 5636 5807 5826 5655 5637 5808 5827 5656 
7004 5637 5808 5827 5656 5638 5809 5828 5657 
7005 5638 5809 5828 5657 5639 5810 5829 5658 
7006 5639 5810 5829 5658 5640 5811 5830 5659 
7007 5640 5811 5830 5659 5641 5812 5831 5660 
7008 5641 5812 5831 5660 5642 5813 5832 5661 
7009 5642 5813 5832 5661 5643 5814 5833 5662 
7010 5643 5814 5833 5662 5644 5815 5834 5663 
7011 5644 5815 5834 5663 5645 5816 5835 5664 
7012 5645 5816 5835 5664 5646 5817 5836 5665 
7013 5646 5817 5836 5665 5647 5818 5837 5666 
7014 5647 5818 5837 5666 5648 5819 5838 5667 
7015 5648 5819 5838 5667 5649 5820 5839 5668 
7016 5649 5820 5839 5668 5650 5821 5840 5669 
7017 5650 5821 5840 5669 5651 5822 5841 5670 
7018 5651 5822 5841 5670 2060 2069 2070 2061 
7019 540 549 75 76 5652 5823 1875 1894 
7020 5652 5823 1875 1894 5653 5824 1876 1895 
7021 5653 5824 1876 1895 5654 5825 1877 1896 
7022 5654 5825 1877 1896 5655 5826 1878 1897 
7023 5655 5826 1878 1897 5656 5827 1879 1898 
7024 5656 5827 1879 1898 5657 5828 1880 1899 
7025 5657 5828 1880 1899 5658 5829 1881 1900 
7026 5658 5829 1881 1900 5659 5830 1882 1901 
7027 5659 5830 1882 1901 5660 5831 1883 1902 
7028 5660 5831 1883 1902 5661 5832 1884 1903 
7029 5661 5832 1884 1903 5662 5833 1885 1904 
7030 5662 5833 1885 1904 5663 5834 1886 1905 
7031 5663 5834 1886 1905 5664 5835 1887 1906 
7032 5664 5835 1887 1906 5665 5836 1888 1907 
7033 5665 5836 1888 1907 5666 5837 1889 1908 
7034 5666 5837 1889 1908 5667 5838 1890 1909 
7035 5667 5838 1890 1909 5668 5839 1891 1910 
7036 5668 5839 1891 1910 5669 5840 1892 1911 
7037 5669 5840 1892 1911 5670 5841 1893 1912 
7038 5670 5841 1893 1912 2061 2070 259 260 
7039 61 62 550 541 1609 1628 5842 5671 
7040 1609 1628 5842 5671 1610 1629 5843 5672 
7041 1610 1629 5843 5672 1611 1630 5844 5673 
7042 1611 1630 5844 5673 1612 1631 5845 5674 
7043 1612 1631 5845 5674 1613 1632 5846 5675 
7044 1613 1632 5846 5675 1614 1633 5847 5676 
7045 1614 1633 5847 5676 1615 1634 5848 5677 
7046 1615 1634 5848 5677 1616 1635 5849 5678 
7047 1616 1635 5849 5678 1617 1636 5850 5679 
7048 1617 1636 5850 5679 1618 1637 5851 5680 
7049 1618 1637 5851 5680 1619 1638 5852 5681 
7050 1619 1638 5852 5681 1620 1639 5853 5682 
7051 1620 1639 5853 5682 1621 1640 5854 5683 
7052 1621 1640 5854 5683 1622 1641 5855 5684 
7053 1622 1641 5855 5684 1623 1642 5856 5685 
7054 1623 1642 5856 5685 1624 1643 5857 5686 
7055 1624 1643 5857 5686 1625 1644 5858 5687 
7056 1625 1644 5858 5687 1626 1645 5859 5688 
7057 1626 1645 5859 5688 1627 1646 5860 5689 
7058 1627 1646 5860 5689 245 246 2071 2062 
7059 541 550 551 542 5671 5842 5861 5690 
7060 5671 5842 5861 5690 5672 5843 5862 5691 
7061 5672 5843 5862 5691 5673 5844 5863 5692 
7062 5673 5844 5863 5692 5674 5845 5864 5693 
7063 5674 5845 5864 5693 5675 5846 5865 5694 
7064 5675 5846 5865 5694 5676 5847 5866 5695 
7065 5676 5847 5866 5695 5677 5848 5867 5696 
7066 5677 5848 5867 5696 5678 5849 5868 5697 
7067 5678 5849 5868 5697 5679 5850 5869 5698 
7068 5679 5850 5869 5698 5680 5851 5870 5699 
7069 5680 5851 5870 5699 5681 5852 5871 5700 
7070 5681 5852 5871 5700 5682 5853 5872 5701 
7071 5682 5853 5872 5701 5683 5854 5873 5702 
7072 5683 5854 5873 5702 5684 5855 5874 5703 
7073 5684 5855 5874 5703 5685 5856 5875 5704 
7074 5685 5856 5875 5704 5686 5857 5876 5705 
7075 5686 5857 5876 5705 5687 5858 5877 5706 
7076 5687 5858 5877 5706 5688 5859 5878 5707 
7077 5688 5859 5878 5707 5689 5860 5879 5708 
7078 5689 5860 5879 5708 2062 2071 2072 2063 
7079 542 551 552 543 5690 5861 5880 5709 
7080 5690 5861 5880 5709 5691 5862 5881 5710 
7081 5691 5862 5881 5710 5692 5863 5882 5711 
7082 5692 5863 5882 5711 5693 5864 5883 5712 
7083 5693 5864 5883 5712 5694 5865 5884 5713 
7084 5694 5865 5884 5713 5695 5866 5885 5714 
7085 5695 5866 5885 5714 5696 5867 5886 5715 
7086 5696 5867 5886 5715 5697 5868 5887 5716 
7087 5697 5868 5887 5716 5698 5869 5888 5717 
7088 5698 5869 5888 5717 5699 5870 5889 5718 
7089 5699 5870 5889 5718 5700 5871 5890 5719 
7090 5700 5871 5890 5719 5701 5872 5891 5720 
7091 5701 5872 5891 5720 5702 5873 5892 5721 
7092 5702 5873 5892 5721 5703 5874 5893 5722 
7093 5703 5874 5893 5722 5704 5875 5894 5723 
7094 5704 5875 5894 5723 5705 5876 5895 5724 
7095 5705 5876 5895 5724 5706 5877 5896 5725 
7096 5706 5877 5896 5725 5707 5878 5897 5726 
7097 5707 5878 5897 5726 5708 5879 5898 5727 
7098 5708 5879 5898 5727 2063 2072 2073 2064 
7099 543 552 553 544 5709 5880 5899 5728 
7100 5709 5880 5899 5728 5710 5881 5900 5729 
7101 5710 5881 5900 5729 5711 5882 5901 5730 
7102 5711 5882 5901 5730 5712 5883 5902 5731 
7103 5712 5883 5902 5731 5713 5884 5903 5732 
7104 5713 5884 5903 5732 5714 5885 5904 5733 
7105 5714 5885 5904 5733 5715 5886 5905 5734 
7106 5715 5886 5905 5734 5716 5887 5906 5735 
7107 5716 5887 5906 5735 5717 5888 5907 5736 
7108 5717 5888 5907 5736 5718 5889 5908 5737 
7109 5718 5889 5908 5737 5719 5890 5909 5738 
7110 5719 5890 5909 5738 5720 5891 5910 5739 
7111 5720 5891 5910 5739 5721 5892 5911 5740 
7112 5721 5892 5911 5740 5722 5893 5912 5741 
7113 5722 5893 5912 5741 5723 5894 5913 5742 
7114 5723 5894 5913 5742 5724 5895 5914 5743 
7115 5724 5895 5914 5743 5725 5896 5915 5744 
7116 5725 5896 5915 5744 5726 5897 5916 5745 
7117 5726 5897 5916 5745 5727 5898 5917 5746 
7118 5727 5898 5917 5746 2064 2073 2074 2065 
7119 544 553 554 545 5728 5899 5918 5747 
7120 5728 5899 5918 5747 5729 5900 5919 5748 
7121 5729 5900 5919 5748 5730 5901 5920 5749 
7122 5730 5901 5920 5749 5731 5902 5921 5750 
7123 5731 5902 5921 5750 5732 5903 5922 5751 
7124 5732 5903 5922 5751 5733 5904 5923 5752 
7125 5733 5904 5923 5752 5734 5905 5924 5753 
7126 5734 5905 5924 5753 5735 5906 5925 5754 
7127 5735 5906 5925 5754 5736 5907 5926 5755 
7128 5736 5907 5926 5755 5737 5908 5927 5756 
7129 5737 5908 5927 5756 5738 5909 5928 5757 
7130 5738 5909 5928 5757 5739 5910 5929 5758 
7131 5739 5910 5929 5758 5740 5911 5930 5759 
7132 5740 5911 5930 5759 5741 5912 5931 5760 
7133 5741 5912 5931 5760 5742 5913 5932 5761 
7134 5742 5913 5932 5761 5743 5914 5933 5762 
7135 5743 5914 5933 5762 5744 5915 5934 5763 
7136 5744 5915 5934 5763 5745 5916 5935 5764 
7137 5745 5916 5935 5764 5746 5917 5936 5765 
7138 5746 5917 5936 5765 2065 2074 2075 2066 
7139 545 554 555 546 5747 5918 5937 5766 
7140 5747 5918 5937 5766 5748 5919 5938 5767 
7141 5748 5919 5938 5767 5749 5920 5939 5768 
7142 5749 5920 5939 5768 5750 5921 5940 5769 
7143 5750 5921 5940 5769 5751 5922 5941 5770 
7144 5751 5922 5941 5770 5752 5923 5942 5771 
7145 5752 5923 5942 5771 5753 5924 5943 5772 
7146 5753 5924 5943 5772 5754 5925 5944 5773 
7147 5754 5925 5944 5773 5755 5926 5945 5774 
7148 5755 5926 5945 5774 5756 5927 5946 5775 
7149 5756 5927 5946 5775 5757 5928 5947 5776 
7150 5757 5928 5947 5776 5758 5929 5948 5777 
7151 5758 5929 5948 5777 5759 5930 5949 5778 
7152 5759 5930 5949 5778 5760 5931 5950 5779 
7153 5760 5931 5950 5779 5761 5932 5951 5780 
7154 5761 5932 5951 5780 5762 5933 5952 5781 
7155 5762 5933 5952 5781 5763 5934 5953 5782 
7156 5763 5934 5953 5782 5764 5935 5954 5783 
7157 5764 5935 5954 5783 5765 5936 5955 5784 
7158 5765 5936 5955 5784 2066 2075 2076 2067 
7159 546 555 556 547 5766 5937 5956 5785 
7160 5766 5937 5956 5785 5767 5938 5957 5786 
7161 5767 5938 5957 5786 5768 5939 5958 5787 
7162 5768 5939 5958 5787 5769 5940 5959 5788 
7163 5769 5940 5959 5788 5770 5941 5960 5789 
7164 5770 5941 5960 5789 5771 5942 5961 5790 
7165 5771 5942 5961 5790 5772 5943 5962 5791 
7166 5772 5943 5962 5791 5773 5944 5963 5792 
7167 5773 5944 5963 5792 5774 5945 5964 5793 
7168 5774 5945 5964 5793 5775 5946 5965 5794 
7169 5775 5946 5965 5794 5776 5947 5966 5795 
7170 5776 5947 5966 5795 5777 5948 5967 5796 
7171 5777 5948 5967 5796 5778 5949 5968 5797 
7172 5778 5949 5968 5797 5779 5950 5969 5798 
7173 5779 5950 5969 5798 5780 5951 5970 5799 
7174 5780 5951 5970 5799 5781 5952 5971 5800 
7175 5781 5952 5971 5800 5782 5953 5972 5801 
7176 5782 5953 5972 5801 5783 5954 5973 5802 
7177 5783 5954 5973 5802 5784 5955 5974 5803 
7178 5784 5955 5974 5803 2067 2076 2077 2068 
7179 547 556 557 548 5785 5956 5975 5804 
7180 5785 5956 5975 5804 5786 5957 5976 5805 
7181 5786 5957 5976 5805 5787 5958 5977 5806 
7182 5787 5958 5977 5806 5788 5959 5978 5807 
7183 5788 5959 5978 5807 5789 5960 5979 5808 
7184 5789 5960 5979 5808 5790 5961 5980 5809 
7185 5790 5961 5980 5809 5791 5962 5981 5810 
7186 5791 5962 5981 5810 5792 5963 5982 5811 
7187 5792 5963 5982 5811 5793 5964 5983 5812 
7188 5793 5964 5983 5812 5794 5965 5984 5813 
7189 5794 5965 5984 5813 5795 5966 5985 5814 
7190 5795 5966 5985 5814 5796 5967 5986 5815 
7191 5796 5967 5986 5815 5797 5968 5987 5816 
7192 5797 5968 5987 5816 5798 5969 5988 5817 
7193 5798 5969 5988 5817 5799 5970 5989 5818 
7194 5799 5970 5989 5818 5800 5971 5990 5819 
7195 5800 5971 5990 5819 5801 5972 5991 5820 
7196 5801 5972 5991 5820 5802 5973 5992 5821 
7197 5802 5973 5992 5821 5803 5974 5993 5822 
7198 5803 5974 5993 5822 2068 2077 2078 2069 
7199 548 557 558 549 5804 5975 5994 5823 
7200 5804 5975 5994 5823 5805 5976 5995 5824 
7201 5805 5976 5995 5824 5806 5977 5996 5825 
7202 5806 5977 5996 5825 5807 5978 5997 5826 
7203 5807 5978 5997 5826 5808 5979 5998 5827 
7204 5808 5979 5998 5827 5809 5980 5999 5828 
7205 5809 5980 5999 5828 5810 5981 6000 5829 
7206 5810 5981 6000 5829 5811 5982 6001 5830 
7207 5811 5982 6001 5830 5812 5983 6002 5831 
7208 5812 5983 6002 5831 5813 5984 6003 5832 
7209 5813 5984 6003 5832 5814 5985 6004 5833 
7210 5814 5985 6004 5833 5815 5986 6005 5834 
7211 5815 5986 6005 5834 5816 5987 6006 5835 
7212 5816 5987 6006 5835 5817 5988 6007 5836 
7213 5817 5988 6007 5836 5818 5989 6008 5837 
7214 5818 5989 6008 5837 5819 5990 6009 5838 
7215 5819 5990 6009 5838 5820 5991 6010 5839 
7216 5820 5991 6010 5839 5821 5992 6011 5840 
7217 5821 5992 6011 5840 5822 5993 6012 5841 
7218 5822 5993 6012 5841 2069 2078 2079 2070 
7219 549 558 74 75 5823 5994 1856 1875 
7220 5823 5994 1856 1875 5824 5995 1857 1876 
7221 5824 5995 1857 1876 5825 5996 1858 1877 
7222 5825 5996 1858 1877 5826 5997 1859 1878 
7223 5826 5997 1859 1878 5827 5998 1860 1879 
7224 5827 5998 1860 1879 5828 5999 1861 1880 
7225 5828 5999 1861 1880 5829 6000 1862 1881 
7226 5829 6000 1862 1881 5830 6001 1863 1882 
7227 5830 6001 1863 1882 5831 6002 1864 1883 
7228 5831 6002 1864 1883 5832 6003 1865 1884 
7229 5832 6003 1865 1884 5833 6004 1866 1885 
7230 5833 6004 1866 1885 5834 6005 1867 1886 
7231 5834 6005 1867 1886 5835 6006 1868 1887 
7232 5835 6006 1868 1887 5836 6007 1869 1888 
7233 5836 6007 1869 1888 5837 6008 1870 1889 
7234 5837 6008 1870 1889 5838 6009 1871 1890 
7235 5838 6009 1871 1890 5839 6010 1872 1891 
7236 5839 6010 1872 1891 5840 6011 1873 1892 
7237 5840 6011 1873 1892 5841 6012 1874 1893 
7238 5841 6012 1874 1893 2070 2079 258 259 
7239 62 63 559 550 1628 1647 6013 5842 
7240 1628 1647 6013 5842 1629 1648 6014 5843 
7241 1629 1648 6014 5843 1630 1649 6015 5844 
7242 1630 1649 6015 5844 1631 1650 6016 5845 
7243 1631 1650 6016 5845 1632 1651 6017 5846 
7244 1632 1651 6017 5846 1633 1652 6018 5847 
7245 1633 1652 6018 5847 1634 1653 6019 5848 
7246 1634 1653 6019 5848 1635 1654 6020 5849 
7247 1635 1654 6020 5849 1636 1655 6021 5850 
7248 1636 1655 6021 5850 1637 1656 6022 5851 
7249 1637 1656 6022 5851 1638 1657 6023 5852 
7250 1638 1657 6023 5852 1639 1658 6024 5853 
7251 1639 1658 6024 5853 1640 1659 6025 5854 
7252 1640 1659 6025 5854 1641 1660 6026 5855 
7253 1641 1660 6026 5855 1642 1661 6027 5856 
7254 1642 1661 6027 5856 1643 1662 6028 5857 
7255 1643 1662 6028 5857 1644 1663 6029 5858 
7256 1644 1663 6029 5858 1645 1664 6030 5859 
7257 1645 1664 6030 5859 1646 1665 6031 5860 
7258 1646 1665 6031 5860 246 247 2080 2071 
7259 550 559 560 551 5842 6013 6032 5861 
7260 5842 6013 6032 5861 5843 6014 6033 5862 
7261 5843 6014 6033 5862 5844 6015 6034 5863 
7262 5844 6015 6034 5863 5845 6016 6035 5864 
7263 5845 6016 6035 5864 5846 6017 6036 5865 
7264 5846 6017 6036 5865 5847 6018 6037 5866 
7265 5847 6018 6037 5866 5848 6019 6038 5867 
7266 5848 6019 6038 5867 5849 6020 6039 5868 
7267 5849 6020 6039 5868 5850 6021 6040 5869 
7268 5850 6021 6040 5869 5851 6022 6041 5870 
7269 5851 6022 6041 5870 5852 6023 6042 5871 
7270 5852 6023 6042 5871 5853 6024 6043 5872 
7271 5853 6024 6043 5872 5854 6025 6044 5873 
7272 5854 6025 6044 5873 5855 6026 6045 5874 
7273 5855 6026 6045 5874 5856 6027 6046 5875 
7274 5856 6027 6046 5875 5857 6028 6047 5876 
7275 5857 6028 6047 5876 5858 6029 6048 5877 
7276 5858 6029 6048 5877 5859 6030 6049 5878 
7277 5859 6030 6049 5878 5860 6031 6050 5879 
7278 5860 6031 6050 5879 2071 2080 2081 2072 
7279 551 560 561 552 5861 6032 6051 5880 
7280 5861 6032 6051 5880 5862 6033 6052 5881 
7281 5862 6033 6052 5881 5863 6034 6053 5882 
7282 5863 6034 6053 5882 5864 6035 6054 5883 
7283 5864 6035 6054 5883 5865 6036 6055 5884 
7284 5865 6036 6055 5884 5866 6037 6056 5885 
7285 5866 6037 6056 5885 5867 6038 6057 5886 
7286 5867 6038 6057 5886 5868 6039 6058 5887 
7287 5868 6039 6058 5887 5869 6040 6059 5888 
7288 5869 6040 6059 5888 5870 6041 6060 5889 
7289 5870 6041 6060 5889 5871 6042 6061 5890 
7290 5871 6042 6061 5890 5872 6043 6062 5891 
7291 5872 6043 6062 5891 5873 6044 6063 5892 
7292 5873 6044 6063 5892 5874 6045 6064 5893 
7293 5874 6045 6064 5893 5875 6046 6065 5894 
7294 5875 6046 6065 5894 5876 6047 6066 5895 
7295 5876 6047 6066 5895 5877 6048 6067 5896 
7296 5877 6048 6067 5896 5878 6049 6068 5897 
7297 5878 6049 6068 5897 5879 6050 6069 5898 
7298 5879 6050 6069 5898 2072 2081 2082 2073 
7299 552 561 562 553 5880 6051 6070 5899 
7300 5880 6051 6070 5899 5881 6052 6071 5900 
7301 5881 6052 6071 5900 5882 6053 6072 5901 
7302 5882 6053 6072 5901 5883 6054 6073 5902 
7303 5883 6054 6073 5902 5884 6055 6074 5903 
7304 5884 6055 6074 5903 5885 6056 6075 5904 
7305 5885 6056 6075 5904 5886 6057 6076 5905 
7306 5886 6057 6076 5905 5887 6058 6077 5906 
7307 5887 6058 6077 5906 5888 6059 6078 5907 
7308 5888 6059 6078 5907 5889 6060 6079 5908 
7309 5889 6060 6079 5908 5890 6061 6080 5909 
7310 5890 6061 6080 5909 5891 6062 6081 5910 
7311 5891 6062 6081 5910 5892 6063 6082 5911 
7312 5892 6063 6082 5911 5893 6064 6083 5912 
7313 5893 6064 6083 5912 5894 6065 6084 5913 
7314 5894 6065 6084 5913 5895 6066 6085 5914 
7315 5895 6066 6085 5914 5896 6067 6086 5915 
7316 5896 6067 6086 5915 5897 6068 6087 5916 
7317 5897 6068 6087 5916 5898 6069 6088 5917 
7318 5898 6069 6088 5917 2073 2082 2083 2074 
7319 553 562 563 554 5899 6070 6089 5918 
7320 5899 6070 6089 5918 5900 6071 6090 5919 
7321 5900 6071 6090 5919 5901 6072 6091 5920 
7322 5901 6072 6091 5920 5902 6073 6092 5921 
7323 5902 6073 6092 5921 5903 6074 6093 5922 
7324 5903 6074 6093 5922 5904 6075 6094 5923 
7325 5904 6075 6094 5923 5905 6076 6095 5924 
7326 5905 6076 6095 5924 5906 6077 6096 5925 
7327 5906 6077 6096 5925 5907 6078 6097 5926 
7328 5907 6078 6097 5926 5908 6079 6098 5927 
7329 5908 6079 6098 5927 5909 6080 6099 5928 
7330 5909 6080 6099 5928 5910 6081 6100 5929 
7331 5910 6081 6100 5929 5911 6082 6101 5930 
7332 5911 6082 6101 5930 5912 6083 6102 5931 
7333 5912 6083 6102 5931 5913 6084 6103 5932 
7334 5913 6084 6103 5932 5914 6085 6104 5933 
7335 5914 6085 6104 5933 5915 6086 6105 5934 
7336 5915 6086 6105 5934 5916 6087 6106 5935 
7337 5916 6087 6106 5935 5917 6088 6107 5936 
7338 5917 6088 6107 5936 2074 2083 2084 2075 
7339 554 563 564 555 5918 6089 6108 5937 
7340 5918 6089 6108 5937 5919 6090 6109 5938 
7341 5919 6090 6109 5938 5920 6091 6110 5939 
7342 5920 6091 6110 5939 5921 6092 6111 5940 
7343 5921 6092 6111 5940 5922 6093 6112 5941 
7344 5922 6093 6112 5941 5923 6094 6113 5942 
7345 5923 6094 6113 5942 5924 6095 6114 5943 
7346 5924 6095 6114 5943 5925 6096 6115 5944 
7347 5925 6096 6115 5944 5926 6097 6116 5945 
7348 5926 6097 6116 5945 5927 6098 6117 5946 
7349 5927 6098 6117 5946 5928 6099 6118 5947 
7350 5928 6099 6118 5947 5929 6100 6119 5948 
7351 5929 6100 6119 5948 5930 6101 6120 5949 
7352 5930 6101 6120 5949 5931 6102 6121 5950 
7353 5931 6102 6121 5950 5932 6103 6122 5951 
7354 5932 6103 6122 5951 5933 6104 6123 5952 
7355 5933 6104 6123 5952 5934 6105 6124 5953 
7356 5934 6105 6124 5953 5935 6106 6125 5954 
7357 5935 6106 6125 5954 5936 6107 6126 5955 
7358 5936 6107 6126 5955 2075 2084 2085 2076 
7359 555 564 565 556 5937 6108 6127 5956 
7360 5937 6108 6127 5956 5938 6109 6128 5957 
7361 5938 6109 6128 5957 5939 6110 6129 5958 
7362 5939 6110 6129 5958 5940 6111 6130 5959 
7363 5940 6111 6130 5959 5941 6112 6131 5960 
7364 5941 6112 6131 5960 5942 6113 6132 5961 
7365 5942 6113 6132 5961 5943 6114 6133 5962 
7366 5943 6114 6133 5962 5944 6115 6134 5963 
7367 5944 6115 6134 5963 5945 6116 6135 5964 
7368 5945 6116 6135 5964 5946 6117 6136 5965 
7369 5946 6117 6136 5965 5947 6118 6137 5966 
7370 5947 6118 6137 5966 5948 6119 6138 5967 
7371 5948 6119 6138 5967 5949 6120 6139 5968 
7372 5949 6120 6139 5968 5950 6121 6140 5969 
7373 5950 6121 6140 5969 5951 6122 6141 5970 
7374 5951 6122 6141 5970 5952 6123 6142 5971 
7375 5952 6123 6142 5971 5953 6124 6143 5972 
7376 5953 6124 6143 5972 5954 6125 6144 5973 
7377 5954 6125 6144 5973 5955 6126 6145 5974 
7378 5955 6126 6145 5974 2076 2085 2086 2077 
7379 556 565 566 557 5956 6127 6146 5975 
7380 5956 6127 6146 5975 5957 6128 6147 5976 
7381 5957 6128 6147 5976 5958 6129 6148 5977 
7382 5958 6129 6148 5977 5959 6130 6149 5978 
7383 5959 6130 6149 5978 5960 6131 6150 5979 
7384 5960 6131 6150 5979 5961 6132 6151 5980 
7385 5961 6132 6151 5980 5962 6133 6152 5981 
7386 5962 6133 6152 5981 5963 6134 6153 5982 
7387 5963 6134 6153 5982 5964 6135 6154 5983 
7388 5964 6135 6154 5983 5965 6136 6155 5984 
7389 5965 6136 6155 5984 5966 6137 6156 5985 
7390 5966 6137 6156 5985 5967 6138 6157 5986 
7391 5967 6138 6157 5986 5968 6139 6158 5987 
7392 5968 6139 6158 5987 5969 6140 6159 5988 
7393 5969 6140 6159 5988 5970 6141 6160 5989 
7394 5970 6141 6160 5989 5971 6142 6161 5990 
7395 5971 6142 6161 5990 5972 6143 6162 5991 
7396 5972 6143 6162 5991 5973 6144 6163 5992 
7397 5973 6144 6163 5992 5974 6145 6164 5993 
7398 5974 6145 6164 5993 2077 2086 2087 2078 
7399 557 566 567 558 5975 6146 6165 5994 
7400 5975 6146 6165 5994 5976 6147 6166 5995 
7401 5976 6147 6166 5995 5977 6148 6167 5996 
7402 5977 6148 6167 5996 5978 6149 6168 5997 
7403 5978 6149 6168 5997 5979 6150 6169 5998 
7404 5979 6150 6169 5998 5980 6151 6170 5999 
7405 5980 6151 6170 5999 5981 6152 6171 6000 
7406 5981 6152 6171 6000 5982 6153 6172 6001 
7407 5982 6153 6172 6001 5983 6154 6173 6002 
7408 5983 6154 6173 6002 5984 6155 6174 6003 
7409 5984 6155 6174 6003 5985 6156 6175 6004 
7410 5985 6156 6175 6004 5986 6157 6176 6005 
7411 5986 6157 6176 6005 5987 6158 6177 6006 
7412 5987 6158 6177 6006 5988 6159 6178 6007 
7413 5988 6159 6178 6007 5989 6160 6179 6008 
7414 5989 6160 6179 6008 5990 6161 6180 6009 
7415 5990 6161 6180 6009 5991 6162 6181 6010 
7416 5991 6162 6181 6010 5992 6163 6182 6011 
7417 5992 6163 6182 6011 5993 6164 6183 6012 
7418 5993 6164 6183 6012 2078 2087 2088 2079 
7419 558 567 73 74 5994 6165 1837 1856 
7420 5994 6165 1837 1856 5995 6166 1838 1857 
7421 5995 6166 1838 1857 5996 6167 1839 1858 
7422 5996 6167 1839 1858 5997 6168 1840 1859 
7423 5997 6168 1840 1859 5998 6169 1841 1860 
7424 5998 6169 1841 1860 5999 6170 1842 1861 
7425 5999 6170 1842 1861 6000 6171 1843 1862 
7426 6000 6171 1843 1862 6001 6172 1844 1863 
7427 6001 6172 1844 1863 6002 6173 1845 1864 
7428 6002 6173 1845 1864 6003 6174 1846 1865 
7429 6003 6174 1846 1865 6004 6175 1847 1866 
7430 6004 6175 1847 1866 6005 6176 1848 1867 
7431 6005 6176 1848 1867 6006 6177 1849 1868 
7432 6006 6177 1849 1868 6007 6178 1850 1869 
7433 6007 6178 1850 1869 6008 6179 1851 1870 
7434 6008 6179 1851 1870 6009 6180 1852 1871 
7435 6009 6180 1852 1871 6010 6181 1853 1872 
7436 6010 6181 1853 1872 6011 6182 1854 1873 
7437 6011 6182 1854 1873 6012 6183 1855 1874 
7438 6012 6183 1855 1874 2079 2088 257 258 
7439 63 5 64 559 1647 266 1666 6013 
7440 1647 266 1666 6013 1648 267 1667 6014 
7441 1648 267 1667 6014 1649 268 1668 6015 
7442 1649 268 1668 6015 1650 269 1669 6016 
7443 1650 269 1669 6016 1651 270 1670 6017 
7444 1651 270 1670 6017 1652 271 1671 6018 
7445 1652 271 1671 6018 1653 272 1672 6019 
7446 1653 272 1672 6019 1654 273 1673 6020 
7447 1654 273 1673 6020 1655 274 1674 6021 
7448 1655 274 1674 6021 1656 275 1675 6022 
7449 1656 275 1675 6022 1657 276 1676 6023 
7450 1657 276 1676 6023 1658 277 1677 6024 
7451 1658 277 1677 6024 1659 278 1678 6025 
7452 1659 278 1678 6025 1660 279 1679 6026 
7453 1660 279 1679 6026 1661 280 1680 6027 
7454 1661 280 1680 6027 1662 281 1681 6028 
7455 1662 281 1681 6028 1663 282 1682 6029 
7456 1663 282 1682 6029 1664 283 1683 6030 
7457 1664 283 1683 6030 1665 284 1684 6031 
7458 1665 284 1684 6031 247 14 248 2080 
7459 559 64 65 560 6013 1666 1685 6032 
7460 6013 1666 1685 6032 6014 1667 1686 6033 
7461 6014 1667 1686 6033 6015 1668 1687 6034 
7462 6015 1668 1687 6034 6016 1669 1688 6035 
7463 6016 1669 1688 6035 6017 1670 1689 6036 
7464 6017 1670 1689 6036 6018 1671 1690 6037 
7465 6018 1671 1690 6037 6019 1672 1691 6038 
7466 6019 1672 1691 6038 6020 1673 1692 6039 
7467 6020 1673 1692 6039 6021 1674 1693 6040 
7468 6021 1674 1693 6040 6022 1675 1694 6041 
7469 6022 1675 1694 6041 6023 1676 1695 6042 
7470 6023 1676 1695 6042 6024 1677 1696 6043 
7471 6024 1677 1696 6043 6025 1678 1697 6044 
7472 6025 1678 1697 6044 6026 1679 1698 6045 
7473 6026 1679 1698 6045 6027 1680 1699 6046 
7474 6027 1680 1699 6046 6028 1681 1700 6047 
7475 6028 1681 1700 6047 6029 1682 1701 6048 
7476 6029 1682 1701 6048 6030 1683 1702 6049 
7477 6030 1683 1702 6049 6031 1684 1703 6050 
7478 6031 1684 1703 6050 2080 248 249 2081 
7479 560 65 66 561 6032 1685 1704 6051 
7480 6032 1685 1704 6051 6033 1686 1705 6052 
7481 6033 1686 1705 6052 6034 1687 1706 6053 
7482 6034 1687 1706 6053 6035 1688 1707 6054 
7483 6035 1688 1707 6054 6036 1689 1708 6055 
7484 6036 1689 1708 6055 6037 1690 1709 6056 
7485 6037 1690 1709 6056 6038 1691 1710 6057 
7486 6038 1691 1710 6057 6039 1692 1711 6058 
7487 6039 1692 1711 6058 6040 1693 1712 6059 
7488 6040 1693 1712 6059 6041 1694 1713 6060 
7489 6041 1694 1713 6060 6042 1695 1714 6061 
7490 6042 1695 1714 6061 6043 1696 1715 6062 
7491 6043 1696 1715 6062 6044 1697 1716 6063 
7492 6044 1697 1716 6063 6045 1698 1717 6064 
7493 6045 1698 1717 6064 6046 1699 1718 6065 
7494 6046 1699 1718 6065 6047 1700 1719 6066 
7495 6047 1700 1719 6066 6048 1701 1720 6067 
7496 6048 1701 1720 6067 6049 1702 1721 6068 
7497 6049 1702 1721 6068 6050 1703 1722 6069 
7498 6050 1703 1722 6069 2081 249 250 2082 
7499 561 66 67 562 6051 1704 1723 6070 
7500 6051 1704 1723 6070 6052 1705 1724 6071 
7501 6052 1705 1724 6071 6053 1706 1725 6072 
7502 6053 1706 1725 6072 6054 1707 1726 6073 
7503 6054 1707 1726 6073 6055 1708 1727 6074 
7504 6055 1708 1727 6074 6056 1709 1728 6075 
7505 6056 1709 1728 6075 6057 1710 1729 6076 
7506 6057 1710 1729 6076 6058 1711 1730 6077 
7507 6058 1711 1730 6077 6059 1712 1731 6078 
7508 6059 1712 1731 6078 6060 1713 1732 6079 
7509 6060 1713 1732 6079 6061 1714 1733 6080 
7510 6061 1714 1733 6080 6062 1715 1734 6081 
7511 6062 1715 1734 6081 6063 1716 1735 6082 
7512 6063 1716 1735 6082 6064 1717 1736 6083 
7513 6064 1717 1736 6083 6065 1718 1737 6084 
7514 6065 1718 1737 6084 6066 1719 1738 6085 
7515 6066 1719 1738 6085 6067 1720 1739 6086 
7516 6067 1720 1739 6086 6068 1721 1740 6087 
7517 6068 1721 1740 6087 6069 1722 1741 6088 
7518 6069 1722 1741 6088 2082 250 251 2083 
7519 562 67 68 563 6070 1723 1742 6089 
7520 6070 1723 1742 6089 6071 1724 1743 6090 
7521 6071 1724 1743 6090 6072 1725 1744 6091 
7522 6072 1725 1744 6091 6073 1726 1745 6092 
7523 6073 1726 1745 6092 6074 1727 1746 6093 
7524 6074 1727 1746 6093 6075 1728 1747 6094 
7525 6075 1728 1747 6094 6076 1729 1748 6095 
7526 6076 1729 1748 6095 6077 1730 1749 6096 
7527 6077 1730 1749 6096 6078 1731 1750 6097 
7528 6078 1731 1750 6097 6079 1732 1751 6098 
7529 6079 1732 1751 6098 6080 1733 1752 6099 
7530 6080 1733 1752 6099 6081 1734 1753 6100 
7531 6081 1734 1753 6100 6082 1735 1754 6101 
7532 6082 1735 1754 6101 6083 1736 1755 6102 
7533 6083 1736 1755 6102 6084 1737 1756 6103 
7534 6084 1737 1756 6103 6085 1738 1757 6104 
7535 6085 1738 1757 6104 6086 1739 1758 6105 
7536 6086 1739 1758 6105 6087 1740 1759 6106 
7537 6087 1740 1759 6106 6088 1741 1760 6107 
7538 6088 1741 1760 6107 2083 251 252 2084 
7539 563 68 69 564 6089 1742 1761 6108 
7540 6089 1742 1761 6108 6090 1743 1762 6109 
7541 6090 1743 1762 6109 6091 1744 1763 6110 
7542 6091 1744 1763 6110 6092 1745 1764 6111 
7543 6092 1745 1764 6111 6093 1746 1765 6112 
7544 6093 1746 1765 6112 6094 1747 1766 6113 
7545 6094 1747 1766 6113 6095 1748 1767 6114 
7546 6095 1748 1767 6114 6096 1749 1768 6115 
7547 6096 1749 1768 6115 6097 1750 1769 6116 
7548 6097 1750 1769 6116 6098 1751 1770 6117 
7549 6098 1751 1770 6117 6099 1752 1771 6118 
7550 6099 1752 1771 6118 6100 1753 1772 6119 
7551 6100 1753 1772 6119 6101 1754 1773 6120 
7552 6101 1754 1773 6120 6102 1755 1774 6121 
7553 6102 1755 1774 6121 6103 1756 1775 6122 
7554 6103 1756 1775 6122 6104 1757 1776 6123 
7555 6104 1757 1776 6123 6105 1758 1777 6124 
7556 6105 1758 1777 6124 6106 1759 1778 6125 
7557 6106 1759 1778 6125 6107 1760 1779 6126 
7558 6107 1760 1779 6126 2084 252 253 2085 
7559 564 69 70 565 6108 1761 1780 6127 
7560 6108 1761 1780 6127 6109 1762 1781 6128 
7561 6109 1762 1781 6128 6110 1763 1782 6129 
7562 6110 1763 1782 6129 6111 1764 1783 6130 
7563 6111 1764 1783 6130 6112 1765 1784 6131 
7564 6112 1765 1784 6131 6113 1766 1785 6132 
7565 6113 1766 1785 6132 6114 1767 1786 6133 
7566 6114 1767 1786 6133 6115 1768 1787 6134 
7567 6115 1768 1787 6134 6116 1769 1788 6135 
7568 6116 1769 1788 6135 6117 1770 1789 6136 
7569 6117 1770 1789 6136 6118 1771 1790 6137 
7570 6118 1771 1790 6137 6119 1772 1791 6138 
7571 6119 1772 1791 6138 6120 1773 1792 6139 
7572 6120 1773 1792 6139 6121 1774 1793 6140 
7573 6121 1774 1793 6140 6122 1775 1794 6141 
7574 6122 1775 1794 6141 6123 1776 1795 6142 
7575 6123 1776 1795 6142 6124 1777 1796 6143 
7576 6124 1777 1796 6143 6125 1778 1797 6144 
7577 6125 1778 1797 6144 6126 1779 1798 6145 
7578 6126 1779 1798 6145 2085 253 254 2086 
7579 565 70 71 566 6127 1780 1799 6146 
7580 6127 1780 1799 6146 6128 1781 1800 6147 
7581 6128 1781 1800 6147 6129 1782 1801 6148 
7582 6129 1782 1801 6148 6130 1783 1802 6149 
7583 6130 1783 1802 6149 6131 1784 1803 6150 
7584 6131 1784 1803 6150 6132 1785 1804 6151 
7585 6132 1785 1804 6151 6133 1786 1805 6152 
7586 6133 1786 1805 6152 6134 1787 1806 6153 
7587 6134 1787 1806 6153 6135 1788 1807 6154 
7588 6135 1788 1807 6154 6136 1789 1808 6155 
7589 6136 1789 1808 6155 6137 1790 1809 6156 
7590 6137 1790 1809 6156 6138 1791 1810 6157 
7591 6138 1791 1810 6157 6139 1792 1811 6158 
7592 6139 1792 1811 6158 6140 1793 1812 6159 
7593 6140 1793 1812 6159 6141 1794 1813 6160 
7594 6141 1794 1813 6160 6142 1795 1814 6161 
7595 6142 1795 1814 6161 6143 1796 1815 6162 
7596 6143 1796 1815 6162 6144 1797 1816 6163 
7597 6144 1797 1816 6163 6145 1798 1817 6164 
7598 6145 1798 1817 6164 2086 254 255 2087 
7599 566 71 72 567 6146 1799 1818 6165 
7600 6146 1799 1818 6165 6147 1800 1819 6166 
7601 6147 1800 1819 6166 6148 1801 1820 6167 
7602 6148 1801 1820 6167 6149 1802 1821 6168 
7603 6149 1802 1821 6168 6150 1803 1822 6169 
7604 6150 1803 1822 6169 6151 1804 1823 6170 
7605 6151 1804 1823 6170 6152 1805 1824 6171 
7606 6152 1805 1824 6171 6153 1806 1825 6172 
7607 6153 1806 1825 6172 6154 1807 1826 6173 
7608 6154 1807 1826 6173 6155 1808 1827 6174 
7609 6155 1808 1827 6174 6156 1809 1828 6175 
7610 6156 1809 1828 6175 6157 1810 1829 6176 
7611 6157 1810 1829 6176 6158 1811 1830 6177 
7612 6158 1811 1830 6177 6159 1812 1831 6178 
7613 6159 1812 1831 6178 6160 1813 1832 6179 
7614 6160 1813 1832 6179 6161 1814 1833 6180 
7615 6161 1814 1833 6180 6162 1815 1834 6181 
7616 6162 1815 1834 6181 6163 1816 1835 6182 
7617 6163 1816 1835 6182 6164 1817 1836 6183 
7618 6164 1817 1836 6183 2087 255 256 2088 
7619 567 72 6 73 6165 1818 285 1837 
7620 6165 1818 285 1837 6166 1819 286 1838 
7621 6166 1819 286 1838 6167 1820 287 1839 
7622 6167 1820 287 1839 6168 1821 288 1840 
7623 6168 1821 288 1840 6169 1822 289 1841 
7624 6169 1822 289 1841 6170 1823 290 1842 
7625 6170 1823 290 1842 6171 1824 291 1843 
7626 6171 1824 291 1843 6172 1825 292 1844 
7627 6172 1825 292 1844 6173 1826 293 1845 
7628 6173 1826 293 1845 6174 1827 294 1846 
7629 6174 1827 294 1846 6175 1828 295 1847 
7630 6175 1828 295 1847 6176 1829 296 1848 
7631 6176 1829 296 1848 6177 1830 297 1849 
7632 6177 1830 297 1849 6178 1831 298 1850 
7633 6178 1831 298 1850 6179 1832 299 1851 
7634 6179 1832 299 1851 6180 1833 300 1852 
7635 6180 1833 300 1852 6181 1834 301 1853 
7636 6181 1834 301 1853 6182 1835 302 1854 
7637 6182 1835 302 1854 6183 1836 303 1855 
7638 6183 1836 303 1855 2088 256 15 257 
3 3 5 2000
7639 568 73 6 82 6184 1837 285 2089 
7640 6184 1837 285 2089 6185 1838 286 2090 
7641 6185 1838 286 2090 6186 1839 287 2091 
7642 6186 1839 287 2091 6187 1840 288 2092 
7643 6187 1840 288 2092 6188 1841 289 2093 
7644 6188 1841 289 2093 6189 1842 290 2094 
7645 6189 1842 290 2094 6190 1843 291 2095 
7646 6190 1843 291 2095 6191 1844 292 2096 
7647 6191 1844 292 2096 6192 1845 293 2097 
7648 6192 1845 293 2097 6193 1846 294 2098 
7649 6193 1846 294 2098 6194 1847 295 2099 
7650 6194 1847 295 2099 6195 1848 296 2100 
7651 6195 1848 296 2100 6196 1849 297 2101 
7652 6196 1849 297 2101 6197 1850 298 2102 
7653 6197 1850 298 2102 6198 1851 299 2103 
7654 6198 1851 299 2103 6199 1852 300 2104 
7655 6199 1852 300 2104 6200 1853 301 2105 
7656 6200 1853 301 2105 6201 1854 302 2106 
7657 6201 1854 302 2106 6202 1855 303 2107 
7658 6202 1855 303 2107 2602 257 15 304 
7659 569 568 82 83 6203 6184 2089 2108 
7660 6203 6184 2089 2108 6204 6185 2090 2109 
7661 6204 6185 2090 2109 6205 6186 2091 2110 
7662 6205 6186 2091 2110 6206 6187 2092 2111 
7663 6206 6187 2092 2111 6207 6188 2093 2112 
7664 6207 6188 2093 2112 6208 6189 2094 2113 
7665 6208 6189 2094 2113 6209 6190 2095 2114 
7666 6209 6190 2095 2114 6210 6191 2096 2115 
7667 6210 6191 2096 2115 6211 6192 2097 2116 
7668 6211 6192 2097 2116 6212 6193 2098 2117 
7669 6212 6193 2098 2117 6213 6194 2099 2118 
7670 6213 6194 2099 2118 6214 6195 2100 2119 
7671 6214 6195 2100 2119 6215 6196 2101 2120 
7672 6215 6196 2101 2120 6216 6197 2102 2121 
7673 6216 6197 2102 2121 6217 6198 2103 2122 
7674 6217 6198 2103 2122 6218 6199 2104 2123 
7675 6218 6199 2104 2123 6219 6200 2105 2124 
7676 6219 6200 2105 2124 6220 6201 2106 2125 
7677 6220 6201 2106 2125 6221 6202 2107 2126 
7678 6221 6202 2107 2126 2603 2602 304 305 
7679 570 569 83 84 6222 6203 2108 2127 
7680 6222 6203 2108 2127 6223 6204 2109 2128 
7681 6223 6204 2109 2128 6224 6205 2110 2129 
7682 6224 6205 2110 2129 6225 6206 2111 2130 
7683 6225 6206 2111 2130 6226 6207 2112 2131 
7684 6226 6207 2112 2131 6227 6208 2113 2132 
7685 6227 6208 2113 2132 6228 6209 2114 2133 
7686 6228 6209 2114 2133 6229 6210 2115 2134 
7687 6229 6210 2115 2134 6230 6211 2116 2135 
7688 6230 6211 2116 2135 6231 6212 2117 2136 
7689 6231 6212 2117 2136 6232 6213 2118 2137 
7690 6232 6213 2118 2137 6233 6214 2119 2138 
7691 6233 6214 2119 2138 6234 6215 2120 2139 
7692 6234 6215 2120 2139 6235 6216 2121 2140 
7693 6235 6216 2121 2140 6236 6217 2122 2141 
7694 6236 6217 2122 2141 6237 6218 2123 2142 
7695 6237 6218 2123 2142 6238 6219 2124 2143 
7696 6238 6219 2124 2143 6239 6220 2125 2144 
7697 6239 6220 2125 2144 6240 6221 2126 2145 
7698 6240 6221 2126 2145 2604 2603 305 306 
7699 571 570 84 85 6241 6222 2127 2146 
7700 6241 6222 2127 2146 6242 6223 2128 2147 
7701 6242 6223 2128 2147 6243 6224 2129 2148 
7702 6243 6224 2129 2148 6244 6225 2130 2149 
7703 6244 6225 2130 2149 6245 6226 2131 2150 
7704 6245 6226 2131 2150 6246 6227 2132 2151 
7705 6246 6227 2132 2151 6247 6228 2133 2152 
7706 6247 6228 2133 2152 6248 6229 2134 2153 
7707 6248 6229 2134 2153 6249 6230 2135 2154 
7708 6249 6230 2135 2154 6250 6231 2136 2155 
7709 6250 6231 2136 2155 6251 6232 2137 2156 
7710 6251 6232 2137 2156 6252 6233 2138 2157 
7711 6252 6233 2138 2157 6253 6234 2139 2158 
7712 6253 6234 2139 2158 6254 6235 2140 2159 
7713 6254 6235 2140 2159 6255 6236 2141 2160 
7714 6255 6236 2141 2160 6256 6237 2142 2161 
7715 6256 6237 2142 2161 6257 6238 2143 2162 
7716 6257 6238 2143 2162 6258 6239 2144 2163 
7717 6258 6239 2144 2163 6259 6240 2145 2164 
7718 6259 6240 2145 2164 2605 2604 306 307 
7719 572 571 85 86 6260 6241 2146 2165 
7720 6260 6241 2146 2165 6261 6242 2147 2166 
7721 6261 6242 2147 2166 6262 6243 2148 2167 
7722 6262 6243 2148 2167 6263 6244 2149 2168 
7723 6263 6244 2149 2168 6264 6245 2150 2169 
7724 6264 6245 2150 2169 6265 6246 2151 2170 
7725 6265 6246 2151 2170 6266 6247 2152 2171 
7726 6266 6247 2152 2171 6267 6248 2153 2172 
7727 6267 6248 2153 2172 6268 6249 2154 2173 
7728 6268 6249 2154 2173 6269 6250 2155 2174 
7729 6269 6250 2155 2174 6270 6251 2156 2175 
7730 6270 6251 2156 2175 6271 6252 2157 2176 
7731 6271 6252 2157 2176 6272 6253 2158 2177 
7732 6272 6253 2158 2177 6273 6254 2159 2178 
7733 6273 6254 2159 2178 6274 6255 2160 2179 
7734 6274 6255 2160 2179 6275 6256 2161 2180 
7735 6275 6256 2161 2180 6276 6257 2162 2181 
7736 6276 6257 2162 2181 6277 6258 2163 2182 
7737 6277 6258 2163 2182 6278 6259 2164 2183 
7738 6278 6259 2164 2183 2606 2605 307 308 
7739 573 572 86 87 6279 6260 2165 2184 
7740 6279 6260 2165 2184 6280 6261 2166 2185 
7741 6280 6261 2166 2185 6281 6262 2167 2186 
7742 6281 6262 2167 2186 6282 6263 2168 2187 
7743 6282 6263 2168 2187 6283 6264 2169 2188 
7744 6283 6264 2169 2188 6284 6265 2170 2189 
7745 6284 6265 2170 2189 6285 6266 2171 2190 
7746 6285 6266 2171 2190 6286 6267 2172 2191 
7747 6286 6267 2172 2191 6287 6268 2173 2192 
7748 6287 6268 2173 2192 6288 6269 2174 2193 
7749 6288 6269 2174 2193 6289 6270 2175 2194 
7750 6289 6270 2175 2194 6290 6271 2176 2195 
7751 6290 6271 2176 2195 6291 6272 2177 2196 
7752 6291 6272 2177 2196 6292 6273 2178 2197 
7753 6292 6273 2178 2197 6293 6274 2179 2198 
7754 6293 6274 2179 2198 6294 6275 2180 2199 
7755 6294 6275 2180 2199 6295 6276 2181 2200 
7756 6295 6276 2181 2200 6296 6277 2182 2201 
7757 6296 6277 2182 2201 6297 6278 2183 2202 
7758 6297 6278 2183 2202 2607 2606 308 309 
7759 574 573 87 88 6298 6279 2184 2203 
7760 6298 6279 2184 2203 6299 6280 2185 2204 
7761 6299 6280 2185 2204 6300 6281 2186 2205 
7762 6300 6281 2186 2205 6301 6282 2187 2206 
7763 6301 6282 2187 2206 6302 6283 2188 2207 
7764 6302 6283 2188 2207 6303 6284 2189 2208 
7765 6303 6284 2189 2208 6304 6285 2190 2209 
7766 6304 6285 2190 2209 6305 6286 2191 2210 
7767 6305 6286 2191 2210 6306 6287 2192 2211 
7768 6306 6287 2192 2211 6307 6288 2193 2212 
7769 6307 6288 2193 2212 6308 6289 2194 2213 
7770 6308 6289 2194 2213 6309 6290 2195 2214 
7771 6309 6290 2195 2214 6310 6291 2196 2215 
7772 6310 6291 2196 2215 6311 6292 2197 2216 
7773 6311 6292 2197 2216 6312 6293 2198 2217 
7774 6312 6293 2198 2217 6313 6294 2199 2218 
7775 6313 6294 2199 2218 6314 6295 2200 2219 
7776 6314 6295 2200 2219 6315 6296 2201 2220 
7777 6315 6296 2201 2220 6316 6297 2202 2221 
7778 6316 6297 2202 2221 2608 2607 309 310 
7779 575 574 88 89 6317 6298 2203 2222 
7780 6317 6298 2203 2222 6318 6299 2204 2223 
7781 6318 6299 2204 2223 6319 6300 2205 2224 
7782 6319 6300 2205 2224 6320 6301 2206 2225 
7783 6320 6301 2206 2225 6321 6302 2207 2226 
7784 6321 6302 2207 2226 6322 6303 2208 2227 
7785 6322 6303 2208 2227 6323 6304 2209 2228 
7786 6323 6304 2209 2228 6324 6305 2210 2229 
7787 6324 6305 2210 2229 6325 6306 2211 2230 
7788 6325 6306 2211 2230 6326 6307 2212 2231 
7789 6326 6307 2212 2231 6327 6308 2213 2232 
7790 6327 6308 2213 2232 6328 6309 2214 2233 
7791 6328 6309 2214 2233 6329 6310 2215 2234 
7792 6329 6310 2215 2234 6330 6311 2216 2235 
7793 6330 6311 2216 2235 6331 6312 2217 2236 
7794 6331 6312 2217 2236 6332 6313 2218 2237 
7795 6332 6313 2218 2237 6333 6314 2219 2238 
7796 6333 6314 2219 2238 6334 6315 2220 2239 
7797 6334 6315 2220 2239 6335 6316 2221 2240 
7798 6335 6316 2221 2240 2609 2608 310 311 
7799 576 575 89 90 6336 6317 2222 2241 
7800 6336 6317 2222 2241 6337 6318 2223 2242 
7801 6337 6318 2223 2242 6338 6319 2224 2243 
7802 6338 6319 2224 2243 6339 6320 2225 2244 
7803 6339 6320 2225 2244 6340 6321 2226 2245 
7804 6340 6321 2226 2245 6341 6322 2227 2246 
7805 6341 6322 2227 2246 6342 6323 2228 2247 
7806 6342 6323 2228 2247 6343 6324 2229 2248 
7807 6343 6324 2229 2248 6344 6325 2230 2249 
7808 6344 6325 2230 2249 6345 6326 2231 2250 
7809 6345 6326 2231 2250 6346 6327 2232 2251 
7810 6346 6327 2232 2251 6347 6328 2233 2252 
7811 6347 6328 2233 2252 6348 6329 2234 2253 
7812 6348 6329 2234 2253 6349 6330 2235 2254 
7813 6349 6330 2235 2254 6350 6331 2236 2255 
7814 6350 6331 2236 2255 6351 6332 2237 2256 
7815 6351 6332 2237 2256 6352 6333 2238 2257 
7816 6352 6333 2238 2257 6353 6334 2239 2258 
7817 6353 6334 2239 2258 6354 6335 2240 2259 
7818 6354 6335 2240 2259 2610 2609 311 312 
7819 91 576 90 7 2260 6336 2241 331 
7820 2260 6336 2241 331 2261 6337 2242 332 
7821 2261 6337 2242 332 2262 6338 2243 333 
7822 2262 6338 2243 333 2263 6339 2244 334 
7823 2263 6339 2244 334 2264 6340 2245 335 
7824 2264 6340 2245 335 2265 6341 2246 336 
7825 2265 6341 2246 336 2266 6342 2247 337 
7826 2266 6342 2247 337 2267 6343 2248 338 
7827 2267 6343 2248 338 2268 6344 2249 339 
7828 2268 6344 2249 339 2269 6345 2250 340 
7829 2269 6345 2250 340 2270 6346 2251 341 
7830 2270 6346 2251 341 2271 6347 2252 342 
7831 2271 6347 2252 342 2272 6348 2253 343 
7832 2272 6348 2253 343 2273 6349 2254 344 
7833 2273 6349 2254 344 2274 6350 2255 345 
7834 2274 6350 2255 345 2275 6351 2256 346 
7835 2275 6351 2256 346 2276 6352 2257 347 
7836 2276 6352 2257 347 2277 6353 2258 348 
7837 2277 6353 2258 348 2278 6354 2259 349 
7838 2278 6354 2259 349 313 2610 312 16 
7839 577 74 73 568 6355 1856 1837 6184 
7840 6355 1856 1837 6184 6356 1857 1838 6185 
7841 6356 1857 1838 6185 6357 1858 1839 6186 
7842 6357 1858 1839 6186 6358 1859 1840 6187 
7843 6358 1859 1840 6187 6359 1860 1841 6188 
7844 6359 1860 1841 6188 6360 1861 1842 6189 
7845 6360 1861 1842 6189 6361 1862 1843 6190 
7846 6361 1862 1843 6190 6362 1863 1844 6191 
7847 6362 1863 1844 6191 6363 1864 1845 6192 
7848 6363 1864 1845 6192 6364 1865 1846 6193 
7849 6364 1865 1846 6193 6365 1866 1847 6194 
7850 6365 1866 1847 6194 6366 1867 1848 6195 
7851 6366 1867 1848 6195 6367 1868 1849 6196 
7852 6367 1868 1849 6196 6368 1869 1850 6197 
7853 6368 1869 1850 6197 6369 1870 1851 6198 
7854 6369 1870 1851 6198 6370 1871 1852 6199 
7855 6370 1871 1852 6199 6371 1872 1853 6200 
7856 6371 1872 1853 6200 6372 1873 1854 6201 
7857 6372 1873 1854 6201 6373 1874 1855 6202 
7858 6373 1874 1855 6202 2611 258 257 2602 
7859 578 577 568 569 6374 6355 6184 6203 
7860 6374 6355 6184 6203 6375 6356 6185 6204 
7861 6375 6356 6185 6204 6376 6357 6186 6205 
7862 6376 6357 6186 6205 6377 6358 6187 6206 
7863 6377 6358 6187 6206 6378 6359 6188 6207 
7864 6378 6359 6188 6207 6379 6360 6189 6208 
7865 6379 6360 6189 6208 6380 6361 6190 6209 
7866 6380 6361 6190 6209 6381 6362 6191 6210 
7867 6381 6362 6191 6210 6382 6363 6192 6211 
7868 6382 6363 6192 6211 6383 6364 6193 6212 
7869 6383 6364 6193 6212 6384 6365 6194 6213 
7870 6384 6365 6194 6213 6385 6366 6195 6214 
7871 6385 6366 6195 6214 6386 6367 6196 6215 
7872 6386 6367 6196 6215 6387 6368 6197 6216 
7873 6387 6368 6197 6216 6388 6369 6198 6217 
7874 6388 6369 6198 6217 6389 6370 6199 6218 
7875 6389 6370 6199 6218 6390 6371 6200 6219 
7876 6390 6371 6200 6219 6391 6372 6201 6220 
7877 6391 6372 6201 6220 6392 6373 6202 6221 
7878 6392 6373 6202 6221 2612 2611 2602 2603 
7879 579 578 569 570 6393 6374 6203 6222 
7880 6393 6374 6203 6222 6394 6375 6204 6223 
7881 6394 6375 6204 6223 6395 6376 6205 6224 
7882 6395 6376 6205 6224 6396 6377 6206 6225 
7883 6396 6377 6206 6225 6397 6378 6207 6226 
7884 6397 6378 6207 6226 6398 6379 6208 6227 
7885 6398 6379 6208 6227 6399 6380 6209 6228 
7886 6399 6380 6209 6228 6400 6381 6210 6229 
7887 6400 6381 6210 6229 6401 6382 6211 6230 
7888 6401 6382 6211 6230 6402 6383 6212 6231 
7889 6402 6383 6212 6231 6403 6384 6213 6232 
7890 6403 6384 6213 6232 6404 6385 6214 6233 
7891 6404 6385 6214 6233 6405 6386 6215 6234 
7892 6405 6386 6215 6234 6406 6387 6216 6235 
7893 6406 6387 6216 6235 6407 6388 6217 6236 
7894 6407 6388 6217 6236 6408 6389 6218 6237 
7895 6408 6389 6218 6237 6409 6390 6219 6238 
7896 6409 6390 6219 6238 6410 6391 6220 6239 
7897 6410 6391 6220 6239 6411 6392 6221 6240 
7898 6411 6392 6221 6240 2613 2612 2603 2604 
7899 580 579 570 571 6412 6393 6222 6241 
7900 6412 6393 6222 6241 6413 6394 6223 6242 
7901 6413 6394 6223 6242 6414 6395 6224 6243 
7902 6414 6395 6224 6243 6415 6396 6225 6244 
7903 6415 6396 6225 6244 6416 6397 6226 6245 
7904 6416 6397 6226 6245 6417 6398 6227 6246 
7905 6417 6398 6227 6246 6418 6399 6228 6247 
7906 6418 6399 6228 6247 6419 6400 6229 6248 
7907 6419 6400 6229 6248 6420 6401 6230 6249 
7908 6420 6401 6230 6249 6421 6402 6231 6250 
7909 6421 6402 6231 6250 6422 6403 6232 6251 
7910 6422 6403 6232 6251 6423 6404 6233 6252 
7911 6423 6404 6233 6252 6424 6405 6234 6253 
7912 6424 6405 6234 6253 6425 6406 6235 6254 
7913 6425 6406 6235 6254 6426 6407 6236 6255 
7914 6426 6407 6236 6255 6427 6408 6237 6256 
7915 6427 6408 6237 6256 6428 6409 6238 6257 
7916 6428 6409 6238 6257 6429 6410 6239 6258 
7917 6429 6410 6239 6258 6430 6411 6240 6259 
7918 6430 6411 6240 6259 2614 2613 2604 2605 
7919 581 580 571 572 6431 6412 6241 6260 
7920 6431 6412 6241 6260 6432 6413 6242 6261 
7921 6432 6413 6242 6261 6433 6414 6243 6262 
7922 6433 6414 6243 6262 6434 6415 6244 6263 
7923 6434 6415 6244 6263 6435 6416 6245 6264 
7924 6435 6416 6245 6264 6436 6417 6246 6265 
7925 6436 6417 6246 6265 6437 6418 6247 6266 
7926 6437 6418 6247 6266 6438 6419 6248 6267 
7927 6438 6419 6248 6267 6439 6420 6249 6268 
7928 6439 6420 6249 6268 6440 6421 6250 6269 
7929 6440 6421 6250 6269 6441 6422 6251 6270 
7930 6441 6422 6251 6270 6442 6423 6252 6271 
7931 6442 6423 6252 6271 6443 6424 6253 6272 
7932 6443 6424 6253 6272 6444 6425 6254 6273 
7933 6444 6425 6254 6273 6445 6426 6255 6274 
7934 6445 6426 6255 6274 6446 6427 6256 6275 
7935 6446 6427 6256 6275 6447 6428 6257 6276 
7936 6447 6428 6257 6276 6448 6429 6258 6277 
7937 6448 6429 6258 6277 6449 6430 6259 6278 
7938 6449 6430 6259 6278 2615 2614 2605 2606 
7939 582 581 572 573 6450 6431 6260 6279 
7940 6450 6431 6260 6279 6451 6432 6261 6280 
7941 6451 6432 6261 6280 6452 6433 6262 6281 
7942 6452 6433 6262 6281 6453 6434 6263 6282 
7943 6453 6434 6263 6282 6454 6435 6264 6283 
7944 6454 6435 6264 6283 6455 6436 6265 6284 
7945 6455 6436 6265 6284 6456 6437 6266 6285 
7946 6456 6437 6266 6285 6457 6438 6267 6286 
7947 6457 6438 6267 6286 6458 6439 6268 6287 
7948 6458 6439 6268 6287 6459 6440 6269 6288 
7949 6459 6440 6269 6288 6460 6441 6270 6289 
7950 6460 6441 6270 6289 6461 6442 6271 6290 
7951 6461 6442 6271 6290 6462 6443 6272 6291 
7952 6462 6443 6272 6291 6463 6444 6273 6292 
7953 6463 6444 6273 6292 6464 6445 6274 6293 
7954 6464 6445 6274 6293 6465 6446 6275 6294 
7955 6465 6446 6275 6294 6466 6447 6276 6295 
7956 6466 6447 6276 6295 6467 6448 6277 6296 
7957 6467 6448 6277 6296 6468 6449 6278 6297 
7958 6468 6449 6278 6297 2616 2615 2606 2607 
7959 583 582 573 574 6469 6450 6279 6298 
7960 6469 6450 6279 6298 6470 6451 6280 6299 
7961 6470 6451 6280 6299 6471 6452 6281 6300 
7962 6471 6452 6281 6300 6472 6453 6282 6301 
7963 6472 6453 6282 6301 6473 6454 6283 6302 
7964 6473 6454 6283 6302 6474 6455 6284 6303 
7965 6474 6455 6284 6303 6475 6456 6285 6304 
7966 6475 6456 6285 6304 6476 6457 6286 6305 
7967 6476 6457 6286 6305 6477 6458 6287 6306 
7968 6477 6458 6287 6306 6478 6459 6288 6307 
7969 6478 6459 6288 6307 6479 6460 6289 6308 
7970 6479 6460 6289 6308 6480 6461 6290 6309 
7971 6480 6461 6290 6309 6481 6462 6291 6310 
7972 6481 6462 6291 6310 6482 6463 6292 6311 
7973 6482 6463 6292 6311 6483 6464 6293 6312 
7974 6483 6464 6293 6312 6484 6465 6294 6313 
7975 6484 6465 6294 6313 6485 6466 6295 6314 
7976 6485 6466 6295 6314 6486 6467 6296 6315 
7977 6486 6467 6296 6315 6487 6468 6297 6316 
7978 6487 6468 6297 6316 2617 2616 2607 2608 
7979 584 583 574 575 6488 6469 6298 6317 
7980 6488 6469 6298 6317 6489 6470 6299 6318 
7981 6489 6470 6299 6318 6490 6471 6300 6319 
7982 6490 6471 6300 6319 6491 6472 6301 6320 
7983 6491 6472 6301 6320 6492 6473 6302 6321 
7984 6492 6473 6302 6321 6493 6474 6303 6322 
7985 6493 6474 6303 6322 6494 6475 6304 6323 
7986 6494 6475 6304 6323 6495 6476 6305 6324 
7987 6495 6476 6305 6324 6496 6477 6306 6325 
7988 6496 6477 6306 6325 6497 6478 6307 6326 
7989 6497 6478 6307 6326 6498 6479 6308 6327 
7990 6498 6479 6308 6327 6499 6480 6309 6328 
7991 6499 6480 6309 6328 6500 6481 6310 6329 
7992 6500 6481 6310 6329 6501 6482 6311 6330 
7993 6501 6482 6311 6330 6502 6483 6312 6331 
7994 6502 6483 6312 6331 6503 6484 6313 6332 
7995 6503 6484 6313 6332 6504 6485 6314 6333 
7996 6504 6485 6314 6333 6505 6486 6315 6334 
7997 6505 6486 6315 6334 6506 6487 6316 6335 
7998 6506 6487 6316 6335 2618 2617 2608 2609 
7999 585 584 575 576 6507 6488 6317 6336 
8000 6507 6488 6317 6336 6508 6489 6318 6337 
8001 6508 6489 6318 6337 6509 6490 6319 6338 
8002 6509 6490 6319 6338 6510 6491 6320 6339 
8003 6510 6491 6320 6339 6511 6492 6321 6340 
8004 6511 6492 6321 6340 6512 6493 6322 6341 
8005 6512 6493 6322 6341 6513 6494 6323 6342 
8006 6513 6494 6323 6342 6514 6495 6324 6343 
8007 6514 6495 6324 6343 6515 6496 6325 6344 
8008 6515 6496 6325 6344 6516 6497 6326 6345 
8009 6516 6497 6326 6345 6517 6498 6327 6346 
8010 6517 6498 6327 6346 6518 6499 6328 6347 
8011 6518 6499 6328 6347 6519 6500 6329 6348 
8012 6519 6500 6329 6348 6520 6501 6330 6349 
8013 6520 6501 6330 6349 6521 6502 6331 6350 
8014 6521 6502 6331 6350 6522 6503 6332 6351 
8015 6522 6503 6332 6351 6523 6504 6333 6352 
8016 6523 6504 6333 6352 6524 6505 6334 6353 
8017 6524 6505 6334 6353 6525 6506 6335 6354 
8018 6525 6506 6335 6354 2619 2618 2609 2610 
8019 92 585 576 91 2279 6507 6336 2260 
8020 2279 6507 6336 2260 2280 6508 6337 2261 
8021 2280 6508 6337 2261 2281 6509 6338 2262 
8022 2281 6509 6338 2262 2282 6510 6339 2263 
8023 2282 6510 6339 2263 2283 6511 6340 2264 
8024 2283 6511 6340 2264 2284 6512 6341 2265 
8025 2284 6512 6341 2265 2285 6513 6342 2266 
8026 2285 6513 6342 2266 2286 6514 6343 2267 
8027 2286 6514 6343 2267 2287 6515 6344 2268 
8028 2287 6515 6344 2268 2288 6516 6345 2269 
8029 2288 6516 6345 2269 2289 6517 6346 2270 
8030 2289 6517 6346 2270 2290 6518 6347 2271 
8031 2290 6518 6347 2271 2291 6519 6348 2272 
8032 2291 6519 6348 2272 2292 6520 6349 2273 
8033 2292 6520 6349 2273 2293 6521 6350 2274 
8034 2293 6521 6350 2274 2294 6522 6351 2275 
8035 2294 6522 6351 2275 2295 6523 6352 2276 
8036 2295 6523 6352 2276 2296 6524 6353 2277 
8037 2296 6524 6353 2277 2297 6525 6354 2278 
8038 2297 6525 6354 2278 314 2619 2610 313 
8039 586 75 74 577 6526 1875 1856 6355 
8040 6526 1875 1856 6355 6527 1876 1857 6356 
8041 6527 1876 1857 6356 6528 1877 1858 6357 
8042 6528 1877 1858 6357 6529 1878 1859 6358 
8043 6529 1878 1859 6358 6530 1879 1860 6359 
8044 6530 1879 1860 6359 6531 1880 1861 6360 
8045 6531 1880 1861 6360 6532 1881 1862 6361 
8046 6532 1881 1862 6361 6533 1882 1863 6362 
8047 6533 1882 1863 6362 6534 1883 1864 6363 
8048 6534 1883 1864 6363 6535 1884 1865 6364 
8049 6535 1884 1865 6364 6536 1885 1866 6365 
8050 6536 1885 1866 6365 6537 1886 1867 6366 
8051 6537 1886 1867 6366 6538 1887 1868 6367 
8052 6538 1887 1868 6367 6539 1888 1869 6368 
8053 6539 1888 1869 6368 6540 1889 1870 6369 
8054 6540 1889 1870 6369 6541 1890 1871 6370 
8055 6541 1890 1871 6370 6542 1891 1872 6371 
8056 6542 1891 1872 6371 6543 1892 1873 6372 
8057 6543 1892 1873 6372 6544 1893 1874 6373 
8058 6544 1893 1874 6373 2620 259 258 2611 
8059 587 586 577 578 6545 6526 6355 6374 
8060 6545 6526 6355 6374 6546 6527 6356 6375 
8061 6546 6527 6356 6375 6547 6528 6357 6376 
8062 6547 6528 6357 6376 6548 6529 6358 6377 
8063 6548 6529 6358 6377 6549 6530 6359 6378 
8064 6549 6530 6359 6378 6550 6531 6360 6379 
8065 6550 6531 6360 6379 6551 6532 6361 6380 
8066 6551 6532 6361 6380 6552 6533 6362 6381 
8067 6552 6533 6362 6381 6553 6534 6363 6382 
8068 6553 6534 6363 6382 6554 6535 6364 6383 
8069 6554 6535 6364 6383 6555 6536 6365 6384 
8070 6555 6536 6365 6384 6556 6537 6366 6385 
8071 6556 6537 6366 6385 6557 6538 6367 6386 
8072 6557 6538 6367 6386 6558 6539 6368 6387 
8073 6558 6539 6368 6387 6559 6540 6369 6388 
8074 6559 6540 6369 6388 6560 6541 6370 6389 
8075 6560 6541 6370 6389 6561 6542 6371 6390 
8076 6561 6542 6371 6390 6562 6543 6372 6391 
8077 6562 6543 6372 6391 6563 6544 6373 6392 
8078 6563 6544 6373 6392 2621 2620 2611 2612 
8079 588 587 578 579 6564 6545 6374 6393 
8080 6564 6545 6374 6393 6565 6546 6375 6394 
8081 6565 6546 6375 6394 6566 6547 6376 6395 
8082 6566 6547 6376 6395 6567 6548 6377 6396 
8083 6567 6548 6377 6396 6568 6549 6378 6397 
8084 6568 6549 6378 6397 6569 6550 6379 6398 
8085 6569 6550 6379 6398 6570 6551 6380 6399 
8086 6570 6551 6380 6399 6571 6552 6381 6400 
8087 6571 6552 6381 6400 6572 6553 6382 6401 
8088 6572 6553 6382 6401 6573 6554 6383 6402 
8089 6573 6554 6383 6402 6574 6555 6384 6403 
8090 6574 6555 6384 6403 6575 6556 6385 6404 
8091 6575 6556 6385 6404 6576 6557 6386 6405 
8092 6576 6557 6386 6405 6577 6558 6387 6406 
8093 6577 6558 6387 6406 6578 6559 6388 6407 
8094 6578 6559 6388 6407 6579 6560 6389 6408 
8095 6579 6560 6389 6408 6580 6561 6390 6409 
8096 6580 6561 6390 6409 6581 6562 6391 6410 
8097 6581 6562 6391 6410 6582 6563 6392 6411 
8098 6582 6563 6392 6411 2622 2621 2612 2613 
8099 589 588 579 580 6583 6564 6393 6412 
8100 6583 6564 6393 6412 6584 6565 6394 6413 
8101 6584 6565 6394 6413 6585 6566 6395 6414 
8102 6585 6566 6395 6414 6586 6567 6396 6415 
8103 6586 6567 6396 6415 6587 6568 6397 6416 
8104 6587 6568 6397 6416 6588 6569 6398 6417 
8105 6588 6569 6398 6417 6589 6570 6399 6418 
8106 6589 6570 6399 6418 6590 6571 6400 6419 
8107 6590 6571 6400 6419 6591 6572 6401 6420 
8108 6591 6572 6401 6420 6592 6573 6402 6421 
8109 6592 6573 6402 6421 6593 6574 6403 6422 
8110 6593 6574 6403 6422 6594 6575 6404 6423 
8111 6594 6575 6404 6423 6595 6576 6405 6424 
8112 6595 6576 6405 6424 6596 6577 6406 6425 
8113 6596 6577 6406 6425 6597 6578 6407 6426 
8114 6597 6578 6407 6426 6598 6579 6408 6427 
8115 6598 6579 6408 6427 6599 6580 6409 6428 
8116 6599 6580 6409 6428 6600 6581 6410 6429 
8117 6600 6581 6410 6429 6601 6582 6411 6430 
8118 6601 6582 6411 6430 2623 2622 2613 2614 
8119 590 589 580 581 6602 6583 6412 6431 
8120 6602 6583 6412 6431 6603 6584 6413 6432 
8121 6603 6584 6413 6432 6604 6585 6414 6433 
8122 6604 6585 6414 6433 6605 6586 6415 6434 
8123 6605 6586 6415 6434 6606 6587 6416 6435 
8124 6606 6587 6416 6435 6607 6588 6417 6436 
8125 6607 6588 6417 6436 6608 6589 6418 6437 
8126 6608 6589 6418 6437 6609 6590 6419 6438 
8127 6609 6590 6419 6438 6610 6591 6420 6439 
8128 6610 6591 6420 6439 6611 6592 6421 6440 
8129 6611 6592 6421 6440 6612 6593 6422 6441 
8130 6612 6593 6422 6441 6613 6594 6423 6442 
8131 6613 6594 6423 6442 6614 6595 6424 6443 
8132 6614 6595 6424 6443 6615 6596 6425 6444 
8133 6615 6596 6425 6444 6616 6597 6426 6445 
8134 6616 6597 6426 6445 6617 6598 6427 6446 
8135 6617 6598 6427 6446 6618 6599 6428 6447 
8136 6618 6599 6428 6447 6619 6600 6429 6448 
8137 6619 6600 6429 6448 6620 6601 6430 6449 
8138 6620 6601 6430 6449 2624 2623 2614 2615 
8139 591 590 581 582 6621 6602 6431 6450 
8140 6621 6602 6431 6450 6622 6603 6432 6451 
8141 6622 6603 6432 6451 6623 6604 6433 6452 
8142 6623 6604 6433 6452 6624 6605 6434 6453 
8143 6624 6605 6434 6453 6625 6606 6435 6454 
8144 6625 6606 6435 6454 6626 6607 6436 6455 
8145 6626 6607 6436 6455 6627 6608 6437 6456 
8146 6627 6608 6437 6456 6628 6609 6438 6457 
8147 6628 6609 6438 6457 6629 6610 6439 6458 
8148 6629 6610 6439 6458 6630 6611 6440 6459 
8149 6630 6611 6440 6459 6631 6612 6441 6460 
8150 6631 6612 6441 6460 6632 6613 6442 6461 
8151 6632 6613 6442 6461 6633 6614 6443 6462 
8152 6633 6614 6443 6462 6634 6615 6444 6463 
8153 6634 6615 6444 6463 6635 6616 6445 6464 
8154 6635 6616 6445 6464 6636 6617 6446 6465 
8155 6636 6617 6446 6465 6637 6618 6447 6466 
8156 6637 6618 6447 6466 6638 6619 6448 6467 
8157 6638 6619 6448 6467 6639 6620 6449 6468 
8158 6639 6620 6449 6468 2625 2624 2615 2616 
8159 592 591 582 583 6640 6621 6450 6469 
8160 6640 6621 6450 6469 6641 6622 6451 6470 
8161 6641 6622 6451 6470 6642 6623 6452 6471 
8162 6642 6623 6452 6471 6643 6624 6453 6472 
8163 6643 6624 6453 6472 6644 6625 6454 6473 
8164 6644 6625 6454 6473 6645 6626 6455 6474 
8165 6645 6626 6455 6474 6646 6627 6456 6475 
8166 6646 6627 6456 6475 6647 6628 6457 6476 
8167 6647 6628 6457 6476 6648 6629 6458 6477 
8168 6648 6629 6458 6477 6649 6630 6459 6478 
8169 6649 6630 6459 6478 6650 6631 6460 6479 
8170 6650 6631 6460 6479 6651 6632 6461 6480 
8171 6651 6632 6461 6480 6652 6633 6462 6481 
8172 6652 6633 6462 6481 6653 6634 6463 6482 
8173 6653 6634 6463 6482 6654 6635 6464 6483 
8174 6654 6635 6464 6483 6655 6636 6465 6484 
8175 6655 6636 6465 6484 6656 6637 6466 6485 
8176 6656 6637 6466 6485 6657 6638 6467 6486 
8177 6657 6638 6467 6486 6658 6639 6468 6487 
8178 6658 6639 6468 6487 2626 2625 2616 2617 
8179 593 592 583 584 6659 6640 6469 6488 
8180 6659 6640 6469 6488 6660 6641 6470 6489 
8181 6660 6641 6470 6489 6661 6642 6471 6490 
8182 6661 6642 6471 6490 6662 6643 6472 6491 
8183 6662 6643 6472 6491 6663 6644 6473 6492 
8184 6663 6644 6473 6492 6664 6645 6474 6493 
8185 6664 6645 6474 6493 6665 6646 6475 6494 
8186 6665 6646 6475 6494 6666 6647 6476 6495 
8187 6666 6647 6476 6495 6667 6648 6477 6496 
8188 6667 6648 6477 6496 6668 6649 6478 6497 
8189 6668 6649 6478 6497 6669 6650 6479 6498 
8190 6669 6650 6479 6498 6670 6651 6480 6499 
8191 6670 6651 6480 6499 6671 6652 6481 6500 
8192 6671 6652 6481 6500 6672 6653 6482 6501 
8193 6672 6653 6482 6501 6673 6654 6483 6502 
8194 6673 6654 6483 6502 6674 6655 6484 6503 
8195 6674 6655 6484 6503 6675 6656 6485 6504 
8196 6675 6656 6485 6504 6676 6657 6486 6505 
8197 6676 6657 6486 6505 6677 6658 6487 6506 
8198 6677 6658 6487 6506 2627 2626 2617 2618 
8199 594 593 584 585 6678 6659 6488 6507 
8200 6678 6659 6488 6507 6679 6660 6489 6508 
8201 6679 6660 6489 6508 6680 6661 6490 6509 
8202 6680 6661 6490 6509 6681 6662 6491 6510 
8203 6681 6662 6491 6510 6682 6663 6492 6511 
8204 6682 6663 6492 6511 6683 6664 6493 6512 
8205 6683 6664 6493 6512 6684 6665 6494 6513 
8206 6684 6665 6494 6513 6685 6666 6495 6514 
8207 6685 6666 6495 6514 6686 6667 6496 6515 
8208 6686 6667 6496 6515 6687 6668 6497 6516 
8209 6687 6668 6497 6516 6688 6669 6498 6517 
8210 6688 6669 6498 6517 6689 6670 6499 6518 
8211 6689 6670 6499 6518 6690 6671 6500 6519 
8212 6690 6671 6500 6519 6691 6672 6501 6520 
8213 6691 6672 6501 6520 6692 6673 6502 6521 
8214 6692 6673 6502 6521 6693 6674 6503 6522 
8215 6693 6674 6503 6522 6694 6675 6504 6523 
8216 6694 6675 6504 6523 6695 6676 6505 6524 
8217 6695 6676 6505 6524 6696 6677 6506 6525 
8218 6696 6677 6506 6525 2628 2627 2618 2619 
8219 93 594 585 92 2298 6678 6507 2279 
8220 2298 6678 6507 2279 2299 6679 6508 2280 
8221 2299 6679 6508 2280 2300 6680 6509 2281 
8222 2300 6680 6509 2281 2301 6681 6510 2282 
8223 2301 6681 6510 2282 2302 6682 6511 2283 
8224 2302 6682 6511 2283 2303 6683 6512 2284 
8225 2303 6683 6512 2284 2304 6684 6513 2285 
8226 2304 6684 6513 2285 2305 6685 6514 2286 
8227 2305 6685 6514 2286 2306 6686 6515 2287 
8228 2306 6686 6515 2287 2307 6687 6516 2288 
8229 2307 6687 6516 2288 2308 6688 6517 2289 
8230 2308 6688 6517 2289 2309 6689 6518 2290 
8231 2309 6689 6518 2290 2310 6690 6519 2291 
8232 2310 6690 6519 2291 2311 6691 6520 2292 
8233 2311 6691 6520 2292 2312 6692 6521 2293 
8234 2312 6692 6521 2293 2313 6693 6522 2294 
8235 2313 6693 6522 2294 2314 6694 6523 2295 
8236 2314 6694 6523 2295 2315 6695 6524 2296 
8237 2315 6695 6524 2296 2316 6696 6525 2297 
8238 2316 6696 6525 2297 315 2628 2619 314 
8239 595 76 75 586 6697 1894 1875 6526 
8240 6697 1894 1875 6526 6698 1895 1876 6527 
8241 6698 1895 1876 6527 6699 1896 1877 6528 
8242 6699 1896 1877 6528 6700 1897 1878 6529 
8243 6700 1897 1878 6529 6701 1898 1879 6530 
8244 6701 1898 1879 6530 6702 1899 1880 6531 
8245 6702 1899 1880 6531 6703 1900 1881 6532 
8246 6703 1900 1881 6532 6704 1901 1882 6533 
8247 6704 1901 1882 6533 6705 1902 1883 6534 
8248 6705 1902 1883 6534 6706 1903 1884 6535 
8249 6706 1903 1884 6535 6707 1904 1885 6536 
8250 6707 1904 1885 6536 6708 1905 1886 6537 
8251 6708 1905 1886 6537 6709 1906 1887 6538 
8252 6709 1906 1887 6538 6710 1907 1888 6539 
8253 6710 1907 1888 6539 6711 1908 1889 6540 
8254 6711 1908 1889 6540 6712 1909 1890 6541 
8255 6712 1909 1890 6541 6713 1910 1891 6542 
8256 6713 1910 1891 6542 6714 1911 1892 6543 
8257 6714 1911 1892 6543 6715 1912 1893 6544 
8258 6715 1912 1893 6544 2629 260 259 2620 
8259 596 595 586 587 6716 6697 6526 6545 
8260 6716 6697 6526 6545 6717 6698 6527 6546 
8261 6717 6698 6527 6546 6718 6699 6528 6547 
8262 6718 6699 6528 6547 6719 6700 6529 6548 
8263 6719 6700 6529 6548 6720 6701 6530 6549 
8264 6720 6701 6530 6549 6721 6702 6531 6550 
8265 6721 6702 6531 6550 6722 6703 6532 6551 
8266 6722 6703 6532 6551 6723 6704 6533 6552 
8267 6723 6704 6533 6552 6724 6705 6534 6553 
8268 6724 6705 6534 6553 6725 6706 6535 6554 
8269 6725 6706 6535 6554 6726 6707 6536 6555 
8270 6726 6707 6536 6555 6727 6708 6537 6556 
8271 6727 6708 6537 6556 6728 6709 6538 6557 
8272 6728 6709 6538 6557 6729 6710 6539 6558 
8273 6729 6710 6539 6558 6730 6711 6540 6559 
8274 6730 6711 6540 6559 6731 6712 6541 6560 
8275 6731 6712 6541 6560 6732 6713 6542 6561 
8276 6732 6713 6542 6561 6733 6714 6543 6562 
8277 6733 6714 6543 6562 6734 6715 6544 6563 
8278 6734 6715 6544 6563 2630 2629 2620 2621 
8279 597 596 587 588 6735 6716 6545 6564 
8280 6735 6716 6545 6564 6736 6717 6546 6565 
8281 6736 6717 6546 6565 6737 6718 6547 6566 
8282 6737 6718 6547 6566 6738 6719 6548 6567 
8283 6738 6719 6548 6567 6739 6720 6549 6568 
8284 6739 6720 6549 6568 6740 6721 6550 6569 
8285 6740 6721 6550 6569 6741 6722 6551 6570 
8286 6741 6722 6551 6570 6742 6723 6552 6571 
8287 6742 6723 6552 6571 6743 6724 6553 6572 
8288 6743 6724 6553 6572 6744 6725 6554 6573 
8289 6744 6725 6554 6573 6745 6726 6555 6574 
8290 6745 6726 6555 6574 6746 6727 6556 6575 
8291 6746 6727 6556 6575 6747 6728 6557 6576 
8292 6747 6728 6557 6576 6748 6729 6558 6577 
8293 6748 6729 6558 6577 6749 6730 6559 6578 
8294 6749 6730 6559 6578 6750 6731 6560 6579 
8295 6750 6731 6560 6579 6751 6732 6561 6580 
8296 6751 6732 6561 6580 6752 6733 6562 6581 
8297 6752 6733 6562 6581 6753 6734 6563 6582 
8298 6753 6734 6563 6582 2631 2630 2621 2622 
8299 598 597 588 589 6754 6735 6564 6583 
8300 6754 6735 6564 6583 6755 6736 6565 6584 
8301 6755 6736 6565 6584 6756 6737 6566 6585 
8302 6756 6737 6566 6585 6757 6738 6567 6586 
8303 6757 6738 6567 6586 6758 6739 6568 6587 
8304 6758 6739 6568 6587 6759 6740 6569 6588 
8305 6759 6740 6569 6588 6760 6741 6570 6589 
8306 6760 6741 6570 6589 6761 6742 6571 6590 
8307 6761 6742 6571 6590 6762 6743 6572 6591 
8308 6762 6743 6572 6591 6763 6744 6573 6592 
8309 6763 6744 6573 6592 6764 6745 6574 6593 
8310 6764 6745 6574 6593 6765 6746 6575 6594 
8311 6765 6746 6575 6594 6766 6747 6576 6595 
8312 6766 6747 6576 6595 6767 6748 6577 6596 
8313 6767 6748 6577 6596 6768 6749 6578 6597 
8314 6768 6749 6578 6597 6769 6750 6579 6598 
8315 6769 6750 6579 6598 6770 6751 6580 6599 
8316 6770 6751 6580 6599 6771 6752 6581 6600 
8317 6771 6752 6581 6600 6772 6753 6582 6601 
8318 6772 6753 6582 6601 2632 2631 2622 2623 
8319 599 598 589 590 6773 6754 6583 6602 
8320 6773 6754 6583 6602 6774 6755 6584 6603 
8321 6774 6755 6584 6603 6775 6756 6585 6604 
8322 6775 6756 6585 6604 6776 6757 6586 6605 
8323 6776 6757 6586 6605 6777 6758 6587 6606 
8324 6777 6758 6587 6606 6778 6759 6588 6607 
8325 6778 6759 6588 6607 6779 6760 6589 6608 
8326 6779 6760 6589 6608 6780 6761 6590 6609 
8327 6780 6761 6590 6609 6781 6762 6591 6610 
8328 6781 6762 6591 6610 6782 6763 6592 6611 
8329 6782 6763 6592 6611 6783 6764 6593 6612 
8330 6783 6764 6593 6612 6784 6765 6594 6613 
8331 6784 6765 6594 6613 6785 6766 6595 6614 
8332 6785 6766 6595 6614 6786 6767 6596 6615 
8333 6786 6767 6596 6615 6787 6768 6597 6616 
8334 6787 6768 6597 6616 6788 6769 6598 6617 
8335 6788 6769 6598 6617 6789 6770 6599 6618 
8336 6789 6770 6599 6618 6790 6771 6600 6619 
8337 6790 6771 6600 6619 6791 6772 6601 6620 
8338 6791 6772 6601 6620 2633 2632 2623 2624 
8339 600 599 590 591 6792 6773 6602 6621 
8340 6792 6773 6602 6621 6793 6774 6603 6622 
8341 6793 6774 6603 6622 6794 6775 6604 6623 
8342 6794 6775 6604 6623 6795 6776 6605 6624 
8343 6795 6776 6605 6624 6796 6777 6606 6625 
8344 6796 6777 6606 6625 6797 6778 6607 6626 
8345 6797 6778 6607 6626 6798 6779 6608 6627 
8346 6798 6779 6608 6627 6799 6780 6609 6628 
8347 6799 6780 6609 6628 6800 6781 6610 6629 
8348 6800 6781 6610 6629 6801 6782 6611 6630 
8349 6801 6782 6611 6630 6802 6783 6612 6631 
8350 6802 6783 6612 6631 6803 6784 6613 6632 
8351 6803 6784 6613 6632 6804 6785 6614 6633 
8352 6804 6785 6614 6633 6805 6786 6615 6634 
8353 6805 6786 6615 6634 6806 6787 6616 6635 
8354 6806 6787 6616 6635 6807 6788 6617 6636 
8355 6807 6788 6617 6636 6808 6789 6618 6637 
8356 6808 6789 6618 6637 6809 6790 6619 6638 
8357 6809 6790 6619 6638 6810 6791 6620 6639 
8358 6810 6791 6620 6639 2634 2633 2624 2625 
8359 601 600 591 592 6811 6792 6621 6640 
8360 6811 6792 6621 6640 6812 6793 6622 6641 
8361 6812 6793 6622 6641 6813 6794 6623 6642 
8362 6813 6794 6623 6642 6814 6795 6624 6643 
8363 6814 6795 6624 6643 6815 6796 6625 6644 
8364 6815 6796 6625 6644 6816 6797 6626 6645 
8365 6816 6797 6626 6645 6817 6798 6627 6646 
8366 6817 6798 6627 6646 6818 6799 6628 6647 
8367 6818 6799 6628 6647 6819 6800 6629 6648 
8368 6819 6800 6629 6648 6820 6801 6630 6649 
8369 6820 6801 6630 6649 6821 6802 6631 6650 
8370 6821 6802 6631 6650 6822 6803 6632 6651 
8371 6822 6803 6632 6651 6823 6804 6633 6652 
8372 6823 6804 6633 6652 6824 6805 6634 6653 
8373 6824 6805 6634 6653 6825 6806 6635 6654 
8374 6825 6806 6635 6654 6826 6807 6636 6655 
8375 6826 6807 6636 6655 6827 6808 6637 6656 
8376 6827 6808 6637 6656 6828 6809 6638 6657 
8377 6828 6809 6638 6657 6829 6810 6639 6658 
8378 6829 6810 6639 6658 2635 2634 2625 2626 
8379 602 601 592 593 6830 6811 6640 6659 
8380 6830 6811 6640 6659 6831 6812 6641 6660 
8381 6831 6812 6641 6660 6832 6813 6642 6661 
8382 6832 6813 6642 6661 6833 6814 6643 6662 
8383 6833 6814 6643 6662 6834 6815 6644 6663 
8384 6834 6815 6644 6663 6835 6816 6645 6664 
8385 6835 6816 6645 6664 6836 6817 6646 6665 
8386 6836 6817 6646 6665 6837 6818 6647 6666 
8387 6837 6818 6647 6666 6838 6819 6648 6667 
8388 6838 6819 6648 6667 6839 6820 6649 6668 
8389 6839 6820 6649 6668 6840 6821 6650 6669 
8390 6840 6821 6650 6669 6841 6822 6651 6670 
8391 6841 6822 6651 6670 6842 6823 6652 6671 
8392 6842 6823 6652 6671 6843 6824 6653 6672 
8393 6843 6824 6653 6672 6844 6825 6654 6673 
8394 6844 6825 6654 6673 6845 6826 6655 6674 
8395 6845 6826 6655 6674 6846 6827 6656 6675 
8396 6846 6827 6656 6675 6847 6828 6657 6676 
8397 6847 6828 6657 6676 6848 6829 6658 6677 
8398 6848 6829 6658 6677 2636 2635 2626 2627 
8399 603 602 593 594 6849 6830 6659 6678 
8400 6849 6830 6659 6678 6850 6831 6660 6679 
8401 6850 6831 6660 6679 6851 6832 6661 6680 
8402 6851 6832 6661 6680 6852 6833 6662 6681 
8403 6852 6833 6662 6681 6853 6834 6663 6682 
8404 6853 6834 6663 6682 6854 6835 6664 6683 
8405 6854 6835 6664 6683 6855 6836 6665 6684 
8406 6855 6836 6665 6684 6856 6837 6666 6685 
8407 6856 6837 6666 6685 6857 6838 6667 6686 
8408 6857 6838 6667 6686 6858 6839 6668 6687 
8409 6858 6839 6668 6687 6859 6840 6669 6688 
8410 6859 6840 6669 6688 6860 6841 6670 6689 
8411 6860 6841 6670 6689 6861 6842 6671 6690 
8412 6861 6842 6671 6690 6862 6843 6672 6691 
8413 6862 6843 6672 6691 6863 6844 6673 6692 
8414 6863 6844 6673 6692 6864 6845 6674 6693 
8415 6864 6845 6674 6693 6865 6846 6675 6694 
8416 6865 6846 6675 6694 6866 6847 6676 6695 
8417 6866 6847 6676 6695 6867 6848 6677 6696 
8418 6867 6848 6677 6696 2637 2636 2627 2628 
8419 94 603 594 93 2317 6849 6678 2298 
8420 2317 6849 6678 2298 2318 6850 6679 2299 
8421 2318 6850 6679 2299 2319 6851 6680 2300 
8422 2319 6851 6680 2300 2320 6852 6681 2301 
8423 2320 6852 6681 2301 2321 6853 6682 2302 
8424 2321 6853 6682 2302 2322 6854 6683 2303 
8425 2322 6854 6683 2303 2323 6855 6684 2304 
8426 2323 6855 6684 2304 2324 6856 6685 2305 
8427 2324 6856 6685 2305 2325 6857 6686 2306 
8428 2325 6857 6686 2306 2326 6858 6687 2307 
8429 2326 6858 6687 2307 2327 6859 6688 2308 
8430 2327 6859 6688 2308 2328 6860 6689 2309 
8431 2328 6860 6689 2309 2329 6861 6690 2310 
8432 2329 6861 6690 2310 2330 6862 6691 2311 
8433 2330 6862 6691 2311 2331 6863 6692 2312 
8434 2331 6863 6692 2312 2332 6864 6693 2313 
8435 2332 6864 6693 2313 2333 6865 6694 2314 
8436 2333 6865 6694 2314 2334 6866 6695 2315 
8437 2334 6866 6695 2315 2335 6867 6696 2316 
8438 2335 6867 6696 2316 316 2637 2628 315 
8439 604 77 76 595 6868 1913 1894 6697 
8440 6868 1913 1894 6697 6869 1914 1895 6698 
8441 6869 1914 1895 6698 6870 1915 1896 6699 
8442 6870 1915 1896 6699 6871 1916 1897 6700 
8443 6871 1916 1897 6700 6872 1917 1898 6701 
8444 6872 1917 1898 6701 6873 1918 1899 6702 
8445 6873 1918 1899 6702 6874 1919 1900 6703 
8446 6874 1919 1900 6703 6875 1920 1901 6704 
8447 6875 1920 1901 6704 6876 1921 1902 6705 
8448 6876 1921 1902 6705 6877 1922 1903 6706 
8449 6877 1922 1903 6706 6878 1923 1904 6707 
8450 6878 1923 1904 6707 6879 1924 1905 6708 
8451 6879 1924 1905 6708 6880 1925 1906 6709 
8452 6880 1925 1906 6709 6881 1926 1907 6710 
8453 6881 1926 1907 6710 6882 1927 1908 6711 
8454 6882 1927 1908 6711 6883 1928 1909 6712 
8455 6883 1928 1909 6712 6884 1929 1910 6713 
8456 6884 1929 1910 6713 6885 1930 1911 6714 
8457 6885 1930 1911 6714 6886 1931 1912 6715 
8458 6886 1931 1912 6715 2638 261 260 2629 
8459 605 604 595 596 6887 6868 6697 6716 
8460 6887 6868 6697 6716 6888 6869 6698 6717 
8461 6888 6869 6698 6717 6889 6870 6699 6718 
8462 6889 6870 6699 6718 6890 6871 6700 6719 
8463 6890 6871 6700 6719 6891 6872 6701 6720 
8464 6891 6872 6701 6720 6892 6873 6702 6721 
8465 6892 6873 6702 6721 6893 6874 6703 6722 
8466 6893 6874 6703 6722 6894 6875 6704 6723 
8467 6894 6875 6704 6723 6895 6876 6705 6724 
8468 6895 6876 6705 6724 6896 6877 6706 6725 
8469 6896 6877 6706 6725 6897 6878 6707 6726 
8470 6897 6878 6707 6726 6898 6879 6708 6727 
8471 6898 6879 6708 6727 6899 6880 6709 6728 
8472 6899 6880 6709 6728 6900 6881 6710 6729 
8473 6900 6881 6710 6729 6901 6882 6711 6730 
8474 6901 6882 6711 6730 6902 6883 6712 6731 
8475 6902 6883 6712 6731 6903 6884 6713 6732 
8476 6903 6884 6713 6732 6904 6885 6714 6733 
8477 6904 6885 6714 6733 6905 6886 6715 6734 
8478 6905 6886 6715 6734 2639 2638 2629 2630 
8479 606 605 596 597 6906 6887 6716 6735 
8480 6906 6887 6716 6735 6907 6888 6717 6736 
8481 6907 6888 6717 6736 6908 6889 6718 6737 
8482 6908 6889 6718 6737 6909 6890 6719 6738 
8483 6909 6890 6719 6738 6910 6891 6720 6739 
8484 6910 6891 6720 6739 6911 6892 6721 6740 
8485 6911 6892 6721 6740 6912 6893 6722 6741 
8486 6912 6893 6722 6741 6913 6894 6723 6742 
8487 6913 6894 6723 6742 6914 6895 6724 6743 
8488 6914 6895 6724 6743 6915 6896 6725 6744 
8489 6915 6896 6725 6744 6916 6897 6726 6745 
8490 6916 6897 6726 6745 6917 6898 6727 6746 
8491 6917 6898 6727 6746 6918 6899 6728 6747 
8492 6918 6899 6728 6747 6919 6900 6729 6748 
8493 6919 6900 6729 6748 6920 6901 6730 6749 
8494 6920 6901 6730 6749 6921 6902 6731 6750 
8495 6921 6902 6731 6750 6922 6903 6732 6751 
8496 6922 6903 6732 6751 6923 6904 6733 6752 
8497 6923 6904 6733 6752 6924 6905 6734 6753 
8498 6924 6905 6734 6753 2640 2639 2630 2631 
8499 607 606 597 598 6925 6906 6735 6754 
8500 6925 6906 6735 6754 6926 6907 6736 6755 
8501 6926 6907 6736 6755 6927 6908 6737 6756 
8502 6927 6908 6737 6756 6928 6909 6738 6757 
8503 6928 6909 6738 6757 6929 6910 6739 6758 
8504 6929 6910 6739 6758 6930 6911 6740 6759 
8505 6930 6911 6740 6759 6931 6912 6741 6760 
8506 6931 6912 6741 6760 6932 6913 6742 6761 
8507 6932 6913 6742 6761 6933 6914 6743 6762 
8508 6933 6914 6743 6762 6934 6915 6744 6763 
8509 6934 6915 6744 6763 6935 6916 6745 6764 
8510 6935 6916 6745 6764 6936 6917 6746 6765 
8511 6936 6917 6746 6765 6937 6918 6747 6766 
8512 6937 6918 6747 6766 6938 6919 6748 6767 
8513 6938 6919 6748 6767 6939 6920 6749 6768 
8514 6939 6920 6749 6768 6940 6921 6750 6769 
8515 6940 6921 6750 6769 6941 6922 6751 6770 
8516 6941 6922 6751 6770 6942 6923 6752 6771 
8517 6942 6923 6752 6771 6943 6924 6753 6772 
8518 6943 6924 6753 6772 2641 2640 2631 2632 
8519 608 607 598 599 6944 6925 6754 6773 
8520 6944 6925 6754 6773 6945 6926 6755 6774 
8521 6945 6926 6755 6774 6946 6927 6756 6775 
8522 6946 6927 6756 6775 6947 6928 6757 6776 
8523 6947 6928 6757 6776 6948 6929 6758 6777 
8524 6948 6929 6758 6777 6949 6930 6759 6778 
8525 6949 6930 6759 6778 6950 6931 6760 6779 
8526 6950 6931 6760 6779 6951 6932 6761 6780 
8527 6951 6932 6761 6780 6952 6933 6762 6781 
8528 6952 6933 6762 6781 6953 6934 6763 6782 
8529 6953 6934 6763 6782 6954 6935 6764 6783 
8530 6954 6935 6764 6783 6955 6936 6765 6784 
8531 6955 6936 6765 6784 6956 6937 6766 6785 
8532 6956 6937 6766 6785 6957 6938 6767 6786 
8533 6957 6938 6767 6786 6958 6939 6768 6787 
8534 6958 6939 6768 6787 6959 6940 6769 6788 
8535 6959 6940 6769 6788 6960 6941 6770 6789 
8536 6960 6941 6770 6789 6961 6942 6771 6790 
8537 6961 6942 6771 6790 6962 6943 6772 6791 
8538 6962 6943 6772 6791 2642 2641 2632 2633 
8539 609 608 599 600 6963 6944 6773 6792 
8540 6963 6944 6773 6792 6964 6945 6774 6793 
8541 6964 6945 6774 6793 6965 6946 6775 6794 
8542 6965 6946 6775 6794 6966 6947 6776 6795 
8543 6966 6947 6776 6795 6967 6948 6777 6796 
8544 6967 6948 6777 6796 6968 6949 6778 6797 
8545 6968 6949 6778 6797 6969 6950 6779 6798 
8546 6969 6950 6779 6798 6970 6951 6780 6799 
8547 6970 6951 6780 6799 6971 6952 6781 6800 
8548 6971 6952 6781 6800 6972 6953 6782 6801 
8549 6972 6953 6782 6801 6973 6954 6783 6802 
8550 6973 6954 6783 6802 6974 6955 6784 6803 
8551 6974 6955 6784 6803 6975 6956 6785 6804 
8552 6975 6956 6785 6804 6976 6957 6786 6805 
8553 6976 6957 6786 6805 6977 6958 6787 6806 
8554 6977 6958 6787 6806 6978 6959 6788 6807 
8555 6978 6959 6788 6807 6979 6960 6789 6808 
8556 6979 6960 6789 6808 6980 6961 6790 6809 
8557 6980 6961 6790 6809 6981 6962 6791 6810 
8558 6981 6962 6791 6810 2643 2642 2633 2634 
8559 610 609 600 601 6982 6963 6792 6811 
8560 6982 6963 6792 6811 6983 6964 6793 6812 
8561 6983 6964 6793 6812 6984 6965 6794 6813 
8562 6984 6965 6794 6813 6985 6966 6795 6814 
8563 6985 6966 6795 6814 6986 6967 6796 6815 
8564 6986 6967 6796 6815 6987 6968 6797 6816 
8565 6987 6968 6797 6816 6988 6969 6798 6817 
8566 6988 6969 6798 6817 6989 6970 6799 6818 
8567 6989 6970 6799 6818 6990 6971 6800 6819 
8568 6990 6971 6800 6819 6991 6972 6801 6820 
8569 6991 6972 6801 6820 6992 6973 6802 6821 
8570 6992 6973 6802 6821 6993 6974 6803 6822 
8571 6993 6974 6803 6822 6994 6975 6804 6823 
8572 6994 6975 6804 6823 6995 6976 6805 6824 
8573 6995 6976 6805 6824 6996 6977 6806 6825 
8574 6996 6977 6806 6825 6997 6978 6807 6826 
8575 6997 6978 6807 6826 6998 6979 6808 6827 
8576 6998 6979 6808 6827 6999 6980 6809 6828 
8577 6999 6980 6809 6828 7000 6981 6810 6829 
8578 7000 6981 6810 6829 2644 2643 2634 2635 
8579 611 610 601 602 7001 6982 6811 6830 
8580 7001 6982 6811 6830 7002 6983 6812 6831 
8581 7002 6983 6812 6831 7003 6984 6813 6832 
8582 7003 6984 6813 6832 7004 6985 6814 6833 
8583 7004 6985 6814 6833 7005 6986 6815 6834 
8584 7005 6986 6815 6834 7006 6987 6816 6835 
8585 7006 6987 6816 6835 7007 6988 6817 6836 
8586 7007 6988 6817 6836 7008 6989 6818 6837 
8587 7008 6989 6818 6837 7009 6990 6819 6838 
8588 7009 6990 6819 6838 7010 6991 6820 6839 
8589 7010 6991 6820 6839 7011 6992 6821 6840 
8590 7011 6992 6821 6840 7012 6993 6822 6841 
8591 7012 6993 6822 6841 7013 6994 6823 6842 
8592 7013 6994 6823 6842 7014 6995 6824 6843 
8593 7014 6995 6824 6843 7015 6996 6825 6844 
8594 7015 6996 6825 6844 7016 6997 6826 6845 
8595 7016 6997 6826 6845 7017 6998 6827 6846 
8596 7017 6998 6827 6846 7018 6999 6828 6847 
8597 7018 6999 6828 6847 7019 7000 6829 6848 
8598 7019 7000 6829 6848 2645 2644 2635 2636 
8599 612 611 602 603 7020 7001 6830 6849 
8600 7020 7001 6830 6849 7021 7002 6831 6850 
8601 7021 7002 6831 6850 7022 7003 6832 6851 
8602 7022 7003 6832 6851 7023 7004 6833 6852 
8603 7023 7004 6833 6852 7024 7005 6834 6853 
8604 7024 7005 6834 6853 7025 7006 6835 6854 
8605 7025 7006 6835 6854 7026 7007 6836 6855 
8606 7026 7007 6836 6855 7027 7008 6837 6856 
8607 7027 7008 6837 6856 7028 7009 6838 6857 
8608 7028 7009 6838 6857 7029 7010 6839 6858 
8609 7029 7010 6839 6858 7030 7011 6840 6859 
8610 7030 7011 6840 6859 7031 7012 6841 6860 
8611 7031 7012 6841 6860 7032 7013 6842 6861 
8612 7032 7013 6842 6861 7033 7014 6843 6862 
8613 7033 7014 6843 6862 7034 7015 6844 6863 
8614 7034 7015 6844 6863 7035 7016 6845 6864 
8615 7035 7016 6845 6864 7036 7017 6846 6865 
8616 7036 7017 6846 6865 7037 7018 6847 6866 
8617 7037 7018 6847 6866 7038 7019 6848 6867 
8618 7038 7019 6848 6867 2646 2645 2636 2637 
8619 95 612 603 94 2336 7020 6849 2317 
8620 2336 7020 6849 2317 2337 7021 6850 2318 
8621 2337 7021 6850 2318 2338 7022 6851 2319 
8622 2338 7022 6851 2319 2339 7023 6852 2320 
8623 2339 7023 6852 2320 2340 7024 6853 2321 
8624 2340 7024 6853 2321 2341 7025 6854 2322 
8625 2341 7025 6854 2322 2342 7026 6855 2323 
8626 2342 7026 6855 2323 2343 7027 6856 2324 
8627 2343 7027 6856 2324 2344 7028 6857 2325 
8628 2344 7028 6857 2325 2345 7029 6858 2326 
8629 2345 7029 6858 2326 2346 7030 6859 2327 
8630 2346 7030 6859 2327 2347 7031 6860 2328 
8631 2347 7031 6860 2328 2348 7032 6861 2329 
8632 2348 7032 6861 2329 2349 7033 6862 2330 
8633 2349 7033 6862 2330 2350 7034 6863 2331 
8634 2350 7034 6863 2331 2351 7035 6864 2332 
8635 2351 7035 6864 2332 2352 7036 6865 2333 
8636 2352 7036 6865 2333 2353 7037 6866 2334 
8637 2353 7037 6866 2334 2354 7038 6867 2335 
8638 2354 7038 6867 2335 317 2646 2637 316 
8639 613 78 77 604 7039 1932 1913 6868 
8640 7039 1932 1913 6868 7040 1933 1914 6869 
8641 7040 1933 1914 6869 7041 1934 1915 6870 
8642 7041 1934 1915 6870 7042 1935 1916 6871 
8643 7042 1935 1916 6871 7043 1936 1917 6872 
8644 7043 1936 1917 6872 7044 1937 1918 6873 
8645 7044 1937 1918 6873 7045 1938 1919 6874 
8646 7045 1938 1919 6874 7046 1939 1920 6875 
8647 7046 1939 1920 6875 7047 1940 1921 6876 
8648 7047 1940 1921 6876 7048 1941 1922 6877 
8649 7048 1941 1922 6877 7049 1942 1923 6878 
8650 7049 1942 1923 6878 7050 1943 1924 6879 
8651 7050 1943 1924 6879 7051 1944 1925 6880 
8652 7051 1944 1925 6880 7052 1945 1926 6881 
8653 7052 1945 1926 6881 7053 1946 1927 6882 
8654 7053 1946 1927 6882 7054 1947 1928 6883 
8655 7054 1947 1928 6883 7055 1948 1929 6884 
8656 7055 1948 1929 6884 7056 1949 1930 6885 
8657 7056 1949 1930 6885 7057 1950 1931 6886 
8658 7057 1950 1931 6886 2647 262 261 2638 
8659 614 613 604 605 7058 7039 6868 6887 
8660 7058 7039 6868 6887 7059 7040 6869 6888 
8661 7059 7040 6869 6888 7060 7041 6870 6889 
8662 7060 7041 6870 6889 7061 7042 6871 6890 
8663 7061 7042 6871 6890 7062 7043 6872 6891 
8664 7062 7043 6872 6891 7063 7044 6873 6892 
8665 7063 7044 6873 6892 7064 7045 6874 6893 
8666 7064 7045 6874 6893 7065 7046 6875 6894 
8667 7065 7046 6875 6894 7066 7047 6876 6895 
8668 7066 7047 6876 6895 7067 7048 6877 6896 
8669 7067 7048 6877 6896 7068 7049 6878 6897 
8670 7068 7049 6878 6897 7069 7050 6879 6898 
8671 7069 7050 6879 6898 7070 7051 6880 6899 
8672 7070 7051 6880 6899 7071 7052 6881 6900 
8673 7071 7052 6881 6900 7072 7053 6882 6901 
8674 7072 7053 6882 6901 7073 7054 6883 6902 
8675 7073 7054 6883 6902 7074 7055 6884 6903 
8676 7074 7055 6884 6903 7075 7056 6885 6904 
8677 7075 7056 6885 6904 7076 7057 6886 6905 
8678 7076 7057 6886 6905 2648 2647 2638 2639 
8679 615 614 605 606 7077 7058 6887 6906 
8680 7077 7058 6887 6906 7078 7059 6888 6907 
8681 7078 7059 6888 6907 7079 7060 6889 6908 
8682 7079 7060 6889 6908 7080 7061 6890 6909 
8683 7080 7061 6890 6909 7081 7062 6891 6910 
8684 7081 7062 6891 6910 7082 7063 6892 6911 
8685 7082 7063 6892 6911 7083 7064 6893 6912 
8686 7083 7064 6893 6912 7084 7065 6894 6913 
8687 7084 7065 6894 6913 7085 7066 6895 6914 
8688 7085 7066 6895 6914 7086 7067 6896 6915 
8689 7086 7067 6896 6915 7087 7068 6897 6916 
8690 7087 7068 6897 6916 7088 7069 6898 6917 
8691 7088 7069 6898 6917 7089 7070 6899 6918 
8692 7089 7070 6899 6918 7090 7071 6900 6919 
8693 7090 7071 6900 6919 7091 7072 6901 6920 
8694 7091 7072 6901 6920 7092 7073 6902 6921 
8695 7092 7073 6902 6921 7093 7074 6903 6922 
8696 7093 7074 6903 6922 7094 7075 6904 6923 
8697 7094 7075 6904 6923 7095 7076 6905 6924 
8698 7095 7076 6905 6924 2649 2648 2639 2640 
8699 616 615 606 607 7096 7077 6906 6925 
8700 7096 7077 6906 6925 7097 7078 6907 6926 
8701 7097 7078 6907 6926 7098 7079 6908 6927 
8702 7098 7079 6908 6927 7099 7080 6909 6928 
8703 7099 7080 6909 6928 7100 7081 6910 6929 
8704 7100 7081 6910 6929 7101 7082 6911 6930 
8705 7101 7082 6911 6930 7102 7083 6912 6931 
8706 7102 7083 6912 6931 7103 7084 6913 6932 
8707 7103 7084 6913 6932 7104 7085 6914 6933 
8708 7104 7085 6914 6933 7105 7086 6915 6934 
8709 7105 7086 6915 6934 7106 7087 6916 6935 
8710 7106 7087 6916 6935 7107 7088 6917 6936 
8711 7107 7088 6917 6936 7108 7089 6918 6937 
8712 7108 7089 6918 6937 7109 7090 6919 6938 
8713 7109 7090 6919 6938 7110 7091 6920 6939 
8714 7110 7091 6920 6939 7111 7092 6921 6940 
8715 7111 7092 6921 6940 7112 7093 6922 6941 
8716 7112 7093 6922 6941 7113 7094 6923 6942 
8717 7113 7094 6923 6942 7114 7095 6924 6943 
8718 7114 7095 6924 6943 2650 2649 2640 2641 
8719 617 616 607 608 7115 7096 6925 6944 
8720 7115 7096 6925 6944 7116 7097 6926 6945 
8721 7116 7097 6926 6945 7117 7098 6927 6946 
8722 7117 7098 6927 6946 7118 7099 6928 6947 
8723 7118 7099 6928 6947 7119 7100 6929 6948 
8724 7119 7100 6929 6948 7120 7101 6930 6949 
8725 7120 7101 6930 6949 7121 7102 6931 6950 
8726 7121 7102 6931 6950 7122 7103 6932 6951 
8727 7122 7103 6932 6951 7123 7104 6933 6952 
8728 7123 7104 6933 6952 7124 7105 6934 6953 
8729 7124 7105 6934 6953 7125 7106 6935 6954 
8730 7125 7106 6935 6954 7126 7107 6936 6955 
8731 7126 7107 6936 6955 7127 7108 6937 6956 
8732 7127 7108 6937 6956 7128 7109 6938 6957 
8733 7128 7109 6938 6957 7129 7110 6939 6958 
8734 7129 7110 6939 6958 7130 7111 6940 6959 
8735 7130 7111 6940 6959 7131 7112 6941 6960 
8736 7131 7112 6941 6960 7132 7113 6942 6961 
8737 7132 7113 6942 6961 7133 7114 6943 6962 
8738 7133 7114 6943 6962 2651 2650 2641 2642 
8739 618 617 608 609 7134 7115 6944 6963 
8740 7134 7115 6944 6963 7135 7116 6945 6964 
8741 7135 7116 6945 6964 7136 7117 6946 6965 
8742 7136 7117 6946 6965 7137 7118 6947 6966 
8743 7137 7118 6947 6966 7138 7119 6948 6967 
8744 7138 7119 6948 6967 7139 7120 6949 6968 
8745 7139 7120 6949 6968 7140 7121 6950 6969 
8746 7140 7121 6950 6969 7141 7122 6951 6970 
8747 7141 7122 6951 6970 7142 7123 6952 6971 
8748 7142 7123 6952 6971 7143 7124 6953 6972 
8749 7143 7124 6953 6972 7144 7125 6954 6973 
8750 7144 7125 6954 6973 7145 7126 6955 6974 
8751 7145 7126 6955 6974 7146 7127 6956 6975 
8752 7146 7127 6956 6975 7147 7128 6957 6976 
8753 7147 7128 6957 6976 7148 7129 6958 6977 
8754 7148 7129 6958 6977 7149 7130 6959 6978 
8755 7149 7130 6959 6978 7150 7131 6960 6979 
8756 7150 7131 6960 6979 7151 7132 6961 6980 
8757 7151 7132 6961 6980 7152 7133 6962 6981 
8758 7152 7133 6962 6981 2652 2651 2642 2643 
8759 619 618 609 610 7153 7134 6963 6982 
8760 7153 7134 6963 6982 7154 7135 6964 6983 
8761 7154 7135 6964 6983 7155 7136 6965 6984 
8762 7155 7136 6965 6984 7156 7137 6966 6985 
8763 7156 7137 6966 6985 7157 7138 6967 6986 
8764 7157 7138 6967 6986 7158 7139 6968 6987 
8765 7158 7139 6968 6987 7159 7140 6969 6988 
8766 7159 7140 6969 6988 7160 7141 6970 6989 
8767 7160 7141 6970 6989 7161 7142 6971 6990 
8768 7161 7142 6971 6990 7162 7143 6972 6991 
8769 7162 7143 6972 6991 7163 7144 6973 6992 
8770 7163 7144 6973 6992 7164 7145 6974 6993 
8771 7164 7145 6974 6993 7165 7146 6975 6994 
8772 7165 7146 6975 6994 7166 7147 6976 6995 
8773 7166 7147 6976 6995 7167 7148 6977 6996 
8774 7167 7148 6977 6996 7168 7149 6978 6997 
8775 7168 7149 6978 6997 7169 7150 6979 6998 
8776 7169 7150 6979 6998 7170 7151 6980 6999 
8777 7170 7151 6980 6999 7171 7152 6981 7000 
8778 7171 7152 6981 7000 2653 2652 2643 2644 
8779 620 619 610 611 7172 7153 6982 7001 
8780 7172 7153 6982 7001 7173 7154 6983 7002 
8781 7173 7154 6983 7002 7174 7155 6984 7003 
8782 7174 7155 6984 7003 7175 7156 6985 7004 
8783 7175 7156 6985 7004 7176 7157 6986 7005 
8784 7176 7157 6986 7005 7177 7158 6987 7006 
8785 7177 7158 6987 7006 7178 7159 6988 7007 
8786 7178 7159 6988 7007 7179 7160 6989 7008 
8787 7179 7160 6989 7008 7180 7161 6990 7009 
8788 7180 7161 6990 7009 7181 7162 6991 7010 
8789 7181 7162 6991 7010 7182 7163 6992 7011 
8790 7182 7163 6992 7011 7183 7164 6993 7012 
8791 7183 7164 6993 7012 7184 7165 6994 7013 
8792 7184 7165 6994 7013 7185 7166 6995 7014 
8793 7185 7166 6995 7014 7186 7167 6996 7015 
8794 7186 7167 6996 7015 7187 7168 6997 7016 
8795 7187 7168 6997 7016 7188 7169 6998 7017 
8796 7188 7169 6998 7017 7189 7170 6999 7018 
8797 7189 7170 6999 7018 7190 7171 7000 7019 
8798 7190 7171 7000 7019 2654 2653 2644 2645 
8799 621 620 611 612 7191 7172 7001 7020 
8800 7191 7172 7001 7020 7192 7173 7002 7021 
8801 7192 7173 7002 7021 7193 7174 7003 7022 
8802 7193 7174 7003 7022 7194 7175 7004 7023 
8803 7194 7175 7004 7023 7195 7176 7005 7024 
8804 7195 7176 7005 7024 7196 7177 7006 7025 
8805 7196 7177 7006 7025 7197 7178 7007 7026 
8806 7197 7178 7007 7026 7198 7179 7008 7027 
8807 7198 7179 7008 7027 7199 7180 7009 7028 
8808 7199 7180 7009 7028 7200 7181 7010 7029 
8809 7200 7181 7010 7029 7201 7182 7011 7030 
8810 7201 7182 7011 7030 7202 7183 7012 7031 
8811 7202 7183 7012 7031 7203 7184 7013 7032 
8812 7203 7184 7013 7032 7204 7185 7014 7033 
8813 7204 7185 7014 7033 7205 7186 7015 7034 
8814 7205 7186 7015 7034 7206 7187 7016 7035 
8815 7206 7187 7016 7035 7207 7188 7017 7036 
8816 7207 7188 7017 7036 7208 7189 7018 7037 
8817 7208 7189 7018 7037 7209 7190 7019 7038 
8818 7209 7190 7019 7038 2655 2654 2645 2646 
8819 96 621 612 95 2355 7191 7020 2336 
8820 2355 7191 7020 2336 2356 7192 7021 2337 
8821 2356 7192 7021 2337 2357 7193 7022 2338 
8822 2357 7193 7022 2338 2358 7194 7023 2339 
8823 2358 7194 7023 2339 2359 7195 7024 2340 
8824 2359 7195 7024 2340 2360 7196 7025 2341 
8825 2360 7196 7025 2341 2361 7197 7026 2342 
8826 2361 7197 7026 2342 2362 7198 7027 2343 
8827 2362 7198 7027 2343 2363 7199 7028 2344 
8828 2363 7199 7028 2344 2364 7200 7029 2345 
8829 2364 7200 7029 2345 2365 7201 7030 2346 
8830 2365 7201 7030 2346 2366 7202 7031 2347 
8831 2366 7202 7031 2347 2367 7203 7032 2348 
8832 2367 7203 7032 2348 2368 7204 7033 2349 
8833 2368 7204 7033 2349 2369 7205 7034 2350 
8834 2369 7205 7034 2350 2370 7206 7035 2351 
8835 2370 7206 7035 2351 2371 7207 7036 2352 
8836 2371 7207 7036 2352 2372 7208 7037 2353 
8837 2372 7208 7037 2353 2373 7209 7038 2354 
8838 2373 7209 7038 2354 318 2655 2646 317 
8839 622 79 78 613 7210 1951 1932 7039 
8840 7210 1951 1932 7039 7211 1952 1933 7040 
8841 7211 1952 1933 7040 7212 1953 1934 7041 
8842 7212 1953 1934 7041 7213 1954 1935 7042 
8843 7213 1954 1935 7042 7214 1955 1936 7043 
8844 7214 1955 1936 7043 7215 1956 1937 7044 
8845 7215 1956 1937 7044 7216 1957 1938 7045 
8846 7216 1957 1938 7045 7217 1958 1939 7046 
8847 7217 1958 1939 7046 7218 1959 1940 7047 
8848 7218 1959 1940 7047 7219 1960 1941 7048 
8849 7219 1960 1941 7048 7220 1961 1942 7049 
8850 7220 1961 1942 7049 7221 1962 1943 7050 
8851 7221 1962 1943 7050 7222 1963 1944 7051 
8852 7222 1963 1944 7051 7223 1964 1945 7052 
8853 7223 1964 1945 7052 7224 1965 1946 7053 
8854 7224 1965 1946 7053 7225 1966 1947 7054 
8855 7225 1966 1947 7054 7226 1967 1948 7055 
8856 7226 1967 1948 7055 7227 1968 1949 7056 
8857 7227 1968 1949 7056 7228 1969 1950 7057 
8858 7228 1969 1950 7057 2656 263 262 2647 
8859 623 622 613 614 7229 7210 7039 7058 
8860 7229 7210 7039 7058 7230 7211 7040 7059 
8861 7230 7211 7040 7059 7231 7212 7041 7060 
8862 7231 7212 7041 7060 7232 7213 7042 7061 
8863 7232 7213 7042 7061 7233 7214 7043 7062 
8864 7233 7214 7043 7062 7234 7215 7044 7063 
8865 7234 7215 7044 7063 7235 7216 7045 7064 
8866 7235 7216 7045 7064 7236 7217 7046 7065 
8867 7236 7217 7046 7065 7237 7218 7047 7066 
8868 7237 7218 7047 7066 7238 7219 7048 7067 
8869 7238 7219 7048 7067 7239 7220 7049 7068 
8870 7239 7220 7049 7068 7240 7221 7050 7069 
8871 7240 7221 7050 7069 7241 7222 7051 7070 
8872 7241 7222 7051 7070 7242 7223 7052 7071 
8873 7242 7223 7052 7071 7243 7224 7053 7072 
8874 7243 7224 7053 7072 7244 7225 7054 7073 
8875 7244 7225 7054 7073 7245 7226 7055 7074 
8876 7245 7226 7055 7074 7246 7227 7056 7075 
8877 7246 7227 7056 7075 7247 7228 7057 7076 
8878 7247 7228 7057 7076 2657 2656 2647 2648 
8879 624 623 614 615 7248 7229 7058 7077 
8880 7248 7229 7058 7077 7249 7230 7059 7078 
8881 7249 7230 7059 7078 7250 7231 7060 7079 
8882 7250 7231 7060 7079 7251 7232 7061 7080 
8883 7251 7232 7061 7080 7252 7233 7062 7081 
8884 7252 7233 7062 7081 7253 7234 7063 7082 
8885 7253 7234 7063 7082 7254 7235 7064 7083 
8886 7254 7235 7064 7083 7255 7236 7065 7084 
8887 7255 7236 7065 7084 7256 7237 7066 7085 
8888 7256 7237 7066 7085 7257 7238 7067 7086 
8889 7257 7238 7067 7086 7258 7239 7068 7087 
8890 7258 7239 7068 7087 7259 7240 7069 7088 
8891 7259 7240 7069 7088 7260 7241 7070 7089 
8892 7260 7241 7070 7089 7261 7242 7071 7090 
8893 7261 7242 7071 7090 7262 7243 7072 7091 
8894 7262 7243 7072 7091 7263 7244 7073 7092 
8895 7263 7244 7073 7092 7264 7245 7074 7093 
8896 7264 7245 7074 7093 7265 7246 7075 7094 
8897 7265 7246 7075 7094 7266 7247 7076 7095 
8898 7266 7247 7076 7095 2658 2657 2648 2649 
8899 625 624 615 616 7267 7248 7077 7096 
8900 7267 7248 7077 7096 7268 7249 7078 7097 
8901 7268 7249 7078 7097 7269 7250 7079 7098 
8902 7269 7250 7079 7098 7270 7251 7080 7099 
8903 7270 7251 7080 7099 7271 7252 7081 7100 
8904 7271 7252 7081 7100 7272 7253 7082 7101 
8905 7272 7253 7082 7101 7273 7254 7083 7102 
8906 7273 7254 7083 7102 7274 7255 7084 7103 
8907 7274 7255 7084 7103 7275 7256 7085 7104 
8908 7275 7256 7085 7104 7276 7257 7086 7105 
8909 7276 7257 7086 7105 7277 7258 7087 7106 
8910 7277 7258 7087 7106 7278 7259 7088 7107 
8911 7278 7259 7088 7107 7279 7260 7089 7108 
8912 7279 7260 7089 7108 7280 7261 7090 7109 
8913 7280 7261 7090 7109 7281 7262 7091 7110 
8914 7281 7262 7091 7110 7282 7263 7092 7111 
8915 7282 7263 7092 7111 7283 7264 7093 7112 
8916 7283 7264 7093 7112 7284 7265 7094 7113 
8917 7284 7265 7094 7113 7285 7266 7095 7114 
8918 7285 7266 7095 7114 2659 2658 2649 2650 
8919 626 625 616 617 7286 7267 7096 7115 
8920 7286 7267 7096 7115 7287 7268 7097 7116 
8921 7287 7268 7097 7116 7288 7269 7098 7117 
8922 7288 7269 7098 7117 7289 7270 7099 7118 
8923 7289 7270 7099 7118 7290 7271 7100 7119 
8924 7290 7271 7100 7119 7291 7272 7101 7120 
8925 7291 7272 7101 7120 7292 7273 7102 7121 
8926 7292 7273 7102 7121 7293 7274 7103 7122 
8927 7293 7274 7103 7122 7294 7275 7104 7123 
8928 7294 7275 7104 7123 7295 7276 7105 7124 
8929 7295 7276 7105 7124 7296 7277 7106 7125 
8930 7296 7277 7106 7125 7297 7278 7107 7126 
8931 7297 7278 7107 7126 7298 7279 7108 7127 
8932 7298 7279 7108 7127 7299 7280 7109 7128 
8933 7299 7280 7109 7128 7300 7281 7110 7129 
8934 7300 7281 7110 7129 7301 7282 7111 7130 
8935 7301 7282 7111 7130 7302 7283 7112 7131 
8936 7302 7283 7112 7131 7303 7284 7113 7132 
8937 7303 7284 7113 7132 7304 7285 7114 7133 
8938 7304 7285 7114 7133 2660 2659 2650 2651 
8939 627 626 617 618 7305 7286 7115 7134 
8940 7305 7286 7115 7134 7306 7287 7116 7135 
8941 7306 7287 7116 7135 7307 7288 7117 7136 
8942 7307 7288 7117 7136 7308 7289 7118 7137 
8943 7308 7289 7118 7137 7309 7290 7119 7138 
8944 7309 7290 7119 7138 7310 7291 7120 7139 
8945 7310 7291 7120 7139 7311 7292 7121 7140 
8946 7311 7292 7121 7140 7312 7293 7122 7141 
8947 7312 7293 7122 7141 7313 7294 7123 7142 
8948 7313 7294 7123 7142 7314 7295 7124 7143 
8949 7314 7295 7124 7143 7315 7296 7125 7144 
8950 7315 7296 7125 7144 7316 7297 7126 7145 
8951 7316 7297 7126 7145 7317 7298 7127 7146 
8952 7317 7298 7127 7146 7318 7299 7128 7147 
8953 7318 7299 7128 7147 7319 7300 7129 7148 
8954 7319 7300 7129 7148 7320 7301 7130 7149 
8955 7320 7301 7130 7149 7321 7302 7131 7150 
8956 7321 7302 7131 7150 7322 7303 7132 7151 
8957 7322 7303 7132 7151 7323 7304 7133 7152 
8958 7323 7304 7133 7152 2661 2660 2651 2652 
8959 628 627 618 619 7324 7305 7134 7153 
8960 7324 7305 7134 7153 7325 7306 7135 7154 
8961 7325 7306 7135 7154 7326 7307 7136 7155 
8962 7326 7307 7136 7155 7327 7308 7137 7156 
8963 7327 7308 7137 7156 7328 7309 7138 7157 
8964 7328 7309 7138 7157 7329 7310 7139 7158 
8965 7329 7310 7139 7158 7330 7311 7140 7159 
8966 7330 7311 7140 7159 7331 7312 7141 7160 
8967 7331 7312 7141 7160 7332 7313 7142 7161 
8968 7332 7313 7142 7161 7333 7314 7143 7162 
8969 7333 7314 7143 7162 7334 7315 7144 7163 
8970 7334 7315 7144 7163 7335 7316 7145 7164 
8971 7335 7316 7145 7164 7336 7317 7146 7165 
8972 7336 7317 7146 7165 7337 7318 7147 7166 
8973 7337 7318 7147 7166 7338 7319 7148 7167 
8974 7338 7319 7148 7167 7339 7320 7149 7168 
8975 7339 7320 7149 7168 7340 7321 7150 7169 
8976 7340 7321 7150 7169 7341 7322 7151 7170 
8977 7341 7322 7151 7170 7342 7323 7152 7171 
8978 7342 7323 7152 7171 2662 2661 2652 2653 
8979 629 628 619 620 7343 7324 7153 7172 
8980 7343 7324 7153 7172 7344 7325 7154 7173 
8981 7344 7325 7154 7173 7345 7326 7155 7174 
8982 7345 7326 7155 7174 7346 7327 7156 7175 
8983 7346 7327 7156 7175 7347 7328 7157 7176 
8984 7347 7328 7157 7176 7348 7329 7158 7177 
8985 7348 7329 7158 7177 7349 7330 7159 7178 
8986 7349 7330 7159 7178 7350 7331 7160 7179 
8987 7350 7331 7160 7179 7351 7332 7161 7180 
8988 7351 7332 7161 7180 7352 7333 7162 7181 
8989 7352 7333 7162 7181 7353 7334 7163 7182 
8990 7353 7334 7163 7182 7354 7335 7164 7183 
8991 7354 7335 7164 7183 7355 7336 7165 7184 
8992 7355 7336 7165 7184 7356 7337 7166 7185 
8993 7356 7337 7166 7185 7357 7338 7167 7186 
8994 7357 7338 7167 7186 7358 7339 7168 7187 
8995 7358 7339 7168 7187 7359 7340 7169 7188 
8996 7359 7340 7169 7188 7360 7341 7170 7189 
8997 7360 7341 7170 7189 7361 7342 7171 7190 
8998 7361 7342 7171 7190 2663 2662 2653 2654 
8999 630 629 620 621 7362 7343 7172 7191 
9000 7362 7343 7172 7191 7363 7344 7173 7192 
9001 7363 7344 7173 7192 7364 7345 7174 7193 
9002 7364 7345 7174 7193 7365 7346 7175 7194 
9003 7365 7346 7175 7194 7366 7347 7176 7195 
9004 7366 7347 7176 7195 7367 7348 7177 7196 
9005 7367 7348 7177 7196 7368 7349 7178 7197 
9006 7368 7349 7178 7197 7369 7350 7179 7198 
9007 7369 7350 7179 7198 7370 7351 7180 7199 
9008 7370 7351 7180 7199 7371 7352 7181 7200 
9009 7371 7352 7181 7200 7372 7353 7182 7201 
9010 7372 7353 7182 7201 7373 7354 7183 7202 
9011 7373 7354 7183 7202 7374 7355 7184 7203 
9012 7374 7355 7184 7203 7375 7356 7185 7204 
9013 7375 7356 7185 7204 7376 7357 7186 7205 
9014 7376 7357 7186 7205 7377 7358 7187 7206 
9015 7377 7358 7187 7206 7378 7359 7188 7207 
9016 7378 7359 7188 7207 7379 7360 7189 7208 
9017 7379 7360 7189 7208 7380 7361 7190 7209 
9018 7380 7361 7190 7209 2664 2663 2654 2655 
9019 97 630 621 96 2374 7362 7191 2355 
9020 2374 7362 7191 2355 2375 7363 7192 2356 
9021 2375 7363 7192 2356 2376 7364 7193 2357 
9022 2376 7364 7193 2357 2377 7365 7194 2358 
9023 2377 7365 7194 2358 2378 7366 7195 2359 
9024 2378 7366 7195 2359 2379 7367 7196 2360 
9025 2379 7367 7196 2360 2380 7368 7197 2361 
9026 2380 7368 7197 2361 2381 7369 7198 2362 
9027 2381 7369 7198 2362 2382 7370 7199 2363 
9028 2382 7370 7199 2363 2383 7371 7200 2364 
9029 2383 7371 7200 2364 2384 7372 7201 2365 
9030 2384 7372 7201 2365 2385 7373 7202 2366 
9031 2385 7373 7202 2366 2386 7374 7203 2367 
9032 2386 7374 7203 2367 2387 7375 7204 2368 
9033 2387 7375 7204 2368 2388 7376 7205 2369 
9034 2388 7376 7205 2369 2389 7377 7206 2370 
9035 2389 7377 7206 2370 2390 7378 7207 2371 
9036 2390 7378 7207 2371 2391 7379 7208 2372 
9037 2391 7379 7208 2372 2392 7380 7209 2373 
9038 2392 7380 7209 2373 319 2664 2655 318 
9039 631 80 79 622 7381 1970 1951 7210 
9040 7381 1970 1951 7210 7382 1971 1952 7211 
9041 7382 1971 1952 7211 7383 1972 1953 7212 
9042 7383 1972 1953 7212 7384 1973 1954 7213 
9043 7384 1973 1954 7213 7385 1974 1955 7214 
9044 7385 1974 1955 7214 7386 1975 1956 7215 
9045 7386 1975 1956 7215 7387 1976 1957 7216 
9046 7387 1976 1957 7216 7388 1977 1958 7217 
9047 7388 1977 1958 7217 7389 1978 1959 7218 
9048 7389 1978 1959 7218 7390 1979 1960 7219 
9049 7390 1979 1960 7219 7391 1980 1961 7220 
9050 7391 1980 1961 7220 7392 1981 1962 7221 
9051 7392 1981 1962 7221 7393 1982 1963 7222 
9052 7393 1982 1963 7222 7394 1983 1964 7223 
9053 7394 1983 1964 7223 7395 1984 1965 7224 
9054 7395 1984 1965 7224 7396 1985 1966 7225 
9055 7396 1985 1966 7225 7397 1986 1967 7226 
9056 7397 1986 1967 7226 7398 1987 1968 7227 
9057 7398 1987 1968 7227 7399 1988 1969 7228 
9058 7399 1988 1969 7228 2665 264 263 2656 
9059 632 631 622 623 7400 7381 7210 7229 
9060 7400 7381 7210 7229 7401 7382 7211 7230 
9061 7401 7382 7211 7230 7402 7383 7212 7231 
9062 7402 7383 7212 7231 7403 7384 7213 7232 
9063 7403 7384 7213 7232 7404 7385 7214 7233 
9064 7404 7385 7214 7233 7405 7386 7215 7234 
9065 7405 7386 7215 7234 7406 7387 7216 7235 
9066 7406 7387 7216 7235 7407 7388 7217 7236 
9067 7407 7388 7217 7236 7408 7389 7218 7237 
9068 7408 7389 7218 7237 7409 7390 7219 7238 
9069 7409 7390 7219 7238 7410 7391 7220 7239 
9070 7410 7391 7220 7239 7411 7392 7221 7240 
9071 7411 7392 7221 7240 7412 7393 7222 7241 
9072 7412 7393 7222 7241 7413 7394 7223 7242 
9073 7413 7394 7223 7242 7414 7395 7224 7243 
9074 7414 7395 7224 7243 7415 7396 7225 7244 
9075 7415 7396 7225 7244 7416 7397 7226 7245 
9076 7416 7397 7226 7245 7417 7398 7227 7246 
9077 7417 7398 7227 7246 7418 7399 7228 7247 
9078 7418 7399 7228 7247 2666 2665 2656 2657 
9079 633 632 623 624 7419 7400 7229 7248 
9080 7419 7400 7229 7248 7420 7401 7230 7249 
9081 7420 7401 7230 7249 7421 7402 7231 7250 
9082 7421 7402 7231 7250 7422 7403 7232 7251 
9083 7422 7403 7232 7251 7423 7404 7233 7252 
9084 7423 7404 7233 7252 7424 7405 7234 7253 
9085 7424 7405 7234 7253 7425 7406 7235 7254 
9086 7425 7406 7235 7254 7426 7407 7236 7255 
9087 7426 7407 7236 7255 7427 7408 7237 7256 
9088 7427 7408 7237 7256 7428 7409 7238 7257 
9089 7428 7409 7238 7257 7429 7410 7239 7258 
9090 7429 7410 7239 7258 7430 7411 7240 7259 
9091 7430 7411 7240 7259 7431 7412 7241 7260 
9092 7431 7412 7241 7260 7432 7413 7242 7261 
9093 7432 7413 7242 7261 7433 7414 7243 7262 
9094 7433 7414 7243 7262 7434 7415 7244 7263 
9095 7434 7415 7244 7263 7435 7416 7245 7264 
9096 7435 7416 7245 7264 7436 7417 7246 7265 
9097 7436 7417 7246 7265 7437 7418 7247 7266 
9098 7437 7418 7247 7266 2667 2666 2657 2658 
9099 634 633 624 625 7438 7419 7248 7267 
9100 7438 7419 7248 7267 7439 7420 7249 7268 
9101 7439 7420 7249 7268 7440 7421 7250 7269 
9102 7440 7421 7250 7269 7441 7422 7251 7270 
9103 7441 7422 7251 7270 7442 7423 7252 7271 
9104 7442 7423 7252 7271 7443 7424 7253 7272 
9105 7443 7424 7253 7272 7444 7425 7254 7273 
9106 7444 7425 7254 7273 7445 7426 7255 7274 
9107 7445 7426 7255 7274 7446 7427 7256 7275 
9108 7446 7427 7256 7275 7447 7428 7257 7276 
9109 7447 7428 7257 7276 7448 7429 7258 7277 
9110 7448 7429 7258 7277 7449 7430 7259 7278 
9111 7449 7430 7259 7278 7450 7431 7260 7279 
9112 7450 7431 7260 7279 7451 7432 7261 7280 
9113 7451 7432 7261 7280 7452 7433 7262 7281 
9114 7452 7433 7262 7281 7453 7434 7263 7282 
9115 7453 7434 7263 7282 7454 7435 7264 7283 
9116 7454 7435 7264 7283 7455 7436 7265 7284 
9117 7455 7436 7265 7284 7456 7437 7266 7285 
9118 7456 7437 7266 7285 2668 2667 2658 2659 
9119 635 634 625 626 7457 7438 7267 7286 
9120 7457 7438 7267 7286 7458 7439 7268 7287 
9121 7458 7439 7268 7287 7459 7440 7269 7288 
9122 7459 7440 7269 7288 7460 7441 7270 7289 
9123 7460 7441 7270 7289 7461 7442 7271 7290 
9124 7461 7442 7271 7290 7462 7443 7272 7291 
9125 7462 7443 7272 7291 7463 7444 7273 7292 
9126 7463 7444 7273 7292 7464 7445 7274 7293 
9127 7464 7445 7274 7293 7465 7446 7275 7294 
9128 7465 7446 7275 7294 7466 7447 7276 7295 
9129 7466 7447 7276 7295 7467 7448 7277 7296 
9130 7467 7448 7277 7296 7468 7449 7278 7297 
9131 7468 7449 7278 7297 7469 7450 7279 7298 
9132 7469 7450 7279 7298 7470 7451 7280 7299 
9133 7470 7451 7280 7299 7471 7452 7281 7300 
9134 7471 7452 7281 7300 7472 7453 7282 7301 
9135 7472 7453 7282 7301 7473 7454 7283 7302 
9136 7473 7454 7283 7302 7474 7455 7284 7303 
9137 7474 7455 7284 7303 7475 7456 7285 7304 
9138 7475 7456 7285 7304 2669 2668 2659 2660 
9139 636 635 626 627 7476 7457 7286 7305 
9140 7476 7457 7286 7305 7477 7458 7287 7306 
9141 7477 7458 7287 7306 7478 7459 7288 7307 
9142 7478 7459 7288 7307 7479 7460 7289 7308 
9143 7479 7460 7289 7308 7480 7461 7290 7309 
9144 7480 7461 7290 7309 7481 7462 7291 7310 
9145 7481 7462 7291 7310 7482 7463 7292 7311 
9146 7482 7463 7292 7311 7483 7464 7293 7312 
9147 7483 7464 7293 7312 7484 7465 7294 7313 
9148 7484 7465 7294 7313 7485 7466 7295 7314 
9149 7485 7466 7295 7314 7486 7467 7296 7315 
9150 7486 7467 7296 7315 7487 7468 7297 7316 
9151 7487 7468 7297 7316 7488 7469 7298 7317 
9152 7488 7469 7298 7317 7489 7470 7299 7318 
9153 7489 7470 7299 7318 7490 7471 7300 7319 
9154 7490 7471 7300 7319 7491 7472 7301 7320 
9155 7491 7472 7301 7320 7492 7473 7302 7321 
9156 7492 7473 7302 7321 7493 7474 7303 7322 
9157 7493 7474 7303 7322 7494 7475 7304 7323 
9158 7494 7475 7304 7323 2670 2669 2660 2661 
9159 637 636 627 628 7495 7476 7305 7324 
9160 7495 7476 7305 7324 7496 7477 7306 7325 
9161 7496 7477 7306 7325 7497 7478 7307 7326 
9162 7497 7478 7307 7326 7498 7479 7308 7327 
9163 7498 7479 7308 7327 7499 7480 7309 7328 
9164 7499 7480 7309 7328 7500 7481 7310 7329 
9165 7500 7481 7310 7329 7501 7482 7311 7330 
9166 7501 7482 7311 7330 7502 7483 7312 7331 
9167 7502 7483 7312 7331 7503 7484 7313 7332 
9168 7503 7484 7313 7332 7504 7485 7314 7333 
9169 7504 7485 7314 7333 7505 7486 7315 7334 
9170 7505 7486 7315 7334 7506 7487 7316 7335 
9171 7506 7487 7316 7335 7507 7488 7317 7336 
9172 7507 7488 7317 7336 7508 7489 7318 7337 
9173 7508 7489 7318 7337 7509 7490 7319 7338 
9174 7509 7490 7319 7338 7510 7491 7320 7339 
9175 7510 7491 7320 7339 7511 7492 7321 7340 
9176 7511 7492 7321 7340 7512 7493 7322 7341 
9177 7512 7493 7322 7341 7513 7494 7323 7342 
9178 7513 7494 7323 7342 2671 2670 2661 2662 
9179 638 637 628 629 7514 7495 7324 7343 
9180 7514 7495 7324 7343 7515 7496 7325 7344 
9181 7515 7496 7325 7344 7516 7497 7326 7345 
9182 7516 7497 7326 7345 7517 7498 7327 7346 
9183 7517 7498 7327 7346 7518 7499 7328 7347 
9184 7518 7499 7328 7347 7519 7500 7329 7348 
9185 7519 7500 7329 7348 7520 7501 7330 7349 
9186 7520 7501 7330 7349 7521 7502 7331 7350 
9187 7521 7502 7331 7350 7522 7503 7332 7351 
9188 7522 7503 7332 7351 7523 7504 7333 7352 
9189 7523 7504 7333 7352 7524 7505 7334 7353 
9190 7524 7505 7334 7353 7525 7506 7335 7354 
9191 7525 7506 7335 7354 7526 7507 7336 7355 
9192 7526 7507 7336 7355 7527 7508 7337 7356 
9193 7527 7508 7337 7356 7528 7509 7338 7357 
9194 7528 7509 7338 7357 7529 7510 7339 7358 
9195 7529 7510 7339 7358 7530 7511 7340 7359 
9196 7530 7511 7340 7359 7531 7512 7341 7360 
9197 7531 7512 7341 7360 7532 7513 7342 7361 
9198 7532 7513 7342 7361 2672 2671 2662 2663 
9199 639 638 629 630 7533 7514 7343 7362 
9200 7533 7514 7343 7362 7534 7515 7344 7363 
9201 7534 7515 7344 7363 7535 7516 7345 7364 
9202 7535 7516 7345 7364 7536 7517 7346 7365 
9203 7536 7517 7346 7365 7537 7518 7347 7366 
9204 7537 7518 7347 7366 7538 7519 7348 7367 
9205 7538 7519 7348 7367 7539 7520 7349 7368 
9206 7539 7520 7349 7368 7540 7521 7350 7369 
9207 7540 7521 7350 7369 7541 7522 7351 7370 
9208 7541 7522 7351 7370 7542 7523 7352 7371 
9209 7542 7523 7352 7371 7543 7524 7353 7372 
9210 7543 7524 7353 7372 7544 7525 7354 7373 
9211 7544 7525 7354 7373 7545 7526 7355 7374 
9212 7545 7526 7355 7374 7546 7527 7356 7375 
9213 7546 7527 7356 7375 7547 7528 7357 7376 
9214 7547 7528 7357 7376 7548 7529 7358 7377 
9215 7548 7529 7358 7377 7549 7530 7359 7378 
9216 7549 7530 7359 7378 7550 7531 7360 7379 
9217 7550 7531 7360 7379 7551 7532 7361 7380 
9218 7551 7532 7361 7380 2673 2672 2663 2664 
9219 98 639 630 97 2393 7533 7362 2374 
9220 2393 7533 7362 2374 2394 7534 7363 2375 
9221 2394 7534 7363 2375 2395 7535 7364 2376 
9222 2395 7535 7364 2376 2396 7536 7365 2377 
9223 2396 7536 7365 2377 2397 7537 7366 2378 
9224 2397 7537 7366 2378 2398 7538 7367 2379 
9225 2398 7538 7367 2379 2399 7539 7368 2380 
9226 2399 7539 7368 2380 2400 7540 7369 2381 
9227 2400 7540 7369 2381 2401 7541 7370 2382 
9228 2401 7541 7370 2382 2402 7542 7371 2383 
9229 2402 7542 7371 2383 2403 7543 7372 2384 
9230 2403 7543 7372 2384 2404 7544 7373 2385 
9231 2404 7544 7373 2385 2405 7545 7374 2386 
9232 2405 7545 7374 2386 2406 7546 7375 2387 
9233 2406 7546 7375 2387 2407 7547 7376 2388 
9234 2407 7547 7376 2388 2408 7548 7377 2389 
9235 2408 7548 7377 2389 2409 7549 7378 2390 
9236 2409 7549 7378 2390 2410 7550 7379 2391 
9237 2410 7550 7379 2391 2411 7551 7380 2392 
9238 2411 7551 7380 2392 320 2673 2664 319 
9239 640 81 80 631 7552 1989 1970 7381 
9240 7552 1989 1970 7381 7553 1990 1971 7382 
9241 7553 1990 1971 7382 7554 1991 1972 7383 
9242 7554 1991 1972 7383 7555 1992 1973 7384 
9243 7555 1992 1973 7384 7556 1993 1974 7385 
9244 7556 1993 1974 7385 7557 1994 1975 7386 
9245 7557 1994 1975 7386 7558 1995 1976 7387 
9246 7558 1995 1976 7387 7559 1996 1977 7388 
9247 7559 1996 1977 7388 7560 1997 1978 7389 
9248 7560 1997 1978 7389 7561 1998 1979 7390 
9249 7561 1998 1979 7390 7562 1999 1980 7391 
9250 7562 1999 1980 7391 7563 2000 1981 7392 
9251 7563 2000 1981 7392 7564 2001 1982 7393 
9252 7564 2001 1982 7393 7565 2002 1983 7394 
9253 7565 2002 1983 7394 7566 2003 1984 7395 
9254 7566 2003 1984 7395 7567 2004 1985 7396 
9255 7567 2004 1985 7396 7568 2005 1986 7397 
9256 7568 2005 1986 7397 7569 2006 1987 7398 
9257 7569 2006 1987 7398 7570 2007 1988 7399 
9258 7570 2007 1988 7399 2674 265 264 2665 
9259 641 640 631 632 7571 7552 7381 7400 
9260 7571 7552 7381 7400 7572 7553 7382 7401 
9261 7572 7553 7382 7401 7573 7554 7383 7402 
9262 7573 7554 7383 7402 7574 7555 7384 7403 
9263 7574 7555 7384 7403 7575 7556 7385 7404 
9264 7575 7556 7385 7404 7576 7557 7386 7405 
9265 7576 7557 7386 7405 7577 7558 7387 7406 
9266 7577 7558 7387 7406 7578 7559 7388 7407 
9267 7578 7559 7388 7407 7579 7560 7389 7408 
9268 7579 7560 7389 7408 7580 7561 7390 7409 
9269 7580 7561 7390 7409 7581 7562 7391 7410 
9270 7581 7562 7391 7410 7582 7563 7392 7411 
9271 7582 7563 7392 7411 7583 7564 7393 7412 
9272 7583 7564 7393 7412 7584 7565 7394 7413 
9273 7584 7565 7394 7413 7585 7566 7395 7414 
9274 7585 7566 7395 7414 7586 7567 7396 7415 
9275 7586 7567 7396 7415 7587 7568 7397 7416 
9276 7587 7568 7397 7416 7588 7569 7398 7417 
9277 7588 7569 7398 7417 7589 7570 7399 7418 
9278 7589 7570 7399 7418 2675 2674 2665 2666 
9279 642 641 632 633 7590 7571 7400 7419 
9280 7590 7571 7400 7419 7591 7572 7401 7420 
9281 7591 7572 7401 7420 7592 7573 7402 7421 
9282 7592 7573 7402 7421 7593 7574 7403 7422 
9283 7593 7574 7403 7422 7594 7575 7404 7423 
9284 7594 7575 7404 7423 7595 7576 7405 7424 
9285 7595 7576 7405 7424 7596 7577 7406 7425 
9286 7596 7577 7406 7425 7597 7578 7407 7426 
9287 7597 7578 7407 7426 7598 7579 7408 7427 
9288 7598 7579 7408 7427 7599 7580 7409 7428 
9289 7599 7580 7409 7428 7600 7581 7410 7429 
9290 7600 7581 7410 7429 7601 7582 7411 7430 
9291 7601 7582 7411 7430 7602 7583 7412 7431 
9292 7602 7583 7412 7431 7603 7584 7413 7432 
9293 7603 7584 7413 7432 7604 7585 7414 7433 
9294 7604 7585 7414 7433 7605 7586 7415 7434 
9295 7605 7586 7415 7434 7606 7587 7416 7435 
9296 7606 7587 7416 7435 7607 7588 7417 7436 
9297 7607 7588 7417 7436 7608 7589 7418 7437 
9298 7608 7589 7418 7437 2676 2675 2666 2667 
9299 643 642 633 634 7609 7590 7419 7438 
9300 7609 7590 7419 7438 7610 7591 7420 7439 
9301 7610 7591 7420 7439 7611 7592 7421 7440 
9302 7611 7592 7421 7440 7612 7593 7422 7441 
9303 7612 7593 7422 7441 7613 7594 7423 7442 
9304 7613 7594 7423 7442 7614 7595 7424 7443 
9305 7614 7595 7424 7443 7615 7596 7425 7444 
9306 7615 7596 7425 7444 7616 7597 7426 7445 
9307 7616 7597 7426 7445 7617 7598 7427 7446 
9308 7617 7598 7427 7446 7618 7599 7428 7447 
9309 7618 7599 7428 7447 7619 7600 7429 7448 
9310 7619 7600 7429 7448 7620 7601 7430 7449 
9311 7620 7601 7430 7449 7621 7602 7431 7450 
9312 7621 7602 7431 7450 7622 7603 7432 7451 
9313 7622 7603 7432 7451 7623 7604 7433 7452 
9314 7623 7604 7433 7452 7624 7605 7434 7453 
9315 7624 7605 7434 7453 7625 7606 7435 7454 
9316 7625 7606 7435 7454 7626 7607 7436 7455 
9317 7626 7607 7436 7455 7627 7608 7437 7456 
9318 7627 7608 7437 7456 2677 2676 2667 2668 
9319 644 643 634 635 7628 7609 7438 7457 
9320 7628 7609 7438 7457 7629 7610 7439 7458 
9321 7629 7610 7439 7458 7630 7611 7440 7459 
9322 7630 7611 7440 7459 7631 7612 7441 7460 
9323 7631 7612 7441 7460 7632 7613 7442 7461 
9324 7632 7613 7442 7461 7633 7614 7443 7462 
9325 7633 7614 7443 7462 7634 7615 7444 7463 
9326 7634 7615 7444 7463 7635 7616 7445 7464 
9327 7635 7616 7445 7464 7636 7617 7446 7465 
9328 7636 7617 7446 7465 7637 7618 7447 7466 
9329 7637 7618 7447 7466 7638 7619 7448 7467 
9330 7638 7619 7448 7467 7639 7620 7449 7468 
9331 7639 7620 7449 7468 7640 7621 7450 7469 
9332 7640 7621 7450 7469 7641 7622 7451 7470 
9333 7641 7622 7451 7470 7642 7623 7452 7471 
9334 7642 7623 7452 7471 7643 7624 7453 7472 
9335 7643 7624 7453 7472 7644 7625 7454 7473 
9336 7644 7625 7454 7473 7645 7626 7455 7474 
9337 7645 7626 7455 7474 7646 7627 7456 7475 
9338 7646 7627 7456 7475 2678 2677 2668 2669 
9339 645 644 635 636 7647 7628 7457 7476 
9340 7647 7628 7457 7476 7648 7629 7458 7477 
9341 7648 7629 7458 7477 7649 7630 7459 7478 
9342 7649 7630 7459 7478 7650 7631 7460 7479 
9343 7650 7631 7460 7479 7651 7632 7461 7480 
9344 7651 7632 7461 7480 7652 7633 7462 7481 
9345 7652 7633 7462 7481 7653 7634 7463 7482 
9346 7653 7634 7463 7482 7654 7635 7464 7483 
9347 7654 7635 7464 7483 7655 7636 7465 7484 
9348 7655 7636 7465 7484 7656 7637 7466 7485 
9349 7656 7637 7466 7485 7657 7638 7467 7486 
9350 7657 7638 7467 7486 7658 7639 7468 7487 
9351 7658 7639 7468 7487 7659 7640 7469 7488 
9352 7659 7640 7469 7488 7660 7641 7470 7489 
9353 7660 7641 7470 7489 7661 7642 7471 7490 
9354 7661 7642 7471 7490 7662 7643 7472 7491 
9355 7662 7643 7472 7491 7663 7644 7473 7492 
9356 7663 7644 7473 7492 7664 7645 7474 7493 
9357 7664 7645 7474 7493 7665 7646 7475 7494 
9358 7665 7646 7475 7494 2679 2678 2669 2670 
9359 646 645 636 637 7666 7647 7476 7495 
9360 7666 7647 7476 7495 7667 7648 7477 7496 
9361 7667 7648 7477 7496 7668 7649 7478 7497 
9362 7668 7649 7478 7497 7669 7650 7479 7498 
9363 7669 7650 7479 7498 7670 7651 7480 7499 
9364 7670 7651 7480 7499 7671 7652 7481 7500 
9365 7671 7652 7481 7500 7672 7653 7482 7501 
9366 7672 7653 7482 7501 7673 7654 7483 7502 
9367 7673 7654 7483 7502 7674 7655 7484 7503 
9368 7674 7655 7484 7503 7675 7656 7485 7504 
9369 7675 7656 7485 7504 7676 7657 7486 7505 
9370 7676 7657 7486 7505 7677 7658 7487 7506 
9371 7677 7658 7487 7506 7678 7659 7488 7507 
9372 7678 7659 7488 7507 7679 7660 7489 7508 
9373 7679 7660 7489 7508 7680 7661 7490 7509 
9374 7680 7661 7490 7509 7681 7662 7491 7510 
9375 7681 7662 7491 7510 7682 7663 7492 7511 
9376 7682 7663 7492 7511 7683 7664 7493 7512 
9377 7683 7664 7493 7512 7684 7665 7494 7513 
9378 7684 7665 7494 7513 2680 2679 2670 2671 
9379 647 646 637 638 7685 7666 7495 7514 
9380 7685 7666 7495 7514 7686 7667 7496 7515 
9381 7686 7667 7496 7515 7687 7668 7497 7516 
9382 7687 7668 7497 7516 7688 7669 7498 7517 
9383 7688 7669 7498 7517 7689 7670 7499 7518 
9384 7689 7670 7499 7518 7690 7671 7500 7519 
9385 7690 7671 7500 7519 7691 7672 7501 7520 
9386 7691 7672 7501 7520 7692 7673 7502 7521 
9387 7692 7673 7502 7521 7693 7674 7503 7522 
9388 7693 7674 7503 7522 7694 7675 7504 7523 
9389 7694 7675 7504 7523 7695 7676 7505 7524 
9390 7695 7676 7505 7524 7696 7677 7506 7525 
9391 7696 7677 7506 7525 7697 7678 7507 7526 
9392 7697 7678 7507 7526 7698 7679 7508 7527 
9393 7698 7679 7508 7527 7699 7680 7509 7528 
9394 7699 7680 7509 7528 7700 7681 7510 7529 
9395 7700 7681 7510 7529 7701 7682 7511 7530 
9396 7701 7682 7511 7530 7702 7683 7512 7531 
9397 7702 7683 7512 7531 7703 7684 7513 7532 
9398 7703 7684 7513 7532 2681 2680 2671 2672 
9399 648 647 638 639 7704 7685 7514 7533 
9400 7704 7685 7514 7533 7705 7686 7515 7534 
9401 7705 7686 7515 7534 7706 7687 7516 7535 
9402 7706 7687 7516 7535 7707 7688 7517 7536 
9403 7707 7688 7517 7536 7708 7689 7518 7537 
9404 7708 7689 7518 7537 7709 7690 7519 7538 
9405 7709 7690 7519 7538 7710 7691 7520 7539 
9406 7710 7691 7520 7539 7711 7692 7521 7540 
9407 7711 7692 7521 7540 7712 7693 7522 7541 
9408 7712 7693 7522 7541 7713 7694 7523 7542 
9409 7713 7694 7523 7542 7714 7695 7524 7543 
9410 7714 7695 7524 7543 7715 7696 7525 7544 
9411 7715 7696 7525 7544 7716 7697 7526 7545 
9412 7716 7697 7526 7545 7717 7698 7527 7546 
9413 7717 7698 7527 7546 7718 7699 7528 7547 
9414 7718 7699 7528 7547 7719 7700 7529 7548 
9415 7719 7700 7529 7548 7720 7701 7530 7549 
9416 7720 7701 7530 7549 7721 7702 7531 7550 
9417 7721 7702 7531 7550 7722 7703 7532 7551 
9418 7722 7703 7532 7551 2682 2681 2672 2673 
9419 99 648 639 98 2412 7704 7533 2393 
9420 2412 7704 7533 2393 2413 7705 7534 2394 
9421 2413 7705 7534 2394 2414 7706 7535 2395 
9422 2414 7706 7535 2395 2415 7707 7536 2396 
9423 2415 7707 7536 2396 2416 7708 7537 2397 
9424 2416 7708 7537 2397 2417 7709 7538 2398 
9425 2417 7709 7538 2398 2418 7710 7539 2399 
9426 2418 7710 7539 2399 2419 7711 7540 2400 
9427 2419 7711 7540 2400 2420 7712 7541 2401 
9428 2420 7712 7541 2401 2421 7713 7542 2402 
9429 2421 7713 7542 2402 2422 7714 7543 2403 
9430 2422 7714 7543 2403 2423 7715 7544 2404 
9431 2423 7715 7544 2404 2424 7716 7545 2405 
9432 2424 7716 7545 2405 2425 7717 7546 2406 
9433 2425 7717 7546 2406 2426 7718 7547 2407 
9434 2426 7718 7547 2407 2427 7719 7548 2408 
9435 2427 7719 7548 2408 2428 7720 7549 2409 
9436 2428 7720 7549 2409 2429 7721 7550 2410 
9437 2429 7721 7550 2410 2430 7722 7551 2411 
9438 2430 7722 7551 2411 321 2682 2673 320 
9439 108 3 81 640 2583 201 1989 7552 
9440 2583 201 1989 7552 2584 202 1990 7553 
9441 2584 202 1990 7553 2585 203 1991 7554 
9442 2585 203 1991 7554 2586 204 1992 7555 
9443 2586 204 1992 7555 2587 205 1993 7556 
9444 2587 205 1993 7556 2588 206 1994 7557 
9445 2588 206 1994 7557 2589 207 1995 7558 
9446 2589 207 1995 7558 2590 208 1996 7559 
9447 2590 208 1996 7559 2591 209 1997 7560 
9448 2591 209 1997 7560 2592 210 1998 7561 
9449 2592 210 1998 7561 2593 211 1999 7562 
9450 2593 211 1999 7562 2594 212 2000 7563 
9451 2594 212 2000 7563 2595 213 2001 7564 
9452 2595 213 2001 7564 2596 214 2002 7565 
9453 2596 214 2002 7565 2597 215 2003 7566 
9454 2597 215 2003 7566 2598 216 2004 7567 
9455 2598 216 2004 7567 2599 217 2005 7568 
9456 2599 217 2005 7568 2600 218 2006 7569 
9457 2600 218 2006 7569 2601 219 2007 7570 
9458 2601 219 2007 7570 330 12 265 2674 
9459 107 108 640 641 2564 2583 7552 7571 
9460 2564 2583 7552 7571 2565 2584 7553 7572 
9461 2565 2584 7553 7572 2566 2585 7554 7573 
9462 2566 2585 7554 7573 2567 2586 7555 7574 
9463 2567 2586 7555 7574 2568 2587 7556 7575 
9464 2568 2587 7556 7575 2569 2588 7557 7576 
9465 2569 2588 7557 7576 2570 2589 7558 7577 
9466 2570 2589 7558 7577 2571 2590 7559 7578 
9467 2571 2590 7559 7578 2572 2591 7560 7579 
9468 2572 2591 7560 7579 2573 2592 7561 7580 
9469 2573 2592 7561 7580 2574 2593 7562 7581 
9470 2574 2593 7562 7581 2575 2594 7563 7582 
9471 2575 2594 7563 7582 2576 2595 7564 7583 
9472 2576 2595 7564 7583 2577 2596 7565 7584 
9473 2577 2596 7565 7584 2578 2597 7566 7585 
9474 2578 2597 7566 7585 2579 2598 7567 7586 
9475 2579 2598 7567 7586 2580 2599 7568 7587 
9476 2580 2599 7568 7587 2581 2600 7569 7588 
9477 2581 2600 7569 7588 2582 2601 7570 7589 
9478 2582 2601 7570 7589 329 330 2674 2675 
9479 106 107 641 642 2545 2564 7571 7590 
9480 2545 2564 7571 7590 2546 2565 7572 7591 
9481 2546 2565 7572 7591 2547 2566 7573 7592 
9482 2547 2566 7573 7592 2548 2567 7574 7593 
9483 2548 2567 7574 7593 2549 2568 7575 7594 
9484 2549 2568 7575 7594 2550 2569 7576 7595 
9485 2550 2569 7576 7595 2551 2570 7577 7596 
9486 2551 2570 7577 7596 2552 2571 7578 7597 
9487 2552 2571 7578 7597 2553 2572 7579 7598 
9488 2553 2572 7579 7598 2554 2573 7580 7599 
9489 2554 2573 7580 7599 2555 2574 7581 7600 
9490 2555 2574 7581 7600 2556 2575 7582 7601 
9491 2556 2575 7582 7601 2557 2576 7583 7602 
9492 2557 2576 7583 7602 2558 2577 7584 7603 
9493 2558 2577 7584 7603 2559 2578 7585 7604 
9494 2559 2578 7585 7604 2560 2579 7586 7605 
9495 2560 2579 7586 7605 2561 2580 7587 7606 
9496 2561 2580 7587 7606 2562 2581 7588 7607 
9497 2562 2581 7588 7607 2563 2582 7589 7608 
9498 2563 2582 7589 7608 328 329 2675 2676 
9499 105 106 642 643 2526 2545 7590 7609 
9500 2526 2545 7590 7609 2527 2546 7591 7610 
9501 2527 2546 7591 7610 2528 2547 7592 7611 
9502 2528 2547 7592 7611 2529 2548 7593 7612 
9503 2529 2548 7593 7612 2530 2549 7594 7613 
9504 2530 2549 7594 7613 2531 2550 7595 7614 
9505 2531 2550 7595 7614 2532 2551 7596 7615 
9506 2532 2551 7596 7615 2533 2552 7597 7616 
9507 2533 2552 7597 7616 2534 2553 7598 7617 
9508 2534 2553 7598 7617 2535 2554 7599 7618 
9509 2535 2554 7599 7618 2536 2555 7600 7619 
9510 2536 2555 7600 7619 2537 2556 7601 7620 
9511 2537 2556 7601 7620 2538 2557 7602 7621 
9512 2538 2557 7602 7621 2539 2558 7603 7622 
9513 2539 2558 7603 7622 2540 2559 7604 7623 
9514 2540 2559 7604 7623 2541 2560 7605 7624 
9515 2541 2560 7605 7624 2542 2561 7606 7625 
9516 2542 2561 7606 7625 2543 2562 7607 7626 
9517 2543 2562 7607 7626 2544 2563 7608 7627 
9518 2544 2563 7608 7627 327 328 2676 2677 
9519 104 105 643 644 2507 2526 7609 7628 
9520 2507 2526 7609 7628 2508 2527 7610 7629 
9521 2508 2527 7610 7629 2509 2528 7611 7630 
9522 2509 2528 7611 7630 2510 2529 7612 7631 
9523 2510 2529 7612 7631 2511 2530 7613 7632 
9524 2511 2530 7613 7632 2512 2531 7614 7633 
9525 2512 2531 7614 7633 2513 2532 7615 7634 
9526 2513 2532 7615 7634 2514 2533 7616 7635 
9527 2514 2533 7616 7635 2515 2534 7617 7636 
9528 2515 2534 7617 7636 2516 2535 7618 7637 
9529 2516 2535 7618 7637 2517 2536 7619 7638 
9530 2517 2536 7619 7638 2518 2537 7620 7639 
9531 2518 2537 7620 7639 2519 2538 7621 7640 
9532 2519 2538 7621 7640 2520 2539 7622 7641 
9533 2520 2539 7622 7641 2521 2540 7623 7642 
9534 2521 2540 7623 7642 2522 2541 7624 7643 
9535 2522 2541 7624 7643 2523 2542 7625 7644 
9536 2523 2542 7625 7644 2524 2543 7626 7645 
9537 2524 2543 7626 7645 2525 2544 7627 7646 
9538 2525 2544 7627 7646 326 327 2677 2678 
9539 103 104 644 645 2488 2507 7628 7647 
9540 2488 2507 7628 7647 2489 2508 7629 7648 
9541 2489 2508 7629 7648 2490 2509 7630 7649 
9542 2490 2509 7630 7649 2491 2510 7631 7650 
9543 2491 2510 7631 7650 2492 2511 7632 7651 
9544 2492 2511 7632 7651 2493 2512 7633 7652 
9545 2493 2512 7633 7652 2494 2513 7634 7653 
9546 2494 2513 7634 7653 2495 2514 7635 7654 
9547 2495 2514 7635 7654 2496 2515 7636 7655 
9548 2496 2515 7636 7655 2497 2516 7637 7656 
9549 2497 2516 7637 7656 2498 2517 7638 7657 
9550 2498 2517 7638 7657 2499 2518 7639 7658 
9551 2499 2518 7639 7658 2500 2519 7640 7659 
9552 2500 2519 7640 7659 2501 2520 7641 7660 
9553 2501 2520 7641 7660 2502 2521 7642 7661 
9554 2502 2521 7642 7661 2503 2522 7643 7662 
9555 2503 2522 7643 7662 2504 2523 7644 7663 
9556 2504 2523 7644 7663 2505 2524 7645 7664 
9557 2505 2524 7645 7664 2506 2525 7646 7665 
9558 2506 2525 7646 7665 325 326 2678 2679 
9559 102 103 645 646 2469 2488 7647 7666 
9560 2469 2488 7647 7666 2470 2489 7648 7667 
9561 2470 2489 7648 7667 2471 2490 7649 7668 
9562 2471 2490 7649 7668 2472 2491 7650 7669 
9563 2472 2491 7650 7669 2473 2492 7651 7670 
9564 2473 2492 7651 7670 2474 2493 7652 7671 
9565 2474 2493 7652 7671 2475 2494 7653 7672 
9566 2475 2494 7653 7672 2476 2495 7654 7673 
9567 2476 2495 7654 7673 2477 2496 7655 7674 
9568 2477 2496 7655 7674 2478 2497 7656 7675 
9569 2478 2497 7656 7675 2479 2498 7657 7676 
9570 2479 2498 7657 7676 2480 2499 7658 7677 
9571 2480 2499 7658 7677 2481 2500 7659 7678 
9572 2481 2500 7659 7678 2482 2501 7660 7679 
9573 2482 2501 7660 7679 2483 2502 7661 7680 
9574 2483 2502 7661 7680 2484 2503 7662 7681 
9575 2484 2503 7662 7681 2485 2504 7663 7682 
9576 2485 2504 7663 7682 2486 2505 7664 7683 
9577 2486 2505 7664 7683 2487 2506 7665 7684 
9578 2487 2506 7665 7684 324 325 2679 2680 
9579 101 102 646 647 2450 2469 7666 7685 
9580 2450 2469 7666 7685 2451 2470 7667 7686 
9581 2451 2470 7667 7686 2452 2471 7668 7687 
9582 2452 2471 7668 7687 2453 2472 7669 7688 
9583 2453 2472 7669 7688 2454 2473 7670 7689 
9584 2454 2473 7670 7689 2455 2474 7671 7690 
9585 2455 2474 7671 7690 2456 2475 7672 7691 
9586 2456 2475 7672 7691 2457 2476 7673 7692 
9587 2457 2476 7673 7692 2458 2477 7674 7693 
9588 2458 2477 7674 7693 2459 2478 7675 7694 
9589 2459 2478 7675 7694 2460 2479 7676 7695 
9590 2460 2479 7676 7695 2461 2480 7677 7696 
9591 2461 2480 7677 7696 2462 2481 7678 7697 
9592 2462 2481 7678 7697 2463 2482 7679 7698 
9593 2463 2482 7679 7698 2464 2483 7680 7699 
9594 2464 2483 7680 7699 2465 2484 7681 7700 
9595 2465 2484 7681 7700 2466 2485 7682 7701 
9596 2466 2485 7682 7701 2467 2486 7683 7702 
9597 2467 2486 7683 7702 2468 2487 7684 7703 
9598 2468 2487 7684 7703 323 324 2680 2681 
9599 100 101 647 648 2431 2450 7685 7704 
9600 2431 2450 7685 7704 2432 2451 7686 7705 
9601 2432 2451 7686 7705 2433 2452 7687 7706 
9602 2433 2452 7687 7706 2434 2453 7688 7707 
9603 2434 2453 7688 7707 2435 2454 7689 7708 
9604 2435 2454 7689 7708 2436 2455 7690 7709 
9605 2436 2455 7690 7709 2437 2456 7691 7710 
9606 2437 2456 7691 7710 2438 2457 7692 7711 
9607 2438 2457 7692 7711 2439 2458 7693 7712 
9608 2439 2458 7693 7712 2440 2459 7694 7713 
9609 2440 2459 7694 7713 2441 2460 7695 7714 
9610 2441 2460 7695 7714 2442 2461 7696 7715 
9611 2442 2461 7696 7715 2443 2462 7697 7716 
9612 2443 2462 7697 7716 2444 2463 7698 7717 
9613 2444 2463 7698 7717 2445 2464 7699 7718 
9614 2445 2464 7699 7718 2446 2465 7700 7719 
9615 2446 2465 7700 7719 2447 2466 7701 7720 
9616 2447 2466 7701 7720 2448 2467 7702 7721 
9617 2448 2467 7702 7721 2449 2468 7703 7722 
9618 2449 2468 7703 7722 322 323 2681 2682 
9619 8 100 648 99 350 2431 7704 2412 
9620 350 2431 7704 2412 351 2432 7705 2413 
9621 351 2432 7705 2413 352 2433 7706 2414 
9622 352 2433 7706 2414 353 2434 7707 2415 
9623 353 2434 7707 2415 354 2435 7708 2416 
9624 354 2435 7708 2416 355 2436 7709 2417 
9625 355 2436 7709 2417 356 2437 7710 2418 
9626 356 2437 7710 2418 357 2438 7711 2419 
9627 357 2438 7711 2419 358 2439 7712 2420 
9628 358 2439 7712 2420 359 2440 7713 2421 
9629 359 2440 7713 2421 360 2441 7714 2422 
9630 360 2441 7714 2422 361 2442 7715 2423 
9631 361 2442 7715 2423 362 2443 7716 2424 
9632 362 2443 7716 2424 363 2444 7717 2425 
9633 363 2444 7717 2425 364 2445 7718 2426 
9634 364 2445 7718 2426 365 2446 7719 2427 
9635 365 2446 7719 2427 366 2447 7720 2428 
9636 366 2447 7720 2428 367 2448 7721 2429 
9637 367 2448 7721 2429 368 2449 7722 2430 
9638 368 2449 7722 2430 17 322 2682 321 
3 4 5 2000
9639 649 37 3 108 7723 1072 201 2583 
9640 7723 1072 201 2583 7724 1073 202 2584 
9641 7724 1073 202 2584 7725 1074 203 2585 
9642 7725 1074 203 2585 7726 1075 204 2586 
9643 7726 1075 204 2586 7727 1076 205 2587 
9644 7727 1076 205 2587 7728 1077 206 2588 
9645 7728 1077 206 2588 7729 1078 207 2589 
9646 7729 1078 207 2589 7730 1079 208 2590 
9647 7730 1079 208 2590 7731 1080 209 2591 
9648 7731 1080 209 2591 7732 1081 210 2592 
9649 7732 1081 210 2592 7733 1082 211 2593 
9650 7733 1082 211 2593 7734 1083 212 2594 
9651 7734 1083 212 2594 7735 1084 213 2595 
9652 7735 1084 213 2595 7736 1085 214 2596 
9653 7736 1085 214 2596 7737 1086 215 2597 
9654 7737 1086 215 2597 7738 1087 216 2598 
9655 7738 1087 216 2598 7739 1088 217 2599 
9656 7739 1088 217 2599 7740 1089 218 2600 
9657 7740 1089 218 2600 7741 1090 219 2601 
9658 7741 1090 219 2601 3025 145 12 330 
9659 650 649 108 107 7742 7723 2583 2564 
9660 7742 7723 2583 2564 7743 7724 2584 2565 
9661 7743 7724 2584 2565 7744 7725 2585 2566 
9662 7744 7725 2585 2566 7745 7726 2586 2567 
9663 7745 7726 2586 2567 7746 7727 2587 2568 
9664 7746 7727 2587 2568 7747 7728 2588 2569 
9665 7747 7728 2588 2569 7748 7729 2589 2570 
9666 7748 7729 2589 2570 7749 7730 2590 2571 
9667 7749 7730 2590 2571 7750 7731 2591 2572 
9668 7750 7731 2591 2572 7751 7732 2592 2573 
9669 7751 7732 2592 2573 7752 7733 2593 2574 
9670 7752 7733 2593 2574 7753 7734 2594 2575 
9671 7753 7734 2594 2575 7754 7735 2595 2576 
9672 7754 7735 2595 2576 7755 7736 2596 2577 
9673 7755 7736 2596 2577 7756 7737 2597 2578 
9674 7756 7737 2597 2578 7757 7738 2598 2579 
9675 7757 7738 2598 2579 7758 7739 2599 2580 
9676 7758 7739 2599 2580 7759 7740 2600 2581 
9677 7759 7740 2600 2581 7760 7741 2601 2582 
9678 7760 7741 2601 2582 3026 3025 330 329 
9679 651 650 107 106 7761 7742 2564 2545 
9680 7761 7742 2564 2545 7762 7743 2565 2546 
9681 7762 7743 2565 2546 7763 7744 2566 2547 
9682 7763 7744 2566 2547 7764 7745 2567 2548 
9683 7764 7745 2567 2548 7765 7746 2568 2549 
9684 7765 7746 2568 2549 7766 7747 2569 2550 
9685 7766 7747 2569 2550 7767 7748 2570 2551 
9686 7767 7748 2570 2551 7768 7749 2571 2552 
9687 7768 7749 2571 2552 7769 7750 2572 2553 
9688 7769 7750 2572 2553 7770 7751 2573 2554 
9689 7770 7751 2573 2554 7771 7752 2574 2555 
9690 7771 7752 2574 2555 7772 7753 2575 2556 
9691 7772 7753 2575 2556 7773 7754 2576 2557 
9692 7773 7754 2576 2557 7774 7755 2577 2558 
9693 7774 7755 2577 2558 7775 7756 2578 2559 
9694 7775 7756 2578 2559 7776 7757 2579 2560 
9695 7776 7757 2579 2560 7777 7758 2580 2561 
9696 7777 7758 2580 2561 7778 7759 2581 2562 
9697 7778 7759 2581 2562 7779 7760 2582 2563 
9698 7779 7760 2582 2563 3027 3026 329 328 
9699 652 651 106 105 7780 7761 2545 2526 
9700 7780 7761 2545 2526 7781 7762 2546 2527 
9701 7781 7762 2546 2527 7782 7763 2547 2528 
9702 7782 7763 2547 2528 7783 7764 2548 2529 
9703 7783 7764 2548 2529 7784 7765 2549 2530 
9704 7784 7765 2549 2530 7785 7766 2550 2531 
9705 7785 7766 2550 2531 7786 7767 2551 2532 
9706 7786 7767 2551 2532 7787 7768 2552 2533 
9707 7787 7768 2552 2533 7788 7769 2553 2534 
9708 7788 7769 2553 2534 7789 7770 2554 2535 
9709 7789 7770 2554 2535 7790 7771 2555 2536 
9710 7790 7771 2555 2536 7791 7772 2556 2537 
9711 7791 7772 2556 2537 7792 7773 2557 2538 
9712 7792 7773 2557 2538 7793 7774 2558 2539 
9713 7793 7774 2558 2539 7794 7775 2559 2540 
9714 7794 7775 2559 2540 7795 7776 2560 2541 
9715 7795 7776 2560 2541 7796 7777 2561 2542 
9716 7796 7777 2561 2542 7797 7778 2562 2543 
9717 7797 7778 2562 2543 7798 7779 2563 2544 
9718 7798 7779 2563 2544 3028 3027 328 327 
9719 653 652 105 104 7799 7780 2526 2507 
9720 7799 7780 2526 2507 7800 7781 2527 2508 
9721 7800 7781 2527 2508 7801 7782 2528 2509 
9722 7801 7782 2528 2509 7802 7783 2529 2510 
9723 7802 7783 2529 2510 7803 7784 2530 2511 
9724 7803 7784 2530 2511 7804 7785 2531 2512 
9725 7804 7785 2531 2512 7805 7786 2532 2513 
9726 7805 7786 2532 2513 7806 7787 2533 2514 
9727 7806 7787 2533 2514 7807 7788 2534 2515 
9728 7807 7788 2534 2515 7808 7789 2535 2516 
9729 7808 7789 2535 2516 7809 7790 2536 2517 
9730 7809 7790 2536 2517 7810 7791 2537 2518 
9731 7810 7791 2537 2518 7811 7792 2538 2519 
9732 7811 7792 2538 2519 7812 7793 2539 2520 
9733 7812 7793 2539 2520 7813 7794 2540 2521 
9734 7813 7794 2540 2521 7814 7795 2541 2522 
9735 7814 7795 2541 2522 7815 7796 2542 2523 
9736 7815 7796 2542 2523 7816 7797 2543 2524 
9737 7816 7797 2543 2524 7817 7798 2544 2525 
9738 7817 7798 2544 2525 3029 3028 327 326 
9739 654 653 104 103 7818 7799 2507 2488 
9740 7818 7799 2507 2488 7819 7800 2508 2489 
9741 7819 7800 2508 2489 7820 7801 2509 2490 
9742 7820 7801 2509 2490 7821 7802 2510 2491 
9743 7821 7802 2510 2491 7822 7803 2511 2492 
9744 7822 7803 2511 2492 7823 7804 2512 2493 
9745 7823 7804 2512 2493 7824 7805 2513 2494 
9746 7824 7805 2513 2494 7825 7806 2514 2495 
9747 7825 7806 2514 2495 7826 7807 2515 2496 
9748 7826 7807 2515 2496 7827 7808 2516 2497 
9749 7827 7808 2516 2497 7828 7809 2517 2498 
9750 7828 7809 2517 2498 7829 7810 2518 2499 
9751 7829 7810 2518 2499 7830 7811 2519 2500 
9752 7830 7811 2519 2500 7831 7812 2520 2501 
9753 7831 7812 2520 2501 7832 7813 2521 2502 
9754 7832 7813 2521 2502 7833 7814 2522 2503 
9755 7833 7814 2522 2503 7834 7815 2523 2504 
9756 7834 7815 2523 2504 7835 7816 2524 2505 
9757 7835 7816 2524 2505 7836 7817 2525 2506 
9758 7836 7817 2525 2506 3030 3029 326 325 
9759 655 654 103 102 7837 7818 2488 2469 
9760 7837 7818 2488 2469 7838 7819 2489 2470 
9761 7838 7819 2489 2470 7839 7820 2490 2471 
9762 7839 7820 2490 2471 7840 7821 2491 2472 
9763 7840 7821 2491 2472 7841 7822 2492 2473 
9764 7841 7822 2492 2473 7842 7823 2493 2474 
9765 7842 7823 2493 2474 7843 7824 2494 2475 
9766 7843 7824 2494 2475 7844 7825 2495 2476 
9767 7844 7825 2495 2476 7845 7826 2496 2477 
9768 7845 7826 2496 2477 7846 7827 2497 2478 
9769 7846 7827 2497 2478 7847 7828 2498 2479 
9770 7847 7828 2498 2479 7848 7829 2499 2480 
9771 7848 7829 2499 2480 7849 7830 2500 2481 
9772 7849 7830 2500 2481 7850 7831 2501 2482 
9773 7850 7831 2501 2482 7851 7832 2502 2483 
9774 7851 7832 2502 2483 7852 7833 2503 2484 
9775 7852 7833 2503 2484 7853 7834 2504 2485 
9776 7853 7834 2504 2485 7854 7835 2505 2486 
9777 7854 7835 2505 2486 7855 7836 2506 2487 
9778 7855 7836 2506 2487 3031 3030 325 324 
9779 656 655 102 101 7856 7837 2469 2450 
9780 7856 7837 2469 2450 7857 7838 2470 2451 
9781 7857 7838 2470 2451 7858 7839 2471 2452 
9782 7858 7839 2471 2452 7859 7840 2472 2453 
9783 7859 7840 2472 2453 7860 7841 2473 2454 
9784 7860 7841 2473 2454 7861 7842 2474 2455 
9785 7861 7842 2474 2455 7862 7843 2475 2456 
9786 7862 7843 2475 2456 7863 7844 2476 2457 
9787 7863 7844 2476 2457 7864 7845 2477 2458 
9788 7864 7845 2477 2458 7865 7846 2478 2459 
9789 7865 7846 2478 2459 7866 7847 2479 2460 
9790 7866 7847 2479 2460 7867 7848 2480 2461 
9791 7867 7848 2480 2461 7868 7849 2481 2462 
9792 7868 7849 2481 2462 7869 7850 2482 2463 
9793 7869 7850 2482 2463 7870 7851 2483 2464 
9794 7870 7851 2483 2464 7871 7852 2484 2465 
9795 7871 7852 2484 2465 7872 7853 2485 2466 
9796 7872 7853 2485 2466 7873 7854 2486 2467 
9797 7873 7854 2486 2467 7874 7855 2487 2468 
9798 7874 7855 2487 2468 3032 3031 324 323 
9799 657 656 101 100 7875 7856 2450 2431 
9800 7875 7856 2450 2431 7876 7857 2451 2432 
9801 7876 7857 2451 2432 7877 7858 2452 2433 
9802 7877 7858 2452 2433 7878 7859 2453 2434 
9803 7878 7859 2453 2434 7879 7860 2454 2435 
9804 7879 7860 2454 2435 7880 7861 2455 2436 
9805 7880 7861 2455 2436 7881 7862 2456 2437 
9806 7881 7862 2456 2437 7882 7863 2457 2438 
9807 7882 7863 2457 2438 7883 7864 2458 2439 
9808 7883 7864 2458 2439 7884 7865 2459 2440 
9809 7884 7865 2459 2440 7885 7866 2460 2441 
9810 7885 7866 2460 2441 7886 7867 2461 2442 
9811 7886 7867 2461 2442 7887 7868 2462 2443 
9812 7887 7868 2462 2443 7888 7869 2463 2444 
9813 7888 7869 2463 2444 7889 7870 2464 2445 
9814 7889 7870 2464 2445 7890 7871 2465 2446 
9815 7890 7871 2465 2446 7891 7872 2466 2447 
9816 7891 7872 2466 2447 7892 7873 2467 2448 
9817 7892 7873 2467 2448 7893 7874 2468 2449 
9818 7893 7874 2468 2449 3033 3032 323 322 
9819 109 657 100 8 2683 7875 2431 350 
9820 2683 7875 2431 350 2684 7876 2432 351 
9821 2684 7876 2432 351 2685 7877 2433 352 
9822 2685 7877 2433 352 2686 7878 2434 353 
9823 2686 7878 2434 353 2687 7879 2435 354 
9824 2687 7879 2435 354 2688 7880 2436 355 
9825 2688 7880 2436 355 2689 7881 2437 356 
9826 2689 7881 2437 356 2690 7882 2438 357 
9827 2690 7882 2438 357 2691 7883 2439 358 
9828 2691 7883 2439 358 2692 7884 2440 359 
9829 2692 7884 2440 359 2693 7885 2441 360 
9830 2693 7885 2441 360 2694 7886 2442 361 
9831 2694 7886 2442 361 2695 7887 2443 362 
9832 2695 7887 2443 362 2696 7888 2444 363 
9833 2696 7888 2444 363 2697 7889 2445 364 
9834 2697 7889 2445 364 2698 7890 2446 365 
9835 2698 7890 2446 365 2699 7891 2447 366 
9836 2699 7891 2447 366 2700 7892 2448 367 
9837 2700 7892 2448 367 2701 7893 2449 368 
9838 2701 7893 2449 368 369 3033 322 17 
9839 658 38 37 649 7894 1091 1072 7723 
9840 7894 1091 1072 7723 7895 1092 1073 7724 
9841 7895 1092 1073 7724 7896 1093 1074 7725 
9842 7896 1093 1074 7725 7897 1094 1075 7726 
9843 7897 1094 1075 7726 7898 1095 1076 7727 
9844 7898 1095 1076 7727 7899 1096 1077 7728 
9845 7899 1096 1077 7728 7900 1097 1078 7729 
9846 7900 1097 1078 7729 7901 1098 1079 7730 
9847 7901 1098 1079 7730 7902 1099 1080 7731 
9848 7902 1099 1080 7731 7903 1100 1081 7732 
9849 7903 1100 1081 7732 7904 1101 1082 7733 
9850 7904 1101 1082 7733 7905 1102 1083 7734 
9851 7905 1102 1083 7734 7906 1103 1084 7735 
9852 7906 1103 1084 7735 7907 1104 1085 7736 
9853 7907 1104 1085 7736 7908 1105 1086 7737 
9854 7908 1105 1086 7737 7909 1106 1087 7738 
9855 7909 1106 1087 7738 7910 1107 1088 7739 
9856 7910 1107 1088 7739 7911 1108 1089 7740 
9857 7911 1108 1089 7740 7912 1109 1090 7741 
9858 7912 1109 1090 7741 3034 146 145 3025 
9859 659 658 649 650 7913 7894 7723 7742 
9860 7913 7894 7723 7742 7914 7895 7724 7743 
9861 7914 7895 7724 7743 7915 7896 7725 7744 
9862 7915 7896 7725 7744 7916 7897 7726 7745 
9863 7916 7897 7726 7745 7917 7898 7727 7746 
9864 7917 7898 7727 7746 7918 7899 7728 7747 
9865 7918 7899 7728 7747 7919 7900 7729 7748 
9866 7919 7900 7729 7748 7920 7901 7730 7749 
9867 7920 7901 7730 7749 7921 7902 7731 7750 
9868 7921 7902 7731 7750 7922 7903 7732 7751 
9869 7922 7903 7732 7751 7923 7904 7733 7752 
9870 7923 7904 7733 7752 7924 7905 7734 7753 
9871 7924 7905 7734 7753 7925 7906 7735 7754 
9872 7925 7906 7735 7754 7926 7907 7736 7755 
9873 7926 7907 7736 7755 7927 7908 7737 7756 
9874 7927 7908 7737 7756 7928 7909 7738 7757 
9875 7928 7909 7738 7757 7929 7910 7739 7758 
9876 7929 7910 7739 7758 7930 7911 7740 7759 
9877 7930 7911 7740 7759 7931 7912 7741 7760 
9878 7931 7912 7741 7760 3035 3034 3025 3026 
9879 660 659 650 651 7932 7913 7742 7761 
9880 7932 7913 7742 7761 7933 7914 7743 7762 
9881 7933 7914 7743 7762 7934 7915 7744 7763 
9882 7934 7915 7744 7763 7935 7916 7745 7764 
9883 7935 7916 7745 7764 7936 7917 7746 7765 
9884 7936 7917 7746 7765 7937 7918 7747 7766 
9885 7937 7918 7747 7766 7938 7919 7748 7767 
9886 7938 7919 7748 7767 7939 7920 7749 7768 
9887 7939 7920 7749 7768 7940 7921 7750 7769 
9888 7940 7921 7750 7769 7941 7922 7751 7770 
9889 7941 7922 7751 7770 7942 7923 7752 7771 
9890 7942 7923 7752 7771 7943 7924 7753 7772 
9891 7943 7924 7753 7772 7944 7925 7754 7773 
9892 7944 7925 7754 7773 7945 7926 7755 7774 
9893 7945 7926 7755 7774 7946 7927 7756 7775 
9894 7946 7927 7756 7775 7947 7928 7757 7776 
9895 7947 7928 7757 7776 7948 7929 7758 7777 
9896 7948 7929 7758 7777 7949 7930 7759 7778 
9897 7949 7930 7759 7778 7950 7931 7760 7779 
9898 7950 7931 7760 7779 3036 3035 3026 3027 
9899 661 660 651 652 7951 7932 7761 7780 
9900 7951 7932 7761 7780 7952 7933 7762 7781 
9901 7952 7933 7762 7781 7953 7934 7763 7782 
9902 7953 7934 7763 7782 7954 7935 7764 7783 
9903 7954 7935 7764 7783 7955 7936 7765 7784 
9904 7955 7936 7765 7784 7956 7937 7766 7785 
9905 7956 7937 7766 7785 7957 7938 7767 7786 
9906 7957 7938 7767 7786 7958 7939 7768 7787 
9907 7958 7939 7768 7787 7959 7940 7769 7788 
9908 7959 7940 7769 7788 7960 7941 7770 7789 
9909 7960 7941 7770 7789 7961 7942 7771 7790 
9910 7961 7942 7771 7790 7962 7943 7772 7791 
9911 7962 7943 7772 7791 7963 7944 7773 7792 
9912 7963 7944 7773 7792 7964 7945 7774 7793 
9913 7964 7945 7774 7793 7965 7946 7775 7794 
9914 7965 7946 7775 7794 7966 7947 7776 7795 
9915 7966 7947 7776 7795 7967 7948 7777 7796 
9916 7967 7948 7777 7796 7968 7949 7778 7797 
9917 7968 7949 7778 7797 7969 7950 7779 7798 
9918 7969 7950 7779 7798 3037 3036 3027 3028 
9919 662 661 652 653 7970 7951 7780 7799 
9920 7970 7951 7780 7799 7971 7952 7781 7800 
9921 7971 7952 7781 7800 7972 7953 7782 7801 
9922 7972 7953 7782 7801 7973 7954 7783 7802 
9923 7973 7954 7783 7802 7974 7955 7784 7803 
9924 7974 7955 7784 7803 7975 7956 7785 7804 
9925 7975 7956 7785 7804 7976 7957 7786 7805 
9926 7976 7957 7786 7805 7977 7958 7787 7806 
9927 7977 7958 7787 7806 7978 7959 7788 7807 
9928 7978 7959 7788 7807 7979 7960 7789 7808 
9929 7979 7960 7789 7808 7980 7961 7790 7809 
9930 7980 7961 7790 7809 7981 7962 7791 7810 
9931 7981 7962 7791 7810 7982 7963 7792 7811 
9932 7982 7963 7792 7811 7983 7964 7793 7812 
9933 7983 7964 7793 7812 7984 7965 7794 7813 
9934 7984 7965 7794 7813 7985 7966 7795 7814 
9935 7985 7966 7795 7814 7986 7967 7796 7815 
9936 7986 7967 7796 7815 7987 7968 7797 7816 
9937 7987 7968 7797 7816 7988 7969 7798 7817 
9938 7988 7969 7798 7817 3038 3037 3028 3029 
9939 663 662 653 654 7989 7970 7799 7818 
9940 7989 7970 7799 7818 7990 7971 7800 7819 
9941 7990 7971 7800 7819 7991 7972 7801 7820 
9942 7991 7972 7801 7820 7992 7973 7802 7821 
9943 7992 7973 7802 7821 7993 7974 7803 7822 
9944 7993 7974 7803 7822 7994 7975 7804 7823 
9945 7994 7975 7804 7823 7995 7976 7805 7824 
9946 7995 7976 7805 7824 7996 7977 7806 7825 
9947 7996 7977 7806 7825 7997 7978 7807 7826 
9948 7997 7978 7807 7826 7998 7979 7808 7827 
9949 7998 7979 7808 7827 7999 7980 7809 7828 
9950 7999 7980 7809 7828 8000 7981 7810 7829 
9951 8000 7981 7810 7829 8001 7982 7811 7830 
9952 8001 7982 7811 7830 8002 7983 7812 7831 
9953 8002 7983 7812 7831 8003 7984 7813 7832 
9954 8003 7984 7813 7832 8004 7985 7814 7833 
9955 8004 7985 7814 7833 8005 7986 7815 7834 
9956 8005 7986 7815 7834 8006 7987 7816 7835 
9957 8006 7987 7816 7835 8007 7988 7817 7836 
9958 8007 7988 7817 7836 3039 3038 3029 3030 
9959 664 663 654 655 8008 7989 7818 7837 
9960 8008 7989 7818 7837 8009 7990 7819 7838 
9961 8009 7990 7819 7838 8010 7991 7820 7839 
9962 8010 7991 7820 7839 8011 7992 7821 7840 
9963 8011 7992 7821 7840 8012 7993 7822 7841 
9964 8012 7993 7822 7841 8013 7994 7823 7842 
9965 8013 7994 7823 7842 8014 7995 7824 7843 
9966 8014 7995 7824 7843 8015 7996 7825 7844 
9967 8015 7996 7825 7844 8016 7997 7826 7845 
9968 8016 7997 7826 7845 8017 7998 7827 7846 
9969 8017 7998 7827 7846 8018 7999 7828 7847 
9970 8018 7999 7828 7847 8019 8000 7829 7848 
9971 8019 8000 7829 7848 8020 8001 7830 7849 
9972 8020 8001 7830 7849 8021 8002 7831 7850 
9973 8021 8002 7831 7850 8022 8003 7832 7851 
9974 8022 8003 7832 7851 8023 8004 7833 7852 
9975 8023 8004 7833 7852 8024 8005 7834 7853 
9976 8024 8005 7834 7853 8025 8006 7835 7854 
9977 8025 8006 7835 7854 8026 8007 7836 7855 
9978 8026 8007 7836 7855 3040 3039 3030 3031 
9979 665 664 655 656 8027 8008 7837 7856 
9980 8027 8008 7837 7856 8028 8009 7838 7857 
9981 8028 8009 7838 7857 8029 8010 7839 7858 
9982 8029 8010 7839 7858 8030 8011 7840 7859 
9983 8030 8011 7840 7859 8031 8012 7841 7860 
9984 8031 8012 7841 7860 8032 8013 7842 7861 
9985 8032 8013 7842 7861 8033 8014 7843 7862 
9986 8033 8014 7843 7862 8034 8015 7844 7863 
9987 8034 8015 7844 7863 8035 8016 7845 7864 
9988 8035 8016 7845 7864 8036 8017 7846 7865 
9989 8036 8017 7846 7865 8037 8018 7847 7866 
9990 8037 8018 7847 7866 8038 8019 7848 7867 
9991 8038 8019 7848 7867 8039 8020 7849 7868 
9992 8039 8020 7849 7868 8040 8021 7850 7869 
9993 8040 8021 7850 7869 8041 8022 7851 7870 
9994 8041 8022 7851 7870 8042 8023 7852 7871 
9995 8042 8023 7852 7871 8043 8024 7853 7872 
9996 8043 8024 7853 7872 8044 8025 7854 7873 
9997 8044 8025 7854 7873 8045 8026 7855 7874 
9998 8045 8026 7855 7874 3041 3040 3031 3032 
9999 666 665 656 657 8046 8027 7856 7875 
10000 8046 8027 7856 7875 8047 8028 7857 7876 
10001 8047 8028 7857 7876 8048 8029 7858 7877 
10002 8048 8029 7858 7877 8049 8030 7859 7878 
10003 8049 8030 7859 7878 8050 8031 7860 7879 
10004 8050 8031 7860 7879 8051 8032 7861 7880 
10005 8051 8032 7861 7880 8052 8033 7862 7881 
10006 8052 8033 7862 7881 8053 8034 7863 7882 
10007 8053 8034 7863 7882 8054 8035 7864 7883 
10008 8054 8035 7864 7883 8055 8036 7865 7884 
10009 8055 8036 7865 7884 8056 8037 7866 7885 
10010 8056 8037 7866 7885 8057 8038 7867 7886 
10011 8057 8038 7867 7886 8058 8039 7868 7887 
10012 8058 8039 7868 7887 8059 8040 7869 7888 
10013 8059 8040 7869 7888 8060 8041 7870 7889 
10014 8060 8041 7870 7889 8061 8042 7871 7890 
10015 8061 8042 7871 7890 8062 8043 7872 7891 
10016 8062 8043 7872 7891 8063 8044 7873 7892 
10017 8063 8044 7873 7892 8064 8045 7874 7893 
10018 8064 8045 7874 7893 3042 3041 3032 3033 
10019 110 666 657 109 2702 8046 7875 2683 
10020 2702 8046 7875 2683 2703 8047 7876 2684 
10021 2703 8047 7876 2684 2704 8048 7877 2685 
10022 2704 8048 7877 2685 2705 8049 7878 2686 
10023 2705 8049 7878 2686 2706 8050 7879 2687 
10024 2706 8050 7879 2687 2707 8051 7880 2688 
10025 2707 8051 7880 2688 2708 8052 7881 2689 
10026 2708 8052 7881 2689 2709 8053 7882 2690 
10027 2709 8053 7882 2690 2710 8054 7883 2691 
10028 2710 8054 7883 2691 2711 8055 7884 2692 
10029 2711 8055 7884 2692 2712 8056 7885 2693 
10030 2712 8056 7885 2693 2713 8057 7886 2694 
10031 2713 8057 7886 2694 2714 8058 7887 2695 
10032 2714 8058 7887 2695 2715 8059 7888 2696 
10033 2715 8059 7888 2696 2716 8060 7889 2697 
10034 2716 8060 7889 2697 2717 8061 7890 2698 
10035 2717 8061 7890 2698 2718 8062 7891 2699 
10036 2718 8062 7891 2699 2719 8063 7892 2700 
10037 2719 8063 7892 2700 2720 8064 7893 2701 
10038 2720 8064 7893 2701 370 3042 3033 369 
10039 667 39 38 658 8065 1110 1091 7894 
10040 8065 1110 1091 7894 8066 1111 1092 7895 
10041 8066 1111 1092 7895 8067 1112 1093 7896 
10042 8067 1112 1093 7896 8068 1113 1094 7897 
10043 8068 1113 1094 7897 8069 1114 1095 7898 
10044 8069 1114 1095 7898 8070 1115 1096 7899 
10045 8070 1115 1096 7899 8071 1116 1097 7900 
10046 8071 1116 1097 7900 8072 1117 1098 7901 
10047 8072 1117 1098 7901 8073 1118 1099 7902 
10048 8073 1118 1099 7902 8074 1119 1100 7903 
10049 8074 1119 1100 7903 8075 1120 1101 7904 
10050 8075 1120 1101 7904 8076 1121 1102 7905 
10051 8076 1121 1102 7905 8077 1122 1103 7906 
10052 8077 1122 1103 7906 8078 1123 1104 7907 
10053 8078 1123 1104 7907 8079 1124 1105 7908 
10054 8079 1124 1105 7908 8080 1125 1106 7909 
10055 8080 1125 1106 7909 8081 1126 1107 7910 
10056 8081 1126 1107 7910 8082 1127 1108 7911 
10057 8082 1127 1108 7911 8083 1128 1109 7912 
10058 8083 1128 1109 7912 3043 147 146 3034 
10059 668 667 658 659 8084 8065 7894 7913 
10060 8084 8065 7894 7913 8085 8066 7895 7914 
10061 8085 8066 7895 7914 8086 8067 7896 7915 
10062 8086 8067 7896 7915 8087 8068 7897 7916 
10063 8087 8068 7897 7916 8088 8069 7898 7917 
10064 8088 8069 7898 7917 8089 8070 7899 7918 
10065 8089 8070 7899 7918 8090 8071 7900 7919 
10066 8090 8071 7900 7919 8091 8072 7901 7920 
10067 8091 8072 7901 7920 8092 8073 7902 7921 
10068 8092 8073 7902 7921 8093 8074 7903 7922 
10069 8093 8074 7903 7922 8094 8075 7904 7923 
10070 8094 8075 7904 7923 8095 8076 7905 7924 
10071 8095 8076 7905 7924 8096 8077 7906 7925 
10072 8096 8077 7906 7925 8097 8078 7907 7926 
10073 8097 8078 7907 7926 8098 8079 7908 7927 
10074 8098 8079 7908 7927 8099 8080 7909 7928 
10075 8099 8080 7909 7928 8100 8081 7910 7929 
10076 8100 8081 7910 7929 8101 8082 7911 7930 
10077 8101 8082 7911 7930 8102 8083 7912 7931 
10078 8102 8083 7912 7931 3044 3043 3034 3035 
10079 669 668 659 660 8103 8084 7913 7932 
10080 8103 8084 7913 7932 8104 8085 7914 7933 
10081 8104 8085 7914 7933 8105 8086 7915 7934 
10082 8105 8086 7915 7934 8106 8087 7916 7935 
10083 8106 8087 7916 7935 8107 8088 7917 7936 
10084 8107 8088 7917 7936 8108 8089 7918 7937 
10085 8108 8089 7918 7937 8109 8090 7919 7938 
10086 8109 8090 7919 7938 8110 8091 7920 7939 
10087 8110 8091 7920 7939 8111 8092 7921 7940 
10088 8111 8092 7921 7940 8112 8093 7922 7941 
10089 8112 8093 7922 7941 8113 8094 7923 7942 
10090 8113 8094 7923 7942 8114 8095 7924 7943 
10091 8114 8095 7924 7943 8115 8096 7925 7944 
10092 8115 8096 7925 7944 8116 8097 7926 7945 
10093 8116 8097 7926 7945 8117 8098 7927 7946 
10094 8117 8098 7927 7946 8118 8099 7928 7947 
10095 8118 8099 7928 7947 8119 8100 7929 7948 
10096 8119 8100 7929 7948 8120 8101 7930 7949 
10097 8120 8101 7930 7949 8121 8102 7931 7950 
10098 8121 8102 7931 7950 3045 3044 3035 3036 
10099 670 669 660 661 8122 8103 7932 7951 
10100 8122 8103 7932 7951 8123 8104 7933 7952 
10101 8123 8104 7933 7952 8124 8105 7934 7953 
10102 8124 8105 7934 7953 8125 8106 7935 7954 
10103 8125 8106 7935 7954 8126 8107 7936 7955 
10104 8126 8107 7936 7955 8127 8108 7937 7956 
10105 8127 8108 7937 7956 8128 8109 7938 7957 
10106 8128 8109 7938 7957 8129 8110 7939 7958 
10107 8129 8110 7939 7958 8130 8111 7940 7959 
10108 8130 8111 7940 7959 8131 8112 7941 7960 
10109 8131 8112 7941 7960 8132 8113 7942 7961 
10110 8132 8113 7942 7961 8133 8114 7943 7962 
10111 8133 8114 7943 7962 8134 8115 7944 7963 
10112 8134 8115 7944 7963 8135 8116 7945 7964 
10113 8135 8116 7945 7964 8136 8117 7946 7965 
10114 8136 8117 7946 7965 8137 8118 7947 7966 
10115 8137 8118 7947 7966 8138 8119 7948 7967 
10116 8138 8119 7948 7967 8139 8120 7949 7968 
10117 8139 8120 7949 7968 8140 8121 7950 7969 
10118 8140 8121 7950 7969 3046 3045 3036 3037 
10119 671 670 661 662 8141 8122 7951 7970 
10120 8141 8122 7951 7970 8142 8123 7952 7971 
10121 8142 8123 7952 7971 8143 8124 7953 7972 
10122 8143 8124 7953 7972 8144 8125 7954 7973 
10123 8144 8125 7954 7973 8145 8126 7955 7974 
10124 8145 8126 7955 7974 8146 8127 7956 7975 
10125 8146 8127 7956 7975 8147 8128 7957 7976 
10126 8147 8128 7957 7976 8148 8129 7958 7977 
10127 8148 8129 7958 7977 8149 8130 7959 7978 
10128 8149 8130 7959 7978 8150 8131 7960 7979 
10129 8150 8131 7960 7979 8151 8132 7961 7980 
10130 8151 8132 7961 7980 8152 8133 7962 7981 
10131 8152 8133 7962 7981 8153 8134 7963 7982 
10132 8153 8134 7963 7982 8154 8135 7964 7983 
10133 8154 8135 7964 7983 8155 8136 7965 7984 
10134 8155 8136 7965 7984 8156 8137 7966 7985 
10135 8156 8137 7966 7985 8157 8138 7967 7986 
10136 8157 8138 7967 7986 8158 8139 7968 7987 
10137 8158 8139 7968 7987 8159 8140 7969 7988 
10138 8159 8140 7969 7988 3047 3046 3037 3038 
10139 672 671 662 663 8160 8141 7970 7989 
10140 8160 8141 7970 7989 8161 8142 7971 7990 
10141 8161 8142 7971 7990 8162 8143 7972 7991 
10142 8162 8143 7972 7991 8163 8144 7973 7992 
10143 8163 8144 7973 7992 8164 8145 7974 7993 
10144 8164 8145 7974 7993 8165 8146 7975 7994 
10145 8165 8146 7975 7994 8166 8147 7976 7995 
10146 8166 8147 7976 7995 8167 8148 7977 7996 
10147 8167 8148 7977 7996 8168 8149 7978 7997 
10148 8168 8149 7978 7997 8169 8150 7979 7998 
10149 8169 8150 7979 7998 8170 8151 7980 7999 
10150 8170 8151 7980 7999 8171 8152 7981 8000 
10151 8171 8152 7981 8000 8172 8153 7982 8001 
10152 8172 8153 7982 8001 8173 8154 7983 8002 
10153 8173 8154 7983 8002 8174 8155 7984 8003 
10154 8174 8155 7984 8003 8175 8156 7985 8004 
10155 8175 8156 7985 8004 8176 8157 7986 8005 
10156 8176 8157 7986 8005 8177 8158 7987 8006 
10157 8177 8158 7987 8006 8178 8159 7988 8007 
10158 8178 8159 7988 8007 3048 3047 3038 3039 
10159 673 672 663 664 8179 8160 7989 8008 
10160 8179 8160 7989 8008 8180 8161 7990 8009 
10161 8180 8161 7990 8009 8181 8162 7991 8010 
10162 8181 8162 7991 8010 8182 8163 7992 8011 
10163 8182 8163 7992 8011 8183 8164 7993 8012 
10164 8183 8164 7993 8012 8184 8165 7994 8013 
10165 8184 8165 7994 8013 8185 8166 7995 8014 
10166 8185 8166 7995 8014 8186 8167 7996 8015 
10167 8186 8167 7996 8015 8187 8168 7997 8016 
10168 8187 8168 7997 8016 8188 8169 7998 8017 
10169 8188 8169 7998 8017 8189 8170 7999 8018 
10170 8189 8170 7999 8018 8190 8171 8000 8019 
10171 8190 8171 8000 8019 8191 8172 8001 8020 
10172 8191 8172 8001 8020 8192 8173 8002 8021 
10173 8192 8173 8002 8021 8193 8174 8003 8022 
10174 8193 8174 8003 8022 8194 8175 8004 8023 
10175 8194 8175 8004 8023 8195 8176 8005 8024 
10176 8195 8176 8005 8024 8196 8177 8006 8025 
10177 8196 8177 8006 8025 8197 8178 8007 8026 
10178 8197 8178 8007 8026 3049 3048 3039 3040 
10179 674 673 664 665 8198 8179 8008 8027 
10180 8198 8179 8008 8027 8199 8180 8009 8028 
10181 8199 8180 8009 8028 8200 8181 8010 8029 
10182 8200 8181 8010 8029 8201 8182 8011 8030 
10183 8201 8182 8011 8030 8202 8183 8012 8031 
10184 8202 8183 8012 8031 8203 8184 8013 8032 
10185 8203 8184 8013 8032 8204 8185 8014 8033 
10186 8204 8185 8014 8033 8205 8186 8015 8034 
10187 8205 8186 8015 8034 8206 8187 8016 8035 
10188 8206 8187 8016 8035 8207 8188 8017 8036 
10189 8207 8188 8017 8036 8208 8189 8018 8037 
10190 8208 8189 8018 8037 8209 8190 8019 8038 
10191 8209 8190 8019 8038 8210 8191 8020 8039 
10192 8210 8191 8020 8039 8211 8192 8021 8040 
10193 8211 8192 8021 8040 8212 8193 8022 8041 
10194 8212 8193 8022 8041 8213 8194 8023 8042 
10195 8213 8194 8023 8042 8214 8195 8024 8043 
10196 8214 8195 8024 8043 8215 8196 8025 8044 
10197 8215 8196 8025 8044 8216 8197 8026 8045 
10198 8216 8197 8026 8045 3050 3049 3040 3041 
10199 675 674 665 666 8217 8198 8027 8046 
10200 8217 8198 8027 8046 8218 8199 8028 8047 
10201 8218 8199 8028 8047 8219 8200 8029 8048 
10202 8219 8200 8029 8048 8220 8201 8030 8049 
10203 8220 8201 8030 8049 8221 8202 8031 8050 
10204 8221 8202 8031 8050 8222 8203 8032 8051 
10205 8222 8203 8032 8051 8223 8204 8033 8052 
10206 8223 8204 8033 8052 8224 8205 8034 8053 
10207 8224 8205 8034 8053 8225 8206 8035 8054 
10208 8225 8206 8035 8054 8226 8207 8036 8055 
10209 8226 8207 8036 8055 8227 8208 8037 8056 
10210 8227 8208 8037 8056 8228 8209 8038 8057 
10211 8228 8209 8038 8057 8229 8210 8039 8058 
10212 8229 8210 8039 8058 8230 8211 8040 8059 
10213 8230 8211 8040 8059 8231 8212 8041 8060 
10214 8231 8212 8041 8060 8232 8213 8042 8061 
10215 8232 8213 8042 8061 8233 8214 8043 8062 
10216 8233 8214 8043 8062 8234 8215 8044 8063 
10217 8234 8215 8044 8063 8235 8216 8045 8064 
10218 8235 8216 8045 8064 3051 3050 3041 3042 
10219 111 675 666 110 2721 8217 8046 2702 
10220 2721 8217 8046 2702 2722 8218 8047 2703 
10221 2722 8218 8047 2703 2723 8219 8048 2704 
10222 2723 8219 8048 2704 2724 8220 8049 2705 
10223 2724 8220 8049 2705 2725 8221 8050 2706 
10224 2725 8221 8050 2706 2726 8222 8051 2707 
10225 2726 8222 8051 2707 2727 8223 8052 2708 
10226 2727 8223 8052 2708 2728 8224 8053 2709 
10227 2728 8224 8053 2709 2729 8225 8054 2710 
10228 2729 8225 8054 2710 2730 8226 8055 2711 
10229 2730 8226 8055 2711 2731 8227 8056 2712 
10230 2731 8227 8056 2712 2732 8228 8057 2713 
10231 2732 8228 8057 2713 2733 8229 8058 2714 
10232 2733 8229 8058 2714 2734 8230 8059 2715 
10233 2734 8230 8059 2715 2735 8231 8060 2716 
10234 2735 8231 8060 2716 2736 8232 8061 2717 
10235 2736 8232 8061 2717 2737 8233 8062 2718 
10236 2737 8233 8062 2718 2738 8234 8063 2719 
10237 2738 8234 8063 2719 2739 8235 8064 2720 
10238 2739 8235 8064 2720 371 3051 3042 370 
10239 676 40 39 667 8236 1129 1110 8065 
10240 8236 1129 1110 8065 8237 1130 1111 8066 
10241 8237 1130 1111 8066 8238 1131 1112 8067 
10242 8238 1131 1112 8067 8239 1132 1113 8068 
10243 8239 1132 1113 8068 8240 1133 1114 8069 
10244 8240 1133 1114 8069 8241 1134 1115 8070 
10245 8241 1134 1115 8070 8242 1135 1116 8071 
10246 8242 1135 1116 8071 8243 1136 1117 8072 
10247 8243 1136 1117 8072 8244 1137 1118 8073 
10248 8244 1137 1118 8073 8245 1138 1119 8074 
10249 8245 1138 1119 8074 8246 1139 1120 8075 
10250 8246 1139 1120 8075 8247 1140 1121 8076 
10251 8247 1140 1121 8076 8248 1141 1122 8077 
10252 8248 1141 1122 8077 8249 1142 1123 8078 
10253 8249 1142 1123 8078 8250 1143 1124 8079 
10254 8250 1143 1124 8079 8251 1144 1125 8080 
10255 8251 1144 1125 8080 8252 1145 1126 8081 
10256 8252 1145 1126 8081 8253 1146 1127 8082 
10257 8253 1146 1127 8082 8254 1147 1128 8083 
10258 8254 1147 1128 8083 3052 148 147 3043 
10259 677 676 667 668 8255 8236 8065 8084 
10260 8255 8236 8065 8084 8256 8237 8066 8085 
10261 8256 8237 8066 8085 8257 8238 8067 8086 
10262 8257 8238 8067 8086 8258 8239 8068 8087 
10263 8258 8239 8068 8087 8259 8240 8069 8088 
10264 8259 8240 8069 8088 8260 8241 8070 8089 
10265 8260 8241 8070 8089 8261 8242 8071 8090 
10266 8261 8242 8071 8090 8262 8243 8072 8091 
10267 8262 8243 8072 8091 8263 8244 8073 8092 
10268 8263 8244 8073 8092 8264 8245 8074 8093 
10269 8264 8245 8074 8093 8265 8246 8075 8094 
10270 8265 8246 8075 8094 8266 8247 8076 8095 
10271 8266 8247 8076 8095 8267 8248 8077 8096 
10272 8267 8248 8077 8096 8268 8249 8078 8097 
10273 8268 8249 8078 8097 8269 8250 8079 8098 
10274 8269 8250 8079 8098 8270 8251 8080 8099 
10275 8270 8251 8080 8099 8271 8252 8081 8100 
10276 8271 8252 8081 8100 8272 8253 8082 8101 
10277 8272 8253 8082 8101 8273 8254 8083 8102 
10278 8273 8254 8083 8102 3053 3052 3043 3044 
10279 678 677 668 669 8274 8255 8084 8103 
10280 8274 8255 8084 8103 8275 8256 8085 8104 
10281 8275 8256 8085 8104 8276 8257 8086 8105 
10282 8276 8257 8086 8105 8277 8258 8087 8106 
10283 8277 8258 8087 8106 8278 8259 8088 8107 
10284 8278 8259 8088 8107 8279 8260 8089 8108 
10285 8279 8260 8089 8108 8280 8261 8090 8109 
10286 8280 8261 8090 8109 8281 8262 8091 8110 
10287 8281 8262 8091 8110 8282 8263 8092 8111 
10288 8282 8263 8092 8111 8283 8264 8093 8112 
10289 8283 8264 8093 8112 8284 8265 8094 8113 
10290 8284 8265 8094 8113 8285 8266 8095 8114 
10291 8285 8266 8095 8114 8286 8267 8096 8115 
10292 8286 8267 8096 8115 8287 8268 8097 8116 
10293 8287 8268 8097 8116 8288 8269 8098 8117 
10294 8288 8269 8098 8117 8289 8270 8099 8118 
10295 8289 8270 8099 8118 8290 8271 8100 8119 
10296 8290 8271 8100 8119 8291 8272 8101 8120 
10297 8291 8272 8101 8120 8292 8273 8102 8121 
10298 8292 8273 8102 8121 3054 3053 3044 3045 
10299 679 678 669 670 8293 8274 8103 8122 
10300 8293 8274 8103 8122 8294 8275 8104 8123 
10301 8294 8275 8104 8123 8295 8276 8105 8124 
10302 8295 8276 8105 8124 8296 8277 8106 8125 
10303 8296 8277 8106 8125 8297 8278 8107 8126 
10304 8297 8278 8107 8126 8298 8279 8108 8127 
10305 8298 8279 8108 8127 8299 8280 8109 8128 
10306 8299 8280 8109 8128 8300 8281 8110 8129 
10307 8300 8281 8110 8129 8301 8282 8111 8130 
10308 8301 8282 8111 8130 8302 8283 8112 8131 
10309 8302 8283 8112 8131 8303 8284 8113 8132 
10310 8303 8284 8113 8132 8304 8285 8114 8133 
10311 8304 8285 8114 8133 8305 8286 8115 8134 
10312 8305 8286 8115 8134 8306 8287 8116 8135 
10313 8306 8287 8116 8135 8307 8288 8117 8136 
10314 8307 8288 8117 8136 8308 8289 8118 8137 
10315 8308 8289 8118 8137 8309 8290 8119 8138 
10316 8309 8290 8119 8138 8310 8291 8120 8139 
10317 8310 8291 8120 8139 8311 8292 8121 8140 
10318 8311 8292 8121 8140 3055 3054 3045 3046 
10319 680 679 670 671 8312 8293 8122 8141 
10320 8312 8293 8122 8141 8313 8294 8123 8142 
10321 8313 8294 8123 8142 8314 8295 8124 8143 
10322 8314 8295 8124 8143 8315 8296 8125 8144 
10323 8315 8296 8125 8144 8316 8297 8126 8145 
10324 8316 8297 8126 8145 8317 8298 8127 8146 
10325 8317 8298 8127 8146 8318 8299 8128 8147 
10326 8318 8299 8128 8147 8319 8300 8129 8148 
10327 8319 8300 8129 8148 8320 8301 8130 8149 
10328 8320 8301 8130 8149 8321 8302 8131 8150 
10329 8321 8302 8131 8150 8322 8303 8132 8151 
10330 8322 8303 8132 8151 8323 8304 8133 8152 
10331 8323 8304 8133 8152 8324 8305 8134 8153 
10332 8324 8305 8134 8153 8325 8306 8135 8154 
10333 8325 8306 8135 8154 8326 8307 8136 8155 
10334 8326 8307 8136 8155 8327 8308 8137 8156 
10335 8327 8308 8137 8156 8328 8309 8138 8157 
10336 8328 8309 8138 8157 8329 8310 8139 8158 
10337 8329 8310 8139 8158 8330 8311 8140 8159 
10338 8330 8311 8140 8159 3056 3055 3046 3047 
10339 681 680 671 672 8331 8312 8141 8160 
10340 8331 8312 8141 8160 8332 8313 8142 8161 
10341 8332 8313 8142 8161 8333 8314 8143 8162 
10342 8333 8314 8143 8162 8334 8315 8144 8163 
10343 8334 8315 8144 8163 8335 8316 8145 8164 
10344 8335 8316 8145 8164 8336 8317 8146 8165 
10345 8336 8317 8146 8165 8337 8318 8147 8166 
10346 8337 8318 8147 8166 8338 8319 8148 8167 
10347 8338 8319 8148 8167 8339 8320 8149 8168 
10348 8339 8320 8149 8168 8340 8321 8150 8169 
10349 8340 8321 8150 8169 8341 8322 8151 8170 
10350 8341 8322 8151 8170 8342 8323 8152 8171 
10351 8342 8323 8152 8171 8343 8324 8153 8172 
10352 8343 8324 8153 8172 8344 8325 8154 8173 
10353 8344 8325 8154 8173 8345 8326 8155 8174 
10354 8345 8326 8155 8174 8346 8327 8156 8175 
10355 8346 8327 8156 8175 8347 8328 8157 8176 
10356 8347 8328 8157 8176 8348 8329 8158 8177 
10357 8348 8329 8158 8177 8349 8330 8159 8178 
10358 8349 8330 8159 8178 3057 3056 3047 3048 
10359 682 681 672 673 8350 8331 8160 8179 
10360 8350 8331 8160 8179 8351 8332 8161 8180 
10361 8351 8332 8161 8180 8352 8333 8162 8181 
10362 8352 8333 8162 8181 8353 8334 8163 8182 
10363 8353 8334 8163 8182 8354 8335 8164 8183 
10364 8354 8335 8164 8183 8355 8336 8165 8184 
10365 8355 8336 8165 8184 8356 8337 8166 8185 
10366 8356 8337 8166 8185 8357 8338 8167 8186 
10367 8357 8338 8167 8186 8358 8339 8168 8187 
10368 8358 8339 8168 8187 8359 8340 8169 8188 
10369 8359 8340 8169 8188 8360 8341 8170 8189 
10370 8360 8341 8170 8189 8361 8342 8171 8190 
10371 8361 8342 8171 8190 8362 8343 8172 8191 
10372 8362 8343 8172 8191 8363 8344 8173 8192 
10373 8363 8344 8173 8192 8364 8345 8174 8193 
10374 8364 8345 8174 8193 8365 8346 8175 8194 
10375 8365 8346 8175 8194 8366 8347 8176 8195 
10376 8366 8347 8176 8195 8367 8348 8177 8196 
10377 8367 8348 8177 8196 8368 8349 8178 8197 
10378 8368 8349 8178 8197 3058 3057 3048 3049 
10379 683 682 673 674 8369 8350 8179 8198 
10380 8369 8350 8179 8198 8370 8351 8180 8199 
10381 8370 8351 8180 8199 8371 8352 8181 8200 
10382 8371 8352 8181 8200 8372 8353 8182 8201 
10383 8372 8353 8182 8201 8373 8354 8183 8202 
10384 8373 8354 8183 8202 8374 8355 8184 8203 
10385 8374 8355 8184 8203 8375 8356 8185 8204 
10386 8375 8356 8185 8204 8376 8357 8186 8205 
10387 8376 8357 8186 8205 8377 8358 8187 8206 
10388 8377 8358 8187 8206 8378 8359 8188 8207 
10389 8378 8359 8188 8207 8379 8360 8189 8208 
10390 8379 8360 8189 8208 8380 8361 8190 8209 
10391 8380 8361 8190 8209 8381 8362 8191 8210 
10392 8381 8362 8191 8210 8382 8363 8192 8211 
10393 8382 8363 8192 8211 8383 8364 8193 8212 
10394 8383 8364 8193 8212 8384 8365 8194 8213 
10395 8384 8365 8194 8213 8385 8366 8195 8214 
10396 8385 8366 8195 8214 8386 8367 8196 8215 
10397 8386 8367 8196 8215 8387 8368 8197 8216 
10398 8387 8368 8197 8216 3059 3058 3049 3050 
10399 684 683 674 675 8388 8369 8198 8217 
10400 8388 8369 8198 8217 8389 8370 8199 8218 
10401 8389 8370 8199 8218 8390 8371 8200 8219 
10402 8390 8371 8200 8219 8391 8372 8201 8220 
10403 8391 8372 8201 8220 8392 8373 8202 8221 
10404 8392 8373 8202 8221 8393 8374 8203 8222 
10405 8393 8374 8203 8222 8394 8375 8204 8223 
10406 8394 8375 8204 8223 8395 8376 8205 8224 
10407 8395 8376 8205 8224 8396 8377 8206 8225 
10408 8396 8377 8206 8225 8397 8378 8207 8226 
10409 8397 8378 8207 8226 8398 8379 8208 8227 
10410 8398 8379 8208 8227 8399 8380 8209 8228 
10411 8399 8380 8209 8228 8400 8381 8210 8229 
10412 8400 8381 8210 8229 8401 8382 8211 8230 
10413 8401 8382 8211 8230 8402 8383 8212 8231 
10414 8402 8383 8212 8231 8403 8384 8213 8232 
10415 8403 8384 8213 8232 8404 8385 8214 8233 
10416 8404 8385 8214 8233 8405 8386 8215 8234 
10417 8405 8386 8215 8234 8406 8387 8216 8235 
10418 8406 8387 8216 8235 3060 3059 3050 3051 
10419 112 684 675 111 2740 8388 8217 2721 
10420 2740 8388 8217 2721 2741 8389 8218 2722 
10421 2741 8389 8218 2722 2742 8390 8219 2723 
10422 2742 8390 8219 2723 2743 8391 8220 2724 
10423 2743 8391 8220 2724 2744 8392 8221 2725 
10424 2744 8392 8221 2725 2745 8393 8222 2726 
10425 2745 8393 8222 2726 2746 8394 8223 2727 
10426 2746 8394 8223 2727 2747 8395 8224 2728 
10427 2747 8395 8224 2728 2748 8396 8225 2729 
10428 2748 8396 8225 2729 2749 8397 8226 2730 
10429 2749 8397 8226 2730 2750 8398 8227 2731 
10430 2750 8398 8227 2731 2751 8399 8228 2732 
10431 2751 8399 8228 2732 2752 8400 8229 2733 
10432 2752 8400 8229 2733 2753 8401 8230 2734 
10433 2753 8401 8230 2734 2754 8402 8231 2735 
10434 2754 8402 8231 2735 2755 8403 8232 2736 
10435 2755 8403 8232 2736 2756 8404 8233 2737 
10436 2756 8404 8233 2737 2757 8405 8234 2738 
10437 2757 8405 8234 2738 2758 8406 8235 2739 
10438 2758 8406 8235 2739 372 3060 3051 371 
10439 685 41 40 676 8407 1148 1129 8236 
10440 8407 1148 1129 8236 8408 1149 1130 8237 
10441 8408 1149 1130 8237 8409 1150 1131 8238 
10442 8409 1150 1131 8238 8410 1151 1132 8239 
10443 8410 1151 1132 8239 8411 1152 1133 8240 
10444 8411 1152 1133 8240 8412 1153 1134 8241 
10445 8412 1153 1134 8241 8413 1154 1135 8242 
10446 8413 1154 1135 8242 8414 1155 1136 8243 
10447 8414 1155 1136 8243 8415 1156 1137 8244 
10448 8415 1156 1137 8244 8416 1157 1138 8245 
10449 8416 1157 1138 8245 8417 1158 1139 8246 
10450 8417 1158 1139 8246 8418 1159 1140 8247 
10451 8418 1159 1140 8247 8419 1160 1141 8248 
10452 8419 1160 1141 8248 8420 1161 1142 8249 
10453 8420 1161 1142 8249 8421 1162 1143 8250 
10454 8421 1162 1143 8250 8422 1163 1144 8251 
10455 8422 1163 1144 8251 8423 1164 1145 8252 
10456 8423 1164 1145 8252 8424 1165 1146 8253 
10457 8424 1165 1146 8253 8425 1166 1147 8254 
10458 8425 1166 1147 8254 3061 149 148 3052 
10459 686 685 676 677 8426 8407 8236 8255 
10460 8426 8407 8236 8255 8427 8408 8237 8256 
10461 8427 8408 8237 8256 8428 8409 8238 8257 
10462 8428 8409 8238 8257 8429 8410 8239 8258 
10463 8429 8410 8239 8258 8430 8411 8240 8259 
10464 8430 8411 8240 8259 8431 8412 8241 8260 
10465 8431 8412 8241 8260 8432 8413 8242 8261 
10466 8432 8413 8242 8261 8433 8414 8243 8262 
10467 8433 8414 8243 8262 8434 8415 8244 8263 
10468 8434 8415 8244 8263 8435 8416 8245 8264 
10469 8435 8416 8245 8264 8436 8417 8246 8265 
10470 8436 8417 8246 8265 8437 8418 8247 8266 
10471 8437 8418 8247 8266 8438 8419 8248 8267 
10472 8438 8419 8248 8267 8439 8420 8249 8268 
10473 8439 8420 8249 8268 8440 8421 8250 8269 
10474 8440 8421 8250 8269 8441 8422 8251 8270 
10475 8441 8422 8251 8270 8442 8423 8252 8271 
10476 8442 8423 8252 8271 8443 8424 8253 8272 
10477 8443 8424 8253 8272 8444 8425 8254 8273 
10478 8444 8425 8254 8273 3062 3061 3052 3053 
10479 687 686 677 678 8445 8426 8255 8274 
10480 8445 8426 8255 8274 8446 8427 8256 8275 
10481 8446 8427 8256 8275 8447 8428 8257 8276 
10482 8447 8428 8257 8276 8448 8429 8258 8277 
10483 8448 8429 8258 8277 8449 8430 8259 8278 
10484 8449 8430 8259 8278 8450 8431 8260 8279 
10485 8450 8431 8260 8279 8451 8432 8261 8280 
10486 8451 8432 8261 8280 8452 8433 8262 8281 
10487 8452 8433 8262 8281 8453 8434 8263 8282 
10488 8453 8434 8263 8282 8454 8435 8264 8283 
10489 8454 8435 8264 8283 8455 8436 8265 8284 
10490 8455 8436 8265 8284 8456 8437 8266 8285 
10491 8456 8437 8266 8285 8457 8438 8267 8286 
10492 8457 8438 8267 8286 8458 8439 8268 8287 
10493 8458 8439 8268 8287 8459 8440 8269 8288 
10494 8459 8440 8269 8288 8460 8441 8270 8289 
10495 8460 8441 8270 8289 8461 8442 8271 8290 
10496 8461 8442 8271 8290 8462 8443 8272 8291 
10497 8462 8443 8272 8291 8463 8444 8273 8292 
10498 8463 8444 8273 8292 3063 3062 3053 3054 
10499 688 687 678 679 8464 8445 8274 8293 
10500 8464 8445 8274 8293 8465 8446 8275 8294 
10501 8465 8446 8275 8294 8466 8447 8276 8295 
10502 8466 8447 8276 8295 8467 8448 8277 8296 
10503 8467 8448 8277 8296 8468 8449 8278 8297 
10504 8468 8449 8278 8297 8469 8450 8279 8298 
10505 8469 8450 8279 8298 8470 8451 8280 8299 
10506 8470 8451 8280 8299 8471 8452 8281 8300 
10507 8471 8452 8281 8300 8472 8453 8282 8301 
10508 8472 8453 8282 8301 8473 8454 8283 8302 
10509 8473 8454 8283 8302 8474 8455 8284 8303 
10510 8474 8455 8284 8303 8475 8456 8285 8304 
10511 8475 8456 8285 8304 8476 8457 8286 8305 
10512 8476 8457 8286 8305 8477 8458 8287 8306 
10513 8477 8458 8287 8306 8478 8459 8288 8307 
10514 8478 8459 8288 8307 8479 8460 8289 8308 
10515 8479 8460 8289 8308 8480 8461 8290 8309 
10516 8480 8461 8290 8309 8481 8462 8291 8310 
10517 8481 8462 8291 8310 8482 8463 8292 8311 
10518 8482 8463 8292 8311 3064 3063 3054 3055 
10519 689 688 679 680 8483 8464 8293 8312 
10520 8483 8464 8293 8312 8484 8465 8294 8313 
10521 8484 8465 8294 8313 8485 8466 8295 8314 
10522 8485 8466 8295 8314 8486 8467 8296 8315 
10523 8486 8467 8296 8315 8487 8468 8297 8316 
10524 8487 8468 8297 8316 8488 8469 8298 8317 
10525 8488 8469 8298 8317 8489 8470 8299 8318 
10526 8489 8470 8299 8318 8490 8471 8300 8319 
10527 8490 8471 8300 8319 8491 8472 8301 8320 
10528 8491 8472 8301 8320 8492 8473 8302 8321 
10529 8492 8473 8302 8321 8493 8474 8303 8322 
10530 8493 8474 8303 8322 8494 8475 8304 8323 
10531 8494 8475 8304 8323 8495 8476 8305 8324 
10532 8495 8476 8305 8324 8496 8477 8306 8325 
10533 8496 8477 8306 8325 8497 8478 8307 8326 
10534 8497 8478 8307 8326 8498 8479 8308 8327 
10535 8498 8479 8308 8327 8499 8480 8309 8328 
10536 8499 8480 8309 8328 8500 8481 8310 8329 
10537 8500 8481 8310 8329 8501 8482 8311 8330 
10538 8501 8482 8311 8330 3065 3064 3055 3056 
10539 690 689 680 681 8502 8483 8312 8331 
10540 8502 8483 8312 8331 8503 8484 8313 8332 
10541 8503 8484 8313 8332 8504 8485 8314 8333 
10542 8504 8485 8314 8333 8505 8486 8315 8334 
10543 8505 8486 8315 8334 8506 8487 8316 8335 
10544 8506 8487 8316 8335 8507 8488 8317 8336 
10545 8507 8488 8317 8336 8508 8489 8318 8337 
10546 8508 8489 8318 8337 8509 8490 8319 8338 
10547 8509 8490 8319 8338 8510 8491 8320 8339 
10548 8510 8491 8320 8339 8511 8492 8321 8340 
10549 8511 8492 8321 8340 8512 8493 8322 8341 
10550 8512 8493 8322 8341 8513 8494 8323 8342 
10551 8513 8494 8323 8342 8514 8495 8324 8343 
10552 8514 8495 8324 8343 8515 8496 8325 8344 
10553 8515 8496 8325 8344 8516 8497 8326 8345 
10554 8516 8497 8326 8345 8517 8498 8327 8346 
10555 8517 8498 8327 8346 8518 8499 8328 8347 
10556 8518 8499 8328 8347 8519 8500 8329 8348 
10557 8519 8500 8329 8348 8520 8501 8330 8349 
10558 8520 8501 8330 8349 3066 3065 3056 3057 
10559 691 690 681 682 8521 8502 8331 8350 
10560 8521 8502 8331 8350 8522 8503 8332 8351 
10561 8522 8503 8332 8351 8523 8504 8333 8352 
10562 8523 8504 8333 8352 8524 8505 8334 8353 
10563 8524 8505 8334 8353 8525 8506 8335 8354 
10564 8525 8506 8335 8354 8526 8507 8336 8355 
10565 8526 8507 8336 8355 8527 8508 8337 8356 
10566 8527 8508 8337 8356 8528 8509 8338 8357 
10567 8528 8509 8338 8357 8529 8510 8339 8358 
10568 8529 8510 8339 8358 8530 8511 8340 8359 
10569 8530 8511 8340 8359 8531 8512 8341 8360 
10570 8531 8512 8341 8360 8532 8513 8342 8361 
10571 8532 8513 8342 8361 8533 8514 8343 8362 
10572 8533 8514 8343 8362 8534 8515 8344 8363 
10573 8534 8515 8344 8363 8535 8516 8345 8364 
10574 8535 8516 8345 8364 8536 8517 8346 8365 
10575 8536 8517 8346 8365 8537 8518 8347 8366 
10576 8537 8518 8347 8366 8538 8519 8348 8367 
10577 8538 8519 8348 8367 8539 8520 8349 8368 
10578 8539 8520 8349 8368 3067 3066 3057 3058 
10579 692 691 682 683 8540 8521 8350 8369 
10580 8540 8521 8350 8369 8541 8522 8351 8370 
10581 8541 8522 8351 8370 8542 8523 8352 8371 
10582 8542 8523 8352 8371 8543 8524 8353 8372 
10583 8543 8524 8353 8372 8544 8525 8354 8373 
10584 8544 8525 8354 8373 8545 8526 8355 8374 
10585 8545 8526 8355 8374 8546 8527 8356 8375 
10586 8546 8527 8356 8375 8547 8528 8357 8376 
10587 8547 8528 8357 8376 8548 8529 8358 8377 
10588 8548 8529 8358 8377 8549 8530 8359 8378 
10589 8549 8530 8359 8378 8550 8531 8360 8379 
10590 8550 8531 8360 8379 8551 8532 8361 8380 
10591 8551 8532 8361 8380 8552 8533 8362 8381 
10592 8552 8533 8362 8381 8553 8534 8363 8382 
10593 8553 8534 8363 8382 8554 8535 8364 8383 
10594 8554 8535 8364 8383 8555 8536 8365 8384 
10595 8555 8536 8365 8384 8556 8537 8366 8385 
10596 8556 8537 8366 8385 8557 8538 8367 8386 
10597 8557 8538 8367 8386 8558 8539 8368 8387 
10598 8558 8539 8368 8387 3068 3067 3058 3059 
10599 693 692 683 684 8559 8540 8369 8388 
10600 8559 8540 8369 8388 8560 8541 8370 8389 
10601 8560 8541 8370 8389 8561 8542 8371 8390 
10602 8561 8542 8371 8390 8562 8543 8372 8391 
10603 8562 8543 8372 8391 8563 8544 8373 8392 
10604 8563 8544 8373 8392 8564 8545 8374 8393 
10605 8564 8545 8374 8393 8565 8546 8375 8394 
10606 8565 8546 8375 8394 8566 8547 8376 8395 
10607 8566 8547 8376 8395 8567 8548 8377 8396 
10608 8567 8548 8377 8396 8568 8549 8378 8397 
10609 8568 8549 8378 8397 8569 8550 8379 8398 
10610 8569 8550 8379 8398 8570 8551 8380 8399 
10611 8570 8551 8380 8399 8571 8552 8381 8400 
10612 8571 8552 8381 8400 8572 8553 8382 8401 
10613 8572 8553 8382 8401 8573 8554 8383 8402 
10614 8573 8554 8383 8402 8574 8555 8384 8403 
10615 8574 8555 8384 8403 8575 8556 8385 8404 
10616 8575 8556 8385 8404 8576 8557 8386 8405 
10617 8576 8557 8386 8405 8577 8558 8387 8406 
10618 8577 8558 8387 8406 3069 3068 3059 3060 
10619 113 693 684 112 2759 8559 8388 2740 
10620 2759 8559 8388 2740 2760 8560 8389 2741 
10621 2760 8560 8389 2741 2761 8561 8390 2742 
10622 2761 8561 8390 2742 2762 8562 8391 2743 
10623 2762 8562 8391 2743 2763 8563 8392 2744 
10624 2763 8563 8392 2744 2764 8564 8393 2745 
10625 2764 8564 8393 2745 2765 8565 8394 2746 
10626 2765 8565 8394 2746 2766 8566 8395 2747 
10627 2766 8566 8395 2747 2767 8567 8396 2748 
10628 2767 8567 8396 2748 2768 8568 8397 2749 
10629 2768 8568 8397 2749 2769 8569 8398 2750 
10630 2769 8569 8398 2750 2770 8570 8399 2751 
10631 2770 8570 8399 2751 2771 8571 8400 2752 
10632 2771 8571 8400 2752 2772 8572 8401 2753 
10633 2772 8572 8401 2753 2773 8573 8402 2754 
10634 2773 8573 8402 2754 2774 8574 8403 2755 
10635 2774 8574 8403 2755 2775 8575 8404 2756 
10636 2775 8575 8404 2756 2776 8576 8405 2757 
10637 2776 8576 8405 2757 2777 8577 8406 2758 
10638 2777 8577 8406 2758 373 3069 3060 372 
10639 694 42 41 685 8578 1167 1148 8407 
10640 8578 1167 1148 8407 8579 1168 1149 8408 
10641 8579 1168 1149 8408 8580 1169 1150 8409 
10642 8580 1169 1150 8409 8581 1170 1151 8410 
10643 8581 1170 1151 8410 8582 1171 1152 8411 
10644 8582 1171 1152 8411 8583 1172 1153 8412 
10645 8583 1172 1153 8412 8584 1173 1154 8413 
10646 8584 1173 1154 8413 8585 1174 1155 8414 
10647 8585 1174 1155 8414 8586 1175 1156 8415 
10648 8586 1175 1156 8415 8587 1176 1157 8416 
10649 8587 1176 1157 8416 8588 1177 1158 8417 
10650 8588 1177 1158 8417 8589 1178 1159 8418 
10651 8589 1178 1159 8418 8590 1179 1160 8419 
10652 8590 1179 1160 8419 8591 1180 1161 8420 
10653 8591 1180 1161 8420 8592 1181 1162 8421 
10654 8592 1181 1162 8421 8593 1182 1163 8422 
10655 8593 1182 1163 8422 8594 1183 1164 8423 
10656 8594 1183 1164 8423 8595 1184 1165 8424 
10657 8595 1184 1165 8424 8596 1185 1166 8425 
10658 8596 1185 1166 8425 3070 150 149 3061 
10659 695 694 685 686 8597 8578 8407 8426 
10660 8597 8578 8407 8426 8598 8579 8408 8427 
10661 8598 8579 8408 8427 8599 8580 8409 8428 
10662 8599 8580 8409 8428 8600 8581 8410 8429 
10663 8600 8581 8410 8429 8601 8582 8411 8430 
10664 8601 8582 8411 8430 8602 8583 8412 8431 
10665 8602 8583 8412 8431 8603 8584 8413 8432 
10666 8603 8584 8413 8432 8604 8585 8414 8433 
10667 8604 8585 8414 8433 8605 8586 8415 8434 
10668 8605 8586 8415 8434 8606 8587 8416 8435 
10669 8606 8587 8416 8435 8607 8588 8417 8436 
10670 8607 8588 8417 8436 8608 8589 8418 8437 
10671 8608 8589 8418 8437 8609 8590 8419 8438 
10672 8609 8590 8419 8438 8610 8591 8420 8439 
10673 8610 8591 8420 8439 8611 8592 8421 8440 
10674 8611 8592 8421 8440 8612 8593 8422 8441 
10675 8612 8593 8422 8441 8613 8594 8423 8442 
10676 8613 8594 8423 8442 8614 8595 8424 8443 
10677 8614 8595 8424 8443 8615 8596 8425 8444 
10678 8615 8596 8425 8444 3071 3070 3061 3062 
10679 696 695 686 687 8616 8597 8426 8445 
10680 8616 8597 8426 8445 8617 8598 8427 8446 
10681 8617 8598 8427 8446 8618 8599 8428 8447 
10682 8618 8599 8428 8447 8619 8600 8429 8448 
10683 8619 8600 8429 8448 8620 8601 8430 8449 
10684 8620 8601 8430 8449 8621 8602 8431 8450 
10685 8621 8602 8431 8450 8622 8603 8432 8451 
10686 8622 8603 8432 8451 8623 8604 8433 8452 
10687 8623 8604 8433 8452 8624 8605 8434 8453 
10688 8624 8605 8434 8453 8625 8606 8435 8454 
10689 8625 8606 8435 8454 8626 8607 8436 8455 
10690 8626 8607 8436 8455 8627 8608 8437 8456 
10691 8627 8608 8437 8456 8628 8609 8438 8457 
10692 8628 8609 8438 8457 8629 8610 8439 8458 
10693 8629 8610 8439 8458 8630 8611 8440 8459 
10694 8630 8611 8440 8459 8631 8612 8441 8460 
10695 8631 8612 8441 8460 8632 8613 8442 8461 
10696 8632 8613 8442 8461 8633 8614 8443 8462 
10697 8633 8614 8443 8462 8634 8615 8444 8463 
10698 8634 8615 8444 8463 3072 3071 3062 3063 
10699 697 696 687 688 8635 8616 8445 8464 
10700 8635 8616 8445 8464 8636 8617 8446 8465 
10701 8636 8617 8446 8465 8637 8618 8447 8466 
10702 8637 8618 8447 8466 8638 8619 8448 8467 
10703 8638 8619 8448 8467 8639 8620 8449 8468 
10704 8639 8620 8449 8468 8640 8621 8450 8469 
10705 8640 8621 8450 8469 8641 8622 8451 8470 
10706 8641 8622 8451 8470 8642 8623 8452 8471 
10707 8642 8623 8452 8471 8643 8624 8453 8472 
10708 8643 8624 8453 8472 8644 8625 8454 8473 
10709 8644 8625 8454 8473 8645 8626 8455 8474 
10710 8645 8626 8455 8474 8646 8627 8456 8475 
10711 8646 8627 8456 8475 8647 8628 8457 8476 
10712 8647 8628 8457 8476 8648 8629 8458 8477 
10713 8648 8629 8458 8477 8649 8630 8459 8478 
10714 8649 8630 8459 8478 8650 8631 8460 8479 
10715 8650 8631 8460 8479 8651 8632 8461 8480 
10716 8651 8632 8461 8480 8652 8633 8462 8481 
10717 8652 8633 8462 8481 8653 8634 8463 8482 
10718 8653 8634 8463 8482 3073 3072 3063 3064 
10719 698 697 688 689 8654 8635 8464 8483 
10720 8654 8635 8464 8483 8655 8636 8465 8484 
10721 8655 8636 8465 8484 8656 8637 8466 8485 
10722 8656 8637 8466 8485 8657 8638 8467 8486 
10723 8657 8638 8467 8486 8658 8639 8468 8487 
10724 8658 8639 8468 8487 8659 8640 8469 8488 
10725 8659 8640 8469 8488 8660 8641 8470 8489 
10726 8660 8641 8470 8489 8661 8642 8471 8490 
10727 8661 8642 8471 8490 8662 8643 8472 8491 
10728 8662 8643 8472 8491 8663 8644 8473 8492 
10729 8663 8644 8473 8492 8664 8645 8474 8493 
10730 8664 8645 8474 8493 8665 8646 8475 8494 
10731 8665 8646 8475 8494 8666 8647 8476 8495 
10732 8666 8647 8476 8495 8667 8648 8477 8496 
10733 8667 8648 8477 8496 8668 8649 8478 8497 
10734 8668 8649 8478 8497 8669 8650 8479 8498 
10735 8669 8650 8479 8498 8670 8651 8480 8499 
10736 8670 8651 8480 8499 8671 8652 8481 8500 
10737 8671 8652 8481 8500 8672 8653 8482 8501 
10738 8672 8653 8482 8501 3074 3073 3064 3065 
10739 699 698 689 690 8673 8654 8483 8502 
10740 8673 8654 8483 8502 8674 8655 8484 8503 
10741 8674 8655 8484 8503 8675 8656 8485 8504 
10742 8675 8656 8485 8504 8676 8657 8486 8505 
10743 8676 8657 8486 8505 8677 8658 8487 8506 
10744 8677 8658 8487 8506 8678 8659 8488 8507 
10745 8678 8659 8488 8507 8679 8660 8489 8508 
10746 8679 8660 8489 8508 8680 8661 8490 8509 
10747 8680 8661 8490 8509 8681 8662 8491 8510 
10748 8681 8662 8491 8510 8682 8663 8492 8511 
10749 8682 8663 8492 8511 8683 8664 8493 8512 
10750 8683 8664 8493 8512 8684 8665 8494 8513 
10751 8684 8665 8494 8513 8685 8666 8495 8514 
10752 8685 8666 8495 8514 8686 8667 8496 8515 
10753 8686 8667 8496 8515 8687 8668 8497 8516 
10754 8687 8668 8497 8516 8688 8669 8498 8517 
10755 8688 8669 8498 8517 8689 8670 8499 8518 
10756 8689 8670 8499 8518 8690 8671 8500 8519 
10757 8690 8671 8500 8519 8691 8672 8501 8520 
10758 8691 8672 8501 8520 3075 3074 3065 3066 
10759 700 699 690 691 8692 8673 8502 8521 
10760 8692 8673 8502 8521 8693 8674 8503 8522 
10761 8693 8674 8503 8522 8694 8675 8504 8523 
10762 8694 8675 8504 8523 8695 8676 8505 8524 
10763 8695 8676 8505 8524 8696 8677 8506 8525 
10764 8696 8677 8506 8525 8697 8678 8507 8526 
10765 8697 8678 8507 8526 8698 8679 8508 8527 
10766 8698 8679 8508 8527 8699 8680 8509 8528 
10767 8699 8680 8509 8528 8700 8681 8510 8529 
10768 8700 8681 8510 8529 8701 8682 8511 8530 
10769 8701 8682 8511 8530 8702 8683 8512 8531 
10770 8702 8683 8512 8531 8703 8684 8513 8532 
10771 8703 8684 8513 8532 8704 8685 8514 8533 
10772 8704 8685 8514 8533 8705 8686 8515 8534 
10773 8705 8686 8515 8534 8706 8687 8516 8535 
10774 8706 8687 8516 8535 8707 8688 8517 8536 
10775 8707 8688 8517 8536 8708 8689 8518 8537 
10776 8708 8689 8518 8537 8709 8690 8519 8538 
10777 8709 8690 8519 8538 8710 8691 8520 8539 
10778 8710 8691 8520 8539 3076 3075 3066 3067 
10779 701 700 691 692 8711 8692 8521 8540 
10780 8711 8692 8521 8540 8712 8693 8522 8541 
10781 8712 8693 8522 8541 8713 8694 8523 8542 
10782 8713 8694 8523 8542 8714 8695 8524 8543 
10783 8714 8695 8524 8543 8715 8696 8525 8544 
10784 8715 8696 8525 8544 8716 8697 8526 8545 
10785 8716 8697 8526 8545 8717 8698 8527 8546 
10786 8717 8698 8527 8546 8718 8699 8528 8547 
10787 8718 8699 8528 8547 8719 8700 8529 8548 
10788 8719 8700 8529 8548 8720 8701 8530 8549 
10789 8720 8701 8530 8549 8721 8702 8531 8550 
10790 8721 8702 8531 8550 8722 8703 8532 8551 
10791 8722 8703 8532 8551 8723 8704 8533 8552 
10792 8723 8704 8533 8552 8724 8705 8534 8553 
10793 8724 8705 8534 8553 8725 8706 8535 8554 
10794 8725 8706 8535 8554 8726 8707 8536 8555 
10795 8726 8707 8536 8555 8727 8708 8537 8556 
10796 8727 8708 8537 8556 8728 8709 8538 8557 
10797 8728 8709 8538 8557 8729 8710 8539 8558 
10798 8729 8710 8539 8558 3077 3076 3067 3068 
10799 702 701 692 693 8730 8711 8540 8559 
10800 8730 8711 8540 8559 8731 8712 8541 8560 
10801 8731 8712 8541 8560 8732 8713 8542 8561 
10802 8732 8713 8542 8561 8733 8714 8543 8562 
10803 8733 8714 8543 8562 8734 8715 8544 8563 
10804 8734 8715 8544 8563 8735 8716 8545 8564 
10805 8735 8716 8545 8564 8736 8717 8546 8565 
10806 8736 8717 8546 8565 8737 8718 8547 8566 
10807 8737 8718 8547 8566 8738 8719 8548 8567 
10808 8738 8719 8548 8567 8739 8720 8549 8568 
10809 8739 8720 8549 8568 8740 8721 8550 8569 
10810 8740 8721 8550 8569 8741 8722 8551 8570 
10811 8741 8722 8551 8570 8742 8723 8552 8571 
10812 8742 8723 8552 8571 8743 8724 8553 8572 
10813 8743 8724 8553 8572 8744 8725 8554 8573 
10814 8744 8725 8554 8573 8745 8726 8555 8574 
10815 8745 8726 8555 8574 8746 8727 8556 8575 
10816 8746 8727 8556 8575 8747 8728 8557 8576 
10817 8747 8728 8557 8576 8748 8729 8558 8577 
10818 8748 8729 8558 8577 3078 3077 3068 3069 
10819 114 702 693 113 2778 8730 8559 2759 
10820 2778 8730 8559 2759 2779 8731 8560 2760 
10821 2779 8731 8560 2760 2780 8732 8561 2761 
10822 2780 8732 8561 2761 2781 8733 8562 2762 
10823 2781 8733 8562 2762 2782 8734 8563 2763 
10824 2782 8734 8563 2763 2783 8735 8564 2764 
10825 2783 8735 8564 2764 2784 8736 8565 2765 
10826 2784 8736 8565 2765 2785 8737 8566 2766 
10827 2785 8737 8566 2766 2786 8738 8567 2767 
10828 2786 8738 8567 2767 2787 8739 8568 2768 
10829 2787 8739 8568 2768 2788 8740 8569 2769 
10830 2788 8740 8569 2769 2789 8741 8570 2770 
10831 2789 8741 8570 2770 2790 8742 8571 2771 
10832 2790 8742 8571 2771 2791 8743 8572 2772 
10833 2791 8743 8572 2772 2792 8744 8573 2773 
10834 2792 8744 8573 2773 2793 8745 8574 2774 
10835 2793 8745 8574 2774 2794 8746 8575 2775 
10836 2794 8746 8575 2775 2795 8747 8576 2776 
10837 2795 8747 8576 2776 2796 8748 8577 2777 
10838 2796 8748 8577 2777 374 3078 3069 373 
10839 703 43 42 694 8749 1186 1167 8578 
10840 8749 1186 1167 8578 8750 1187 1168 8579 
10841 8750 1187 1168 8579 8751 1188 1169 8580 
10842 8751 1188 1169 8580 8752 1189 1170 8581 
10843 8752 1189 1170 8581 8753 1190 1171 8582 
10844 8753 1190 1171 8582 8754 1191 1172 8583 
10845 8754 1191 1172 8583 8755 1192 1173 8584 
10846 8755 1192 1173 8584 8756 1193 1174 8585 
10847 8756 1193 1174 8585 8757 1194 1175 8586 
10848 8757 1194 1175 8586 8758 1195 1176 8587 
10849 8758 1195 1176 8587 8759 1196 1177 8588 
10850 8759 1196 1177 8588 8760 1197 1178 8589 
10851 8760 1197 1178 8589 8761 1198 1179 8590 
10852 8761 1198 1179 8590 8762 1199 1180 8591 
10853 8762 1199 1180 8591 8763 1200 1181 8592 
10854 8763 1200 1181 8592 8764 1201 1182 8593 
10855 8764 1201 1182 8593 8765 1202 1183 8594 
10856 8765 1202 1183 8594 8766 1203 1184 8595 
10857 8766 1203 1184 8595 8767 1204 1185 8596 
10858 8767 1204 1185 8596 3079 151 150 3070 
10859 704 703 694 695 8768 8749 8578 8597 
10860 8768 8749 8578 8597 8769 8750 8579 8598 
10861 8769 8750 8579 8598 8770 8751 8580 8599 
10862 8770 8751 8580 8599 8771 8752 8581 8600 
10863 8771 8752 8581 8600 8772 8753 8582 8601 
10864 8772 8753 8582 8601 8773 8754 8583 8602 
10865 8773 8754 8583 8602 8774 8755 8584 8603 
10866 8774 8755 8584 8603 8775 8756 8585 8604 
10867 8775 8756 8585 8604 8776 8757 8586 8605 
10868 8776 8757 8586 8605 8777 8758 8587 8606 
10869 8777 8758 8587 8606 8778 8759 8588 8607 
10870 8778 8759 8588 8607 8779 8760 8589 8608 
10871 8779 8760 8589 8608 8780 8761 8590 8609 
10872 8780 8761 8590 8609 8781 8762 8591 8610 
10873 8781 8762 8591 8610 8782 8763 8592 8611 
10874 8782 8763 8592 8611 8783 8764 8593 8612 
10875 8783 8764 8593 8612 8784 8765 8594 8613 
10876 8784 8765 8594 8613 8785 8766 8595 8614 
10877 8785 8766 8595 8614 8786 8767 8596 8615 
10878 8786 8767 8596 8615 3080 3079 3070 3071 
10879 705 704 695 696 8787 8768 8597 8616 
10880 8787 8768 8597 8616 8788 8769 8598 8617 
10881 8788 8769 8598 8617 8789 8770 8599 8618 
10882 8789 8770 8599 8618 8790 8771 8600 8619 
10883 8790 8771 8600 8619 8791 8772 8601 8620 
10884 8791 8772 8601 8620 8792 8773 8602 8621 
10885 8792 8773 8602 8621 8793 8774 8603 8622 
10886 8793 8774 8603 8622 8794 8775 8604 8623 
10887 8794 8775 8604 8623 8795 8776 8605 8624 
10888 8795 8776 8605 8624 8796 8777 8606 8625 
10889 8796 8777 8606 8625 8797 8778 8607 8626 
10890 8797 8778 8607 8626 8798 8779 8608 8627 
10891 8798 8779 8608 8627 8799 8780 8609 8628 
10892 8799 8780 8609 8628 8800 8781 8610 8629 
10893 8800 8781 8610 8629 8801 8782 8611 8630 
10894 8801 8782 8611 8630 8802 8783 8612 8631 
10895 8802 8783 8612 8631 8803 8784 8613 8632 
10896 8803 8784 8613 8632 8804 8785 8614 8633 
10897 8804 8785 8614 8633 8805 8786 8615 8634 
10898 8805 8786 8615 8634 3081 3080 3071 3072 
10899 706 705 696 697 8806 8787 8616 8635 
10900 8806 8787 8616 8635 8807 8788 8617 8636 
10901 8807 8788 8617 8636 8808 8789 8618 8637 
10902 8808 8789 8618 8637 8809 8790 8619 8638 
10903 8809 8790 8619 8638 8810 8791 8620 8639 
10904 8810 8791 8620 8639 8811 8792 8621 8640 
10905 8811 8792 8621 8640 8812 8793 8622 8641 
10906 8812 8793 8622 8641 8813 8794 8623 8642 
10907 8813 8794 8623 8642 8814 8795 8624 8643 
10908 8814 8795 8624 8643 8815 8796 8625 8644 
10909 8815 8796 8625 8644 8816 8797 8626 8645 
10910 8816 8797 8626 8645 8817 8798 8627 8646 
10911 8817 8798 8627 8646 8818 8799 8628 8647 
10912 8818 8799 8628 8647 8819 8800 8629 8648 
10913 8819 8800 8629 8648 8820 8801 8630 8649 
10914 8820 8801 8630 8649 8821 8802 8631 8650 
10915 8821 8802 8631 8650 8822 8803 8632 8651 
10916 8822 8803 8632 8651 8823 8804 8633 8652 
10917 8823 8804 8633 8652 8824 8805 8634 8653 
10918 8824 8805 8634 8653 3082 3081 3072 3073 
10919 707 706 697 698 8825 8806 8635 8654 
10920 8825 8806 8635 8654 8826 8807 8636 8655 
10921 8826 8807 8636 8655 8827 8808 8637 8656 
10922 8827 8808 8637 8656 8828 8809 8638 8657 
10923 8828 8809 8638 8657 8829 8810 8639 8658 
10924 8829 8810 8639 8658 8830 8811 8640 8659 
10925 8830 8811 8640 8659 8831 8812 8641 8660 
10926 8831 8812 8641 8660 8832 8813 8642 8661 
10927 8832 8813 8642 8661 8833 8814 8643 8662 
10928 8833 8814 8643 8662 8834 8815 8644 8663 
10929 8834 8815 8644 8663 8835 8816 8645 8664 
10930 8835 8816 8645 8664 8836 8817 8646 8665 
10931 8836 8817 8646 8665 8837 8818 8647 8666 
10932 8837 8818 8647 8666 8838 8819 8648 8667 
10933 8838 8819 8648 8667 8839 8820 8649 8668 
10934 8839 8820 8649 8668 8840 8821 8650 8669 
10935 8840 8821 8650 8669 8841 8822 8651 8670 
10936 8841 8822 8651 8670 8842 8823 8652 8671 
10937 8842 8823 8652 8671 8843 8824 8653 8672 
10938 8843 8824 8653 8672 3083 3082 3073 3074 
10939 708 707 698 699 8844 8825 8654 8673 
10940 8844 8825 8654 8673 8845 8826 8655 8674 
10941 8845 8826 8655 8674 8846 8827 8656 8675 
10942 8846 8827 8656 8675 8847 8828 8657 8676 
10943 8847 8828 8657 8676 8848 8829 8658 8677 
10944 8848 8829 8658 8677 8849 8830 8659 8678 
10945 8849 8830 8659 8678 8850 8831 8660 8679 
10946 8850 8831 8660 8679 8851 8832 8661 8680 
10947 8851 8832 8661 8680 8852 8833 8662 8681 
10948 8852 8833 8662 8681 8853 8834 8663 8682 
10949 8853 8834 8663 8682 8854 8835 8664 8683 
10950 8854 8835 8664 8683 8855 8836 8665 8684 
10951 8855 8836 8665 8684 8856 8837 8666 8685 
10952 8856 8837 8666 8685 8857 8838 8667 8686 
10953 8857 8838 8667 8686 8858 8839 8668 8687 
10954 8858 8839 8668 8687 8859 8840 8669 8688 
10955 8859 8840 8669 8688 8860 8841 8670 8689 
10956 8860 8841 8670 8689 8861 8842 8671 8690 
10957 8861 8842 8671 8690 8862 8843 8672 8691 
10958 8862 8843 8672 8691 3084 3083 3074 3075 
10959 709 708 699 700 8863 8844 8673 8692 
10960 8863 8844 8673 8692 8864 8845 8674 8693 
10961 8864 8845 8674 8693 8865 8846 8675 8694 
10962 8865 8846 8675 8694 8866 8847 8676 8695 
10963 8866 8847 8676 8695 8867 8848 8677 8696 
10964 8867 8848 8677 8696 8868 8849 8678 8697 
10965 8868 8849 8678 8697 8869 8850 8679 8698 
10966 8869 8850 8679 8698 8870 8851 8680 8699 
10967 8870 8851 8680 8699 8871 8852 8681 8700 
10968 8871 8852 8681 8700 8872 8853 8682 8701 
10969 8872 8853 8682 8701 8873 8854 8683 8702 
10970 8873 8854 8683 8702 8874 8855 8684 8703 
10971 8874 8855 8684 8703 8875 8856 8685 8704 
10972 8875 8856 8685 8704 8876 8857 8686 8705 
10973 8876 8857 8686 8705 8877 8858 8687 8706 
10974 8877 8858 8687 8706 8878 8859 8688 8707 
10975 8878 8859 8688 8707 8879 8860 8689 8708 
10976 8879 8860 8689 8708 8880 8861 8690 8709 
10977 8880 8861 8690 8709 8881 8862 8691 8710 
10978 8881 8862 8691 8710 3085 3084 3075 3076 
10979 710 709 700 701 8882 8863 8692 8711 
10980 8882 8863 8692 8711 8883 8864 8693 8712 
10981 8883 8864 8693 8712 8884 8865 8694 8713 
10982 8884 8865 8694 8713 8885 8866 8695 8714 
10983 8885 8866 8695 8714 8886 8867 8696 8715 
10984 8886 8867 8696 8715 8887 8868 8697 8716 
10985 8887 8868 8697 8716 8888 8869 8698 8717 
10986 8888 8869 8698 8717 8889 8870 8699 8718 
10987 8889 8870 8699 8718 8890 8871 8700 8719 
10988 8890 8871 8700 8719 8891 8872 8701 8720 
10989 8891 8872 8701 8720 8892 8873 8702 8721 
10990 8892 8873 8702 8721 8893 8874 8703 8722 
10991 8893 8874 8703 8722 8894 8875 8704 8723 
10992 8894 8875 8704 8723 8895 8876 8705 8724 
10993 8895 8876 8705 8724 8896 8877 8706 8725 
10994 8896 8877 8706 8725 8897 8878 8707 8726 
10995 8897 8878 8707 8726 8898 8879 8708 8727 
10996 8898 8879 8708 8727 8899 8880 8709 8728 
10997 8899 8880 8709 8728 8900 8881 8710 8729 
10998 8900 8881 8710 8729 3086 3085 3076 3077 
10999 711 710 701 702 8901 8882 8711 8730 
11000 8901 8882 8711 8730 8902 8883 8712 8731 
11001 8902 8883 8712 8731 8903 8884 8713 8732 
11002 8903 8884 8713 8732 8904 8885 8714 8733 
11003 8904 8885 8714 8733 8905 8886 8715 8734 
11004 8905 8886 8715 8734 8906 8887 8716 8735 
11005 8906 8887 8716 8735 8907 8888 8717 8736 
11006 8907 8888 8717 8736 8908 8889 8718 8737 
11007 8908 8889 8718 8737 8909 8890 8719 8738 
11008 8909 8890 8719 8738 8910 8891 8720 8739 
11009 8910 8891 8720 8739 8911 8892 8721 8740 
11010 8911 8892 8721 8740 8912 8893 8722 8741 
11011 8912 8893 8722 8741 8913 8894 8723 8742 
11012 8913 8894 8723 8742 8914 8895 8724 8743 
11013 8914 8895 8724 8743 8915 8896 8725 8744 
11014 8915 8896 8725 8744 8916 8897 8726 8745 
11015 8916 8897 8726 8745 8917 8898 8727 8746 
11016 8917 8898 8727 8746 8918 8899 8728 8747 
11017 8918 8899 8728 8747 8919 8900 8729 8748 
11018 8919 8900 8729 8748 3087 3086 3077 3078 
11019 115 711 702 114 2797 8901 8730 2778 
11020 2797 8901 8730 2778 2798 8902 8731 2779 
11021 2798 8902 8731 2779 2799 8903 8732 2780 
11022 2799 8903 8732 2780 2800 8904 8733 2781 
11023 2800 8904 8733 2781 2801 8905 8734 2782 
11024 2801 8905 8734 2782 2802 8906 8735 2783 
11025 2802 8906 8735 2783 2803 8907 8736 2784 
11026 2803 8907 8736 2784 2804 8908 8737 2785 
11027 2804 8908 8737 2785 2805 8909 8738 2786 
11028 2805 8909 8738 2786 2806 8910 8739 2787 
11029 2806 8910 8739 2787 2807 8911 8740 2788 
11030 2807 8911 8740 2788 2808 8912 8741 2789 
11031 2808 8912 8741 2789 2809 8913 8742 2790 
11032 2809 8913 8742 2790 2810 8914 8743 2791 
11033 2810 8914 8743 2791 2811 8915 8744 2792 
11034 2811 8915 8744 2792 2812 8916 8745 2793 
11035 2812 8916 8745 2793 2813 8917 8746 2794 
11036 2813 8917 8746 2794 2814 8918 8747 2795 
11037 2814 8918 8747 2795 2815 8919 8748 2796 
11038 2815 8919 8748 2796 375 3087 3078 374 
11039 712 44 43 703 8920 1205 1186 8749 
11040 8920 1205 1186 8749 8921 1206 1187 8750 
11041 8921 1206 1187 8750 8922 1207 1188 8751 
11042 8922 1207 1188 8751 8923 1208 1189 8752 
11043 8923 1208 1189 8752 8924 1209 1190 8753 
11044 8924 1209 1190 8753 8925 1210 1191 8754 
11045 8925 1210 1191 8754 8926 1211 1192 8755 
11046 8926 1211 1192 8755 8927 1212 1193 8756 
11047 8927 1212 1193 8756 8928 1213 1194 8757 
11048 8928 1213 1194 8757 8929 1214 1195 8758 
11049 8929 1214 1195 8758 8930 1215 1196 8759 
11050 8930 1215 1196 8759 8931 1216 1197 8760 
11051 8931 1216 1197 8760 8932 1217 1198 8761 
11052 8932 1217 1198 8761 8933 1218 1199 8762 
11053 8933 1218 1199 8762 8934 1219 1200 8763 
11054 8934 1219 1200 8763 8935 1220 1201 8764 
11055 8935 1220 1201 8764 8936 1221 1202 8765 
11056 8936 1221 1202 8765 8937 1222 1203 8766 
11057 8937 1222 1203 8766 8938 1223 1204 8767 
11058 8938 1223 1204 8767 3088 152 151 3079 
11059 713 712 703 704 8939 8920 8749 8768 
11060 8939 8920 8749 8768 8940 8921 8750 8769 
11061 8940 8921 8750 8769 8941 8922 8751 8770 
11062 8941 8922 8751 8770 8942 8923 8752 8771 
11063 8942 8923 8752 8771 8943 8924 8753 8772 
11064 8943 8924 8753 8772 8944 8925 8754 8773 
11065 8944 8925 8754 8773 8945 8926 8755 8774 
11066 8945 8926 8755 8774 8946 8927 8756 8775 
11067 8946 8927 8756 8775 8947 8928 8757 8776 
11068 8947 8928 8757 8776 8948 8929 8758 8777 
11069 8948 8929 8758 8777 8949 8930 8759 8778 
11070 8949 8930 8759 8778 8950 8931 8760 8779 
11071 8950 8931 8760 8779 8951 8932 8761 8780 
11072 8951 8932 8761 8780 8952 8933 8762 8781 
11073 8952 8933 8762 8781 8953 8934 8763 8782 
11074 8953 8934 8763 8782 8954 8935 8764 8783 
11075 8954 8935 8764 8783 8955 8936 8765 8784 
11076 8955 8936 8765 8784 8956 8937 8766 8785 
11077 8956 8937 8766 8785 8957 8938 8767 8786 
11078 8957 8938 8767 8786 3089 3088 3079 3080 
11079 714 713 704 705 8958 8939 8768 8787 
11080 8958 8939 8768 8787 8959 8940 8769 8788 
11081 8959 8940 8769 8788 8960 8941 8770 8789 
11082 8960 8941 8770 8789 8961 8942 8771 8790 
11083 8961 8942 8771 8790 8962 8943 8772 8791 
11084 8962 8943 8772 8791 8963 8944 8773 8792 
11085 8963 8944 8773 8792 8964 8945 8774 8793 
11086 8964 8945 8774 8793 8965 8946 8775 8794 
11087 8965 8946 8775 8794 8966 8947 8776 8795 
11088 8966 8947 8776 8795 8967 8948 8777 8796 
11089 8967 8948 8777 8796 8968 8949 8778 8797 
11090 8968 8949 8778 8797 8969 8950 8779 8798 
11091 8969 8950 8779 8798 8970 8951 8780 8799 
11092 8970 8951 8780 8799 8971 8952 8781 8800 
11093 8971 8952 8781 8800 8972 8953 8782 8801 
11094 8972 8953 8782 8801 8973 8954 8783 8802 
11095 8973 8954 8783 8802 8974 8955 8784 8803 
11096 8974 8955 8784 8803 8975 8956 8785 8804 
11097 8975 8956 8785 8804 8976 8957 8786 8805 
11098 8976 8957 8786 8805 3090 3089 3080 3081 
11099 715 714 705 706 8977 8958 8787 8806 
11100 8977 8958 8787 8806 8978 8959 8788 8807 
11101 8978 8959 8788 8807 8979 8960 8789 8808 
11102 8979 8960 8789 8808 8980 8961 8790 8809 
11103 8980 8961 8790 8809 8981 8962 8791 8810 
11104 8981 8962 8791 8810 8982 8963 8792 8811 
11105 8982 8963 8792 8811 8983 8964 8793 8812 
11106 8983 8964 8793 8812 8984 8965 8794 8813 
11107 8984 8965 8794 8813 8985 8966 8795 8814 
11108 8985 8966 8795 8814 8986 8967 8796 8815 
11109 8986 8967 8796 8815 8987 8968 8797 8816 
11110 8987 8968 8797 8816 8988 8969 8798 8817 
11111 8988 8969 8798 8817 8989 8970 8799 8818 
11112 8989 8970 8799 8818 8990 8971 8800 8819 
11113 8990 8971 8800 8819 8991 8972 8801 8820 
11114 8991 8972 8801 8820 8992 8973 8802 8821 
11115 8992 8973 8802 8821 8993 8974 8803 8822 
11116 8993 8974 8803 8822 8994 8975 8804 8823 
11117 8994 8975 8804 8823 8995 8976 8805 8824 
11118 8995 8976 8805 8824 3091 3090 3081 3082 
11119 716 715 706 707 8996 8977 8806 8825 
11120 8996 8977 8806 8825 8997 8978 8807 8826 
11121 8997 8978 8807 8826 8998 8979 8808 8827 
11122 8998 8979 8808 8827 8999 8980 8809 8828 
11123 8999 8980 8809 8828 9000 8981 8810 8829 
11124 9000 8981 8810 8829 9001 8982 8811 8830 
11125 9001 8982 8811 8830 9002 8983 8812 8831 
11126 9002 8983 8812 8831 9003 8984 8813 8832 
11127 9003 8984 8813 8832 9004 8985 8814 8833 
11128 9004 8985 8814 8833 9005 8986 8815 8834 
11129 9005 8986 8815 8834 9006 8987 8816 8835 
11130 9006 8987 8816 8835 9007 8988 8817 8836 
11131 9007 8988 8817 8836 9008 8989 8818 8837 
11132 9008 8989 8818 8837 9009 8990 8819 8838 
11133 9009 8990 8819 8838 9010 8991 8820 8839 
11134 9010 8991 8820 8839 9011 8992 8821 8840 
11135 9011 8992 8821 8840 9012 8993 8822 8841 
11136 9012 8993 8822 8841 9013 8994 8823 8842 
11137 9013 8994 8823 8842 9014 8995 8824 8843 
11138 9014 8995 8824 8843 3092 3091 3082 3083 
11139 717 716 707 708 9015 8996 8825 8844 
11140 9015 8996 8825 8844 9016 8997 8826 8845 
11141 9016 8997 8826 8845 9017 8998 8827 8846 
11142 9017 8998 8827 8846 9018 8999 8828 8847 
11143 9018 8999 8828 8847 9019 9000 8829 8848 
11144 9019 9000 8829 8848 9020 9001 8830 8849 
11145 9020 9001 8830 8849 9021 9002 8831 8850 
11146 9021 9002 8831 8850 9022 9003 8832 8851 
11147 9022 9003 8832 8851 9023 9004 8833 8852 
11148 9023 9004 8833 8852 9024 9005 8834 8853 
11149 9024 9005 8834 8853 9025 9006 8835 8854 
11150 9025 9006 8835 8854 9026 9007 8836 8855 
11151 9026 9007 8836 8855 9027 9008 8837 8856 
11152 9027 9008 8837 8856 9028 9009 8838 8857 
11153 9028 9009 8838 8857 9029 9010 8839 8858 
11154 9029 9010 8839 8858 9030 9011 8840 8859 
11155 9030 9011 8840 8859 9031 9012 8841 8860 
11156 9031 9012 8841 8860 9032 9013 8842 8861 
11157 9032 9013 8842 8861 9033 9014 8843 8862 
11158 9033 9014 8843 8862 3093 3092 3083 3084 
11159 718 717 708 709 9034 9015 8844 8863 
11160 9034 9015 8844 8863 9035 9016 8845 8864 
11161 9035 9016 8845 8864 9036 9017 8846 8865 
11162 9036 9017 8846 8865 9037 9018 8847 8866 
11163 9037 9018 8847 8866 9038 9019 8848 8867 
11164 9038 9019 8848 8867 9039 9020 8849 8868 
11165 9039 9020 8849 8868 9040 9021 8850 8869 
11166 9040 9021 8850 8869 9041 9022 8851 8870 
11167 9041 9022 8851 8870 9042 9023 8852 8871 
11168 9042 9023 8852 8871 9043 9024 8853 8872 
11169 9043 9024 8853 8872 9044 9025 8854 8873 
11170 9044 9025 8854 8873 9045 9026 8855 8874 
11171 9045 9026 8855 8874 9046 9027 8856 8875 
11172 9046 9027 8856 8875 9047 9028 8857 8876 
11173 9047 9028 8857 8876 9048 9029 8858 8877 
11174 9048 9029 8858 8877 9049 9030 8859 8878 
11175 9049 9030 8859 8878 9050 9031 8860 8879 
11176 9050 9031 8860 8879 9051 9032 8861 8880 
11177 9051 9032 8861 8880 9052 9033 8862 8881 
11178 9052 9033 8862 8881 3094 3093 3084 3085 
11179 719 718 709 710 9053 9034 8863 8882 
11180 9053 9034 8863 8882 9054 9035 8864 8883 
11181 9054 9035 8864 8883 9055 9036 8865 8884 
11182 9055 9036 8865 8884 9056 9037 8866 8885 
11183 9056 9037 8866 8885 9057 9038 8867 8886 
11184 9057 9038 8867 8886 9058 9039 8868 8887 
11185 9058 9039 8868 8887 9059 9040 8869 8888 
11186 9059 9040 8869 8888 9060 9041 8870 8889 
11187 9060 9041 8870 8889 9061 9042 8871 8890 
11188 9061 9042 8871 8890 9062 9043 8872 8891 
11189 9062 9043 8872 8891 9063 9044 8873 8892 
11190 9063 9044 8873 8892 9064 9045 8874 8893 
11191 9064 9045 8874 8893 9065 9046 8875 8894 
11192 9065 9046 8875 8894 9066 9047 8876 8895 
11193 9066 9047 8876 8895 9067 9048 8877 8896 
11194 9067 9048 8877 8896 9068 9049 8878 8897 
11195 9068 9049 8878 8897 9069 9050 8879 8898 
11196 9069 9050 8879 8898 9070 9051 8880 8899 
11197 9070 9051 8880 8899 9071 9052 8881 8900 
11198 9071 9052 8881 8900 3095 3094 3085 3086 
11199 720 719 710 711 9072 9053 8882 8901 
11200 9072 9053 8882 8901 9073 9054 8883 8902 
11201 9073 9054 8883 8902 9074 9055 8884 8903 
11202 9074 9055 8884 8903 9075 9056 8885 8904 
11203 9075 9056 8885 8904 9076 9057 8886 8905 
11204 9076 9057 8886 8905 9077 9058 8887 8906 
11205 9077 9058 8887 8906 9078 9059 8888 8907 
11206 9078 9059 8888 8907 9079 9060 8889 8908 
11207 9079 9060 8889 8908 9080 9061 8890 8909 
11208 9080 9061 8890 8909 9081 9062 8891 8910 
11209 9081 9062 8891 8910 9082 9063 8892 8911 
11210 9082 9063 8892 8911 9083 9064 8893 8912 
11211 9083 9064 8893 8912 9084 9065 8894 8913 
11212 9084 9065 8894 8913 9085 9066 8895 8914 
11213 9085 9066 8895 8914 9086 9067 8896 8915 
11214 9086 9067 8896 8915 9087 9068 8897 8916 
11215 9087 9068 8897 8916 9088 9069 8898 8917 
11216 9088 9069 8898 8917 9089 9070 8899 8918 
11217 9089 9070 8899 8918 9090 9071 8900 8919 
11218 9090 9071 8900 8919 3096 3095 3086 3087 
11219 116 720 711 115 2816 9072 8901 2797 
11220 2816 9072 8901 2797 2817 9073 8902 2798 
11221 2817 9073 8902 2798 2818 9074 8903 2799 
11222 2818 9074 8903 2799 2819 9075 8904 2800 
11223 2819 9075 8904 2800 2820 9076 8905 2801 
11224 2820 9076 8905 2801 2821 9077 8906 2802 
11225 2821 9077 8906 2802 2822 9078 8907 2803 
11226 2822 9078 8907 2803 2823 9079 8908 2804 
11227 2823 9079 8908 2804 2824 9080 8909 2805 
11228 2824 9080 8909 2805 2825 9081 8910 2806 
11229 2825 9081 8910 2806 2826 9082 8911 2807 
11230 2826 9082 8911 2807 2827 9083 8912 2808 
11231 2827 9083 8912 2808 2828 9084 8913 2809 
11232 2828 9084 8913 2809 2829 9085 8914 2810 
11233 2829 9085 8914 2810 2830 9086 8915 2811 
11234 2830 9086 8915 2811 2831 9087 8916 2812 
11235 2831 9087 8916 2812 2832 9088 8917 2813 
11236 2832 9088 8917 2813 2833 9089 8918 2814 
11237 2833 9089 8918 2814 2834 9090 8919 2815 
11238 2834 9090 8919 2815 376 3096 3087 375 
11239 721 45 44 712 9091 1224 1205 8920 
11240 9091 1224 1205 8920 9092 1225 1206 8921 
11241 9092 1225 1206 8921 9093 1226 1207 8922 
11242 9093 1226 1207 8922 9094 1227 1208 8923 
11243 9094 1227 1208 8923 9095 1228 1209 8924 
11244 9095 1228 1209 8924 9096 1229 1210 8925 
11245 9096 1229 1210 8925 9097 1230 1211 8926 
11246 9097 1230 1211 8926 9098 1231 1212 8927 
11247 9098 1231 1212 8927 9099 1232 1213 8928 
11248 9099 1232 1213 8928 9100 1233 1214 8929 
11249 9100 1233 1214 8929 9101 1234 1215 8930 
11250 9101 1234 1215 8930 9102 1235 1216 8931 
11251 9102 1235 1216 8931 9103 1236 1217 8932 
11252 9103 1236 1217 8932 9104 1237 1218 8933 
11253 9104 1237 1218 8933 9105 1238 1219 8934 
11254 9105 1238 1219 8934 9106 1239 1220 8935 
11255 9106 1239 1220 8935 9107 1240 1221 8936 
11256 9107 1240 1221 8936 9108 1241 1222 8937 
11257 9108 1241 1222 8937 9109 1242 1223 8938 
11258 9109 1242 1223 8938 3097 153 152 3088 
11259 722 721 712 713 9110 9091 8920 8939 
11260 9110 9091 8920 8939 9111 9092 8921 8940 
11261 9111 9092 8921 8940 9112 9093 8922 8941 
11262 9112 9093 8922 8941 9113 9094 8923 8942 
11263 9113 9094 8923 8942 9114 9095 8924 8943 
11264 9114 9095 8924 8943 9115 9096 8925 8944 
11265 9115 9096 8925 8944 9116 9097 8926 8945 
11266 9116 9097 8926 8945 9117 9098 8927 8946 
11267 9117 9098 8927 8946 9118 9099 8928 8947 
11268 9118 9099 8928 8947 9119 9100 8929 8948 
11269 9119 9100 8929 8948 9120 9101 8930 8949 
11270 9120 9101 8930 8949 9121 9102 8931 8950 
11271 9121 9102 8931 8950 9122 9103 8932 8951 
11272 9122 9103 8932 8951 9123 9104 8933 8952 
11273 9123 9104 8933 8952 9124 9105 8934 8953 
11274 9124 9105 8934 8953 9125 9106 8935 8954 
11275 9125 9106 8935 8954 9126 9107 8936 8955 
11276 9126 9107 8936 8955 9127 9108 8937 8956 
11277 9127 9108 8937 8956 9128 9109 8938 8957 
11278 9128 9109 8938 8957 3098 3097 3088 3089 
11279 723 722 713 714 9129 9110 8939 8958 
11280 9129 9110 8939 8958 9130 9111 8940 8959 
11281 9130 9111 8940 8959 9131 9112 8941 8960 
11282 9131 9112 8941 8960 9132 9113 8942 8961 
11283 9132 9113 8942 8961 9133 9114 8943 8962 
11284 9133 9114 8943 8962 9134 9115 8944 8963 
11285 9134 9115 8944 8963 9135 9116 8945 8964 
11286 9135 9116 8945 8964 9136 9117 8946 8965 
11287 9136 9117 8946 8965 9137 9118 8947 8966 
11288 9137 9118 8947 8966 9138 9119 8948 8967 
11289 9138 9119 8948 8967 9139 9120 8949 8968 
11290 9139 9120 8949 8968 9140 9121 8950 8969 
11291 9140 9121 8950 8969 9141 9122 8951 8970 
11292 9141 9122 8951 8970 9142 9123 8952 8971 
11293 9142 9123 8952 8971 9143 9124 8953 8972 
11294 9143 9124 8953 8972 9144 9125 8954 8973 
11295 9144 9125 8954 8973 9145 9126 8955 8974 
11296 9145 9126 8955 8974 9146 9127 8956 8975 
11297 9146 9127 8956 8975 9147 9128 8957 8976 
11298 9147 9128 8957 8976 3099 3098 3089 3090 
11299 724 723 714 715 9148 9129 8958 8977 
11300 9148 9129 8958 8977 9149 9130 8959 8978 
11301 9149 9130 8959 8978 9150 9131 8960 8979 
11302 9150 9131 8960 8979 9151 9132 8961 8980 
11303 9151 9132 8961 8980 9152 9133 8962 8981 
11304 9152 9133 8962 8981 9153 9134 8963 8982 
11305 9153 9134 8963 8982 9154 9135 8964 8983 
11306 9154 9135 8964 8983 9155 9136 8965 8984 
11307 9155 9136 8965 8984 9156 9137 8966 8985 
11308 9156 9137 8966 8985 9157 9138 8967 8986 
11309 9157 9138 8967 8986 9158 9139 8968 8987 
11310 9158 9139 8968 8987 9159 9140 8969 8988 
11311 9159 9140 8969 8988 9160 9141 8970 8989 
11312 9160 9141 8970 8989 9161 9142 8971 8990 
11313 9161 9142 8971 8990 9162 9143 8972 8991 
11314 9162 9143 8972 8991 9163 9144 8973 8992 
11315 9163 9144 8973 8992 9164 9145 8974 8993 
11316 9164 9145 8974 8993 9165 9146 8975 8994 
11317 9165 9146 8975 8994 9166 9147 8976 8995 
11318 9166 9147 8976 8995 3100 3099 3090 3091 
11319 725 724 715 716 9167 9148 8977 8996 
11320 9167 9148 8977 8996 9168 9149 8978 8997 
11321 9168 9149 8978 8997 9169 9150 8979 8998 
11322 9169 9150 8979 8998 9170 9151 8980 8999 
11323 9170 9151 8980 8999 9171 9152 8981 9000 
11324 9171 9152 8981 9000 9172 9153 8982 9001 
11325 9172 9153 8982 9001 9173 9154 8983 9002 
11326 9173 9154 8983 9002 9174 9155 8984 9003 
11327 9174 9155 8984 9003 9175 9156 8985 9004 
11328 9175 9156 8985 9004 9176 9157 8986 9005 
11329 9176 9157 8986 9005 9177 9158 8987 9006 
11330 9177 9158 8987 9006 9178 9159 8988 9007 
11331 9178 9159 8988 9007 9179 9160 8989 9008 
11332 9179 9160 8989 9008 9180 9161 8990 9009 
11333 9180 9161 8990 9009 9181 9162 8991 9010 
11334 9181 9162 8991 9010 9182 9163 8992 9011 
11335 9182 9163 8992 9011 9183 9164 8993 9012 
11336 9183 9164 8993 9012 9184 9165 8994 9013 
11337 9184 9165 8994 9013 9185 9166 8995 9014 
11338 9185 9166 8995 9014 3101 3100 3091 3092 
11339 726 725 716 717 9186 9167 8996 9015 
11340 9186 9167 8996 9015 9187 9168 8997 9016 
11341 9187 9168 8997 9016 9188 9169 8998 9017 
11342 9188 9169 8998 9017 9189 9170 8999 9018 
11343 9189 9170 8999 9018 9190 9171 9000 9019 
11344 9190 9171 9000 9019 9191 9172 9001 9020 
11345 9191 9172 9001 9020 9192 9173 9002 9021 
11346 9192 9173 9002 9021 9193 9174 9003 9022 
11347 9193 9174 9003 9022 9194 9175 9004 9023 
11348 9194 9175 9004 9023 9195 9176 9005 9024 
11349 9195 9176 9005 9024 9196 9177 9006 9025 
11350 9196 9177 9006 9025 9197 9178 9007 9026 
11351 9197 9178 9007 9026 9198 9179 9008 9027 
11352 9198 9179 9008 9027 9199 9180 9009 9028 
11353 9199 9180 9009 9028 9200 9181 9010 9029 
11354 9200 9181 9010 9029 9201 9182 9011 9030 
11355 9201 9182 9011 9030 9202 9183 9012 9031 
11356 9202 9183 9012 9031 9203 9184 9013 9032 
11357 9203 9184 9013 9032 9204 9185 9014 9033 
11358 9204 9185 9014 9033 3102 3101 3092 3093 
11359 727 726 717 718 9205 9186 9015 9034 
11360 9205 9186 9015 9034 9206 9187 9016 9035 
11361 9206 9187 9016 9035 9207 9188 9017 9036 
11362 9207 9188 9017 9036 9208 9189 9018 9037 
11363 9208 9189 9018 9037 9209 9190 9019 9038 
11364 9209 9190 9019 9038 9210 9191 9020 9039 
11365 9210 9191 9020 9039 9211 9192 9021 9040 
11366 9211 9192 9021 9040 9212 9193 9022 9041 
11367 9212 9193 9022 9041 9213 9194 9023 9042 
11368 9213 9194 9023 9042 9214 9195 9024 9043 
11369 9214 9195 9024 9043 9215 9196 9025 9044 
11370 9215 9196 9025 9044 9216 9197 9026 9045 
11371 9216 9197 9026 9045 9217 9198 9027 9046 
11372 9217 9198 9027 9046 9218 9199 9028 9047 
11373 9218 9199 9028 9047 9219 9200 9029 9048 
11374 9219 9200 9029 9048 9220 9201 9030 9049 
11375 9220 9201 9030 9049 9221 9202 9031 9050 
11376 9221 9202 9031 9050 9222 9203 9032 9051 
11377 9222 9203 9032 9051 9223 9204 9033 9052 
11378 9223 9204 9033 9052 3103 3102 3093 3094 
11379 728 727 718 719 9224 9205 9034 9053 
11380 9224 9205 9034 9053 9225 9206 9035 9054 
11381 9225 9206 9035 9054 9226 9207 9036 9055 
11382 9226 9207 9036 9055 9227 9208 9037 9056 
11383 9227 9208 9037 9056 9228 9209 9038 9057 
11384 9228 9209 9038 9057 9229 9210 9039 9058 
11385 9229 9210 9039 9058 9230 9211 9040 9059 
11386 9230 9211 9040 9059 9231 9212 9041 9060 
11387 9231 9212 9041 9060 9232 9213 9042 9061 
11388 9232 9213 9042 9061 9233 9214 9043 9062 
11389 9233 9214 9043 9062 9234 9215 9044 9063 
11390 9234 9215 9044 9063 9235 9216 9045 9064 
11391 9235 9216 9045 9064 9236 9217 9046 9065 
11392 9236 9217 9046 9065 9237 9218 9047 9066 
11393 9237 9218 9047 9066 9238 9219 9048 9067 
11394 9238 9219 9048 9067 9239 9220 9049 9068 
11395 9239 9220 9049 9068 9240 9221 9050 9069 
11396 9240 9221 9050 9069 9241 9222 9051 9070 
11397 9241 9222 9051 9070 9242 9223 9052 9071 
11398 9242 9223 9052 9071 3104 3103 3094 3095 
11399 729 728 719 720 9243 9224 9053 9072 
11400 9243 9224 9053 9072 9244 9225 9054 9073 
11401 9244 9225 9054 9073 9245 9226 9055 9074 
11402 9245 9226 9055 9074 9246 9227 9056 9075 
11403 9246 9227 9056 9075 9247 9228 9057 9076 
11404 9247 9228 9057 9076 9248 9229 9058 9077 
11405 9248 9229 9058 9077 9249 9230 9059 9078 
11406 9249 9230 9059 9078 9250 9231 9060 9079 
11407 9250 9231 9060 9079 9251 9232 9061 9080 
11408 9251 9232 9061 9080 9252 9233 9062 9081 
11409 9252 9233 9062 9081 9253 9234 9063 9082 
11410 9253 9234 9063 9082 9254 9235 9064 9083 
11411 9254 9235 9064 9083 9255 9236 9065 9084 
11412 9255 9236 9065 9084 9256 9237 9066 9085 
11413 9256 9237 9066 9085 9257 9238 9067 9086 
11414 9257 9238 9067 9086 9258 9239 9068 9087 
11415 9258 9239 9068 9087 9259 9240 9069 9088 
11416 9259 9240 9069 9088 9260 9241 9070 9089 
11417 9260 9241 9070 9089 9261 9242 9071 9090 
11418 9261 9242 9071 9090 3105 3104 3095 3096 
11419 117 729 720 116 2835 9243 9072 2816 
11420 2835 9243 9072 2816 2836 9244 9073 2817 
11421 2836 9244 9073 2817 2837 9245 9074 2818 
11422 2837 9245 9074 2818 2838 9246 9075 2819 
11423 2838 9246 9075 2819 2839 9247 9076 2820 
11424 2839 9247 9076 2820 2840 9248 9077 2821 
11425 2840 9248 9077 2821 2841 9249 9078 2822 
11426 2841 9249 9078 2822 2842 9250 9079 2823 
11427 2842 9250 9079 2823 2843 9251 9080 2824 
11428 2843 9251 9080 2824 2844 9252 9081 2825 
11429 2844 9252 9081 2825 2845 9253 9082 2826 
11430 2845 9253 9082 2826 2846 9254 9083 2827 
11431 2846 9254 9083 2827 2847 9255 9084 2828 
11432 2847 9255 9084 2828 2848 9256 9085 2829 
11433 2848 9256 9085 2829 2849 9257 9086 2830 
11434 2849 9257 9086 2830 2850 9258 9087 2831 
11435 2850 9258 9087 2831 2851 9259 9088 2832 
11436 2851 9259 9088 2832 2852 9260 9089 2833 
11437 2852 9260 9089 2833 2853 9261 9090 2834 
11438 2853 9261 9090 2834 377 3105 3096 376 
11439 126 4 45 721 3006 220 1224 9091 
11440 3006 220 1224 9091 3007 221 1225 9092 
11441 3007 221 1225 9092 3008 222 1226 9093 
11442 3008 222 1226 9093 3009 223 1227 9094 
11443 3009 223 1227 9094 3010 224 1228 9095 
11444 3010 224 1228 9095 3011 225 1229 9096 
11445 3011 225 1229 9096 3012 226 1230 9097 
11446 3012 226 1230 9097 3013 227 1231 9098 
11447 3013 227 1231 9098 3014 228 1232 9099 
11448 3014 228 1232 9099 3015 229 1233 9100 
11449 3015 229 1233 9100 3016 230 1234 9101 
11450 3016 230 1234 9101 3017 231 1235 9102 
11451 3017 231 1235 9102 3018 232 1236 9103 
11452 3018 232 1236 9103 3019 233 1237 9104 
11453 3019 233 1237 9104 3020 234 1238 9105 
11454 3020 234 1238 9105 3021 235 1239 9106 
11455 3021 235 1239 9106 3022 236 1240 9107 
11456 3022 236 1240 9107 3023 237 1241 9108 
11457 3023 237 1241 9108 3024 238 1242 9109 
11458 3024 238 1242 9109 386 13 153 3097 
11459 125 126 721 722 2987 3006 9091 9110 
11460 2987 3006 9091 9110 2988 3007 9092 9111 
11461 2988 3007 9092 9111 2989 3008 9093 9112 
11462 2989 3008 9093 9112 2990 3009 9094 9113 
11463 2990 3009 9094 9113 2991 3010 9095 9114 
11464 2991 3010 9095 9114 2992 3011 9096 9115 
11465 2992 3011 9096 9115 2993 3012 9097 9116 
11466 2993 3012 9097 9116 2994 3013 9098 9117 
11467 2994 3013 9098 9117 2995 3014 9099 9118 
11468 2995 3014 9099 9118 2996 3015 9100 9119 
11469 2996 3015 9100 9119 2997 3016 9101 9120 
11470 2997 3016 9101 9120 2998 3017 9102 9121 
11471 2998 3017 9102 9121 2999 3018 9103 9122 
11472 2999 3018 9103 9122 3000 3019 9104 9123 
11473 3000 3019 9104 9123 3001 3020 9105 9124 
11474 3001 3020 9105 9124 3002 3021 9106 9125 
11475 3002 3021 9106 9125 3003 3022 9107 9126 
11476 3003 3022 9107 9126 3004 3023 9108 9127 
11477 3004 3023 9108 9127 3005 3024 9109 9128 
11478 3005 3024 9109 9128 385 386 3097 3098 
11479 124 125 722 723 2968 2987 9110 9129 
11480 2968 2987 9110 9129 2969 2988 9111 9130 
11481 2969 2988 9111 9130 2970 2989 9112 9131 
11482 2970 2989 9112 9131 2971 2990 9113 9132 
11483 2971 2990 9113 9132 2972 2991 9114 9133 
11484 2972 2991 9114 9133 2973 2992 9115 9134 
11485 2973 2992 9115 9134 2974 2993 9116 9135 
11486 2974 2993 9116 9135 2975 2994 9117 9136 
11487 2975 2994 9117 9136 2976 2995 9118 9137 
11488 2976 2995 9118 9137 2977 2996 9119 9138 
11489 2977 2996 9119 9138 2978 2997 9120 9139 
11490 2978 2997 9120 9139 2979 2998 9121 9140 
11491 2979 2998 9121 9140 2980 2999 9122 9141 
11492 2980 2999 9122 9141 2981 3000 9123 9142 
11493 2981 3000 9123 9142 2982 3001 9124 9143 
11494 2982 3001 9124 9143 2983 3002 9125 9144 
11495 2983 3002 9125 9144 2984 3003 9126 9145 
11496 2984 3003 9126 9145 2985 3004 9127 9146 
11497 2985 3004 9127 9146 2986 3005 9128 9147 
11498 2986 3005 9128 9147 384 385 3098 3099 
11499 123 124 723 724 2949 2968 9129 9148 
11500 2949 2968 9129 9148 2950 2969 9130 9149 
11501 2950 2969 9130 9149 2951 2970 9131 9150 
11502 2951 2970 9131 9150 2952 2971 9132 9151 
11503 2952 2971 9132 9151 2953 2972 9133 9152 
11504 2953 2972 9133 9152 2954 2973 9134 9153 
11505 2954 2973 9134 9153 2955 2974 9135 9154 
11506 2955 2974 9135 9154 2956 2975 9136 9155 
11507 2956 2975 9136 9155 2957 2976 9137 9156 
11508 2957 2976 9137 9156 2958 2977 9138 9157 
11509 2958 2977 9138 9157 2959 2978 9139 9158 
11510 2959 2978 9139 9158 2960 2979 9140 9159 
11511 2960 2979 9140 9159 2961 2980 9141 9160 
11512 2961 2980 9141 9160 2962 2981 9142 9161 
11513 2962 2981 9142 9161 2963 2982 9143 9162 
11514 2963 2982 9143 9162 2964 2983 9144 9163 
11515 2964 2983 9144 9163 2965 2984 9145 9164 
11516 2965 2984 9145 9164 2966 2985 9146 9165 
11517 2966 2985 9146 9165 2967 2986 9147 9166 
11518 2967 2986 9147 9166 383 384 3099 3100 
11519 122 123 724 725 2930 2949 9148 9167 
11520 2930 2949 9148 9167 2931 2950 9149 9168 
11521 2931 2950 9149 9168 2932 2951 9150 9169 
11522 2932 2951 9150 9169 2933 2952 9151 9170 
11523 2933 2952 9151 9170 2934 2953 9152 9171 
11524 2934 2953 9152 9171 2935 2954 9153 9172 
11525 2935 2954 9153 9172 2936 2955 9154 9173 
11526 2936 2955 9154 9173 2937 2956 9155 9174 
11527 2937 2956 9155 9174 2938 2957 9156 9175 
11528 2938 2957 9156 9175 2939 2958 9157 9176 
11529 2939 2958 9157 9176 2940 2959 9158 9177 
11530 2940 2959 9158 9177 2941 2960 9159 9178 
11531 2941 2960 9159 9178 2942 2961 9160 9179 
11532 2942 2961 9160 9179 2943 2962 9161 9180 
11533 2943 2962 9161 9180 2944 2963 9162 9181 
11534 2944 2963 9162 9181 2945 2964 9163 9182 
11535 2945 2964 9163 9182 2946 2965 9164 9183 
11536 2946 2965 9164 9183 2947 2966 9165 9184 
11537 2947 2966 9165 9184 2948 2967 9166 9185 
11538 2948 2967 9166 9185 382 383 3100 3101 
11539 121 122 725 726 2911 2930 9167 9186 
11540 2911 2930 9167 9186 2912 2931 9168 9187 
11541 2912 2931 9168 9187 2913 2932 9169 9188 
11542 2913 2932 9169 9188 2914 2933 9170 9189 
11543 2914 2933 9170 9189 2915 2934 9171 9190 
11544 2915 2934 9171 9190 2916 2935 9172 9191 
11545 2916 2935 9172 9191 2917 2936 9173 9192 
11546 2917 2936 9173 9192 2918 2937 9174 9193 
11547 2918 2937 9174 9193 2919 2938 9175 9194 
11548 2919 2938 9175 9194 2920 2939 9176 9195 
11549 2920 2939 9176 9195 2921 2940 9177 9196 
11550 2921 2940 9177 9196 2922 2941 9178 9197 
11551 2922 2941 9178 9197 2923 2942 9179 9198 
11552 2923 2942 9179 9198 2924 2943 9180 9199 
11553 2924 2943 9180 9199 2925 2944 9181 9200 
11554 2925 2944 9181 9200 2926 2945 9182 9201 
11555 2926 2945 9182 9201 2927 2946 9183 9202 
11556 2927 2946 9183 9202 2928 2947 9184 9203 
11557 2928 2947 9184 9203 2929 2948 9185 9204 
11558 2929 2948 9185 9204 381 382 3101 3102 
11559 120 121 726 727 2892 2911 9186 9205 
11560 2892 2911 9186 9205 2893 2912 9187 9206 
11561 2893 2912 9187 9206 2894 2913 9188 9207 
11562 2894 2913 9188 9207 2895 2914 9189 9208 
11563 2895 2914 9189 9208 2896 2915 9190 9209 
11564 2896 2915 9190 9209 2897 2916 9191 9210 
11565 2897 2916 9191 9210 2898 2917 9192 9211 
11566 2898 2917 9192 9211 2899 2918 9193 9212 
11567 2899 2918 9193 9212 2900 2919 9194 9213 
11568 2900 2919 9194 9213 2901 2920 9195 9214 
11569 2901 2920 9195 9214 2902 2921 9196 9215 
11570 2902 2921 9196 9215 2903 2922 9197 9216 
11571 2903 2922 9197 9216 2904 2923 9198 9217 
11572 2904 2923 9198 9217 2905 2924 9199 9218 
11573 2905 2924 9199 9218 2906 2925 9200 9219 
11574 2906 2925 9200 9219 2907 2926 9201 9220 
11575 2907 2926 9201 9220 2908 2927 9202 9221 
11576 2908 2927 9202 9221 2909 2928 9203 9222 
11577 2909 2928 9203 9222 2910 2929 9204 9223 
11578 2910 2929 9204 9223 380 381 3102 3103 
11579 119 120 727 728 2873 2892 9205 9224 
11580 2873 2892 9205 9224 2874 2893 9206 9225 
11581 2874 2893 9206 9225 2875 2894 9207 9226 
11582 2875 2894 9207 9226 2876 2895 9208 9227 
11583 2876 2895 9208 9227 2877 2896 9209 9228 
11584 2877 2896 9209 9228 2878 2897 9210 9229 
11585 2878 2897 9210 9229 2879 2898 9211 9230 
11586 2879 2898 9211 9230 2880 2899 9212 9231 
11587 2880 2899 9212 9231 2881 2900 9213 9232 
11588 2881 2900 9213 9232 2882 2901 9214 9233 
11589 2882 2901 9214 9233 2883 2902 9215 9234 
11590 2883 2902 9215 9234 2884 2903 9216 9235 
11591 2884 2903 9216 9235 2885 2904 9217 9236 
11592 2885 2904 9217 9236 2886 2905 9218 9237 
11593 2886 2905 9218 9237 2887 2906 9219 9238 
11594 2887 2906 9219 9238 2888 2907 9220 9239 
11595 2888 2907 9220 9239 2889 2908 9221 9240 
11596 2889 2908 9221 9240 2890 2909 9222 9241 
11597 2890 2909 9222 9241 2891 2910 9223 9242 
11598 2891 2910 9223 9242 379 380 3103 3104 
11599 118 119 728 729 2854 2873 9224 9243 
11600 2854 2873 9224 9243 2855 2874 9225 9244 
11601 2855 2874 9225 9244 2856 2875 9226 9245 
11602 2856 2875 9226 9245 2857 2876 9227 9246 
11603 2857 2876 9227 9246 2858 2877 9228 9247 
11604 2858 2877 9228 9247 2859 2878 9229 9248 
11605 2859 2878 9229 9248 2860 2879 9230 9249 
11606 2860 2879 9230 9249 2861 2880 9231 9250 
11607 2861 2880 9231 9250 2862 2881 9232 9251 
11608 2862 2881 9232 9251 2863 2882 9233 9252 
11609 2863 2882 9233 9252 2864 2883 9234 9253 
11610 2864 2883 9234 9253 2865 2884 9235 9254 
11611 2865 2884 9235 9254 2866 2885 9236 9255 
11612 2866 2885 9236 9255 2867 2886 9237 9256 
11613 2867 2886 9237 9256 2868 2887 9238 9257 
11614 2868 2887 9238 9257 2869 2888 9239 9258 
11615 2869 2888 9239 9258 2870 2889 9240 9259 
11616 2870 2889 9240 9259 2871 2890 9241 9260 
11617 2871 2890 9241 9260 2872 2891 9242 9261 
11618 2872 2891 9242 9261 378 379 3104 3105 
11619 9 118 729 117 387 2854 9243 2835 
11620 387 2854 9243 2835 388 2855 9244 2836 
11621 388 2855 9244 2836 389 2856 9245 2837 
11622 389 2856 9245 2837 390 2857 9246 2838 
11623 390 2857 9246 2838 391 2858 9247 2839 
11624 391 2858 9247 2839 392 2859 9248 2840 
11625 392 2859 9248 2840 393 2860 9249 2841 
11626 393 2860 9249 2841 394 2861 9250 2842 
11627 394 2861 9250 2842 395 2862 9251 2843 
11628 395 2862 9251 2843 396 2863 9252 2844 
11629 396 2863 9252 2844 397 2864 9253 2845 
11630 397 2864 9253 2845 398 2865 9254 2846 
11631 398 2865 9254 2846 399 2866 9255 2847 
11632 399 2866 9255 2847 400 2867 9256 2848 
11633 400 2867 9256 2848 401 2868 9257 2849 
11634 401 2868 9257 2849 402 2869 9258 2850 
11635 402 2869 9258 2850 403 2870 9259 2851 
11636 403 2870 9259 2851 404 2871 9260 2852 
11637 404 2871 9260 2852 405 2872 9261 2853 
11638 405 2872 9261 2853 18 378 3105 377 
$EndElements
