$MeshFormat
4.1 0 8
$EndMeshFormat
$PhysicalNames
25
2 1 "surf_1"
2 2 "surf_2"
2 3 "surf_3"
2 4 "surf_4"
2 5 "surf_5"
2 6 "surf_6"
2 7 "surf_7"
2 8 "surf_8"
2 9 "surf_9"
2 10 "surf_10"
2 11 "surf_11"
2 12 "surf_12"
2 13 "surf_13"
2 14 "surf_14"
2 15 "surf_15"
2 16 "surf_16"
2 17 "surf_17"
2 18 "surf_18"
2 19 "surf_19"
2 20 "surf_20"
2 21 "surf_21"
2 22 "surf_22"
2 23 "surf_23"
2 24 "surf_24"
3 25 "Volume_"
$EndPhysicalNames
$Entities
18 33 20 4
1 0 0 0 0 
2 0.0001 0 0 0 
3 0.0001 0.0001 0 0 
4 0 0.0001 0 0 
6 0.0002 0 0 0 
7 0.0002 0.0001 0 0 
11 0.0002 0.0002 0 0 
12 0.0001 0.0002 0 0 
16 0 0.0002 0 0 
17 0 0 0.0002 0 
18 0.0001 0 0.0002 0 
22 0.0001 0.0001 0.0002 0 
26 0 0.0001 0.0002 0 
28 0.0002 0 0.0002 0 
32 0.0002 0.0001 0.0002 0 
38 0.0002 0.0002 0.0002 0 
42 0.0001 0.0002 0.0002 0 
52 0 0.0002 0.0002 0 
1 0 0 0 0.0001 0 0 0 2 1 -2 
2 0.0001 0 0 0.0001 0.0001 0 0 2 2 -3 
3 0 0.0001 0 0.0001 0.0001 0 0 2 3 -4 
4 0 0 0 0 0.0001 0 0 2 4 -1 
5 0.0001 0 0 0.0002 0 0 0 2 2 -6 
6 0.0002 0 0 0.0002 0.0001 0 0 2 6 -7 
7 0.0001 0.0001 0 0.0002 0.0001 0 0 2 7 -3 
10 0.0002 0.0001 0 0.0002 0.0002 0 0 2 7 -11 
11 0.0001 0.0002 0 0.0002 0.0002 0 0 2 11 -12 
12 0.0001 0.0001 0 0.0001 0.0002 0 0 2 12 -3 
15 0 0.0002 0 0.0001 0.0002 0 0 2 12 -16 
16 0 0.0001 0 0 0.0002 0 0 2 16 -4 
18 0 0 0.0002 0.0001 0 0.0002 0 2 17 -18 
19 0.0001 0 0.0002 0.0001 0.0001 0.0002 0 2 18 -22 
20 0 0.0001 0.0002 0.0001 0.0001 0.0002 0 2 22 -26 
21 0 0 0.0002 0 0.0001 0.0002 0 2 26 -17 
23 0 0 0 0 0 0.0002 0 2 1 -17 
24 0.0001 0 0 0.0001 0 0.0002 0 2 2 -18 
28 0.0001 0.0001 0 0.0001 0.0001 0.0002 0 2 3 -22 
32 0 0.0001 0 0 0.0001 0.0002 0 2 4 -26 
40 0.0001 0 0.0002 0.0002 0 0.0002 0 2 18 -28 
41 0.0002 0 0.0002 0.0002 0.0001 0.0002 0 2 28 -32 
42 0.0001 0.0001 0.0002 0.0002 0.0001 0.0002 0 2 32 -22 
46 0.0002 0 0 0.0002 0 0.0002 0 2 6 -28 
50 0.0002 0.0001 0 0.0002 0.0001 0.0002 0 2 7 -32 
63 0.0002 0.0001 0.0002 0.0002 0.0002 0.0002 0 2 32 -38 
64 0.0001 0.0002 0.0002 0.0002 0.0002 0.0002 0 2 38 -42 
65 0.0001 0.0001 0.0002 0.0001 0.0002 0.0002 0 2 42 -22 
72 0.0002 0.0002 0 0.0002 0.0002 0.0002 0 2 11 -38 
76 0.0001 0.0002 0 0.0001 0.0002 0.0002 0 2 12 -42 
86 0 0.0002 0.0002 0.0001 0.0002 0.0002 0 2 42 -52 
87 0 0.0001 0.0002 0 0.0002 0.0002 0 2 52 -26 
98 0 0.0002 0 0 0.0002 0.0002 0 2 16 -52 
1 0 0 0 0.0001 0.0001 0 1 2 4 1 2 3 4 
2 0.0001 0 0 0.0002 0.0001 0 1 8 4 5 6 7 -2 
3 0.0001 0.0001 0 0.0002 0.0002 0 1 14 4 -7 10 11 12 
4 0 0.0001 0 0.0001 0.0002 0 1 20 4 -3 -12 15 16 
25 0 0 0 0.0001 0 0.0002 1 3 4 1 24 -18 -23 
29 0.0001 0 0 0.0001 0.0001 0.0002 2 4 12 4 2 28 -19 -24 
33 0 0.0001 0 0.0001 0.0001 0.0002 2 5 21 4 3 32 -20 -28 
37 0 0 0 0 0.0001 0.0002 1 6 4 4 23 -21 -32 
38 0 0 0.0002 0.0001 0.0001 0.0002 1 1 4 18 19 20 21 
47 0.0001 0 0 0.0002 0 0.0002 1 9 4 5 46 -40 -24 
51 0.0002 0 0 0.0002 0.0001 0.0002 1 10 4 6 50 -41 -46 
55 0.0001 0.0001 0 0.0002 0.0001 0.0002 2 11 15 4 7 28 -42 -50 
60 0.0001 0 0.0002 0.0002 0.0001 0.0002 1 7 4 40 41 42 -19 
73 0.0002 0.0001 0 0.0002 0.0002 0.0002 1 16 4 10 72 -63 -50 
77 0.0001 0.0002 0 0.0002 0.0002 0.0002 1 17 4 11 76 -64 -72 
81 0.0001 0.0001 0 0.0001 0.0002 0.0002 2 18 22 4 12 28 -65 -76 
82 0.0001 0.0001 0.0002 0.0002 0.0002 0.0002 1 13 4 -42 63 64 65 
99 0 0.0002 0 0.0001 0.0002 0.0002 1 23 4 15 98 -86 -76 
103 0 0.0001 0 0 0.0002 0.0002 1 24 4 16 32 -87 -98 
104 0 0.0001 0.0002 0.0001 0.0002 0.0002 1 19 4 -20 -65 86 87 
1 0 0 0 0.0001 0.0001 0.0002 1 25 6 -1 38 25 29 33 37 
2 0.0001 0 0 0.0002 0.0001 0.0002 1 25 6 -2 60 47 51 55 -29 
3 0.0001 0.0001 0 0.0002 0.0002 0.0002 1 25 6 -3 82 -55 73 77 81 
4 0 0.0001 0 0.0001 0.0002 0.0002 1 25 6 -4 104 -33 -81 99 103 
$EndEntities
$Nodes
75 1331 1 1331
0 1 0 1
1
0 0 0
0 2 0 1
2
0.0001 0 0
0 3 0 1
3
0.0001 0.0001 0
0 4 0 1
4
0 0.0001 0
0 6 0 1
5
0.0002 0 0
0 7 0 1
6
0.0002 0.0001 0
0 11 0 1
7
0.0002 0.0002 0
0 12 0 1
8
0.0001 0.0002 0
0 16 0 1
9
0 0.0002 0
0 17 0 1
10
0 0 0.0002
0 18 0 1
11
0.0001 0 0.0002
0 22 0 1
12
0.0001 0.0001 0.0002
0 26 0 1
13
0 0.0001 0.0002
0 28 0 1
14
0.0002 0 0.0002
0 32 0 1
15
0.0002 0.0001 0.0002
0 38 0 1
16
0.0002 0.0002 0.0002
0 42 0 1
17
0.0001 0.0002 0.0002
0 52 0 1
18
0 0.0002 0.0002
1 1 0 4
19
20
21
22
1.99999999999552e-05 0 0
3.999999999989803e-05 0 0
5.999999999989636e-05 0 0
7.999999999994951e-05 0 0
1 2 0 4
23
24
25
26
0.0001 1.99999999999552e-05 0
0.0001 3.999999999989803e-05 0
0.0001 5.999999999989636e-05 0
0.0001 7.999999999994951e-05 0
1 3 0 4
27
28
29
30
8.000000000004552e-05 0.0001 0
6.000000000010132e-05 0.0001 0
4.000000000010317e-05 0.0001 0
2.000000000005026e-05 0.0001 0
1 4 0 4
31
32
33
34
0 8.000000000004552e-05 0
0 6.000000000010132e-05 0
0 4.000000000010317e-05 0
0 2.000000000005026e-05 0
1 5 0 4
35
36
37
38
0.0001199999999999503 0 0
0.0001399999999998847 0 0
0.0001599999999998868 0 0
0.0001799999999999439 0 0
1 6 0 4
39
40
41
42
0.0002 1.99999999999552e-05 0
0.0002 3.999999999989803e-05 0
0.0002 5.999999999989636e-05 0
0.0002 7.999999999994951e-05 0
1 7 0 4
43
44
45
46
0.0001800000000000509 0.0001 0
0.0001600000000001006 0.0001 0
0.0001400000000001102 0.0001 0
0.0001200000000000556 0.0001 0
1 10 0 4
47
48
49
50
0.0002 0.0001199999999999503 0
0.0002 0.0001399999999998847 0
0.0002 0.0001599999999998868 0
0.0002 0.0001799999999999439 0
1 11 0 4
51
52
53
54
0.0001800000000000509 0.0002 0
0.0001600000000001006 0.0002 0
0.0001400000000001102 0.0002 0
0.0001200000000000556 0.0002 0
1 12 0 4
55
56
57
58
0.0001 0.0001800000000000509 0
0.0001 0.0001600000000001006 0
0.0001 0.0001400000000001102 0
0.0001 0.0001200000000000556 0
1 15 0 4
59
60
61
62
8.000000000004552e-05 0.0002 0
6.000000000010132e-05 0.0002 0
4.000000000010317e-05 0.0002 0
2.000000000005026e-05 0.0002 0
1 16 0 4
63
64
65
66
0 0.0001800000000000509 0
0 0.0001600000000001006 0
0 0.0001400000000001102 0
0 0.0001200000000000556 0
1 18 0 4
67
68
69
70
1.99999999999552e-05 0 0.0002
3.999999999989803e-05 0 0.0002
5.999999999989636e-05 0 0.0002
7.999999999994951e-05 0 0.0002
1 19 0 4
71
72
73
74
0.0001 1.99999999999552e-05 0.0002
0.0001 3.999999999989803e-05 0.0002
0.0001 5.999999999989636e-05 0.0002
0.0001 7.999999999994951e-05 0.0002
1 20 0 4
75
76
77
78
8.000000000004552e-05 0.0001 0.0002
6.000000000010132e-05 0.0001 0.0002
4.000000000010317e-05 0.0001 0.0002
2.000000000005026e-05 0.0001 0.0002
1 21 0 4
79
80
81
82
0 8.000000000004552e-05 0.0002
0 6.000000000010132e-05 0.0002
0 4.000000000010317e-05 0.0002
0 2.000000000005026e-05 0.0002
1 23 0 9
83
84
85
86
87
88
89
90
91
0 0 2e-05
0 0 4e-05
0 0 6e-05
0 0 8.000000000000001e-05
0 0 0.0001
0 0 0.00012
0 0 0.00014
0 0 0.00016
0 0 0.00018
1 24 0 9
92
93
94
95
96
97
98
99
100
0.0001 0 2e-05
0.0001 0 4e-05
0.0001 0 6e-05
0.0001 0 8.000000000000001e-05
0.0001 0 0.0001
0.0001 0 0.00012
0.0001 0 0.00014
0.0001 0 0.00016
0.0001 0 0.00018
1 28 0 9
101
102
103
104
105
106
107
108
109
0.0001 0.0001 2e-05
0.0001 0.0001 4e-05
0.0001 0.0001 6e-05
0.0001 0.0001 8.000000000000001e-05
0.0001 0.0001 0.0001
0.0001 0.0001 0.00012
0.0001 0.0001 0.00014
0.0001 0.0001 0.00016
0.0001 0.0001 0.00018
1 32 0 9
110
111
112
113
114
115
116
117
118
0 0.0001 2e-05
0 0.0001 4e-05
0 0.0001 6e-05
0 0.0001 8.000000000000001e-05
0 0.0001 0.0001
0 0.0001 0.00012
0 0.0001 0.00014
0 0.0001 0.00016
0 0.0001 0.00018
1 40 0 4
119
120
121
122
0.0001199999999999503 0 0.0002
0.0001399999999998847 0 0.0002
0.0001599999999998868 0 0.0002
0.0001799999999999439 0 0.0002
1 41 0 4
123
124
125
126
0.0002 1.99999999999552e-05 0.0002
0.0002 3.999999999989803e-05 0.0002
0.0002 5.999999999989636e-05 0.0002
0.0002 7.999999999994951e-05 0.0002
1 42 0 4
127
128
129
130
0.0001800000000000509 0.0001 0.0002
0.0001600000000001006 0.0001 0.0002
0.0001400000000001102 0.0001 0.0002
0.0001200000000000556 0.0001 0.0002
1 46 0 9
131
132
133
134
135
136
137
138
139
0.0002 0 2e-05
0.0002 0 4e-05
0.0002 0 6e-05
0.0002 0 8.000000000000001e-05
0.0002 0 0.0001
0.0002 0 0.00012
0.0002 0 0.00014
0.0002 0 0.00016
0.0002 0 0.00018
1 50 0 9
140
141
142
143
144
145
146
147
148
0.0002 0.0001 2e-05
0.0002 0.0001 4e-05
0.0002 0.0001 6e-05
0.0002 0.0001 8.000000000000001e-05
0.0002 0.0001 0.0001
0.0002 0.0001 0.00012
0.0002 0.0001 0.00014
0.0002 0.0001 0.00016
0.0002 0.0001 0.00018
1 63 0 4
149
150
151
152
0.0002 0.0001199999999999503 0.0002
0.0002 0.0001399999999998847 0.0002
0.0002 0.0001599999999998868 0.0002
0.0002 0.0001799999999999439 0.0002
1 64 0 4
153
154
155
156
0.0001800000000000509 0.0002 0.0002
0.0001600000000001006 0.0002 0.0002
0.0001400000000001102 0.0002 0.0002
0.0001200000000000556 0.0002 0.0002
1 65 0 4
157
158
159
160
0.0001 0.0001800000000000509 0.0002
0.0001 0.0001600000000001006 0.0002
0.0001 0.0001400000000001102 0.0002
0.0001 0.0001200000000000556 0.0002
1 72 0 9
161
162
163
164
165
166
167
168
169
0.0002 0.0002 2e-05
0.0002 0.0002 4e-05
0.0002 0.0002 6e-05
0.0002 0.0002 8.000000000000001e-05
0.0002 0.0002 0.0001
0.0002 0.0002 0.00012
0.0002 0.0002 0.00014
0.0002 0.0002 0.00016
0.0002 0.0002 0.00018
1 76 0 9
170
171
172
173
174
175
176
177
178
0.0001 0.0002 2e-05
0.0001 0.0002 4e-05
0.0001 0.0002 6e-05
0.0001 0.0002 8.000000000000001e-05
0.0001 0.0002 0.0001
0.0001 0.0002 0.00012
0.0001 0.0002 0.00014
0.0001 0.0002 0.00016
0.0001 0.0002 0.00018
1 86 0 4
179
180
181
182
8.000000000004552e-05 0.0002 0.0002
6.000000000010132e-05 0.0002 0.0002
4.000000000010317e-05 0.0002 0.0002
2.000000000005026e-05 0.0002 0.0002
1 87 0 4
183
184
185
186
0 0.0001800000000000509 0.0002
0 0.0001600000000001006 0.0002
0 0.0001400000000001102 0.0002
0 0.0001200000000000556 0.0002
1 98 0 9
187
188
189
190
191
192
193
194
195
0 0.0002 2e-05
0 0.0002 4e-05
0 0.0002 6e-05
0 0.0002 8.000000000000001e-05
0 0.0002 0.0001
0 0.0002 0.00012
0 0.0002 0.00014
0 0.0002 0.00016
0 0.0002 0.00018
2 1 0 16
196
197
198
199
200
201
202
203
204
205
206
207
208
209
210
211
1.999999999997421e-05 2.000000000003126e-05 0
1.999999999999323e-05 4.000000000006214e-05 0
2.000000000001224e-05 6.000000000006032e-05 0
2.000000000003125e-05 8.000000000002631e-05 0
3.999999999993904e-05 2.000000000001224e-05 0
3.999999999998009e-05 4.000000000002111e-05 0
4.000000000002111e-05 6.000000000001935e-05 0
4.000000000006215e-05 8.000000000000714e-05 0
5.999999999993735e-05 1.999999999999322e-05 0
5.999999999997836e-05 3.999999999998009e-05 0
6.000000000001935e-05 5.999999999997835e-05 0
6.000000000006033e-05 7.999999999998789e-05 0
7.999999999996869e-05 1.999999999997421e-05 0
7.999999999998789e-05 3.999999999993905e-05 0
8.000000000000711e-05 5.999999999993735e-05 0
8.000000000002633e-05 7.99999999999687e-05 0
2 2 0 16
212
213
214
215
216
217
218
219
220
221
222
223
224
225
226
227
0.0001199999999999713 1.99999999999552e-05 0
0.0001199999999999924 3.999999999989803e-05 0
0.0001200000000000135 5.999999999989636e-05 0
0.0001200000000000345 7.999999999994947e-05 0
0.0001399999999999298 1.99999999999552e-05 0
0.0001399999999999749 3.999999999989803e-05 0
0.00014000000000002 5.999999999989636e-05 0
0.0001400000000000651 7.99999999999495e-05 0
0.0001599999999999295 1.99999999999552e-05 0
0.0001599999999999723 3.999999999989803e-05 0
0.0001600000000000151 5.999999999989636e-05 0
0.0001600000000000579 7.99999999999495e-05 0
0.0001799999999999653 1.99999999999552e-05 0
0.0001799999999999867 3.999999999989803e-05 0
0.0001800000000000081 5.999999999989636e-05 0
0.0001800000000000295 7.999999999994948e-05 0
2 3 0 16
228
229
230
231
232
233
234
235
236
237
238
239
240
241
242
243
0.0001800000000000509 0.0001199999999999714 0
0.0001800000000000508 0.0001399999999999298 0
0.0001800000000000509 0.0001599999999999296 0
0.0001800000000000509 0.0001799999999999653 0
0.0001600000000001007 0.0001199999999999924 0
0.0001600000000001007 0.0001399999999999749 0
0.0001600000000001007 0.0001599999999999723 0
0.0001600000000001007 0.0001799999999999868 0
0.0001400000000001102 0.0001200000000000135 0
0.0001400000000001101 0.00014000000000002 0
0.0001400000000001102 0.0001600000000000151 0
0.0001400000000001102 0.0001800000000000081 0
0.0001200000000000556 0.0001200000000000345 0
0.0001200000000000556 0.0001400000000000651 0
0.0001200000000000556 0.0001600000000000579 0
0.0001200000000000556 0.0001800000000000294 0
2 4 0 16
244
245
246
247
248
249
250
251
252
253
254
255
256
257
258
259
8.000000000004552e-05 0.0001200000000000556 0
8.00000000000455e-05 0.0001400000000001102 0
8.000000000004552e-05 0.0001600000000001006 0
8.000000000004552e-05 0.0001800000000000508 0
6.000000000010132e-05 0.0001200000000000556 0
6.000000000010131e-05 0.0001400000000001102 0
6.00000000001013e-05 0.0001600000000001006 0
6.000000000010132e-05 0.0001800000000000509 0
4.000000000010316e-05 0.0001200000000000556 0
4.000000000010317e-05 0.0001400000000001102 0
4.000000000010317e-05 0.0001600000000001006 0
4.000000000010317e-05 0.0001800000000000509 0
2.000000000005026e-05 0.0001200000000000556 0
2.000000000005026e-05 0.0001400000000001102 0
2.000000000005026e-05 0.0001600000000001006 0
2.000000000005026e-05 0.0001800000000000509 0
2 25 0 36
260
261
262
263
264
265
266
267
268
269
270
271
272
273
274
275
276
277
278
279
280
281
282
283
284
285
286
287
288
289
290
291
292
293
294
295
1.99999999999552e-05 0 2e-05
1.99999999999552e-05 0 4e-05
1.99999999999552e-05 0 6e-05
1.99999999999552e-05 0 8.000000000000001e-05
1.99999999999552e-05 0 0.0001
1.99999999999552e-05 0 0.00012
1.99999999999552e-05 0 0.00014
1.99999999999552e-05 0 0.00016
1.99999999999552e-05 0 0.00018
3.999999999989803e-05 0 2e-05
3.999999999989803e-05 0 4e-05
3.999999999989803e-05 0 6e-05
3.999999999989803e-05 0 8.000000000000001e-05
3.999999999989803e-05 0 0.0001
3.999999999989803e-05 0 0.00012
3.999999999989803e-05 0 0.00014
3.999999999989803e-05 0 0.00016
3.999999999989803e-05 0 0.00018
5.999999999989636e-05 0 2e-05
5.999999999989636e-05 0 4e-05
5.999999999989636e-05 0 6e-05
5.999999999989636e-05 0 8.000000000000001e-05
5.999999999989636e-05 0 0.0001
5.999999999989636e-05 0 0.00012
5.999999999989636e-05 0 0.00014
5.999999999989636e-05 0 0.00016
5.999999999989636e-05 0 0.00018
7.999999999994951e-05 0 2e-05
7.999999999994951e-05 0 4e-05
7.999999999994951e-05 0 6e-05
7.999999999994951e-05 0 8.000000000000001e-05
7.999999999994951e-05 0 0.0001
7.999999999994951e-05 0 0.00012
7.999999999994951e-05 0 0.00014
7.999999999994951e-05 0 0.00016
7.999999999994951e-05 0 0.00018
2 29 0 36
296
297
298
299
300
301
302
303
304
305
306
307
308
309
310
311
312
313
314
315
316
317
318
319
320
321
322
323
324
325
326
327
328
329
330
331
0.0001 1.99999999999552e-05 2e-05
0.0001 1.99999999999552e-05 4e-05
0.0001 1.99999999999552e-05 6e-05
0.0001 1.99999999999552e-05 8.000000000000001e-05
0.0001 1.99999999999552e-05 0.0001
0.0001 1.99999999999552e-05 0.00012
0.0001 1.99999999999552e-05 0.00014
0.0001 1.99999999999552e-05 0.00016
0.0001 1.99999999999552e-05 0.00018
0.0001 3.999999999989803e-05 2e-05
0.0001 3.999999999989803e-05 4e-05
0.0001 3.999999999989803e-05 6e-05
0.0001 3.999999999989803e-05 8.000000000000001e-05
0.0001 3.999999999989803e-05 0.0001
0.0001 3.999999999989803e-05 0.00012
0.0001 3.999999999989803e-05 0.00014
0.0001 3.999999999989803e-05 0.00016
0.0001 3.999999999989803e-05 0.00018
0.0001 5.999999999989636e-05 2e-05
0.0001 5.999999999989636e-05 4e-05
0.0001 5.999999999989636e-05 6e-05
0.0001 5.999999999989636e-05 8.000000000000001e-05
0.0001 5.999999999989636e-05 0.0001
0.0001 5.999999999989636e-05 0.00012
0.0001 5.999999999989636e-05 0.00014
0.0001 5.999999999989636e-05 0.00016
0.0001 5.999999999989636e-05 0.00018
0.0001 7.999999999994951e-05 2e-05
0.0001 7.999999999994951e-05 4e-05
0.0001 7.999999999994951e-05 6e-05
0.0001 7.999999999994951e-05 8.000000000000001e-05
0.0001 7.999999999994951e-05 0.0001
0.0001 7.999999999994951e-05 0.00012
0.0001 7.999999999994951e-05 0.00014
0.0001 7.999999999994951e-05 0.00016
0.0001 7.999999999994951e-05 0.00018
2 33 0 36
332
333
334
335
336
337
338
339
340
341
342
343
344
345
346
347
348
349
350
351
352
353
354
355
356
357
358
359
360
361
362
363
364
365
366
367
8.000000000004552e-05 0.0001 2e-05
8.000000000004552e-05 0.0001 4e-05
8.000000000004552e-05 0.0001 6e-05
8.000000000004552e-05 0.0001 8.000000000000001e-05
8.000000000004552e-05 0.0001 0.0001
8.000000000004552e-05 0.0001 0.00012
8.000000000004552e-05 0.0001 0.00014
8.000000000004552e-05 0.0001 0.00016
8.000000000004552e-05 0.0001 0.00018
6.000000000010132e-05 0.0001 2e-05
6.000000000010132e-05 0.0001 4e-05
6.000000000010132e-05 0.0001 6e-05
6.000000000010132e-05 0.0001 8.000000000000001e-05
6.000000000010132e-05 0.0001 0.0001
6.000000000010132e-05 0.0001 0.00012
6.000000000010132e-05 0.0001 0.00014
6.000000000010132e-05 0.0001 0.00016
6.000000000010132e-05 0.0001 0.00018
4.000000000010317e-05 0.0001 2e-05
4.000000000010317e-05 0.0001 4e-05
4.000000000010317e-05 0.0001 6e-05
4.000000000010317e-05 0.0001 8.000000000000001e-05
4.000000000010317e-05 0.0001 0.0001
4.000000000010317e-05 0.0001 0.00012
4.000000000010317e-05 0.0001 0.00014
4.000000000010317e-05 0.0001 0.00016
4.000000000010317e-05 0.0001 0.00018
2.000000000005026e-05 0.0001 2e-05
2.000000000005026e-05 0.0001 4e-05
2.000000000005026e-05 0.0001 6e-05
2.000000000005026e-05 0.0001 8.000000000000001e-05
2.000000000005026e-05 0.0001 0.0001
2.000000000005026e-05 0.0001 0.00012
2.000000000005026e-05 0.0001 0.00014
2.000000000005026e-05 0.0001 0.00016
2.000000000005026e-05 0.0001 0.00018
2 37 0 36
368
369
370
371
372
373
374
375
376
377
378
379
380
381
382
383
384
385
386
387
388
389
390
391
392
393
394
395
396
397
398
399
400
401
402
403
0 8.000000000004552e-05 2e-05
0 8.000000000004552e-05 4e-05
0 8.000000000004552e-05 6e-05
0 8.000000000004552e-05 8.000000000000001e-05
0 8.000000000004552e-05 0.0001
0 8.000000000004552e-05 0.00012
0 8.000000000004552e-05 0.00014
0 8.000000000004552e-05 0.00016
0 8.000000000004552e-05 0.00018
0 6.000000000010132e-05 2e-05
0 6.000000000010132e-05 4e-05
0 6.000000000010132e-05 6e-05
0 6.000000000010132e-05 8.000000000000001e-05
0 6.000000000010132e-05 0.0001
0 6.000000000010132e-05 0.00012
0 6.000000000010132e-05 0.00014
0 6.000000000010132e-05 0.00016
0 6.000000000010132e-05 0.00018
0 4.000000000010317e-05 2e-05
0 4.000000000010317e-05 4e-05
0 4.000000000010317e-05 6e-05
0 4.000000000010317e-05 8.000000000000001e-05
0 4.000000000010317e-05 0.0001
0 4.000000000010317e-05 0.00012
0 4.000000000010317e-05 0.00014
0 4.000000000010317e-05 0.00016
0 4.000000000010317e-05 0.00018
0 2.000000000005026e-05 2e-05
0 2.000000000005026e-05 4e-05
0 2.000000000005026e-05 6e-05
0 2.000000000005026e-05 8.000000000000001e-05
0 2.000000000005026e-05 0.0001
0 2.000000000005026e-05 0.00012
0 2.000000000005026e-05 0.00014
0 2.000000000005026e-05 0.00016
0 2.000000000005026e-05 0.00018
2 38 0 16
404
405
406
407
408
409
410
411
412
413
414
415
416
417
418
419
1.999999999997421e-05 2.000000000003126e-05 0.0002
1.999999999999323e-05 4.000000000006214e-05 0.0002
2.000000000001224e-05 6.000000000006032e-05 0.0002
2.000000000003125e-05 8.000000000002631e-05 0.0002
3.999999999993904e-05 2.000000000001224e-05 0.0002
3.999999999998009e-05 4.000000000002111e-05 0.0002
4.000000000002111e-05 6.000000000001935e-05 0.0002
4.000000000006215e-05 8.000000000000714e-05 0.0002
5.999999999993735e-05 1.999999999999322e-05 0.0002
5.999999999997836e-05 3.999999999998009e-05 0.0002
6.000000000001935e-05 5.999999999997835e-05 0.0002
6.000000000006033e-05 7.999999999998789e-05 0.0002
7.999999999996869e-05 1.999999999997421e-05 0.0002
7.999999999998789e-05 3.999999999993905e-05 0.0002
8.000000000000711e-05 5.999999999993735e-05 0.0002
8.000000000002633e-05 7.99999999999687e-05 0.0002
2 47 0 36
420
421
422
423
424
425
426
427
428
429
430
431
432
433
434
435
436
437
438
439
440
441
442
443
444
445
446
447
448
449
450
451
452
453
454
455
0.0001199999999999503 0 2e-05
0.0001199999999999503 0 4e-05
0.0001199999999999503 0 6e-05
0.0001199999999999503 0 8.000000000000001e-05
0.0001199999999999503 0 0.0001
0.0001199999999999503 0 0.00012
0.0001199999999999503 0 0.00014
0.0001199999999999503 0 0.00016
0.0001199999999999503 0 0.00018
0.0001399999999998847 0 2e-05
0.0001399999999998847 0 4e-05
0.0001399999999998847 0 6e-05
0.0001399999999998847 0 8.000000000000001e-05
0.0001399999999998847 0 0.0001
0.0001399999999998847 0 0.00012
0.0001399999999998847 0 0.00014
0.0001399999999998847 0 0.00016
0.0001399999999998847 0 0.00018
0.0001599999999998868 0 2e-05
0.0001599999999998868 0 4e-05
0.0001599999999998868 0 6e-05
0.0001599999999998868 0 8.000000000000001e-05
0.0001599999999998868 0 0.0001
0.0001599999999998868 0 0.00012
0.0001599999999998868 0 0.00014
0.0001599999999998868 0 0.00016
0.0001599999999998868 0 0.00018
0.0001799999999999439 0 2e-05
0.0001799999999999439 0 4e-05
0.0001799999999999439 0 6e-05
0.0001799999999999439 0 8.000000000000001e-05
0.0001799999999999439 0 0.0001
0.0001799999999999439 0 0.00012
0.0001799999999999439 0 0.00014
0.0001799999999999439 0 0.00016
0.0001799999999999439 0 0.00018
2 51 0 36
456
457
458
459
460
461
462
463
464
465
466
467
468
469
470
471
472
473
474
475
476
477
478
479
480
481
482
483
484
485
486
487
488
489
490
491
0.0002 1.99999999999552e-05 2e-05
0.0002 1.99999999999552e-05 4e-05
0.0002 1.99999999999552e-05 6e-05
0.0002 1.99999999999552e-05 8.000000000000001e-05
0.0002 1.99999999999552e-05 0.0001
0.0002 1.99999999999552e-05 0.00012
0.0002 1.99999999999552e-05 0.00014
0.0002 1.99999999999552e-05 0.00016
0.0002 1.99999999999552e-05 0.00018
0.0002 3.999999999989803e-05 2e-05
0.0002 3.999999999989803e-05 4e-05
0.0002 3.999999999989803e-05 6e-05
0.0002 3.999999999989803e-05 8.000000000000001e-05
0.0002 3.999999999989803e-05 0.0001
0.0002 3.999999999989803e-05 0.00012
0.0002 3.999999999989803e-05 0.00014
0.0002 3.999999999989803e-05 0.00016
0.0002 3.999999999989803e-05 0.00018
0.0002 5.999999999989636e-05 2e-05
0.0002 5.999999999989636e-05 4e-05
0.0002 5.999999999989636e-05 6e-05
0.0002 5.999999999989636e-05 8.000000000000001e-05
0.0002 5.999999999989636e-05 0.0001
0.0002 5.999999999989636e-05 0.00012
0.0002 5.999999999989636e-05 0.00014
0.0002 5.999999999989636e-05 0.00016
0.0002 5.999999999989636e-05 0.00018
0.0002 7.999999999994951e-05 2e-05
0.0002 7.999999999994951e-05 4e-05
0.0002 7.999999999994951e-05 6e-05
0.0002 7.999999999994951e-05 8.000000000000001e-05
0.0002 7.999999999994951e-05 0.0001
0.0002 7.999999999994951e-05 0.00012
0.0002 7.999999999994951e-05 0.00014
0.0002 7.999999999994951e-05 0.00016
0.0002 7.999999999994951e-05 0.00018
2 55 0 36
492
493
494
495
496
497
498
499
500
501
502
503
504
505
506
507
508
509
510
511
512
513
514
515
516
517
518
519
520
521
522
523
524
525
526
527
0.0001800000000000509 0.0001 2e-05
0.0001800000000000509 0.0001 4e-05
0.0001800000000000509 0.0001 6e-05
0.0001800000000000509 0.0001 8.000000000000001e-05
0.0001800000000000509 0.0001 0.0001
0.0001800000000000509 0.0001 0.00012
0.0001800000000000509 0.0001 0.00014
0.0001800000000000509 0.0001 0.00016
0.0001800000000000509 0.0001 0.00018
0.0001600000000001006 0.0001 2e-05
0.0001600000000001006 0.0001 4e-05
0.0001600000000001006 0.0001 6e-05
0.0001600000000001006 0.0001 8.000000000000001e-05
0.0001600000000001006 0.0001 0.0001
0.0001600000000001006 0.0001 0.00012
0.0001600000000001006 0.0001 0.00014
0.0001600000000001006 0.0001 0.00016
0.0001600000000001006 0.0001 0.00018
0.0001400000000001102 0.0001 2e-05
0.0001400000000001102 0.0001 4e-05
0.0001400000000001102 0.0001 6e-05
0.0001400000000001102 0.0001 8.000000000000001e-05
0.0001400000000001102 0.0001 0.0001
0.0001400000000001102 0.0001 0.00012
0.0001400000000001102 0.0001 0.00014
0.0001400000000001102 0.0001 0.00016
0.0001400000000001102 0.0001 0.00018
0.0001200000000000556 0.0001 2e-05
0.0001200000000000556 0.0001 4e-05
0.0001200000000000556 0.0001 6e-05
0.0001200000000000556 0.0001 8.000000000000001e-05
0.0001200000000000556 0.0001 0.0001
0.0001200000000000556 0.0001 0.00012
0.0001200000000000556 0.0001 0.00014
0.0001200000000000556 0.0001 0.00016
0.0001200000000000556 0.0001 0.00018
2 60 0 16
528
529
530
531
532
533
534
535
536
537
538
539
540
541
542
543
0.0001199999999999713 1.99999999999552e-05 0.0002
0.0001199999999999924 3.999999999989803e-05 0.0002
0.0001200000000000135 5.999999999989636e-05 0.0002
0.0001200000000000345 7.999999999994947e-05 0.0002
0.0001399999999999298 1.99999999999552e-05 0.0002
0.0001399999999999749 3.999999999989803e-05 0.0002
0.00014000000000002 5.999999999989636e-05 0.0002
0.0001400000000000651 7.99999999999495e-05 0.0002
0.0001599999999999295 1.99999999999552e-05 0.0002
0.0001599999999999723 3.999999999989803e-05 0.0002
0.0001600000000000151 5.999999999989636e-05 0.0002
0.0001600000000000579 7.99999999999495e-05 0.0002
0.0001799999999999653 1.99999999999552e-05 0.0002
0.0001799999999999867 3.999999999989803e-05 0.0002
0.0001800000000000081 5.999999999989636e-05 0.0002
0.0001800000000000295 7.999999999994948e-05 0.0002
2 73 0 36
544
545
546
547
548
549
550
551
552
553
554
555
556
557
558
559
560
561
562
563
564
565
566
567
568
569
570
571
572
573
574
575
576
577
578
579
0.0002 0.0001199999999999503 2e-05
0.0002 0.0001199999999999503 4e-05
0.0002 0.0001199999999999503 6e-05
0.0002 0.0001199999999999503 8.000000000000001e-05
0.0002 0.0001199999999999503 0.0001
0.0002 0.0001199999999999503 0.00012
0.0002 0.0001199999999999503 0.00014
0.0002 0.0001199999999999503 0.00016
0.0002 0.0001199999999999503 0.00018
0.0002 0.0001399999999998847 2e-05
0.0002 0.0001399999999998847 4e-05
0.0002 0.0001399999999998847 6e-05
0.0002 0.0001399999999998847 8.000000000000001e-05
0.0002 0.0001399999999998847 0.0001
0.0002 0.0001399999999998847 0.00012
0.0002 0.0001399999999998847 0.00014
0.0002 0.0001399999999998847 0.00016
0.0002 0.0001399999999998847 0.00018
0.0002 0.0001599999999998868 2e-05
0.0002 0.0001599999999998868 4e-05
0.0002 0.0001599999999998868 6e-05
0.0002 0.0001599999999998868 8.000000000000001e-05
0.0002 0.0001599999999998868 0.0001
0.0002 0.0001599999999998868 0.00012
0.0002 0.0001599999999998868 0.00014
0.0002 0.0001599999999998868 0.00016
0.0002 0.0001599999999998868 0.00018
0.0002 0.0001799999999999439 2e-05
0.0002 0.0001799999999999439 4e-05
0.0002 0.0001799999999999439 6e-05
0.0002 0.0001799999999999439 8.000000000000001e-05
0.0002 0.0001799999999999439 0.0001
0.0002 0.0001799999999999439 0.00012
0.0002 0.0001799999999999439 0.00014
0.0002 0.0001799999999999439 0.00016
0.0002 0.0001799999999999439 0.00018
2 77 0 36
580
581
582
583
584
585
586
587
588
589
590
591
592
593
594
595
596
597
598
599
600
601
602
603
604
605
606
607
608
609
610
611
612
613
614
615
0.0001800000000000509 0.0002 2e-05
0.0001800000000000509 0.0002 4e-05
0.0001800000000000509 0.0002 6e-05
0.0001800000000000509 0.0002 8.000000000000001e-05
0.0001800000000000509 0.0002 0.0001
0.0001800000000000509 0.0002 0.00012
0.0001800000000000509 0.0002 0.00014
0.0001800000000000509 0.0002 0.00016
0.0001800000000000509 0.0002 0.00018
0.0001600000000001006 0.0002 2e-05
0.0001600000000001006 0.0002 4e-05
0.0001600000000001006 0.0002 6e-05
0.0001600000000001006 0.0002 8.000000000000001e-05
0.0001600000000001006 0.0002 0.0001
0.0001600000000001006 0.0002 0.00012
0.0001600000000001006 0.0002 0.00014
0.0001600000000001006 0.0002 0.00016
0.0001600000000001006 0.0002 0.00018
0.0001400000000001102 0.0002 2e-05
0.0001400000000001102 0.0002 4e-05
0.0001400000000001102 0.0002 6e-05
0.0001400000000001102 0.0002 8.000000000000001e-05
0.0001400000000001102 0.0002 0.0001
0.0001400000000001102 0.0002 0.00012
0.0001400000000001102 0.0002 0.00014
0.0001400000000001102 0.0002 0.00016
0.0001400000000001102 0.0002 0.00018
0.0001200000000000556 0.0002 2e-05
0.0001200000000000556 0.0002 4e-05
0.0001200000000000556 0.0002 6e-05
0.0001200000000000556 0.0002 8.000000000000001e-05
0.0001200000000000556 0.0002 0.0001
0.0001200000000000556 0.0002 0.00012
0.0001200000000000556 0.0002 0.00014
0.0001200000000000556 0.0002 0.00016
0.0001200000000000556 0.0002 0.00018
2 81 0 36
616
617
618
619
620
621
622
623
624
625
626
627
628
629
630
631
632
633
634
635
636
637
638
639
640
641
642
643
644
645
646
647
648
649
650
651
0.0001 0.0001800000000000509 2e-05
0.0001 0.0001800000000000509 4e-05
0.0001 0.0001800000000000509 6e-05
0.0001 0.0001800000000000509 8.000000000000001e-05
0.0001 0.0001800000000000509 0.0001
0.0001 0.0001800000000000509 0.00012
0.0001 0.0001800000000000509 0.00014
0.0001 0.0001800000000000509 0.00016
0.0001 0.0001800000000000509 0.00018
0.0001 0.0001600000000001006 2e-05
0.0001 0.0001600000000001006 4e-05
0.0001 0.0001600000000001006 6e-05
0.0001 0.0001600000000001006 8.000000000000001e-05
0.0001 0.0001600000000001006 0.0001
0.0001 0.0001600000000001006 0.00012
0.0001 0.0001600000000001006 0.00014
0.0001 0.0001600000000001006 0.00016
0.0001 0.0001600000000001006 0.00018
0.0001 0.0001400000000001102 2e-05
0.0001 0.0001400000000001102 4e-05
0.0001 0.0001400000000001102 6e-05
0.0001 0.0001400000000001102 8.000000000000001e-05
0.0001 0.0001400000000001102 0.0001
0.0001 0.0001400000000001102 0.00012
0.0001 0.0001400000000001102 0.00014
0.0001 0.0001400000000001102 0.00016
0.0001 0.0001400000000001102 0.00018
0.0001 0.0001200000000000556 2e-05
0.0001 0.0001200000000000556 4e-05
0.0001 0.0001200000000000556 6e-05
0.0001 0.0001200000000000556 8.000000000000001e-05
0.0001 0.0001200000000000556 0.0001
0.0001 0.0001200000000000556 0.00012
0.0001 0.0001200000000000556 0.00014
0.0001 0.0001200000000000556 0.00016
0.0001 0.0001200000000000556 0.00018
2 82 0 16
652
653
654
655
656
657
658
659
660
661
662
663
664
665
666
667
0.0001800000000000509 0.0001199999999999714 0.0002
0.0001800000000000508 0.0001399999999999298 0.0002
0.0001800000000000509 0.0001599999999999296 0.0002
0.0001800000000000509 0.0001799999999999653 0.0002
0.0001600000000001007 0.0001199999999999924 0.0002
0.0001600000000001007 0.0001399999999999749 0.0002
0.0001600000000001007 0.0001599999999999723 0.0002
0.0001600000000001007 0.0001799999999999868 0.0002
0.0001400000000001102 0.0001200000000000135 0.0002
0.0001400000000001101 0.00014000000000002 0.0002
0.0001400000000001102 0.0001600000000000151 0.0002
0.0001400000000001102 0.0001800000000000081 0.0002
0.0001200000000000556 0.0001200000000000345 0.0002
0.0001200000000000556 0.0001400000000000651 0.0002
0.0001200000000000556 0.0001600000000000579 0.0002
0.0001200000000000556 0.0001800000000000294 0.0002
2 99 0 36
668
669
670
671
672
673
674
675
676
677
678
679
680
681
682
683
684
685
686
687
688
689
690
691
692
693
694
695
696
697
698
699
700
701
702
703
8.000000000004552e-05 0.0002 2e-05
8.000000000004552e-05 0.0002 4e-05
8.000000000004552e-05 0.0002 6e-05
8.000000000004552e-05 0.0002 8.000000000000001e-05
8.000000000004552e-05 0.0002 0.0001
8.000000000004552e-05 0.0002 0.00012
8.000000000004552e-05 0.0002 0.00014
8.000000000004552e-05 0.0002 0.00016
8.000000000004552e-05 0.0002 0.00018
6.000000000010132e-05 0.0002 2e-05
6.000000000010132e-05 0.0002 4e-05
6.000000000010132e-05 0.0002 6e-05
6.000000000010132e-05 0.0002 8.000000000000001e-05
6.000000000010132e-05 0.0002 0.0001
6.000000000010132e-05 0.0002 0.00012
6.000000000010132e-05 0.0002 0.00014
6.000000000010132e-05 0.0002 0.00016
6.000000000010132e-05 0.0002 0.00018
4.000000000010317e-05 0.0002 2e-05
4.000000000010317e-05 0.0002 4e-05
4.000000000010317e-05 0.0002 6e-05
4.000000000010317e-05 0.0002 8.000000000000001e-05
4.000000000010317e-05 0.0002 0.0001
4.000000000010317e-05 0.0002 0.00012
4.000000000010317e-05 0.0002 0.00014
4.000000000010317e-05 0.0002 0.00016
4.000000000010317e-05 0.0002 0.00018
2.000000000005026e-05 0.0002 2e-05
2.000000000005026e-05 0.0002 4e-05
2.000000000005026e-05 0.0002 6e-05
2.000000000005026e-05 0.0002 8.000000000000001e-05
2.000000000005026e-05 0.0002 0.0001
2.000000000005026e-05 0.0002 0.00012
2.000000000005026e-05 0.0002 0.00014
2.000000000005026e-05 0.0002 0.00016
2.000000000005026e-05 0.0002 0.00018
2 103 0 36
704
705
706
707
708
709
710
711
712
713
714
715
716
717
718
719
720
721
722
723
724
725
726
727
728
729
730
731
732
733
734
735
736
737
738
739
0 0.0001800000000000509 2e-05
0 0.0001800000000000509 4e-05
0 0.0001800000000000509 6e-05
0 0.0001800000000000509 8.000000000000001e-05
0 0.0001800000000000509 0.0001
0 0.0001800000000000509 0.00012
0 0.0001800000000000509 0.00014
0 0.0001800000000000509 0.00016
0 0.0001800000000000509 0.00018
0 0.0001600000000001006 2e-05
0 0.0001600000000001006 4e-05
0 0.0001600000000001006 6e-05
0 0.0001600000000001006 8.000000000000001e-05
0 0.0001600000000001006 0.0001
0 0.0001600000000001006 0.00012
0 0.0001600000000001006 0.00014
0 0.0001600000000001006 0.00016
0 0.0001600000000001006 0.00018
0 0.0001400000000001102 2e-05
0 0.0001400000000001102 4e-05
0 0.0001400000000001102 6e-05
0 0.0001400000000001102 8.000000000000001e-05
0 0.0001400000000001102 0.0001
0 0.0001400000000001102 0.00012
0 0.0001400000000001102 0.00014
0 0.0001400000000001102 0.00016
0 0.0001400000000001102 0.00018
0 0.0001200000000000556 2e-05
0 0.0001200000000000556 4e-05
0 0.0001200000000000556 6e-05
0 0.0001200000000000556 8.000000000000001e-05
0 0.0001200000000000556 0.0001
0 0.0001200000000000556 0.00012
0 0.0001200000000000556 0.00014
0 0.0001200000000000556 0.00016
0 0.0001200000000000556 0.00018
2 104 0 16
740
741
742
743
744
745
746
747
748
749
750
751
752
753
754
755
8.000000000004552e-05 0.0001200000000000556 0.0002
8.00000000000455e-05 0.0001400000000001102 0.0002
8.000000000004552e-05 0.0001600000000001006 0.0002
8.000000000004552e-05 0.0001800000000000508 0.0002
6.000000000010132e-05 0.0001200000000000556 0.0002
6.000000000010131e-05 0.0001400000000001102 0.0002
6.00000000001013e-05 0.0001600000000001006 0.0002
6.000000000010132e-05 0.0001800000000000509 0.0002
4.000000000010316e-05 0.0001200000000000556 0.0002
4.000000000010317e-05 0.0001400000000001102 0.0002
4.000000000010317e-05 0.0001600000000001006 0.0002
4.000000000010317e-05 0.0001800000000000509 0.0002
2.000000000005026e-05 0.0001200000000000556 0.0002
2.000000000005026e-05 0.0001400000000001102 0.0002
2.000000000005026e-05 0.0001600000000001006 0.0002
2.000000000005026e-05 0.0001800000000000509 0.0002
3 1 0 144
756
757
758
759
760
761
762
763
764
765
766
767
768
769
770
771
772
773
774
775
776
777
778
779
780
781
782
783
784
785
786
787
788
789
790
791
792
793
794
795
796
797
798
799
800
801
802
803
804
805
806
807
808
809
810
811
812
813
814
815
816
817
818
819
820
821
822
823
824
825
826
827
828
829
830
831
832
833
834
835
836
837
838
839
840
841
842
843
844
845
846
847
848
849
850
851
852
853
854
855
856
857
858
859
860
861
862
863
864
865
866
867
868
869
870
871
872
873
874
875
876
877
878
879
880
881
882
883
884
885
886
887
888
889
890
891
892
893
894
895
896
897
898
899
1.999999999997421e-05 2.000000000003126e-05 2e-05
1.999999999997421e-05 2.000000000003126e-05 4e-05
1.999999999997421e-05 2.000000000003126e-05 6e-05
1.999999999997421e-05 2.000000000003126e-05 8.000000000000001e-05
1.999999999997421e-05 2.000000000003126e-05 0.0001
1.999999999997421e-05 2.000000000003126e-05 0.00012
1.999999999997421e-05 2.000000000003126e-05 0.00014
1.999999999997421e-05 2.000000000003126e-05 0.00016
1.999999999997421e-05 2.000000000003126e-05 0.00018
1.999999999999323e-05 4.000000000006214e-05 2e-05
1.999999999999323e-05 4.000000000006214e-05 4e-05
1.999999999999323e-05 4.000000000006214e-05 6e-05
1.999999999999323e-05 4.000000000006214e-05 8.000000000000001e-05
1.999999999999323e-05 4.000000000006214e-05 0.0001
1.999999999999323e-05 4.000000000006214e-05 0.00012
1.999999999999323e-05 4.000000000006214e-05 0.00014
1.999999999999323e-05 4.000000000006214e-05 0.00016
1.999999999999323e-05 4.000000000006214e-05 0.00018
2.000000000001224e-05 6.000000000006032e-05 2e-05
2.000000000001224e-05 6.000000000006032e-05 4e-05
2.000000000001224e-05 6.000000000006032e-05 6e-05
2.000000000001224e-05 6.000000000006032e-05 8.000000000000001e-05
2.000000000001224e-05 6.000000000006032e-05 0.0001
2.000000000001224e-05 6.000000000006032e-05 0.00012
2.000000000001224e-05 6.000000000006032e-05 0.00014
2.000000000001224e-05 6.000000000006032e-05 0.00016
2.000000000001224e-05 6.000000000006032e-05 0.00018
2.000000000003125e-05 8.000000000002631e-05 2e-05
2.000000000003125e-05 8.000000000002631e-05 4e-05
2.000000000003125e-05 8.000000000002631e-05 6e-05
2.000000000003125e-05 8.000000000002631e-05 8.000000000000001e-05
2.000000000003125e-05 8.000000000002631e-05 0.0001
2.000000000003125e-05 8.000000000002631e-05 0.00012
2.000000000003125e-05 8.000000000002631e-05 0.00014
2.000000000003125e-05 8.000000000002631e-05 0.00016
2.000000000003125e-05 8.000000000002631e-05 0.00018
3.999999999993904e-05 2.000000000001224e-05 2e-05
3.999999999993904e-05 2.000000000001224e-05 4e-05
3.999999999993904e-05 2.000000000001224e-05 6e-05
3.999999999993904e-05 2.000000000001224e-05 8.000000000000001e-05
3.999999999993904e-05 2.000000000001224e-05 0.0001
3.999999999993904e-05 2.000000000001224e-05 0.00012
3.999999999993904e-05 2.000000000001224e-05 0.00014
3.999999999993904e-05 2.000000000001224e-05 0.00016
3.999999999993904e-05 2.000000000001224e-05 0.00018
3.999999999998009e-05 4.000000000002111e-05 2e-05
3.999999999998009e-05 4.000000000002111e-05 4e-05
3.999999999998009e-05 4.000000000002111e-05 6e-05
3.999999999998009e-05 4.000000000002111e-05 8.000000000000001e-05
3.999999999998009e-05 4.000000000002111e-05 0.0001
3.999999999998009e-05 4.000000000002111e-05 0.00012
3.999999999998009e-05 4.000000000002111e-05 0.00014
3.999999999998009e-05 4.000000000002111e-05 0.00016
3.999999999998009e-05 4.000000000002111e-05 0.00018
4.000000000002111e-05 6.000000000001935e-05 2e-05
4.000000000002111e-05 6.000000000001935e-05 4e-05
4.000000000002111e-05 6.000000000001935e-05 6e-05
4.000000000002111e-05 6.000000000001935e-05 8.000000000000001e-05
4.000000000002111e-05 6.000000000001935e-05 0.0001
4.000000000002111e-05 6.000000000001935e-05 0.00012
4.000000000002111e-05 6.000000000001935e-05 0.00014
4.000000000002111e-05 6.000000000001935e-05 0.00016
4.000000000002111e-05 6.000000000001935e-05 0.00018
4.000000000006215e-05 8.000000000000714e-05 2e-05
4.000000000006215e-05 8.000000000000714e-05 4e-05
4.000000000006215e-05 8.000000000000714e-05 6e-05
4.000000000006215e-05 8.000000000000714e-05 8.000000000000001e-05
4.000000000006215e-05 8.000000000000714e-05 0.0001
4.000000000006215e-05 8.000000000000714e-05 0.00012
4.000000000006215e-05 8.000000000000714e-05 0.00014
4.000000000006215e-05 8.000000000000714e-05 0.00016
4.000000000006215e-05 8.000000000000714e-05 0.00018
5.999999999993735e-05 1.999999999999322e-05 2e-05
5.999999999993735e-05 1.999999999999322e-05 4e-05
5.999999999993735e-05 1.999999999999322e-05 6e-05
5.999999999993735e-05 1.999999999999322e-05 8.000000000000001e-05
5.999999999993735e-05 1.999999999999322e-05 0.0001
5.999999999993735e-05 1.999999999999322e-05 0.00012
5.999999999993735e-05 1.999999999999322e-05 0.00014
5.999999999993735e-05 1.999999999999322e-05 0.00016
5.999999999993735e-05 1.999999999999322e-05 0.00018
5.999999999997836e-05 3.999999999998009e-05 2e-05
5.999999999997836e-05 3.999999999998009e-05 4e-05
5.999999999997836e-05 3.999999999998009e-05 6e-05
5.999999999997836e-05 3.999999999998009e-05 8.000000000000001e-05
5.999999999997836e-05 3.999999999998009e-05 0.0001
5.999999999997836e-05 3.999999999998009e-05 0.00012
5.999999999997836e-05 3.999999999998009e-05 0.00014
5.999999999997836e-05 3.999999999998009e-05 0.00016
5.999999999997836e-05 3.999999999998009e-05 0.00018
6.000000000001935e-05 5.999999999997835e-05 2e-05
6.000000000001935e-05 5.999999999997835e-05 4e-05
6.000000000001935e-05 5.999999999997835e-05 6e-05
6.000000000001935e-05 5.999999999997835e-05 8.000000000000001e-05
6.000000000001935e-05 5.999999999997835e-05 0.0001
6.000000000001935e-05 5.999999999997835e-05 0.00012
6.000000000001935e-05 5.999999999997835e-05 0.00014
6.000000000001935e-05 5.999999999997835e-05 0.00016
6.000000000001935e-05 5.999999999997835e-05 0.00018
6.000000000006033e-05 7.999999999998789e-05 2e-05
6.000000000006033e-05 7.999999999998789e-05 4e-05
6.000000000006033e-05 7.999999999998789e-05 6e-05
6.000000000006033e-05 7.999999999998789e-05 8.000000000000001e-05
6.000000000006033e-05 7.999999999998789e-05 0.0001
6.000000000006033e-05 7.999999999998789e-05 0.00012
6.000000000006033e-05 7.999999999998789e-05 0.00014
6.000000000006033e-05 7.999999999998789e-05 0.00016
6.000000000006033e-05 7.999999999998789e-05 0.00018
7.999999999996869e-05 1.999999999997421e-05 2e-05
7.999999999996869e-05 1.999999999997421e-05 4e-05
7.999999999996869e-05 1.999999999997421e-05 6e-05
7.999999999996869e-05 1.999999999997421e-05 8.000000000000001e-05
7.999999999996869e-05 1.999999999997421e-05 0.0001
7.999999999996869e-05 1.999999999997421e-05 0.00012
7.999999999996869e-05 1.999999999997421e-05 0.00014
7.999999999996869e-05 1.999999999997421e-05 0.00016
7.999999999996869e-05 1.999999999997421e-05 0.00018
7.999999999998789e-05 3.999999999993905e-05 2e-05
7.999999999998789e-05 3.999999999993905e-05 4e-05
7.999999999998789e-05 3.999999999993905e-05 6e-05
7.999999999998789e-05 3.999999999993905e-05 8.000000000000001e-05
7.999999999998789e-05 3.999999999993905e-05 0.0001
7.999999999998789e-05 3.999999999993905e-05 0.00012
7.999999999998789e-05 3.999999999993905e-05 0.00014
7.999999999998789e-05 3.999999999993905e-05 0.00016
7.999999999998789e-05 3.999999999993905e-05 0.00018
8.000000000000711e-05 5.999999999993735e-05 2e-05
8.000000000000711e-05 5.999999999993735e-05 4e-05
8.000000000000711e-05 5.999999999993735e-05 6e-05
8.000000000000711e-05 5.999999999993735e-05 8.000000000000001e-05
8.000000000000711e-05 5.999999999993735e-05 0.0001
8.000000000000711e-05 5.999999999993735e-05 0.00012
8.000000000000711e-05 5.999999999993735e-05 0.00014
8.000000000000711e-05 5.999999999993735e-05 0.00016
8.000000000000711e-05 5.999999999993735e-05 0.00018
8.000000000002633e-05 7.99999999999687e-05 2e-05
8.000000000002633e-05 7.99999999999687e-05 4e-05
8.000000000002633e-05 7.99999999999687e-05 6e-05
8.000000000002633e-05 7.99999999999687e-05 8.000000000000001e-05
8.000000000002633e-05 7.99999999999687e-05 0.0001
8.000000000002633e-05 7.99999999999687e-05 0.00012
8.000000000002633e-05 7.99999999999687e-05 0.00014
8.000000000002633e-05 7.99999999999687e-05 0.00016
8.000000000002633e-05 7.99999999999687e-05 0.00018
3 2 0 144
900
901
902
903
904
905
906
907
908
909
910
911
912
913
914
915
916
917
918
919
920
921
922
923
924
925
926
927
928
929
930
931
932
933
934
935
936
937
938
939
940
941
942
943
944
945
946
947
948
949
950
951
952
953
954
955
956
957
958
959
960
961
962
963
964
965
966
967
968
969
970
971
972
973
974
975
976
977
978
979
980
981
982
983
984
985
986
987
988
989
990
991
992
993
994
995
996
997
998
999
1000
1001
1002
1003
1004
1005
1006
1007
1008
1009
1010
1011
1012
1013
1014
1015
1016
1017
1018
1019
1020
1021
1022
1023
1024
1025
1026
1027
1028
1029
1030
1031
1032
1033
1034
1035
1036
1037
1038
1039
1040
1041
1042
1043
0.0001199999999999713 1.99999999999552e-05 2e-05
0.0001199999999999713 1.99999999999552e-05 4e-05
0.0001199999999999713 1.99999999999552e-05 6e-05
0.0001199999999999713 1.99999999999552e-05 8.000000000000001e-05
0.0001199999999999713 1.99999999999552e-05 0.0001
0.0001199999999999713 1.99999999999552e-05 0.00012
0.0001199999999999713 1.99999999999552e-05 0.00014
0.0001199999999999713 1.99999999999552e-05 0.00016
0.0001199999999999713 1.99999999999552e-05 0.00018
0.0001199999999999924 3.999999999989803e-05 2e-05
0.0001199999999999924 3.999999999989803e-05 4e-05
0.0001199999999999924 3.999999999989803e-05 6e-05
0.0001199999999999924 3.999999999989803e-05 8.000000000000001e-05
0.0001199999999999924 3.999999999989803e-05 0.0001
0.0001199999999999924 3.999999999989803e-05 0.00012
0.0001199999999999924 3.999999999989803e-05 0.00014
0.0001199999999999924 3.999999999989803e-05 0.00016
0.0001199999999999924 3.999999999989803e-05 0.00018
0.0001200000000000135 5.999999999989636e-05 2e-05
0.0001200000000000135 5.999999999989636e-05 4e-05
0.0001200000000000135 5.999999999989636e-05 6e-05
0.0001200000000000135 5.999999999989636e-05 8.000000000000001e-05
0.0001200000000000135 5.999999999989636e-05 0.0001
0.0001200000000000135 5.999999999989636e-05 0.00012
0.0001200000000000135 5.999999999989636e-05 0.00014
0.0001200000000000135 5.999999999989636e-05 0.00016
0.0001200000000000135 5.999999999989636e-05 0.00018
0.0001200000000000345 7.999999999994947e-05 2e-05
0.0001200000000000345 7.999999999994947e-05 4e-05
0.0001200000000000345 7.999999999994947e-05 6e-05
0.0001200000000000345 7.999999999994947e-05 8.000000000000001e-05
0.0001200000000000345 7.999999999994947e-05 0.0001
0.0001200000000000345 7.999999999994947e-05 0.00012
0.0001200000000000345 7.999999999994947e-05 0.00014
0.0001200000000000345 7.999999999994947e-05 0.00016
0.0001200000000000345 7.999999999994947e-05 0.00018
0.0001399999999999298 1.99999999999552e-05 2e-05
0.0001399999999999298 1.99999999999552e-05 4e-05
0.0001399999999999298 1.99999999999552e-05 6e-05
0.0001399999999999298 1.99999999999552e-05 8.000000000000001e-05
0.0001399999999999298 1.99999999999552e-05 0.0001
0.0001399999999999298 1.99999999999552e-05 0.00012
0.0001399999999999298 1.99999999999552e-05 0.00014
0.0001399999999999298 1.99999999999552e-05 0.00016
0.0001399999999999298 1.99999999999552e-05 0.00018
0.0001399999999999749 3.999999999989803e-05 2e-05
0.0001399999999999749 3.999999999989803e-05 4e-05
0.0001399999999999749 3.999999999989803e-05 6e-05
0.0001399999999999749 3.999999999989803e-05 8.000000000000001e-05
0.0001399999999999749 3.999999999989803e-05 0.0001
0.0001399999999999749 3.999999999989803e-05 0.00012
0.0001399999999999749 3.999999999989803e-05 0.00014
0.0001399999999999749 3.999999999989803e-05 0.00016
0.0001399999999999749 3.999999999989803e-05 0.00018
0.00014000000000002 5.999999999989636e-05 2e-05
0.00014000000000002 5.999999999989636e-05 4e-05
0.00014000000000002 5.999999999989636e-05 6e-05
0.00014000000000002 5.999999999989636e-05 8.000000000000001e-05
0.00014000000000002 5.999999999989636e-05 0.0001
0.00014000000000002 5.999999999989636e-05 0.00012
0.00014000000000002 5.999999999989636e-05 0.00014
0.00014000000000002 5.999999999989636e-05 0.00016
0.00014000000000002 5.999999999989636e-05 0.00018
0.0001400000000000651 7.99999999999495e-05 2e-05
0.0001400000000000651 7.99999999999495e-05 4e-05
0.0001400000000000651 7.99999999999495e-05 6e-05
0.0001400000000000651 7.99999999999495e-05 8.000000000000001e-05
0.0001400000000000651 7.99999999999495e-05 0.0001
0.0001400000000000651 7.99999999999495e-05 0.00012
0.0001400000000000651 7.99999999999495e-05 0.00014
0.0001400000000000651 7.99999999999495e-05 0.00016
0.0001400000000000651 7.99999999999495e-05 0.00018
0.0001599999999999295 1.99999999999552e-05 2e-05
0.0001599999999999295 1.99999999999552e-05 4e-05
0.0001599999999999295 1.99999999999552e-05 6e-05
0.0001599999999999295 1.99999999999552e-05 8.000000000000001e-05
0.0001599999999999295 1.99999999999552e-05 0.0001
0.0001599999999999295 1.99999999999552e-05 0.00012
0.0001599999999999295 1.99999999999552e-05 0.00014
0.0001599999999999295 1.99999999999552e-05 0.00016
0.0001599999999999295 1.99999999999552e-05 0.00018
0.0001599999999999723 3.999999999989803e-05 2e-05
0.0001599999999999723 3.999999999989803e-05 4e-05
0.0001599999999999723 3.999999999989803e-05 6e-05
0.0001599999999999723 3.999999999989803e-05 8.000000000000001e-05
0.0001599999999999723 3.999999999989803e-05 0.0001
0.0001599999999999723 3.999999999989803e-05 0.00012
0.0001599999999999723 3.999999999989803e-05 0.00014
0.0001599999999999723 3.999999999989803e-05 0.00016
0.0001599999999999723 3.999999999989803e-05 0.00018
0.0001600000000000151 5.999999999989636e-05 2e-05
0.0001600000000000151 5.999999999989636e-05 4e-05
0.0001600000000000151 5.999999999989636e-05 6e-05
0.0001600000000000151 5.999999999989636e-05 8.000000000000001e-05
0.0001600000000000151 5.999999999989636e-05 0.0001
0.0001600000000000151 5.999999999989636e-05 0.00012
0.0001600000000000151 5.999999999989636e-05 0.00014
0.0001600000000000151 5.999999999989636e-05 0.00016
0.0001600000000000151 5.999999999989636e-05 0.00018
0.0001600000000000579 7.99999999999495e-05 2e-05
0.0001600000000000579 7.99999999999495e-05 4e-05
0.0001600000000000579 7.99999999999495e-05 6e-05
0.0001600000000000579 7.99999999999495e-05 8.000000000000001e-05
0.0001600000000000579 7.99999999999495e-05 0.0001
0.0001600000000000579 7.99999999999495e-05 0.00012
0.0001600000000000579 7.99999999999495e-05 0.00014
0.0001600000000000579 7.99999999999495e-05 0.00016
0.0001600000000000579 7.99999999999495e-05 0.00018
0.0001799999999999653 1.99999999999552e-05 2e-05
0.0001799999999999653 1.99999999999552e-05 4e-05
0.0001799999999999653 1.99999999999552e-05 6e-05
0.0001799999999999653 1.99999999999552e-05 8.000000000000001e-05
0.0001799999999999653 1.99999999999552e-05 0.0001
0.0001799999999999653 1.99999999999552e-05 0.00012
0.0001799999999999653 1.99999999999552e-05 0.00014
0.0001799999999999653 1.99999999999552e-05 0.00016
0.0001799999999999653 1.99999999999552e-05 0.00018
0.0001799999999999867 3.999999999989803e-05 2e-05
0.0001799999999999867 3.999999999989803e-05 4e-05
0.0001799999999999867 3.999999999989803e-05 6e-05
0.0001799999999999867 3.999999999989803e-05 8.000000000000001e-05
0.0001799999999999867 3.999999999989803e-05 0.0001
0.0001799999999999867 3.999999999989803e-05 0.00012
0.0001799999999999867 3.999999999989803e-05 0.00014
0.0001799999999999867 3.999999999989803e-05 0.00016
0.0001799999999999867 3.999999999989803e-05 0.00018
0.0001800000000000081 5.999999999989636e-05 2e-05
0.0001800000000000081 5.999999999989636e-05 4e-05
0.0001800000000000081 5.999999999989636e-05 6e-05
0.0001800000000000081 5.999999999989636e-05 8.000000000000001e-05
0.0001800000000000081 5.999999999989636e-05 0.0001
0.0001800000000000081 5.999999999989636e-05 0.00012
0.0001800000000000081 5.999999999989636e-05 0.00014
0.0001800000000000081 5.999999999989636e-05 0.00016
0.0001800000000000081 5.999999999989636e-05 0.00018
0.0001800000000000295 7.999999999994948e-05 2e-05
0.0001800000000000295 7.999999999994948e-05 4e-05
0.0001800000000000295 7.999999999994948e-05 6e-05
0.0001800000000000295 7.999999999994948e-05 8.000000000000001e-05
0.0001800000000000295 7.999999999994948e-05 0.0001
0.0001800000000000295 7.999999999994948e-05 0.00012
0.0001800000000000295 7.999999999994948e-05 0.00014
0.0001800000000000295 7.999999999994948e-05 0.00016
0.0001800000000000295 7.999999999994948e-05 0.00018
3 3 0 144
1044
1045
1046
1047
1048
1049
1050
1051
1052
1053
1054
1055
1056
1057
1058
1059
1060
1061
1062
1063
1064
1065
1066
1067
1068
1069
1070
1071
1072
1073
1074
1075
1076
1077
1078
1079
1080
1081
1082
1083
1084
1085
1086
1087
1088
1089
1090
1091
1092
1093
1094
1095
1096
1097
1098
1099
1100
1101
1102
1103
1104
1105
1106
1107
1108
1109
1110
1111
1112
1113
1114
1115
1116
1117
1118
1119
1120
1121
1122
1123
1124
1125
1126
1127
1128
1129
1130
1131
1132
1133
1134
1135
1136
1137
1138
1139
1140
1141
1142
1143
1144
1145
1146
1147
1148
1149
1150
1151
1152
1153
1154
1155
1156
1157
1158
1159
1160
1161
1162
1163
1164
1165
1166
1167
1168
1169
1170
1171
1172
1173
1174
1175
1176
1177
1178
1179
1180
1181
1182
1183
1184
1185
1186
1187
0.0001800000000000509 0.0001199999999999714 2e-05
0.0001800000000000509 0.0001199999999999714 4e-05
0.0001800000000000509 0.0001199999999999714 6e-05
0.0001800000000000509 0.0001199999999999714 8.000000000000001e-05
0.0001800000000000509 0.0001199999999999714 0.0001
0.0001800000000000509 0.0001199999999999714 0.00012
0.0001800000000000509 0.0001199999999999714 0.00014
0.0001800000000000509 0.0001199999999999714 0.00016
0.0001800000000000509 0.0001199999999999714 0.00018
0.0001800000000000508 0.0001399999999999298 2e-05
0.0001800000000000508 0.0001399999999999298 4e-05
0.0001800000000000508 0.0001399999999999298 6e-05
0.0001800000000000508 0.0001399999999999298 8.000000000000001e-05
0.0001800000000000508 0.0001399999999999298 0.0001
0.0001800000000000508 0.0001399999999999298 0.00012
0.0001800000000000508 0.0001399999999999298 0.00014
0.0001800000000000508 0.0001399999999999298 0.00016
0.0001800000000000508 0.0001399999999999298 0.00018
0.0001800000000000509 0.0001599999999999296 2e-05
0.0001800000000000509 0.0001599999999999296 4e-05
0.0001800000000000509 0.0001599999999999296 6e-05
0.0001800000000000509 0.0001599999999999296 8.000000000000001e-05
0.0001800000000000509 0.0001599999999999296 0.0001
0.0001800000000000509 0.0001599999999999296 0.00012
0.0001800000000000509 0.0001599999999999296 0.00014
0.0001800000000000509 0.0001599999999999296 0.00016
0.0001800000000000509 0.0001599999999999296 0.00018
0.0001800000000000509 0.0001799999999999653 2e-05
0.0001800000000000509 0.0001799999999999653 4e-05
0.0001800000000000509 0.0001799999999999653 6e-05
0.0001800000000000509 0.0001799999999999653 8.000000000000001e-05
0.0001800000000000509 0.0001799999999999653 0.0001
0.0001800000000000509 0.0001799999999999653 0.00012
0.0001800000000000509 0.0001799999999999653 0.00014
0.0001800000000000509 0.0001799999999999653 0.00016
0.0001800000000000509 0.0001799999999999653 0.00018
0.0001600000000001007 0.0001199999999999924 2e-05
0.0001600000000001007 0.0001199999999999924 4e-05
0.0001600000000001007 0.0001199999999999924 6e-05
0.0001600000000001007 0.0001199999999999924 8.000000000000001e-05
0.0001600000000001007 0.0001199999999999924 0.0001
0.0001600000000001007 0.0001199999999999924 0.00012
0.0001600000000001007 0.0001199999999999924 0.00014
0.0001600000000001007 0.0001199999999999924 0.00016
0.0001600000000001007 0.0001199999999999924 0.00018
0.0001600000000001007 0.0001399999999999749 2e-05
0.0001600000000001007 0.0001399999999999749 4e-05
0.0001600000000001007 0.0001399999999999749 6e-05
0.0001600000000001007 0.0001399999999999749 8.000000000000001e-05
0.0001600000000001007 0.0001399999999999749 0.0001
0.0001600000000001007 0.0001399999999999749 0.00012
0.0001600000000001007 0.0001399999999999749 0.00014
0.0001600000000001007 0.0001399999999999749 0.00016
0.0001600000000001007 0.0001399999999999749 0.00018
0.0001600000000001007 0.0001599999999999723 2e-05
0.0001600000000001007 0.0001599999999999723 4e-05
0.0001600000000001007 0.0001599999999999723 6e-05
0.0001600000000001007 0.0001599999999999723 8.000000000000001e-05
0.0001600000000001007 0.0001599999999999723 0.0001
0.0001600000000001007 0.0001599999999999723 0.00012
0.0001600000000001007 0.0001599999999999723 0.00014
0.0001600000000001007 0.0001599999999999723 0.00016
0.0001600000000001007 0.0001599999999999723 0.00018
0.0001600000000001007 0.0001799999999999868 2e-05
0.0001600000000001007 0.0001799999999999868 4e-05
0.0001600000000001007 0.0001799999999999868 6e-05
0.0001600000000001007 0.0001799999999999868 8.000000000000001e-05
0.0001600000000001007 0.0001799999999999868 0.0001
0.0001600000000001007 0.0001799999999999868 0.00012
0.0001600000000001007 0.0001799999999999868 0.00014
0.0001600000000001007 0.0001799999999999868 0.00016
0.0001600000000001007 0.0001799999999999868 0.00018
0.0001400000000001102 0.0001200000000000135 2e-05
0.0001400000000001102 0.0001200000000000135 4e-05
0.0001400000000001102 0.0001200000000000135 6e-05
0.0001400000000001102 0.0001200000000000135 8.000000000000001e-05
0.0001400000000001102 0.0001200000000000135 0.0001
0.0001400000000001102 0.0001200000000000135 0.00012
0.0001400000000001102 0.0001200000000000135 0.00014
0.0001400000000001102 0.0001200000000000135 0.00016
0.0001400000000001102 0.0001200000000000135 0.00018
0.0001400000000001101 0.00014000000000002 2e-05
0.0001400000000001101 0.00014000000000002 4e-05
0.0001400000000001101 0.00014000000000002 6e-05
0.0001400000000001101 0.00014000000000002 8.000000000000001e-05
0.0001400000000001101 0.00014000000000002 0.0001
0.0001400000000001101 0.00014000000000002 0.00012
0.0001400000000001101 0.00014000000000002 0.00014
0.0001400000000001101 0.00014000000000002 0.00016
0.0001400000000001101 0.00014000000000002 0.00018
0.0001400000000001102 0.0001600000000000151 2e-05
0.0001400000000001102 0.0001600000000000151 4e-05
0.0001400000000001102 0.0001600000000000151 6e-05
0.0001400000000001102 0.0001600000000000151 8.000000000000001e-05
0.0001400000000001102 0.0001600000000000151 0.0001
0.0001400000000001102 0.0001600000000000151 0.00012
0.0001400000000001102 0.0001600000000000151 0.00014
0.0001400000000001102 0.0001600000000000151 0.00016
0.0001400000000001102 0.0001600000000000151 0.00018
0.0001400000000001102 0.0001800000000000081 2e-05
0.0001400000000001102 0.0001800000000000081 4e-05
0.0001400000000001102 0.0001800000000000081 6e-05
0.0001400000000001102 0.0001800000000000081 8.000000000000001e-05
0.0001400000000001102 0.0001800000000000081 0.0001
0.0001400000000001102 0.0001800000000000081 0.00012
0.0001400000000001102 0.0001800000000000081 0.00014
0.0001400000000001102 0.0001800000000000081 0.00016
0.0001400000000001102 0.0001800000000000081 0.00018
0.0001200000000000556 0.0001200000000000345 2e-05
0.0001200000000000556 0.0001200000000000345 4e-05
0.0001200000000000556 0.0001200000000000345 6e-05
0.0001200000000000556 0.0001200000000000345 8.000000000000001e-05
0.0001200000000000556 0.0001200000000000345 0.0001
0.0001200000000000556 0.0001200000000000345 0.00012
0.0001200000000000556 0.0001200000000000345 0.00014
0.0001200000000000556 0.0001200000000000345 0.00016
0.0001200000000000556 0.0001200000000000345 0.00018
0.0001200000000000556 0.0001400000000000651 2e-05
0.0001200000000000556 0.0001400000000000651 4e-05
0.0001200000000000556 0.0001400000000000651 6e-05
0.0001200000000000556 0.0001400000000000651 8.000000000000001e-05
0.0001200000000000556 0.0001400000000000651 0.0001
0.0001200000000000556 0.0001400000000000651 0.00012
0.0001200000000000556 0.0001400000000000651 0.00014
0.0001200000000000556 0.0001400000000000651 0.00016
0.0001200000000000556 0.0001400000000000651 0.00018
0.0001200000000000556 0.0001600000000000579 2e-05
0.0001200000000000556 0.0001600000000000579 4e-05
0.0001200000000000556 0.0001600000000000579 6e-05
0.0001200000000000556 0.0001600000000000579 8.000000000000001e-05
0.0001200000000000556 0.0001600000000000579 0.0001
0.0001200000000000556 0.0001600000000000579 0.00012
0.0001200000000000556 0.0001600000000000579 0.00014
0.0001200000000000556 0.0001600000000000579 0.00016
0.0001200000000000556 0.0001600000000000579 0.00018
0.0001200000000000556 0.0001800000000000294 2e-05
0.0001200000000000556 0.0001800000000000294 4e-05
0.0001200000000000556 0.0001800000000000294 6e-05
0.0001200000000000556 0.0001800000000000294 8.000000000000001e-05
0.0001200000000000556 0.0001800000000000294 0.0001
0.0001200000000000556 0.0001800000000000294 0.00012
0.0001200000000000556 0.0001800000000000294 0.00014
0.0001200000000000556 0.0001800000000000294 0.00016
0.0001200000000000556 0.0001800000000000294 0.00018
3 4 0 144
1188
1189
1190
1191
1192
1193
1194
1195
1196
1197
1198
1199
1200
1201
1202
1203
1204
1205
1206
1207
1208
1209
1210
1211
1212
1213
1214
1215
1216
1217
1218
1219
1220
1221
1222
1223
1224
1225
1226
1227
1228
1229
1230
1231
1232
1233
1234
1235
1236
1237
1238
1239
1240
1241
1242
1243
1244
1245
1246
1247
1248
1249
1250
1251
1252
1253
1254
1255
1256
1257
1258
1259
1260
1261
1262
1263
1264
1265
1266
1267
1268
1269
1270
1271
1272
1273
1274
1275
1276
1277
1278
1279
1280
1281
1282
1283
1284
1285
1286
1287
1288
1289
1290
1291
1292
1293
1294
1295
1296
1297
1298
1299
1300
1301
1302
1303
1304
1305
1306
1307
1308
1309
1310
1311
1312
1313
1314
1315
1316
1317
1318
1319
1320
1321
1322
1323
1324
1325
1326
1327
1328
1329
1330
1331
8.000000000004552e-05 0.0001200000000000556 2e-05
8.000000000004552e-05 0.0001200000000000556 4e-05
8.000000000004552e-05 0.0001200000000000556 6e-05
8.000000000004552e-05 0.0001200000000000556 8.000000000000001e-05
8.000000000004552e-05 0.0001200000000000556 0.0001
8.000000000004552e-05 0.0001200000000000556 0.00012
8.000000000004552e-05 0.0001200000000000556 0.00014
8.000000000004552e-05 0.0001200000000000556 0.00016
8.000000000004552e-05 0.0001200000000000556 0.00018
8.00000000000455e-05 0.0001400000000001102 2e-05
8.00000000000455e-05 0.0001400000000001102 4e-05
8.00000000000455e-05 0.0001400000000001102 6e-05
8.00000000000455e-05 0.0001400000000001102 8.000000000000001e-05
8.00000000000455e-05 0.0001400000000001102 0.0001
8.00000000000455e-05 0.0001400000000001102 0.00012
8.00000000000455e-05 0.0001400000000001102 0.00014
8.00000000000455e-05 0.0001400000000001102 0.00016
8.00000000000455e-05 0.0001400000000001102 0.00018
8.000000000004552e-05 0.0001600000000001006 2e-05
8.000000000004552e-05 0.0001600000000001006 4e-05
8.000000000004552e-05 0.0001600000000001006 6e-05
8.000000000004552e-05 0.0001600000000001006 8.000000000000001e-05
8.000000000004552e-05 0.0001600000000001006 0.0001
8.000000000004552e-05 0.0001600000000001006 0.00012
8.000000000004552e-05 0.0001600000000001006 0.00014
8.000000000004552e-05 0.0001600000000001006 0.00016
8.000000000004552e-05 0.0001600000000001006 0.00018
8.000000000004552e-05 0.0001800000000000508 2e-05
8.000000000004552e-05 0.0001800000000000508 4e-05
8.000000000004552e-05 0.0001800000000000508 6e-05
8.000000000004552e-05 0.0001800000000000508 8.000000000000001e-05
8.000000000004552e-05 0.0001800000000000508 0.0001
8.000000000004552e-05 0.0001800000000000508 0.00012
8.000000000004552e-05 0.0001800000000000508 0.00014
8.000000000004552e-05 0.0001800000000000508 0.00016
8.000000000004552e-05 0.0001800000000000508 0.00018
6.000000000010132e-05 0.0001200000000000556 2e-05
6.000000000010132e-05 0.0001200000000000556 4e-05
6.000000000010132e-05 0.0001200000000000556 6e-05
6.000000000010132e-05 0.0001200000000000556 8.000000000000001e-05
6.000000000010132e-05 0.0001200000000000556 0.0001
6.000000000010132e-05 0.0001200000000000556 0.00012
6.000000000010132e-05 0.0001200000000000556 0.00014
6.000000000010132e-05 0.0001200000000000556 0.00016
6.000000000010132e-05 0.0001200000000000556 0.00018
6.000000000010131e-05 0.0001400000000001102 2e-05
6.000000000010131e-05 0.0001400000000001102 4e-05
6.000000000010131e-05 0.0001400000000001102 6e-05
6.000000000010131e-05 0.0001400000000001102 8.000000000000001e-05
6.000000000010131e-05 0.0001400000000001102 0.0001
6.000000000010131e-05 0.0001400000000001102 0.00012
6.000000000010131e-05 0.0001400000000001102 0.00014
6.000000000010131e-05 0.0001400000000001102 0.00016
6.000000000010131e-05 0.0001400000000001102 0.00018
6.00000000001013e-05 0.0001600000000001006 2e-05
6.00000000001013e-05 0.0001600000000001006 4e-05
6.00000000001013e-05 0.0001600000000001006 6e-05
6.00000000001013e-05 0.0001600000000001006 8.000000000000001e-05
6.00000000001013e-05 0.0001600000000001006 0.0001
6.00000000001013e-05 0.0001600000000001006 0.00012
6.00000000001013e-05 0.0001600000000001006 0.00014
6.00000000001013e-05 0.0001600000000001006 0.00016
6.00000000001013e-05 0.0001600000000001006 0.00018
6.000000000010132e-05 0.0001800000000000509 2e-05
6.000000000010132e-05 0.0001800000000000509 4e-05
6.000000000010132e-05 0.0001800000000000509 6e-05
6.000000000010132e-05 0.0001800000000000509 8.000000000000001e-05
6.000000000010132e-05 0.0001800000000000509 0.0001
6.000000000010132e-05 0.0001800000000000509 0.00012
6.000000000010132e-05 0.0001800000000000509 0.00014
6.000000000010132e-05 0.0001800000000000509 0.00016
6.000000000010132e-05 0.0001800000000000509 0.00018
4.000000000010316e-05 0.0001200000000000556 2e-05
4.000000000010316e-05 0.0001200000000000556 4e-05
4.000000000010316e-05 0.0001200000000000556 6e-05
4.000000000010316e-05 0.0001200000000000556 8.000000000000001e-05
4.000000000010316e-05 0.0001200000000000556 0.0001
4.000000000010316e-05 0.0001200000000000556 0.00012
4.000000000010316e-05 0.0001200000000000556 0.00014
4.000000000010316e-05 0.0001200000000000556 0.00016
4.000000000010316e-05 0.0001200000000000556 0.00018
4.000000000010317e-05 0.0001400000000001102 2e-05
4.000000000010317e-05 0.0001400000000001102 4e-05
4.000000000010317e-05 0.0001400000000001102 6e-05
4.000000000010317e-05 0.0001400000000001102 8.000000000000001e-05
4.000000000010317e-05 0.0001400000000001102 0.0001
4.000000000010317e-05 0.0001400000000001102 0.00012
4.000000000010317e-05 0.0001400000000001102 0.00014
4.000000000010317e-05 0.0001400000000001102 0.00016
4.000000000010317e-05 0.0001400000000001102 0.00018
4.000000000010317e-05 0.0001600000000001006 2e-05
4.000000000010317e-05 0.0001600000000001006 4e-05
4.000000000010317e-05 0.0001600000000001006 6e-05
4.000000000010317e-05 0.0001600000000001006 8.000000000000001e-05
4.000000000010317e-05 0.0001600000000001006 0.0001
4.000000000010317e-05 0.0001600000000001006 0.00012
4.000000000010317e-05 0.0001600000000001006 0.00014
4.000000000010317e-05 0.0001600000000001006 0.00016
4.000000000010317e-05 0.0001600000000001006 0.00018
4.000000000010317e-05 0.0001800000000000509 2e-05
4.000000000010317e-05 0.0001800000000000509 4e-05
4.000000000010317e-05 0.0001800000000000509 6e-05
4.000000000010317e-05 0.0001800000000000509 8.000000000000001e-05
4.000000000010317e-05 0.0001800000000000509 0.0001
4.000000000010317e-05 0.0001800000000000509 0.00012
4.000000000010317e-05 0.0001800000000000509 0.00014
4.000000000010317e-05 0.0001800000000000509 0.00016
4.000000000010317e-05 0.0001800000000000509 0.00018
2.000000000005026e-05 0.0001200000000000556 2e-05
2.000000000005026e-05 0.0001200000000000556 4e-05
2.000000000005026e-05 0.0001200000000000556 6e-05
2.000000000005026e-05 0.0001200000000000556 8.000000000000001e-05
2.000000000005026e-05 0.0001200000000000556 0.0001
2.000000000005026e-05 0.0001200000000000556 0.00012
2.000000000005026e-05 0.0001200000000000556 0.00014
2.000000000005026e-05 0.0001200000000000556 0.00016
2.000000000005026e-05 0.0001200000000000556 0.00018
2.000000000005026e-05 0.0001400000000001102 2e-05
2.000000000005026e-05 0.0001400000000001102 4e-05
2.000000000005026e-05 0.0001400000000001102 6e-05
2.000000000005026e-05 0.0001400000000001102 8.000000000000001e-05
2.000000000005026e-05 0.0001400000000001102 0.0001
2.000000000005026e-05 0.0001400000000001102 0.00012
2.000000000005026e-05 0.0001400000000001102 0.00014
2.000000000005026e-05 0.0001400000000001102 0.00016
2.000000000005026e-05 0.0001400000000001102 0.00018
2.000000000005026e-05 0.0001600000000001006 2e-05
2.000000000005026e-05 0.0001600000000001006 4e-05
2.000000000005026e-05 0.0001600000000001006 6e-05
2.000000000005026e-05 0.0001600000000001006 8.000000000000001e-05
2.000000000005026e-05 0.0001600000000001006 0.0001
2.000000000005026e-05 0.0001600000000001006 0.00012
2.000000000005026e-05 0.0001600000000001006 0.00014
2.000000000005026e-05 0.0001600000000001006 0.00016
2.000000000005026e-05 0.0001600000000001006 0.00018
2.000000000005026e-05 0.0001800000000000509 2e-05
2.000000000005026e-05 0.0001800000000000509 4e-05
2.000000000005026e-05 0.0001800000000000509 6e-05
2.000000000005026e-05 0.0001800000000000509 8.000000000000001e-05
2.000000000005026e-05 0.0001800000000000509 0.0001
2.000000000005026e-05 0.0001800000000000509 0.00012
2.000000000005026e-05 0.0001800000000000509 0.00014
2.000000000005026e-05 0.0001800000000000509 0.00016
2.000000000005026e-05 0.0001800000000000509 0.00018
$EndNodes
$Elements
24 1800 1 1800
2 1 3 25
1 1 19 196 34 
2 34 196 197 33 
3 33 197 198 32 
4 32 198 199 31 
5 31 199 30 4 
6 19 20 200 196 
7 196 200 201 197 
8 197 201 202 198 
9 198 202 203 199 
10 199 203 29 30 
11 20 21 204 200 
12 200 204 205 201 
13 201 205 206 202 
14 202 206 207 203 
15 203 207 28 29 
16 21 22 208 204 
17 204 208 209 205 
18 205 209 210 206 
19 206 210 211 207 
20 207 211 27 28 
21 22 2 23 208 
22 208 23 24 209 
23 209 24 25 210 
24 210 25 26 211 
25 211 26 3 27 
2 2 3 25
26 2 35 212 23 
27 23 212 213 24 
28 24 213 214 25 
29 25 214 215 26 
30 26 215 46 3 
31 35 36 216 212 
32 212 216 217 213 
33 213 217 218 214 
34 214 218 219 215 
35 215 219 45 46 
36 36 37 220 216 
37 216 220 221 217 
38 217 221 222 218 
39 218 222 223 219 
40 219 223 44 45 
41 37 38 224 220 
42 220 224 225 221 
43 221 225 226 222 
44 222 226 227 223 
45 223 227 43 44 
46 38 5 39 224 
47 224 39 40 225 
48 225 40 41 226 
49 226 41 42 227 
50 227 42 6 43 
2 3 3 25
51 6 47 228 43 
52 47 48 229 228 
53 48 49 230 229 
54 49 50 231 230 
55 50 7 51 231 
56 43 228 232 44 
57 228 229 233 232 
58 229 230 234 233 
59 230 231 235 234 
60 231 51 52 235 
61 44 232 236 45 
62 232 233 237 236 
63 233 234 238 237 
64 234 235 239 238 
65 235 52 53 239 
66 45 236 240 46 
67 236 237 241 240 
68 237 238 242 241 
69 238 239 243 242 
70 239 53 54 243 
71 46 240 58 3 
72 240 241 57 58 
73 241 242 56 57 
74 242 243 55 56 
75 243 54 8 55 
2 4 3 25
76 3 58 244 27 
77 58 57 245 244 
78 57 56 246 245 
79 56 55 247 246 
80 55 8 59 247 
81 27 244 248 28 
82 244 245 249 248 
83 245 246 250 249 
84 246 247 251 250 
85 247 59 60 251 
86 28 248 252 29 
87 248 249 253 252 
88 249 250 254 253 
89 250 251 255 254 
90 251 60 61 255 
91 29 252 256 30 
92 252 253 257 256 
93 253 254 258 257 
94 254 255 259 258 
95 255 61 62 259 
96 30 256 66 4 
97 256 257 65 66 
98 257 258 64 65 
99 258 259 63 64 
100 259 62 9 63 
2 25 3 50
101 1 19 260 83 
102 83 260 261 84 
103 84 261 262 85 
104 85 262 263 86 
105 86 263 264 87 
106 87 264 265 88 
107 88 265 266 89 
108 89 266 267 90 
109 90 267 268 91 
110 91 268 67 10 
111 19 20 269 260 
112 260 269 270 261 
113 261 270 271 262 
114 262 271 272 263 
115 263 272 273 264 
116 264 273 274 265 
117 265 274 275 266 
118 266 275 276 267 
119 267 276 277 268 
120 268 277 68 67 
121 20 21 278 269 
122 269 278 279 270 
123 270 279 280 271 
124 271 280 281 272 
125 272 281 282 273 
126 273 282 283 274 
127 274 283 284 275 
128 275 284 285 276 
129 276 285 286 277 
130 277 286 69 68 
131 21 22 287 278 
132 278 287 288 279 
133 279 288 289 280 
134 280 289 290 281 
135 281 290 291 282 
136 282 291 292 283 
137 283 292 293 284 
138 284 293 294 285 
139 285 294 295 286 
140 286 295 70 69 
141 22 2 92 287 
142 287 92 93 288 
143 288 93 94 289 
144 289 94 95 290 
145 290 95 96 291 
146 291 96 97 292 
147 292 97 98 293 
148 293 98 99 294 
149 294 99 100 295 
150 295 100 11 70 
2 29 3 50
151 2 23 296 92 
152 92 296 297 93 
153 93 297 298 94 
154 94 298 299 95 
155 95 299 300 96 
156 96 300 301 97 
157 97 301 302 98 
158 98 302 303 99 
159 99 303 304 100 
160 100 304 71 11 
161 23 24 305 296 
162 296 305 306 297 
163 297 306 307 298 
164 298 307 308 299 
165 299 308 309 300 
166 300 309 310 301 
167 301 310 311 302 
168 302 311 312 303 
169 303 312 313 304 
170 304 313 72 71 
171 24 25 314 305 
172 305 314 315 306 
173 306 315 316 307 
174 307 316 317 308 
175 308 317 318 309 
176 309 318 319 310 
177 310 319 320 311 
178 311 320 321 312 
179 312 321 322 313 
180 313 322 73 72 
181 25 26 323 314 
182 314 323 324 315 
183 315 324 325 316 
184 316 325 326 317 
185 317 326 327 318 
186 318 327 328 319 
187 319 328 329 320 
188 320 329 330 321 
189 321 330 331 322 
190 322 331 74 73 
191 26 3 101 323 
192 323 101 102 324 
193 324 102 103 325 
194 325 103 104 326 
195 326 104 105 327 
196 327 105 106 328 
197 328 106 107 329 
198 329 107 108 330 
199 330 108 109 331 
200 331 109 12 74 
2 33 3 50
201 3 27 332 101 
202 101 332 333 102 
203 102 333 334 103 
204 103 334 335 104 
205 104 335 336 105 
206 105 336 337 106 
207 106 337 338 107 
208 107 338 339 108 
209 108 339 340 109 
210 109 340 75 12 
211 27 28 341 332 
212 332 341 342 333 
213 333 342 343 334 
214 334 343 344 335 
215 335 344 345 336 
216 336 345 346 337 
217 337 346 347 338 
218 338 347 348 339 
219 339 348 349 340 
220 340 349 76 75 
221 28 29 350 341 
222 341 350 351 342 
223 342 351 352 343 
224 343 352 353 344 
225 344 353 354 345 
226 345 354 355 346 
227 346 355 356 347 
228 347 356 357 348 
229 348 357 358 349 
230 349 358 77 76 
231 29 30 359 350 
232 350 359 360 351 
233 351 360 361 352 
234 352 361 362 353 
235 353 362 363 354 
236 354 363 364 355 
237 355 364 365 356 
238 356 365 366 357 
239 357 366 367 358 
240 358 367 78 77 
241 30 4 110 359 
242 359 110 111 360 
243 360 111 112 361 
244 361 112 113 362 
245 362 113 114 363 
246 363 114 115 364 
247 364 115 116 365 
248 365 116 117 366 
249 366 117 118 367 
250 367 118 13 78 
2 37 3 50
251 4 31 368 110 
252 110 368 369 111 
253 111 369 370 112 
254 112 370 371 113 
255 113 371 372 114 
256 114 372 373 115 
257 115 373 374 116 
258 116 374 375 117 
259 117 375 376 118 
260 118 376 79 13 
261 31 32 377 368 
262 368 377 378 369 
263 369 378 379 370 
264 370 379 380 371 
265 371 380 381 372 
266 372 381 382 373 
267 373 382 383 374 
268 374 383 384 375 
269 375 384 385 376 
270 376 385 80 79 
271 32 33 386 377 
272 377 386 387 378 
273 378 387 388 379 
274 379 388 389 380 
275 380 389 390 381 
276 381 390 391 382 
277 382 391 392 383 
278 383 392 393 384 
279 384 393 394 385 
280 385 394 81 80 
281 33 34 395 386 
282 386 395 396 387 
283 387 396 397 388 
284 388 397 398 389 
285 389 398 399 390 
286 390 399 400 391 
287 391 400 401 392 
288 392 401 402 393 
289 393 402 403 394 
290 394 403 82 81 
291 34 1 83 395 
292 395 83 84 396 
293 396 84 85 397 
294 397 85 86 398 
295 398 86 87 399 
296 399 87 88 400 
297 400 88 89 401 
298 401 89 90 402 
299 402 90 91 403 
300 403 91 10 82 
2 38 3 25
301 10 67 404 82 
302 82 404 405 81 
303 81 405 406 80 
304 80 406 407 79 
305 79 407 78 13 
306 67 68 408 404 
307 404 408 409 405 
308 405 409 410 406 
309 406 410 411 407 
310 407 411 77 78 
311 68 69 412 408 
312 408 412 413 409 
313 409 413 414 410 
314 410 414 415 411 
315 411 415 76 77 
316 69 70 416 412 
317 412 416 417 413 
318 413 417 418 414 
319 414 418 419 415 
320 415 419 75 76 
321 70 11 71 416 
322 416 71 72 417 
323 417 72 73 418 
324 418 73 74 419 
325 419 74 12 75 
2 47 3 50
326 2 35 420 92 
327 92 420 421 93 
328 93 421 422 94 
329 94 422 423 95 
330 95 423 424 96 
331 96 424 425 97 
332 97 425 426 98 
333 98 426 427 99 
334 99 427 428 100 
335 100 428 119 11 
336 35 36 429 420 
337 420 429 430 421 
338 421 430 431 422 
339 422 431 432 423 
340 423 432 433 424 
341 424 433 434 425 
342 425 434 435 426 
343 426 435 436 427 
344 427 436 437 428 
345 428 437 120 119 
346 36 37 438 429 
347 429 438 439 430 
348 430 439 440 431 
349 431 440 441 432 
350 432 441 442 433 
351 433 442 443 434 
352 434 443 444 435 
353 435 444 445 436 
354 436 445 446 437 
355 437 446 121 120 
356 37 38 447 438 
357 438 447 448 439 
358 439 448 449 440 
359 440 449 450 441 
360 441 450 451 442 
361 442 451 452 443 
362 443 452 453 444 
363 444 453 454 445 
364 445 454 455 446 
365 446 455 122 121 
366 38 5 131 447 
367 447 131 132 448 
368 448 132 133 449 
369 449 133 134 450 
370 450 134 135 451 
371 451 135 136 452 
372 452 136 137 453 
373 453 137 138 454 
374 454 138 139 455 
375 455 139 14 122 
2 51 3 50
376 5 39 456 131 
377 131 456 457 132 
378 132 457 458 133 
379 133 458 459 134 
380 134 459 460 135 
381 135 460 461 136 
382 136 461 462 137 
383 137 462 463 138 
384 138 463 464 139 
385 139 464 123 14 
386 39 40 465 456 
387 456 465 466 457 
388 457 466 467 458 
389 458 467 468 459 
390 459 468 469 460 
391 460 469 470 461 
392 461 470 471 462 
393 462 471 472 463 
394 463 472 473 464 
395 464 473 124 123 
396 40 41 474 465 
397 465 474 475 466 
398 466 475 476 467 
399 467 476 477 468 
400 468 477 478 469 
401 469 478 479 470 
402 470 479 480 471 
403 471 480 481 472 
404 472 481 482 473 
405 473 482 125 124 
406 41 42 483 474 
407 474 483 484 475 
408 475 484 485 476 
409 476 485 486 477 
410 477 486 487 478 
411 478 487 488 479 
412 479 488 489 480 
413 480 489 490 481 
414 481 490 491 482 
415 482 491 126 125 
416 42 6 140 483 
417 483 140 141 484 
418 484 141 142 485 
419 485 142 143 486 
420 486 143 144 487 
421 487 144 145 488 
422 488 145 146 489 
423 489 146 147 490 
424 490 147 148 491 
425 491 148 15 126 
2 55 3 50
426 6 43 492 140 
427 140 492 493 141 
428 141 493 494 142 
429 142 494 495 143 
430 143 495 496 144 
431 144 496 497 145 
432 145 497 498 146 
433 146 498 499 147 
434 147 499 500 148 
435 148 500 127 15 
436 43 44 501 492 
437 492 501 502 493 
438 493 502 503 494 
439 494 503 504 495 
440 495 504 505 496 
441 496 505 506 497 
442 497 506 507 498 
443 498 507 508 499 
444 499 508 509 500 
445 500 509 128 127 
446 44 45 510 501 
447 501 510 511 502 
448 502 511 512 503 
449 503 512 513 504 
450 504 513 514 505 
451 505 514 515 506 
452 506 515 516 507 
453 507 516 517 508 
454 508 517 518 509 
455 509 518 129 128 
456 45 46 519 510 
457 510 519 520 511 
458 511 520 521 512 
459 512 521 522 513 
460 513 522 523 514 
461 514 523 524 515 
462 515 524 525 516 
463 516 525 526 517 
464 517 526 527 518 
465 518 527 130 129 
466 46 3 101 519 
467 519 101 102 520 
468 520 102 103 521 
469 521 103 104 522 
470 522 104 105 523 
471 523 105 106 524 
472 524 106 107 525 
473 525 107 108 526 
474 526 108 109 527 
475 527 109 12 130 
2 60 3 25
476 11 119 528 71 
477 71 528 529 72 
478 72 529 530 73 
479 73 530 531 74 
480 74 531 130 12 
481 119 120 532 528 
482 528 532 533 529 
483 529 533 534 530 
484 530 534 535 531 
485 531 535 129 130 
486 120 121 536 532 
487 532 536 537 533 
488 533 537 538 534 
489 534 538 539 535 
490 535 539 128 129 
491 121 122 540 536 
492 536 540 541 537 
493 537 541 542 538 
494 538 542 543 539 
495 539 543 127 128 
496 122 14 123 540 
497 540 123 124 541 
498 541 124 125 542 
499 542 125 126 543 
500 543 126 15 127 
2 73 3 50
501 6 47 544 140 
502 140 544 545 141 
503 141 545 546 142 
504 142 546 547 143 
505 143 547 548 144 
506 144 548 549 145 
507 145 549 550 146 
508 146 550 551 147 
509 147 551 552 148 
510 148 552 149 15 
511 47 48 553 544 
512 544 553 554 545 
513 545 554 555 546 
514 546 555 556 547 
515 547 556 557 548 
516 548 557 558 549 
517 549 558 559 550 
518 550 559 560 551 
519 551 560 561 552 
520 552 561 150 149 
521 48 49 562 553 
522 553 562 563 554 
523 554 563 564 555 
524 555 564 565 556 
525 556 565 566 557 
526 557 566 567 558 
527 558 567 568 559 
528 559 568 569 560 
529 560 569 570 561 
530 561 570 151 150 
531 49 50 571 562 
532 562 571 572 563 
533 563 572 573 564 
534 564 573 574 565 
535 565 574 575 566 
536 566 575 576 567 
537 567 576 577 568 
538 568 577 578 569 
539 569 578 579 570 
540 570 579 152 151 
541 50 7 161 571 
542 571 161 162 572 
543 572 162 163 573 
544 573 163 164 574 
545 574 164 165 575 
546 575 165 166 576 
547 576 166 167 577 
548 577 167 168 578 
549 578 168 169 579 
550 579 169 16 152 
2 77 3 50
551 7 51 580 161 
552 161 580 581 162 
553 162 581 582 163 
554 163 582 583 164 
555 164 583 584 165 
556 165 584 585 166 
557 166 585 586 167 
558 167 586 587 168 
559 168 587 588 169 
560 169 588 153 16 
561 51 52 589 580 
562 580 589 590 581 
563 581 590 591 582 
564 582 591 592 583 
565 583 592 593 584 
566 584 593 594 585 
567 585 594 595 586 
568 586 595 596 587 
569 587 596 597 588 
570 588 597 154 153 
571 52 53 598 589 
572 589 598 599 590 
573 590 599 600 591 
574 591 600 601 592 
575 592 601 602 593 
576 593 602 603 594 
577 594 603 604 595 
578 595 604 605 596 
579 596 605 606 597 
580 597 606 155 154 
581 53 54 607 598 
582 598 607 608 599 
583 599 608 609 600 
584 600 609 610 601 
585 601 610 611 602 
586 602 611 612 603 
587 603 612 613 604 
588 604 613 614 605 
589 605 614 615 606 
590 606 615 156 155 
591 54 8 170 607 
592 607 170 171 608 
593 608 171 172 609 
594 609 172 173 610 
595 610 173 174 611 
596 611 174 175 612 
597 612 175 176 613 
598 613 176 177 614 
599 614 177 178 615 
600 615 178 17 156 
2 81 3 50
601 8 55 616 170 
602 170 616 617 171 
603 171 617 618 172 
604 172 618 619 173 
605 173 619 620 174 
606 174 620 621 175 
607 175 621 622 176 
608 176 622 623 177 
609 177 623 624 178 
610 178 624 157 17 
611 55 56 625 616 
612 616 625 626 617 
613 617 626 627 618 
614 618 627 628 619 
615 619 628 629 620 
616 620 629 630 621 
617 621 630 631 622 
618 622 631 632 623 
619 623 632 633 624 
620 624 633 158 157 
621 56 57 634 625 
622 625 634 635 626 
623 626 635 636 627 
624 627 636 637 628 
625 628 637 638 629 
626 629 638 639 630 
627 630 639 640 631 
628 631 640 641 632 
629 632 641 642 633 
630 633 642 159 158 
631 57 58 643 634 
632 634 643 644 635 
633 635 644 645 636 
634 636 645 646 637 
635 637 646 647 638 
636 638 647 648 639 
637 639 648 649 640 
638 640 649 650 641 
639 641 650 651 642 
640 642 651 160 159 
641 58 3 101 643 
642 643 101 102 644 
643 644 102 103 645 
644 645 103 104 646 
645 646 104 105 647 
646 647 105 106 648 
647 648 106 107 649 
648 649 107 108 650 
649 650 108 109 651 
650 651 109 12 160 
2 82 3 25
651 15 149 652 127 
652 149 150 653 652 
653 150 151 654 653 
654 151 152 655 654 
655 152 16 153 655 
656 127 652 656 128 
657 652 653 657 656 
658 653 654 658 657 
659 654 655 659 658 
660 655 153 154 659 
661 128 656 660 129 
662 656 657 661 660 
663 657 658 662 661 
664 658 659 663 662 
665 659 154 155 663 
666 129 660 664 130 
667 660 661 665 664 
668 661 662 666 665 
669 662 663 667 666 
670 663 155 156 667 
671 130 664 160 12 
672 664 665 159 160 
673 665 666 158 159 
674 666 667 157 158 
675 667 156 17 157 
2 99 3 50
676 8 59 668 170 
677 170 668 669 171 
678 171 669 670 172 
679 172 670 671 173 
680 173 671 672 174 
681 174 672 673 175 
682 175 673 674 176 
683 176 674 675 177 
684 177 675 676 178 
685 178 676 179 17 
686 59 60 677 668 
687 668 677 678 669 
688 669 678 679 670 
689 670 679 680 671 
690 671 680 681 672 
691 672 681 682 673 
692 673 682 683 674 
693 674 683 684 675 
694 675 684 685 676 
695 676 685 180 179 
696 60 61 686 677 
697 677 686 687 678 
698 678 687 688 679 
699 679 688 689 680 
700 680 689 690 681 
701 681 690 691 682 
702 682 691 692 683 
703 683 692 693 684 
704 684 693 694 685 
705 685 694 181 180 
706 61 62 695 686 
707 686 695 696 687 
708 687 696 697 688 
709 688 697 698 689 
710 689 698 699 690 
711 690 699 700 691 
712 691 700 701 692 
713 692 701 702 693 
714 693 702 703 694 
715 694 703 182 181 
716 62 9 187 695 
717 695 187 188 696 
718 696 188 189 697 
719 697 189 190 698 
720 698 190 191 699 
721 699 191 192 700 
722 700 192 193 701 
723 701 193 194 702 
724 702 194 195 703 
725 703 195 18 182 
2 103 3 50
726 9 63 704 187 
727 187 704 705 188 
728 188 705 706 189 
729 189 706 707 190 
730 190 707 708 191 
731 191 708 709 192 
732 192 709 710 193 
733 193 710 711 194 
734 194 711 712 195 
735 195 712 183 18 
736 63 64 713 704 
737 704 713 714 705 
738 705 714 715 706 
739 706 715 716 707 
740 707 716 717 708 
741 708 717 718 709 
742 709 718 719 710 
743 710 719 720 711 
744 711 720 721 712 
745 712 721 184 183 
746 64 65 722 713 
747 713 722 723 714 
748 714 723 724 715 
749 715 724 725 716 
750 716 725 726 717 
751 717 726 727 718 
752 718 727 728 719 
753 719 728 729 720 
754 720 729 730 721 
755 721 730 185 184 
756 65 66 731 722 
757 722 731 732 723 
758 723 732 733 724 
759 724 733 734 725 
760 725 734 735 726 
761 726 735 736 727 
762 727 736 737 728 
763 728 737 738 729 
764 729 738 739 730 
765 730 739 186 185 
766 66 4 110 731 
767 731 110 111 732 
768 732 111 112 733 
769 733 112 113 734 
770 734 113 114 735 
771 735 114 115 736 
772 736 115 116 737 
773 737 116 117 738 
774 738 117 118 739 
775 739 118 13 186 
2 104 3 25
776 12 160 740 75 
777 160 159 741 740 
778 159 158 742 741 
779 158 157 743 742 
780 157 17 179 743 
781 75 740 744 76 
782 740 741 745 744 
783 741 742 746 745 
784 742 743 747 746 
785 743 179 180 747 
786 76 744 748 77 
787 744 745 749 748 
788 745 746 750 749 
789 746 747 751 750 
790 747 180 181 751 
791 77 748 752 78 
792 748 749 753 752 
793 749 750 754 753 
794 750 751 755 754 
795 751 181 182 755 
796 78 752 186 13 
797 752 753 185 186 
798 753 754 184 185 
799 754 755 183 184 
800 755 182 18 183 
3 1 5 250
801 1 19 196 34 83 260 756 395 
802 83 260 756 395 84 261 757 396 
803 84 261 757 396 85 262 758 397 
804 85 262 758 397 86 263 759 398 
805 86 263 759 398 87 264 760 399 
806 87 264 760 399 88 265 761 400 
807 88 265 761 400 89 266 762 401 
808 89 266 762 401 90 267 763 402 
809 90 267 763 402 91 268 764 403 
810 91 268 764 403 10 67 404 82 
811 34 196 197 33 395 756 765 386 
812 395 756 765 386 396 757 766 387 
813 396 757 766 387 397 758 767 388 
814 397 758 767 388 398 759 768 389 
815 398 759 768 389 399 760 769 390 
816 399 760 769 390 400 761 770 391 
817 400 761 770 391 401 762 771 392 
818 401 762 771 392 402 763 772 393 
819 402 763 772 393 403 764 773 394 
820 403 764 773 394 82 404 405 81 
821 33 197 198 32 386 765 774 377 
822 386 765 774 377 387 766 775 378 
823 387 766 775 378 388 767 776 379 
824 388 767 776 379 389 768 777 380 
825 389 768 777 380 390 769 778 381 
826 390 769 778 381 391 770 779 382 
827 391 770 779 382 392 771 780 383 
828 392 771 780 383 393 772 781 384 
829 393 772 781 384 394 773 782 385 
830 394 773 782 385 81 405 406 80 
831 32 198 199 31 377 774 783 368 
832 377 774 783 368 378 775 784 369 
833 378 775 784 369 379 776 785 370 
834 379 776 785 370 380 777 786 371 
835 380 777 786 371 381 778 787 372 
836 381 778 787 372 382 779 788 373 
837 382 779 788 373 383 780 789 374 
838 383 780 789 374 384 781 790 375 
839 384 781 790 375 385 782 791 376 
840 385 782 791 376 80 406 407 79 
841 31 199 30 4 368 783 359 110 
842 368 783 359 110 369 784 360 111 
843 369 784 360 111 370 785 361 112 
844 370 785 361 112 371 786 362 113 
845 371 786 362 113 372 787 363 114 
846 372 787 363 114 373 788 364 115 
847 373 788 364 115 374 789 365 116 
848 374 789 365 116 375 790 366 117 
849 375 790 366 117 376 791 367 118 
850 376 791 367 118 79 407 78 13 
851 19 20 200 196 260 269 792 756 
852 260 269 792 756 261 270 793 757 
853 261 270 793 757 262 271 794 758 
854 262 271 794 758 263 272 795 759 
855 263 272 795 759 264 273 796 760 
856 264 273 796 760 265 274 797 761 
857 265 274 797 761 266 275 798 762 
858 266 275 798 762 267 276 799 763 
859 267 276 799 763 268 277 800 764 
860 268 277 800 764 67 68 408 404 
861 196 200 201 197 756 792 801 765 
862 756 792 801 765 757 793 802 766 
863 757 793 802 766 758 794 803 767 
864 758 794 803 767 759 795 804 768 
865 759 795 804 768 760 796 805 769 
866 760 796 805 769 761 797 806 770 
867 761 797 806 770 762 798 807 771 
868 762 798 807 771 763 799 808 772 
869 763 799 808 772 764 800 809 773 
870 764 800 809 773 404 408 409 405 
871 197 201 202 198 765 801 810 774 
872 765 801 810 774 766 802 811 775 
873 766 802 811 775 767 803 812 776 
874 767 803 812 776 768 804 813 777 
875 768 804 813 777 769 805 814 778 
876 769 805 814 778 770 806 815 779 
877 770 806 815 779 771 807 816 780 
878 771 807 816 780 772 808 817 781 
879 772 808 817 781 773 809 818 782 
880 773 809 818 782 405 409 410 406 
881 198 202 203 199 774 810 819 783 
882 774 810 819 783 775 811 820 784 
883 775 811 820 784 776 812 821 785 
884 776 812 821 785 777 813 822 786 
885 777 813 822 786 778 814 823 787 
886 778 814 823 787 779 815 824 788 
887 779 815 824 788 780 816 825 789 
888 780 816 825 789 781 817 826 790 
889 781 817 826 790 782 818 827 791 
890 782 818 827 791 406 410 411 407 
891 199 203 29 30 783 819 350 359 
892 783 819 350 359 784 820 351 360 
893 784 820 351 360 785 821 352 361 
894 785 821 352 361 786 822 353 362 
895 786 822 353 362 787 823 354 363 
896 787 823 354 363 788 824 355 364 
897 788 824 355 364 789 825 356 365 
898 789 825 356 365 790 826 357 366 
899 790 826 357 366 791 827 358 367 
900 791 827 358 367 407 411 77 78 
901 20 21 204 200 269 278 828 792 
902 269 278 828 792 270 279 829 793 
903 270 279 829 793 271 280 830 794 
904 271 280 830 794 272 281 831 795 
905 272 281 831 795 273 282 832 796 
906 273 282 832 796 274 283 833 797 
907 274 283 833 797 275 284 834 798 
908 275 284 834 798 276 285 835 799 
909 276 285 835 799 277 286 836 800 
910 277 286 836 800 68 69 412 408 
911 200 204 205 201 792 828 837 801 
912 792 828 837 801 793 829 838 802 
913 793 829 838 802 794 830 839 803 
914 794 830 839 803 795 831 840 804 
915 795 831 840 804 796 832 841 805 
916 796 832 841 805 797 833 842 806 
917 797 833 842 806 798 834 843 807 
918 798 834 843 807 799 835 844 808 
919 799 835 844 808 800 836 845 809 
920 800 836 845 809 408 412 413 409 
921 201 205 206 202 801 837 846 810 
922 801 837 846 810 802 838 847 811 
923 802 838 847 811 803 839 848 812 
924 803 839 848 812 804 840 849 813 
925 804 840 849 813 805 841 850 814 
926 805 841 850 814 806 842 851 815 
927 806 842 851 815 807 843 852 816 
928 807 843 852 816 808 844 853 817 
929 808 844 853 817 809 845 854 818 
930 809 845 854 818 409 413 414 410 
931 202 206 207 203 810 846 855 819 
932 810 846 855 819 811 847 856 820 
933 811 847 856 820 812 848 857 821 
934 812 848 857 821 813 849 858 822 
935 813 849 858 822 814 850 859 823 
936 814 850 859 823 815 851 860 824 
937 815 851 860 824 816 852 861 825 
938 816 852 861 825 817 853 862 826 
939 817 853 862 826 818 854 863 827 
940 818 854 863 827 410 414 415 411 
941 203 207 28 29 819 855 341 350 
942 819 855 341 350 820 856 342 351 
943 820 856 342 351 821 857 343 352 
944 821 857 343 352 822 858 344 353 
945 822 858 344 353 823 859 345 354 
946 823 859 345 354 824 860 346 355 
947 824 860 346 355 825 861 347 356 
948 825 861 347 356 826 862 348 357 
949 826 862 348 357 827 863 349 358 
950 827 863 349 358 411 415 76 77 
951 21 22 208 204 278 287 864 828 
952 278 287 864 828 279 288 865 829 
953 279 288 865 829 280 289 866 830 
954 280 289 866 830 281 290 867 831 
955 281 290 867 831 282 291 868 832 
956 282 291 868 832 283 292 869 833 
957 283 292 869 833 284 293 870 834 
958 284 293 870 834 285 294 871 835 
959 285 294 871 835 286 295 872 836 
960 286 295 872 836 69 70 416 412 
961 204 208 209 205 828 864 873 837 
962 828 864 873 837 829 865 874 838 
963 829 865 874 838 830 866 875 839 
964 830 866 875 839 831 867 876 840 
965 831 867 876 840 832 868 877 841 
966 832 868 877 841 833 869 878 842 
967 833 869 878 842 834 870 879 843 
968 834 870 879 843 835 871 880 844 
969 835 871 880 844 836 872 881 845 
970 836 872 881 845 412 416 417 413 
971 205 209 210 206 837 873 882 846 
972 837 873 882 846 838 874 883 847 
973 838 874 883 847 839 875 884 848 
974 839 875 884 848 840 876 885 849 
975 840 876 885 849 841 877 886 850 
976 841 877 886 850 842 878 887 851 
977 842 878 887 851 843 879 888 852 
978 843 879 888 852 844 880 889 853 
979 844 880 889 853 845 881 890 854 
980 845 881 890 854 413 417 418 414 
981 206 210 211 207 846 882 891 855 
982 846 882 891 855 847 883 892 856 
983 847 883 892 856 848 884 893 857 
984 848 884 893 857 849 885 894 858 
985 849 885 894 858 850 886 895 859 
986 850 886 895 859 851 887 896 860 
987 851 887 896 860 852 888 897 861 
988 852 888 897 861 853 889 898 862 
989 853 889 898 862 854 890 899 863 
990 854 890 899 863 414 418 419 415 
991 207 211 27 28 855 891 332 341 
992 855 891 332 341 856 892 333 342 
993 856 892 333 342 857 893 334 343 
994 857 893 334 343 858 894 335 344 
995 858 894 335 344 859 895 336 345 
996 859 895 336 345 860 896 337 346 
997 860 896 337 346 861 897 338 347 
998 861 897 338 347 862 898 339 348 
999 862 898 339 348 863 899 340 349 
1000 863 899 340 349 415 419 75 76 
1001 22 2 23 208 287 92 296 864 
1002 287 92 296 864 288 93 297 865 
1003 288 93 297 865 289 94 298 866 
1004 289 94 298 866 290 95 299 867 
1005 290 95 299 867 291 96 300 868 
1006 291 96 300 868 292 97 301 869 
1007 292 97 301 869 293 98 302 870 
1008 293 98 302 870 294 99 303 871 
1009 294 99 303 871 295 100 304 872 
1010 295 100 304 872 70 11 71 416 
1011 208 23 24 209 864 296 305 873 
1012 864 296 305 873 865 297 306 874 
1013 865 297 306 874 866 298 307 875 
1014 866 298 307 875 867 299 308 876 
1015 867 299 308 876 868 300 309 877 
1016 868 300 309 877 869 301 310 878 
1017 869 301 310 878 870 302 311 879 
1018 870 302 311 879 871 303 312 880 
1019 871 303 312 880 872 304 313 881 
1020 872 304 313 881 416 71 72 417 
1021 209 24 25 210 873 305 314 882 
1022 873 305 314 882 874 306 315 883 
1023 874 306 315 883 875 307 316 884 
1024 875 307 316 884 876 308 317 885 
1025 876 308 317 885 877 309 318 886 
1026 877 309 318 886 878 310 319 887 
1027 878 310 319 887 879 311 320 888 
1028 879 311 320 888 880 312 321 889 
1029 880 312 321 889 881 313 322 890 
1030 881 313 322 890 417 72 73 418 
1031 210 25 26 211 882 314 323 891 
1032 882 314 323 891 883 315 324 892 
1033 883 315 324 892 884 316 325 893 
1034 884 316 325 893 885 317 326 894 
1035 885 317 326 894 886 318 327 895 
1036 886 318 327 895 887 319 328 896 
1037 887 319 328 896 888 320 329 897 
1038 888 320 329 897 889 321 330 898 
1039 889 321 330 898 890 322 331 899 
1040 890 322 331 899 418 73 74 419 
1041 211 26 3 27 891 323 101 332 
1042 891 323 101 332 892 324 102 333 
1043 892 324 102 333 893 325 103 334 
1044 893 325 103 334 894 326 104 335 
1045 894 326 104 335 895 327 105 336 
1046 895 327 105 336 896 328 106 337 
1047 896 328 106 337 897 329 107 338 
1048 897 329 107 338 898 330 108 339 
1049 898 330 108 339 899 331 109 340 
1050 899 331 109 340 419 74 12 75 
3 2 5 250
1051 2 35 212 23 92 420 900 296 
1052 92 420 900 296 93 421 901 297 
1053 93 421 901 297 94 422 902 298 
1054 94 422 902 298 95 423 903 299 
1055 95 423 903 299 96 424 904 300 
1056 96 424 904 300 97 425 905 301 
1057 97 425 905 301 98 426 906 302 
1058 98 426 906 302 99 427 907 303 
1059 99 427 907 303 100 428 908 304 
1060 100 428 908 304 11 119 528 71 
1061 23 212 213 24 296 900 909 305 
1062 296 900 909 305 297 901 910 306 
1063 297 901 910 306 298 902 911 307 
1064 298 902 911 307 299 903 912 308 
1065 299 903 912 308 300 904 913 309 
1066 300 904 913 309 301 905 914 310 
1067 301 905 914 310 302 906 915 311 
1068 302 906 915 311 303 907 916 312 
1069 303 907 916 312 304 908 917 313 
1070 304 908 917 313 71 528 529 72 
1071 24 213 214 25 305 909 918 314 
1072 305 909 918 314 306 910 919 315 
1073 306 910 919 315 307 911 920 316 
1074 307 911 920 316 308 912 921 317 
1075 308 912 921 317 309 913 922 318 
1076 309 913 922 318 310 914 923 319 
1077 310 914 923 319 311 915 924 320 
1078 311 915 924 320 312 916 925 321 
1079 312 916 925 321 313 917 926 322 
1080 313 917 926 322 72 529 530 73 
1081 25 214 215 26 314 918 927 323 
1082 314 918 927 323 315 919 928 324 
1083 315 919 928 324 316 920 929 325 
1084 316 920 929 325 317 921 930 326 
1085 317 921 930 326 318 922 931 327 
1086 318 922 931 327 319 923 932 328 
1087 319 923 932 328 320 924 933 329 
1088 320 924 933 329 321 925 934 330 
1089 321 925 934 330 322 926 935 331 
1090 322 926 935 331 73 530 531 74 
1091 26 215 46 3 323 927 519 101 
1092 323 927 519 101 324 928 520 102 
1093 324 928 520 102 325 929 521 103 
1094 325 929 521 103 326 930 522 104 
1095 326 930 522 104 327 931 523 105 
1096 327 931 523 105 328 932 524 106 
1097 328 932 524 106 329 933 525 107 
1098 329 933 525 107 330 934 526 108 
1099 330 934 526 108 331 935 527 109 
1100 331 935 527 109 74 531 130 12 
1101 35 36 216 212 420 429 936 900 
1102 420 429 936 900 421 430 937 901 
1103 421 430 937 901 422 431 938 902 
1104 422 431 938 902 423 432 939 903 
1105 423 432 939 903 424 433 940 904 
1106 424 433 940 904 425 434 941 905 
1107 425 434 941 905 426 435 942 906 
1108 426 435 942 906 427 436 943 907 
1109 427 436 943 907 428 437 944 908 
1110 428 437 944 908 119 120 532 528 
1111 212 216 217 213 900 936 945 909 
1112 900 936 945 909 901 937 946 910 
1113 901 937 946 910 902 938 947 911 
1114 902 938 947 911 903 939 948 912 
1115 903 939 948 912 904 940 949 913 
1116 904 940 949 913 905 941 950 914 
1117 905 941 950 914 906 942 951 915 
1118 906 942 951 915 907 943 952 916 
1119 907 943 952 916 908 944 953 917 
1120 908 944 953 917 528 532 533 529 
1121 213 217 218 214 909 945 954 918 
1122 909 945 954 918 910 946 955 919 
1123 910 946 955 919 911 947 956 920 
1124 911 947 956 920 912 948 957 921 
1125 912 948 957 921 913 949 958 922 
1126 913 949 958 922 914 950 959 923 
1127 914 950 959 923 915 951 960 924 
1128 915 951 960 924 916 952 961 925 
1129 916 952 961 925 917 953 962 926 
1130 917 953 962 926 529 533 534 530 
1131 214 218 219 215 918 954 963 927 
1132 918 954 963 927 919 955 964 928 
1133 919 955 964 928 920 956 965 929 
1134 920 956 965 929 921 957 966 930 
1135 921 957 966 930 922 958 967 931 
1136 922 958 967 931 923 959 968 932 
1137 923 959 968 932 924 960 969 933 
1138 924 960 969 933 925 961 970 934 
1139 925 961 970 934 926 962 971 935 
1140 926 962 971 935 530 534 535 531 
1141 215 219 45 46 927 963 510 519 
1142 927 963 510 519 928 964 511 520 
1143 928 964 511 520 929 965 512 521 
1144 929 965 512 521 930 966 513 522 
1145 930 966 513 522 931 967 514 523 
1146 931 967 514 523 932 968 515 524 
1147 932 968 515 524 933 969 516 525 
1148 933 969 516 525 934 970 517 526 
1149 934 970 517 526 935 971 518 527 
1150 935 971 518 527 531 535 129 130 
1151 36 37 220 216 429 438 972 936 
1152 429 438 972 936 430 439 973 937 
1153 430 439 973 937 431 440 974 938 
1154 431 440 974 938 432 441 975 939 
1155 432 441 975 939 433 442 976 940 
1156 433 442 976 940 434 443 977 941 
1157 434 443 977 941 435 444 978 942 
1158 435 444 978 942 436 445 979 943 
1159 436 445 979 943 437 446 980 944 
1160 437 446 980 944 120 121 536 532 
1161 216 220 221 217 936 972 981 945 
1162 936 972 981 945 937 973 982 946 
1163 937 973 982 946 938 974 983 947 
1164 938 974 983 947 939 975 984 948 
1165 939 975 984 948 940 976 985 949 
1166 940 976 985 949 941 977 986 950 
1167 941 977 986 950 942 978 987 951 
1168 942 978 987 951 943 979 988 952 
1169 943 979 988 952 944 980 989 953 
1170 944 980 989 953 532 536 537 533 
1171 217 221 222 218 945 981 990 954 
1172 945 981 990 954 946 982 991 955 
1173 946 982 991 955 947 983 992 956 
1174 947 983 992 956 948 984 993 957 
1175 948 984 993 957 949 985 994 958 
1176 949 985 994 958 950 986 995 959 
1177 950 986 995 959 951 987 996 960 
1178 951 987 996 960 952 988 997 961 
1179 952 988 997 961 953 989 998 962 
1180 953 989 998 962 533 537 538 534 
1181 218 222 223 219 954 990 999 963 
1182 954 990 999 963 955 991 1000 964 
1183 955 991 1000 964 956 992 1001 965 
1184 956 992 1001 965 957 993 1002 966 
1185 957 993 1002 966 958 994 1003 967 
1186 958 994 1003 967 959 995 1004 968 
1187 959 995 1004 968 960 996 1005 969 
1188 960 996 1005 969 961 997 1006 970 
1189 961 997 1006 970 962 998 1007 971 
1190 962 998 1007 971 534 538 539 535 
1191 219 223 44 45 963 999 501 510 
1192 963 999 501 510 964 1000 502 511 
1193 964 1000 502 511 965 1001 503 512 
1194 965 1001 503 512 966 1002 504 513 
1195 966 1002 504 513 967 1003 505 514 
1196 967 1003 505 514 968 1004 506 515 
1197 968 1004 506 515 969 1005 507 516 
1198 969 1005 507 516 970 1006 508 517 
1199 970 1006 508 517 971 1007 509 518 
1200 971 1007 509 518 535 539 128 129 
1201 37 38 224 220 438 447 1008 972 
1202 438 447 1008 972 439 448 1009 973 
1203 439 448 1009 973 440 449 1010 974 
1204 440 449 1010 974 441 450 1011 975 
1205 441 450 1011 975 442 451 1012 976 
1206 442 451 1012 976 443 452 1013 977 
1207 443 452 1013 977 444 453 1014 978 
1208 444 453 1014 978 445 454 1015 979 
1209 445 454 1015 979 446 455 1016 980 
1210 446 455 1016 980 121 122 540 536 
1211 220 224 225 221 972 1008 1017 981 
1212 972 1008 1017 981 973 1009 1018 982 
1213 973 1009 1018 982 974 1010 1019 983 
1214 974 1010 1019 983 975 1011 1020 984 
1215 975 1011 1020 984 976 1012 1021 985 
1216 976 1012 1021 985 977 1013 1022 986 
1217 977 1013 1022 986 978 1014 1023 987 
1218 978 1014 1023 987 979 1015 1024 988 
1219 979 1015 1024 988 980 1016 1025 989 
1220 980 1016 1025 989 536 540 541 537 
1221 221 225 226 222 981 1017 1026 990 
1222 981 1017 1026 990 982 1018 1027 991 
1223 982 1018 1027 991 983 1019 1028 992 
1224 983 1019 1028 992 984 1020 1029 993 
1225 984 1020 1029 993 985 1021 1030 994 
1226 985 1021 1030 994 986 1022 1031 995 
1227 986 1022 1031 995 987 1023 1032 996 
1228 987 1023 1032 996 988 1024 1033 997 
1229 988 1024 1033 997 989 1025 1034 998 
1230 989 1025 1034 998 537 541 542 538 
1231 222 226 227 223 990 1026 1035 999 
1232 990 1026 1035 999 991 1027 1036 1000 
1233 991 1027 1036 1000 992 1028 1037 1001 
1234 992 1028 1037 1001 993 1029 1038 1002 
1235 993 1029 1038 1002 994 1030 1039 1003 
1236 994 1030 1039 1003 995 1031 1040 1004 
1237 995 1031 1040 1004 996 1032 1041 1005 
1238 996 1032 1041 1005 997 1033 1042 1006 
1239 997 1033 1042 1006 998 1034 1043 1007 
1240 998 1034 1043 1007 538 542 543 539 
1241 223 227 43 44 999 1035 492 501 
1242 999 1035 492 501 1000 1036 493 502 
1243 1000 1036 493 502 1001 1037 494 503 
1244 1001 1037 494 503 1002 1038 495 504 
1245 1002 1038 495 504 1003 1039 496 505 
1246 1003 1039 496 505 1004 1040 497 506 
1247 1004 1040 497 506 1005 1041 498 507 
1248 1005 1041 498 507 1006 1042 499 508 
1249 1006 1042 499 508 1007 1043 500 509 
1250 1007 1043 500 509 539 543 127 128 
1251 38 5 39 224 447 131 456 1008 
1252 447 131 456 1008 448 132 457 1009 
1253 448 132 457 1009 449 133 458 1010 
1254 449 133 458 1010 450 134 459 1011 
1255 450 134 459 1011 451 135 460 1012 
1256 451 135 460 1012 452 136 461 1013 
1257 452 136 461 1013 453 137 462 1014 
1258 453 137 462 1014 454 138 463 1015 
1259 454 138 463 1015 455 139 464 1016 
1260 455 139 464 1016 122 14 123 540 
1261 224 39 40 225 1008 456 465 1017 
1262 1008 456 465 1017 1009 457 466 1018 
1263 1009 457 466 1018 1010 458 467 1019 
1264 1010 458 467 1019 1011 459 468 1020 
1265 1011 459 468 1020 1012 460 469 1021 
1266 1012 460 469 1021 1013 461 470 1022 
1267 1013 461 470 1022 1014 462 471 1023 
1268 1014 462 471 1023 1015 463 472 1024 
1269 1015 463 472 1024 1016 464 473 1025 
1270 1016 464 473 1025 540 123 124 541 
1271 225 40 41 226 1017 465 474 1026 
1272 1017 465 474 1026 1018 466 475 1027 
1273 1018 466 475 1027 1019 467 476 1028 
1274 1019 467 476 1028 1020 468 477 1029 
1275 1020 468 477 1029 1021 469 478 1030 
1276 1021 469 478 1030 1022 470 479 1031 
1277 1022 470 479 1031 1023 471 480 1032 
1278 1023 471 480 1032 1024 472 481 1033 
1279 1024 472 481 1033 1025 473 482 1034 
1280 1025 473 482 1034 541 124 125 542 
1281 226 41 42 227 1026 474 483 1035 
1282 1026 474 483 1035 1027 475 484 1036 
1283 1027 475 484 1036 1028 476 485 1037 
1284 1028 476 485 1037 1029 477 486 1038 
1285 1029 477 486 1038 1030 478 487 1039 
1286 1030 478 487 1039 1031 479 488 1040 
1287 1031 479 488 1040 1032 480 489 1041 
1288 1032 480 489 1041 1033 481 490 1042 
1289 1033 481 490 1042 1034 482 491 1043 
1290 1034 482 491 1043 542 125 126 543 
1291 227 42 6 43 1035 483 140 492 
1292 1035 483 140 492 1036 484 141 493 
1293 1036 484 141 493 1037 485 142 494 
1294 1037 485 142 494 1038 486 143 495 
1295 1038 486 143 495 1039 487 144 496 
1296 1039 487 144 496 1040 488 145 497 
1297 1040 488 145 497 1041 489 146 498 
1298 1041 489 146 498 1042 490 147 499 
1299 1042 490 147 499 1043 491 148 500 
1300 1043 491 148 500 543 126 15 127 
3 3 5 250
1301 228 43 6 47 1044 492 140 544 
1302 1044 492 140 544 1045 493 141 545 
1303 1045 493 141 545 1046 494 142 546 
1304 1046 494 142 546 1047 495 143 547 
1305 1047 495 143 547 1048 496 144 548 
1306 1048 496 144 548 1049 497 145 549 
1307 1049 497 145 549 1050 498 146 550 
1308 1050 498 146 550 1051 499 147 551 
1309 1051 499 147 551 1052 500 148 552 
1310 1052 500 148 552 652 127 15 149 
1311 229 228 47 48 1053 1044 544 553 
1312 1053 1044 544 553 1054 1045 545 554 
1313 1054 1045 545 554 1055 1046 546 555 
1314 1055 1046 546 555 1056 1047 547 556 
1315 1056 1047 547 556 1057 1048 548 557 
1316 1057 1048 548 557 1058 1049 549 558 
1317 1058 1049 549 558 1059 1050 550 559 
1318 1059 1050 550 559 1060 1051 551 560 
1319 1060 1051 551 560 1061 1052 552 561 
1320 1061 1052 552 561 653 652 149 150 
1321 230 229 48 49 1062 1053 553 562 
1322 1062 1053 553 562 1063 1054 554 563 
1323 1063 1054 554 563 1064 1055 555 564 
1324 1064 1055 555 564 1065 1056 556 565 
1325 1065 1056 556 565 1066 1057 557 566 
1326 1066 1057 557 566 1067 1058 558 567 
1327 1067 1058 558 567 1068 1059 559 568 
1328 1068 1059 559 568 1069 1060 560 569 
1329 1069 1060 560 569 1070 1061 561 570 
1330 1070 1061 561 570 654 653 150 151 
1331 231 230 49 50 1071 1062 562 571 
1332 1071 1062 562 571 1072 1063 563 572 
1333 1072 1063 563 572 1073 1064 564 573 
1334 1073 1064 564 573 1074 1065 565 574 
1335 1074 1065 565 574 1075 1066 566 575 
1336 1075 1066 566 575 1076 1067 567 576 
1337 1076 1067 567 576 1077 1068 568 577 
1338 1077 1068 568 577 1078 1069 569 578 
1339 1078 1069 569 578 1079 1070 570 579 
1340 1079 1070 570 579 655 654 151 152 
1341 51 231 50 7 580 1071 571 161 
1342 580 1071 571 161 581 1072 572 162 
1343 581 1072 572 162 582 1073 573 163 
1344 582 1073 573 163 583 1074 574 164 
1345 583 1074 574 164 584 1075 575 165 
1346 584 1075 575 165 585 1076 576 166 
1347 585 1076 576 166 586 1077 577 167 
1348 586 1077 577 167 587 1078 578 168 
1349 587 1078 578 168 588 1079 579 169 
1350 588 1079 579 169 153 655 152 16 
1351 232 44 43 228 1080 501 492 1044 
1352 1080 501 492 1044 1081 502 493 1045 
1353 1081 502 493 1045 1082 503 494 1046 
1354 1082 503 494 1046 1083 504 495 1047 
1355 1083 504 495 1047 1084 505 496 1048 
1356 1084 505 496 1048 1085 506 497 1049 
1357 1085 506 497 1049 1086 507 498 1050 
1358 1086 507 498 1050 1087 508 499 1051 
1359 1087 508 499 1051 1088 509 500 1052 
1360 1088 509 500 1052 656 128 127 652 
1361 233 232 228 229 1089 1080 1044 1053 
1362 1089 1080 1044 1053 1090 1081 1045 1054 
1363 1090 1081 1045 1054 1091 1082 1046 1055 
1364 1091 1082 1046 1055 1092 1083 1047 1056 
1365 1092 1083 1047 1056 1093 1084 1048 1057 
1366 1093 1084 1048 1057 1094 1085 1049 1058 
1367 1094 1085 1049 1058 1095 1086 1050 1059 
1368 1095 1086 1050 1059 1096 1087 1051 1060 
1369 1096 1087 1051 1060 1097 1088 1052 1061 
1370 1097 1088 1052 1061 657 656 652 653 
1371 234 233 229 230 1098 1089 1053 1062 
1372 1098 1089 1053 1062 1099 1090 1054 1063 
1373 1099 1090 1054 1063 1100 1091 1055 1064 
1374 1100 1091 1055 1064 1101 1092 1056 1065 
1375 1101 1092 1056 1065 1102 1093 1057 1066 
1376 1102 1093 1057 1066 1103 1094 1058 1067 
1377 1103 1094 1058 1067 1104 1095 1059 1068 
1378 1104 1095 1059 1068 1105 1096 1060 1069 
1379 1105 1096 1060 1069 1106 1097 1061 1070 
1380 1106 1097 1061 1070 658 657 653 654 
1381 235 234 230 231 1107 1098 1062 1071 
1382 1107 1098 1062 1071 1108 1099 1063 1072 
1383 1108 1099 1063 1072 1109 1100 1064 1073 
1384 1109 1100 1064 1073 1110 1101 1065 1074 
1385 1110 1101 1065 1074 1111 1102 1066 1075 
1386 1111 1102 1066 1075 1112 1103 1067 1076 
1387 1112 1103 1067 1076 1113 1104 1068 1077 
1388 1113 1104 1068 1077 1114 1105 1069 1078 
1389 1114 1105 1069 1078 1115 1106 1070 1079 
1390 1115 1106 1070 1079 659 658 654 655 
1391 52 235 231 51 589 1107 1071 580 
1392 589 1107 1071 580 590 1108 1072 581 
1393 590 1108 1072 581 591 1109 1073 582 
1394 591 1109 1073 582 592 1110 1074 583 
1395 592 1110 1074 583 593 1111 1075 584 
1396 593 1111 1075 584 594 1112 1076 585 
1397 594 1112 1076 585 595 1113 1077 586 
1398 595 1113 1077 586 596 1114 1078 587 
1399 596 1114 1078 587 597 1115 1079 588 
1400 597 1115 1079 588 154 659 655 153 
1401 236 45 44 232 1116 510 501 1080 
1402 1116 510 501 1080 1117 511 502 1081 
1403 1117 511 502 1081 1118 512 503 1082 
1404 1118 512 503 1082 1119 513 504 1083 
1405 1119 513 504 1083 1120 514 505 1084 
1406 1120 514 505 1084 1121 515 506 1085 
1407 1121 515 506 1085 1122 516 507 1086 
1408 1122 516 507 1086 1123 517 508 1087 
1409 1123 517 508 1087 1124 518 509 1088 
1410 1124 518 509 1088 660 129 128 656 
1411 237 236 232 233 1125 1116 1080 1089 
1412 1125 1116 1080 1089 1126 1117 1081 1090 
1413 1126 1117 1081 1090 1127 1118 1082 1091 
1414 1127 1118 1082 1091 1128 1119 1083 1092 
1415 1128 1119 1083 1092 1129 1120 1084 1093 
1416 1129 1120 1084 1093 1130 1121 1085 1094 
1417 1130 1121 1085 1094 1131 1122 1086 1095 
1418 1131 1122 1086 1095 1132 1123 1087 1096 
1419 1132 1123 1087 1096 1133 1124 1088 1097 
1420 1133 1124 1088 1097 661 660 656 657 
1421 238 237 233 234 1134 1125 1089 1098 
1422 1134 1125 1089 1098 1135 1126 1090 1099 
1423 1135 1126 1090 1099 1136 1127 1091 1100 
1424 1136 1127 1091 1100 1137 1128 1092 1101 
1425 1137 1128 1092 1101 1138 1129 1093 1102 
1426 1138 1129 1093 1102 1139 1130 1094 1103 
1427 1139 1130 1094 1103 1140 1131 1095 1104 
1428 1140 1131 1095 1104 1141 1132 1096 1105 
1429 1141 1132 1096 1105 1142 1133 1097 1106 
1430 1142 1133 1097 1106 662 661 657 658 
1431 239 238 234 235 1143 1134 1098 1107 
1432 1143 1134 1098 1107 1144 1135 1099 1108 
1433 1144 1135 1099 1108 1145 1136 1100 1109 
1434 1145 1136 1100 1109 1146 1137 1101 1110 
1435 1146 1137 1101 1110 1147 1138 1102 1111 
1436 1147 1138 1102 1111 1148 1139 1103 1112 
1437 1148 1139 1103 1112 1149 1140 1104 1113 
1438 1149 1140 1104 1113 1150 1141 1105 1114 
1439 1150 1141 1105 1114 1151 1142 1106 1115 
1440 1151 1142 1106 1115 663 662 658 659 
1441 53 239 235 52 598 1143 1107 589 
1442 598 1143 1107 589 599 1144 1108 590 
1443 599 1144 1108 590 600 1145 1109 591 
1444 600 1145 1109 591 601 1146 1110 592 
1445 601 1146 1110 592 602 1147 1111 593 
1446 602 1147 1111 593 603 1148 1112 594 
1447 603 1148 1112 594 604 1149 1113 595 
1448 604 1149 1113 595 605 1150 1114 596 
1449 605 1150 1114 596 606 1151 1115 597 
1450 606 1151 1115 597 155 663 659 154 
1451 240 46 45 236 1152 519 510 1116 
1452 1152 519 510 1116 1153 520 511 1117 
1453 1153 520 511 1117 1154 521 512 1118 
1454 1154 521 512 1118 1155 522 513 1119 
1455 1155 522 513 1119 1156 523 514 1120 
1456 1156 523 514 1120 1157 524 515 1121 
1457 1157 524 515 1121 1158 525 516 1122 
1458 1158 525 516 1122 1159 526 517 1123 
1459 1159 526 517 1123 1160 527 518 1124 
1460 1160 527 518 1124 664 130 129 660 
1461 241 240 236 237 1161 1152 1116 1125 
1462 1161 1152 1116 1125 1162 1153 1117 1126 
1463 1162 1153 1117 1126 1163 1154 1118 1127 
1464 1163 1154 1118 1127 1164 1155 1119 1128 
1465 1164 1155 1119 1128 1165 1156 1120 1129 
1466 1165 1156 1120 1129 1166 1157 1121 1130 
1467 1166 1157 1121 1130 1167 1158 1122 1131 
1468 1167 1158 1122 1131 1168 1159 1123 1132 
1469 1168 1159 1123 1132 1169 1160 1124 1133 
1470 1169 1160 1124 1133 665 664 660 661 
1471 242 241 237 238 1170 1161 1125 1134 
1472 1170 1161 1125 1134 1171 1162 1126 1135 
1473 1171 1162 1126 1135 1172 1163 1127 1136 
1474 1172 1163 1127 1136 1173 1164 1128 1137 
1475 1173 1164 1128 1137 1174 1165 1129 1138 
1476 1174 1165 1129 1138 1175 1166 1130 1139 
1477 1175 1166 1130 1139 1176 1167 1131 1140 
1478 1176 1167 1131 1140 1177 1168 1132 1141 
1479 1177 1168 1132 1141 1178 1169 1133 1142 
1480 1178 1169 1133 1142 666 665 661 662 
1481 243 242 238 239 1179 1170 1134 1143 
1482 1179 1170 1134 1143 1180 1171 1135 1144 
1483 1180 1171 1135 1144 1181 1172 1136 1145 
1484 1181 1172 1136 1145 1182 1173 1137 1146 
1485 1182 1173 1137 1146 1183 1174 1138 1147 
1486 1183 1174 1138 1147 1184 1175 1139 1148 
1487 1184 1175 1139 1148 1185 1176 1140 1149 
1488 1185 1176 1140 1149 1186 1177 1141 1150 
1489 1186 1177 1141 1150 1187 1178 1142 1151 
1490 1187 1178 1142 1151 667 666 662 663 
1491 54 243 239 53 607 1179 1143 598 
1492 607 1179 1143 598 608 1180 1144 599 
1493 608 1180 1144 599 609 1181 1145 600 
1494 609 1181 1145 600 610 1182 1146 601 
1495 610 1182 1146 601 611 1183 1147 602 
1496 611 1183 1147 602 612 1184 1148 603 
1497 612 1184 1148 603 613 1185 1149 604 
1498 613 1185 1149 604 614 1186 1150 605 
1499 614 1186 1150 605 615 1187 1151 606 
1500 615 1187 1151 606 156 667 663 155 
1501 58 3 46 240 643 101 519 1152 
1502 643 101 519 1152 644 102 520 1153 
1503 644 102 520 1153 645 103 521 1154 
1504 645 103 521 1154 646 104 522 1155 
1505 646 104 522 1155 647 105 523 1156 
1506 647 105 523 1156 648 106 524 1157 
1507 648 106 524 1157 649 107 525 1158 
1508 649 107 525 1158 650 108 526 1159 
1509 650 108 526 1159 651 109 527 1160 
1510 651 109 527 1160 160 12 130 664 
1511 57 58 240 241 634 643 1152 1161 
1512 634 643 1152 1161 635 644 1153 1162 
1513 635 644 1153 1162 636 645 1154 1163 
1514 636 645 1154 1163 637 646 1155 1164 
1515 637 646 1155 1164 638 647 1156 1165 
1516 638 647 1156 1165 639 648 1157 1166 
1517 639 648 1157 1166 640 649 1158 1167 
1518 640 649 1158 1167 641 650 1159 1168 
1519 641 650 1159 1168 642 651 1160 1169 
1520 642 651 1160 1169 159 160 664 665 
1521 56 57 241 242 625 634 1161 1170 
1522 625 634 1161 1170 626 635 1162 1171 
1523 626 635 1162 1171 627 636 1163 1172 
1524 627 636 1163 1172 628 637 1164 1173 
1525 628 637 1164 1173 629 638 1165 1174 
1526 629 638 1165 1174 630 639 1166 1175 
1527 630 639 1166 1175 631 640 1167 1176 
1528 631 640 1167 1176 632 641 1168 1177 
1529 632 641 1168 1177 633 642 1169 1178 
1530 633 642 1169 1178 158 159 665 666 
1531 55 56 242 243 616 625 1170 1179 
1532 616 625 1170 1179 617 626 1171 1180 
1533 617 626 1171 1180 618 627 1172 1181 
1534 618 627 1172 1181 619 628 1173 1182 
1535 619 628 1173 1182 620 629 1174 1183 
1536 620 629 1174 1183 621 630 1175 1184 
1537 621 630 1175 1184 622 631 1176 1185 
1538 622 631 1176 1185 623 632 1177 1186 
1539 623 632 1177 1186 624 633 1178 1187 
1540 624 633 1178 1187 157 158 666 667 
1541 8 55 243 54 170 616 1179 607 
1542 170 616 1179 607 171 617 1180 608 
1543 171 617 1180 608 172 618 1181 609 
1544 172 618 1181 609 173 619 1182 610 
1545 173 619 1182 610 174 620 1183 611 
1546 174 620 1183 611 175 621 1184 612 
1547 175 621 1184 612 176 622 1185 613 
1548 176 622 1185 613 177 623 1186 614 
1549 177 623 1186 614 178 624 1187 615 
1550 178 624 1187 615 17 157 667 156 
3 4 5 250
1551 244 27 3 58 1188 332 101 643 
1552 1188 332 101 643 1189 333 102 644 
1553 1189 333 102 644 1190 334 103 645 
1554 1190 334 103 645 1191 335 104 646 
1555 1191 335 104 646 1192 336 105 647 
1556 1192 336 105 647 1193 337 106 648 
1557 1193 337 106 648 1194 338 107 649 
1558 1194 338 107 649 1195 339 108 650 
1559 1195 339 108 650 1196 340 109 651 
1560 1196 340 109 651 740 75 12 160 
1561 245 244 58 57 1197 1188 643 634 
1562 1197 1188 643 634 1198 1189 644 635 
1563 1198 1189 644 635 1199 1190 645 636 
1564 1199 1190 645 636 1200 1191 646 637 
1565 1200 1191 646 637 1201 1192 647 638 
1566 1201 1192 647 638 1202 1193 648 639 
1567 1202 1193 648 639 1203 1194 649 640 
1568 1203 1194 649 640 1204 1195 650 641 
1569 1204 1195 650 641 1205 1196 651 642 
1570 1205 1196 651 642 741 740 160 159 
1571 246 245 57 56 1206 1197 634 625 
1572 1206 1197 634 625 1207 1198 635 626 
1573 1207 1198 635 626 1208 1199 636 627 
1574 1208 1199 636 627 1209 1200 637 628 
1575 1209 1200 637 628 1210 1201 638 629 
1576 1210 1201 638 629 1211 1202 639 630 
1577 1211 1202 639 630 1212 1203 640 631 
1578 1212 1203 640 631 1213 1204 641 632 
1579 1213 1204 641 632 1214 1205 642 633 
1580 1214 1205 642 633 742 741 159 158 
1581 247 246 56 55 1215 1206 625 616 
1582 1215 1206 625 616 1216 1207 626 617 
1583 1216 1207 626 617 1217 1208 627 618 
1584 1217 1208 627 618 1218 1209 628 619 
1585 1218 1209 628 619 1219 1210 629 620 
1586 1219 1210 629 620 1220 1211 630 621 
1587 1220 1211 630 621 1221 1212 631 622 
1588 1221 1212 631 622 1222 1213 632 623 
1589 1222 1213 632 623 1223 1214 633 624 
1590 1223 1214 633 624 743 742 158 157 
1591 59 247 55 8 668 1215 616 170 
1592 668 1215 616 170 669 1216 617 171 
1593 669 1216 617 171 670 1217 618 172 
1594 670 1217 618 172 671 1218 619 173 
1595 671 1218 619 173 672 1219 620 174 
1596 672 1219 620 174 673 1220 621 175 
1597 673 1220 621 175 674 1221 622 176 
1598 674 1221 622 176 675 1222 623 177 
1599 675 1222 623 177 676 1223 624 178 
1600 676 1223 624 178 179 743 157 17 
1601 248 28 27 244 1224 341 332 1188 
1602 1224 341 332 1188 1225 342 333 1189 
1603 1225 342 333 1189 1226 343 334 1190 
1604 1226 343 334 1190 1227 344 335 1191 
1605 1227 344 335 1191 1228 345 336 1192 
1606 1228 345 336 1192 1229 346 337 1193 
1607 1229 346 337 1193 1230 347 338 1194 
1608 1230 347 338 1194 1231 348 339 1195 
1609 1231 348 339 1195 1232 349 340 1196 
1610 1232 349 340 1196 744 76 75 740 
1611 249 248 244 245 1233 1224 1188 1197 
1612 1233 1224 1188 1197 1234 1225 1189 1198 
1613 1234 1225 1189 1198 1235 1226 1190 1199 
1614 1235 1226 1190 1199 1236 1227 1191 1200 
1615 1236 1227 1191 1200 1237 1228 1192 1201 
1616 1237 1228 1192 1201 1238 1229 1193 1202 
1617 1238 1229 1193 1202 1239 1230 1194 1203 
1618 1239 1230 1194 1203 1240 1231 1195 1204 
1619 1240 1231 1195 1204 1241 1232 1196 1205 
1620 1241 1232 1196 1205 745 744 740 741 
1621 250 249 245 246 1242 1233 1197 1206 
1622 1242 1233 1197 1206 1243 1234 1198 1207 
1623 1243 1234 1198 1207 1244 1235 1199 1208 
1624 1244 1235 1199 1208 1245 1236 1200 1209 
1625 1245 1236 1200 1209 1246 1237 1201 1210 
1626 1246 1237 1201 1210 1247 1238 1202 1211 
1627 1247 1238 1202 1211 1248 1239 1203 1212 
1628 1248 1239 1203 1212 1249 1240 1204 1213 
1629 1249 1240 1204 1213 1250 1241 1205 1214 
1630 1250 1241 1205 1214 746 745 741 742 
1631 251 250 246 247 1251 1242 1206 1215 
1632 1251 1242 1206 1215 1252 1243 1207 1216 
1633 1252 1243 1207 1216 1253 1244 1208 1217 
1634 1253 1244 1208 1217 1254 1245 1209 1218 
1635 1254 1245 1209 1218 1255 1246 1210 1219 
1636 1255 1246 1210 1219 1256 1247 1211 1220 
1637 1256 1247 1211 1220 1257 1248 1212 1221 
1638 1257 1248 1212 1221 1258 1249 1213 1222 
1639 1258 1249 1213 1222 1259 1250 1214 1223 
1640 1259 1250 1214 1223 747 746 742 743 
1641 60 251 247 59 677 1251 1215 668 
1642 677 1251 1215 668 678 1252 1216 669 
1643 678 1252 1216 669 679 1253 1217 670 
1644 679 1253 1217 670 680 1254 1218 671 
1645 680 1254 1218 671 681 1255 1219 672 
1646 681 1255 1219 672 682 1256 1220 673 
1647 682 1256 1220 673 683 1257 1221 674 
1648 683 1257 1221 674 684 1258 1222 675 
1649 684 1258 1222 675 685 1259 1223 676 
1650 685 1259 1223 676 180 747 743 179 
1651 252 29 28 248 1260 350 341 1224 
1652 1260 350 341 1224 1261 351 342 1225 
1653 1261 351 342 1225 1262 352 343 1226 
1654 1262 352 343 1226 1263 353 344 1227 
1655 1263 353 344 1227 1264 354 345 1228 
1656 1264 354 345 1228 1265 355 346 1229 
1657 1265 355 346 1229 1266 356 347 1230 
1658 1266 356 347 1230 1267 357 348 1231 
1659 1267 357 348 1231 1268 358 349 1232 
1660 1268 358 349 1232 748 77 76 744 
1661 253 252 248 249 1269 1260 1224 1233 
1662 1269 1260 1224 1233 1270 1261 1225 1234 
1663 1270 1261 1225 1234 1271 1262 1226 1235 
1664 1271 1262 1226 1235 1272 1263 1227 1236 
1665 1272 1263 1227 1236 1273 1264 1228 1237 
1666 1273 1264 1228 1237 1274 1265 1229 1238 
1667 1274 1265 1229 1238 1275 1266 1230 1239 
1668 1275 1266 1230 1239 1276 1267 1231 1240 
1669 1276 1267 1231 1240 1277 1268 1232 1241 
1670 1277 1268 1232 1241 749 748 744 745 
1671 254 253 249 250 1278 1269 1233 1242 
1672 1278 1269 1233 1242 1279 1270 1234 1243 
1673 1279 1270 1234 1243 1280 1271 1235 1244 
1674 1280 1271 1235 1244 1281 1272 1236 1245 
1675 1281 1272 1236 1245 1282 1273 1237 1246 
1676 1282 1273 1237 1246 1283 1274 1238 1247 
1677 1283 1274 1238 1247 1284 1275 1239 1248 
1678 1284 1275 1239 1248 1285 1276 1240 1249 
1679 1285 1276 1240 1249 1286 1277 1241 1250 
1680 1286 1277 1241 1250 750 749 745 746 
1681 255 254 250 251 1287 1278 1242 1251 
1682 1287 1278 1242 1251 1288 1279 1243 1252 
1683 1288 1279 1243 1252 1289 1280 1244 1253 
1684 1289 1280 1244 1253 1290 1281 1245 1254 
1685 1290 1281 1245 1254 1291 1282 1246 1255 
1686 1291 1282 1246 1255 1292 1283 1247 1256 
1687 1292 1283 1247 1256 1293 1284 1248 1257 
1688 1293 1284 1248 1257 1294 1285 1249 1258 
1689 1294 1285 1249 1258 1295 1286 1250 1259 
1690 1295 1286 1250 1259 751 750 746 747 
1691 61 255 251 60 686 1287 1251 677 
1692 686 1287 1251 677 687 1288 1252 678 
1693 687 1288 1252 678 688 1289 1253 679 
1694 688 1289 1253 679 689 1290 1254 680 
1695 689 1290 1254 680 690 1291 1255 681 
1696 690 1291 1255 681 691 1292 1256 682 
1697 691 1292 1256 682 692 1293 1257 683 
1698 692 1293 1257 683 693 1294 1258 684 
1699 693 1294 1258 684 694 1295 1259 685 
1700 694 1295 1259 685 181 751 747 180 
1701 256 30 29 252 1296 359 350 1260 
1702 1296 359 350 1260 1297 360 351 1261 
1703 1297 360 351 1261 1298 361 352 1262 
1704 1298 361 352 1262 1299 362 353 1263 
1705 1299 362 353 1263 1300 363 354 1264 
1706 1300 363 354 1264 1301 364 355 1265 
1707 1301 364 355 1265 1302 365 356 1266 
1708 1302 365 356 1266 1303 366 357 1267 
1709 1303 366 357 1267 1304 367 358 1268 
1710 1304 367 358 1268 752 78 77 748 
1711 257 256 252 253 1305 1296 1260 1269 
1712 1305 1296 1260 1269 1306 1297 1261 1270 
1713 1306 1297 1261 1270 1307 1298 1262 1271 
1714 1307 1298 1262 1271 1308 1299 1263 1272 
1715 1308 1299 1263 1272 1309 1300 1264 1273 
1716 1309 1300 1264 1273 1310 1301 1265 1274 
1717 1310 1301 1265 1274 1311 1302 1266 1275 
1718 1311 1302 1266 1275 1312 1303 1267 1276 
1719 1312 1303 1267 1276 1313 1304 1268 1277 
1720 1313 1304 1268 1277 753 752 748 749 
1721 258 257 253 254 1314 1305 1269 1278 
1722 1314 1305 1269 1278 1315 1306 1270 1279 
1723 1315 1306 1270 1279 1316 1307 1271 1280 
1724 1316 1307 1271 1280 1317 1308 1272 1281 
1725 1317 1308 1272 1281 1318 1309 1273 1282 
1726 1318 1309 1273 1282 1319 1310 1274 1283 
1727 1319 1310 1274 1283 1320 1311 1275 1284 
1728 1320 1311 1275 1284 1321 1312 1276 1285 
1729 1321 1312 1276 1285 1322 1313 1277 1286 
1730 1322 1313 1277 1286 754 753 749 750 
1731 259 258 254 255 1323 1314 1278 1287 
1732 1323 1314 1278 1287 1324 1315 1279 1288 
1733 1324 1315 1279 1288 1325 1316 1280 1289 
1734 1325 1316 1280 1289 1326 1317 1281 1290 
1735 1326 1317 1281 1290 1327 1318 1282 1291 
1736 1327 1318 1282 1291 1328 1319 1283 1292 
1737 1328 1319 1283 1292 1329 1320 1284 1293 
1738 1329 1320 1284 1293 1330 1321 1285 1294 
1739 1330 1321 1285 1294 1331 1322 1286 1295 
1740 1331 1322 1286 1295 755 754 750 751 
1741 62 259 255 61 695 1323 1287 686 
1742 695 1323 1287 686 696 1324 1288 687 
1743 696 1324 1288 687 697 1325 1289 688 
1744 697 1325 1289 688 698 1326 1290 689 
1745 698 1326 1290 689 699 1327 1291 690 
1746 699 1327 1291 690 700 1328 1292 691 
1747 700 1328 1292 691 701 1329 1293 692 
1748 701 1329 1293 692 702 1330 1294 693 
1749 702 1330 1294 693 703 1331 1295 694 
1750 703 1331 1295 694 182 755 751 181 
1751 66 4 30 256 731 110 359 1296 
1752 731 110 359 1296 732 111 360 1297 
1753 732 111 360 1297 733 112 361 1298 
1754 733 112 361 1298 734 113 362 1299 
1755 734 113 362 1299 735 114 363 1300 
1756 735 114 363 1300 736 115 364 1301 
1757 736 115 364 1301 737 116 365 1302 
1758 737 116 365 1302 738 117 366 1303 
1759 738 117 366 1303 739 118 367 1304 
1760 739 118 367 1304 186 13 78 752 
1761 65 66 256 257 722 731 1296 1305 
1762 722 731 1296 1305 723 732 1297 1306 
1763 723 732 1297 1306 724 733 1298 1307 
1764 724 733 1298 1307 725 734 1299 1308 
1765 725 734 1299 1308 726 735 1300 1309 
1766 726 735 1300 1309 727 736 1301 1310 
1767 727 736 1301 1310 728 737 1302 1311 
1768 728 737 1302 1311 729 738 1303 1312 
1769 729 738 1303 1312 730 739 1304 1313 
1770 730 739 1304 1313 185 186 752 753 
1771 64 65 257 258 713 722 1305 1314 
1772 713 722 1305 1314 714 723 1306 1315 
1773 714 723 1306 1315 715 724 1307 1316 
1774 715 724 1307 1316 716 725 1308 1317 
1775 716 725 1308 1317 717 726 1309 1318 
1776 717 726 1309 1318 718 727 1310 1319 
1777 718 727 1310 1319 719 728 1311 1320 
1778 719 728 1311 1320 720 729 1312 1321 
1779 720 729 1312 1321 721 730 1313 1322 
1780 721 730 1313 1322 184 185 753 754 
1781 63 64 258 259 704 713 1314 1323 
1782 704 713 1314 1323 705 714 1315 1324 
1783 705 714 1315 1324 706 715 1316 1325 
1784 706 715 1316 1325 707 716 1317 1326 
1785 707 716 1317 1326 708 717 1318 1327 
1786 708 717 1318 1327 709 718 1319 1328 
1787 709 718 1319 1328 710 719 1320 1329 
1788 710 719 1320 1329 711 720 1321 1330 
1789 711 720 1321 1330 712 721 1322 1331 
1790 712 721 1322 1331 183 184 754 755 
1791 9 63 259 62 187 704 1323 695 
1792 187 704 1323 695 188 705 1324 696 
1793 188 705 1324 696 189 706 1325 697 
1794 189 706 1325 697 190 707 1326 698 
1795 190 707 1326 698 191 708 1327 699 
1796 191 708 1327 699 192 709 1328 700 
1797 192 709 1328 700 193 710 1329 701 
1798 193 710 1329 701 194 711 1330 702 
1799 194 711 1330 702 195 712 1331 703 
1800 195 712 1331 703 18 183 755 182 
$EndElements
