$MeshFormat
4.1 0 8
$EndMeshFormat
$PhysicalNames
18
0 1 "point_zy"
0 4 "point_z"
0 7 "midsurf_1"
0 10 "topsurf_1"
0 13 "bottomsurf_1"
0 16 "fixedup_1"
1 2 "point_zy"
1 5 "point_z"
1 8 "midsurf_1"
1 11 "topsurf_1"
1 14 "bottomsurf_1"
1 17 "fixedup_1"
2 3 "point_zy"
2 9 "midsurf_1"
2 12 "topsurf_1"
2 15 "bottomsurf_1"
2 18 "fixedup_1"
3 1 "Volume_1"
$EndPhysicalNames
$Entities
12 20 11 2
1 0 0 0 4 13 13 16 16 
2 0.1 0 0 2 13 13 
3 0.1 0.008 0 2 13 13 
4 0 0.008 0 4 13 13 16 16 
5 0 0 0.0004 7 1 7 7 16 16 16 16 
6 0.1 0 0.0004 2 7 7 
10 0.1 0.008 0.0004 2 7 7 
14 0 0.008 0.0004 7 4 7 7 16 16 16 16 
15 0 0 0.0008 4 10 10 16 16 
16 0.1 0 0.0008 2 10 10 
20 0.1 0.008 0.0008 2 10 10 
24 0 0.008 0.0008 4 10 10 16 16 
1 0 0 0 0.1 0 0 1 14 2 1 -2 
2 0.1 0 0 0.1 0.008 0 1 14 2 2 -3 
3 0 0.008 0 0.1 0.008 0 1 14 2 3 -4 
4 0 0 0 0 0.008 0 2 14 17 2 4 -1 
6 0 0 0.0004 0.1 0 0.0004 1 8 2 5 -6 
7 0.1 0 0.0004 0.1 0.008 0.0004 1 8 2 6 -10 
8 0 0.008 0.0004 0.1 0.008 0.0004 1 8 2 10 -14 
9 0 0 0.0004 0 0.008 0.0004 3 8 17 17 2 14 -5 
11 0 0 0 0 0 0.0004 1 17 2 1 -5 
12 0.1 0 0 0.1 0 0.0004 0 2 2 -6 
16 0.1 0.008 0 0.1 0.008 0.0004 0 2 3 -10 
20 0 0.008 0 0 0.008 0.0004 1 17 2 4 -14 
28 0 0 0.0008 0.1 0 0.0008 1 11 2 15 -16 
29 0.1 0 0.0008 0.1 0.008 0.0008 1 11 2 16 -20 
30 0 0.008 0.0008 0.1 0.008 0.0008 1 11 2 20 -24 
31 0 0 0.0008 0 0.008 0.0008 2 11 17 2 24 -15 
33 0 0 0.0004 0 0 0.0008 1 17 2 5 -15 
34 0.1 0 0.0004 0.1 0 0.0008 0 2 6 -16 
38 0.1 0.008 0.0004 0.1 0.008 0.0008 0 2 10 -20 
42 0 0.008 0.0004 0 0.008 0.0008 1 17 2 14 -24 
1 0 0 0 0.1 0.008 0 1 15 4 1 2 3 4 
13 0 0 0 0.1 0 0.0004 0 4 1 12 -6 -11 
17 0.1 0 0 0.1 0.008 0.0004 0 4 2 16 -7 -12 
21 0 0.008 0 0.1 0.008 0.0004 0 4 3 20 -8 -16 
25 0 0 0 0 0.008 0.0004 1 18 4 4 11 -9 -20 
26 0 0 0.0004 0.1 0.008 0.0004 1 9 4 6 7 8 9 
35 0 0 0.0004 0.1 0 0.0008 0 4 6 34 -28 -33 
39 0.1 0 0.0004 0.1 0.008 0.0008 0 4 7 38 -29 -34 
43 0 0.008 0.0004 0.1 0.008 0.0008 0 4 8 42 -30 -38 
47 0 0 0.0004 0 0.008 0.0008 1 18 4 9 33 -31 -42 
48 0 0 0.0008 0.1 0.008 0.0008 1 12 4 28 29 30 31 
1 0 0 0 0.1 0.008 0.0004 1 1 6 -1 26 13 17 21 25 
2 0 0 0.0004 0.1 0.008 0.0008 1 1 6 -26 48 35 39 43 47 
$EndEntities
$Nodes
35 2160 1 2160
0 1 0 1
1
0 0 0
0 2 0 1
2
0.1 0 0
0 3 0 1
3
0.1 0.008 0
0 4 0 1
4
0 0.008 0
0 5 0 1
5
0 0 0.0004
0 6 0 1
6
0.1 0 0.0004
0 10 0 1
7
0.1 0.008 0.0004
0 14 0 1
8
0 0.008 0.0004
0 15 0 1
9
0 0 0.0008
0 16 0 1
10
0.1 0 0.0008
0 20 0 1
11
0.1 0.008 0.0008
0 24 0 1
12
0 0.008 0.0008
1 1 0 88
13
14
15
16
17
18
19
20
21
22
23
24
25
26
27
28
29
30
31
32
33
34
35
36
37
38
39
40
41
42
43
44
45
46
47
48
49
50
51
52
53
54
55
56
57
58
59
60
61
62
63
64
65
66
67
68
69
70
71
72
73
74
75
76
77
78
79
80
81
82
83
84
85
86
87
88
89
90
91
92
93
94
95
96
97
98
99
100
0.001123595505615936 0 0
0.002247191011231906 0 0
0.003370786516847737 0 0
0.004494382022463334 0 0
0.005617977528078882 0 0
0.006741573033694959 0 0
0.007865168539311363 0 0
0.008988764044927893 0 0
0.01011235955054411 0 0
0.01123595505616066 0 0
0.01235955056177659 0 0
0.01348314606739181 0 0
0.01460674157300656 0 0
0.01573033707862131 0 0
0.01685393258423606 0 0
0.01797752808985081 0 0
0.01910112359546459 0 0
0.02022471910107897 0 0
0.02134831460669372 0 0
0.02247191011230847 0 0
0.02359550561792323 0 0
0.02471910112353798 0 0
0.02584269662915273 0 0
0.02696629213476748 0 0
0.02808988764038223 0 0
0.02921348314599699 0 0
0.03033707865161174 0 0
0.0314606741572265 0 0
0.03258426966284125 0 0
0.033707865168456 0 0
0.03483146067407075 0 0
0.0359550561796855 0 0
0.03707865168529963 0 0
0.03820224719091244 0 0
0.03932584269652706 0 0
0.04044943820214181 0 0
0.04157303370775656 0 0
0.04269662921337131 0 0
0.04382022471898606 0 0
0.04494382022460081 0 0
0.04606741573021557 0 0
0.04719101123583033 0 0
0.04831460674144507 0 0
0.04943820224706021 0 0
0.05056179775267788 0 0
0.05168539325829831 0 0
0.05280898876392005 0 0
0.05393258426954065 0 0
0.05505617977516123 0 0
0.05617977528078306 0 0
0.05730337078640379 0 0
0.05842696629202439 0 0
0.05955056179764528 0 0
0.06067415730326693 0 0
0.06179775280888753 0 0
0.06292134831450812 0 0
0.06404494382013005 0 0
0.06516853932575145 0 0
0.06629213483137011 0 0
0.06741573033699226 0 0
0.06853932584261481 0 0
0.06966292134823418 0 0
0.07078651685385448 0 0
0.07191011235947702 0 0
0.07303370786509826 0 0
0.07415730337071691 0 0
0.07528089887633924 0 0
0.07640449438195962 0 0
0.07752808988757891 0 0
0.07865168539320146 0 0
0.07977528089882369 0 0
0.08089887640444234 0 0
0.08202247191006368 0 0
0.08314606741568621 0 0
0.08426966292130642 0 0
0.08539325842692588 0 0
0.08651685393254843 0 0
0.0876404494381705 0 0
0.08876404494378914 0 0
0.08988764044941064 0 0
0.09101123595503319 0 0
0.09213483146065321 0 0
0.09325842696627286 0 0
0.09438202247189541 0 0
0.09550561797751728 0 0
0.09662921348313593 0 0
0.09775280898875761 0 0
0.09887640449438018 0 0
1 2 0 6
101
102
103
104
105
106
0.1 0.00114285714285516 0
0.1 0.002285714285709134 0
0.1 0.003428571428562995 0
0.1 0.004571428571419358 0
0.1 0.005714285714279265 0
0.1 0.006857142857139632 0
1 3 0 88
107
108
109
110
111
112
113
114
115
116
117
118
119
120
121
122
123
124
125
126
127
128
129
130
131
132
133
134
135
136
137
138
139
140
141
142
143
144
145
146
147
148
149
150
151
152
153
154
155
156
157
158
159
160
161
162
163
164
165
166
167
168
169
170
171
172
173
174
175
176
177
178
179
180
181
182
183
184
185
186
187
188
189
190
191
192
193
194
0.09887640449438513 0.008 0
0.09775280898877027 0.008 0
0.0966292134831554 0.008 0
0.09550561797754054 0.008 0
0.09438202247192566 0.008 0
0.0932584269663108 0.008 0
0.09213483146069593 0.008 0
0.09101123595508107 0.008 0
0.08988764044946619 0.008 0
0.08876404494385132 0.008 0
0.08764044943823646 0.008 0
0.08651685393262158 0.008 0
0.08539325842700671 0.008 0
0.08426966292139185 0.008 0
0.08314606741577697 0.008 0
0.08202247191016211 0.008 0
0.08089887640454724 0.008 0
0.07977528089893238 0.008 0
0.0786516853933175 0.008 0
0.07752808988770263 0.008 0
0.07640449438208777 0.008 0
0.07528089887647289 0.008 0
0.07415730337085803 0.008 0
0.07303370786524316 0.008 0
0.0719101123596283 0.008 0
0.07078651685401342 0.008 0
0.06966292134839855 0.008 0
0.06853932584278369 0.008 0
0.0674157303371688 0.008 0
0.06629213483155394 0.008 0
0.06516853932593908 0.008 0
0.0640449438203242 0.008 0
0.06292134831470933 0.008 0
0.06179775280909447 0.008 0
0.0606741573034796 0.008 0
0.05955056179786473 0.008 0
0.05842696629224986 0.008 0
0.05730337078663499 0.008 0
0.05617977528102012 0.008 0
0.05505617977540525 0.008 0
0.05393258426979038 0.008 0
0.05280898876417551 0.008 0
0.05168539325856064 0.008 0
0.05056179775294539 0.008 0
0.04943820224732759 0.008 0
0.04831460674170705 0.008 0
0.04719101123608518 0.008 0
0.04606741573046446 0.008 0
0.04494382022484374 0.008 0
0.04382022471922178 0.008 0
0.04269662921360094 0.008 0
0.04157303370798023 0.008 0
0.04044943820235919 0.008 0
0.03932584269673742 0.008 0
0.0382022471911167 0.008 0
0.03707865168549598 0.008 0
0.03595505617987393 0.008 0
0.0348314606742524 0.008 0
0.03370786516863361 0.008 0
0.03258426966301135 0.008 0
0.03146067415738867 0.008 0
0.03033707865176918 0.008 0
0.02921348314614876 0.008 0
0.0280898876405261 0.008 0
0.02696629213490474 0.008 0
0.02584269662928596 0.008 0
0.0247191011236635 0.008 0
0.02359550561804299 0.008 0
0.02247191011242358 0.008 0
0.02134831460680091 0.008 0
0.02022471910117854 0.008 0
0.01910112359555977 0.008 0
0.01797752808993833 0.008 0
0.01685393258431564 0.008 0
0.01573033707869534 0.008 0
0.01460674157307573 0.008 0
0.01348314606745307 0.008 0
0.01235955056183088 0.008 0
0.01123595505621211 0.008 0
0.01011235955059046 0.008 0
0.008988764044967817 0.008 0
0.007865168539347656 0.008 0
0.006741573033727882 0.008 0
0.005617977528105209 0.008 0
0.004494382022483229 0.008 0
0.003370786516864441 0.008 0
0.002247191011242627 0.008 0
0.001123595505619954 0.008 0
1 4 0 6
195
196
197
198
199
200
0 0.006857142857144358 0
0 0.005714285714288693 0
0 0.004571428571437335 0
0 0.003428571428580264 0
0 0.002285714285720484 0
0 0.001142857142860242 0
1 6 0 88
201
202
203
204
205
206
207
208
209
210
211
212
213
214
215
216
217
218
219
220
221
222
223
224
225
226
227
228
229
230
231
232
233
234
235
236
237
238
239
240
241
242
243
244
245
246
247
248
249
250
251
252
253
254
255
256
257
258
259
260
261
262
263
264
265
266
267
268
269
270
271
272
273
274
275
276
277
278
279
280
281
282
283
284
285
286
287
288
0.001123595505615936 0 0.0004
0.002247191011231906 0 0.0004
0.003370786516847737 0 0.0004
0.004494382022463334 0 0.0004
0.005617977528078882 0 0.0004
0.006741573033694959 0 0.0004
0.007865168539311363 0 0.0004
0.008988764044927893 0 0.0004
0.01011235955054411 0 0.0004
0.01123595505616066 0 0.0004
0.01235955056177659 0 0.0004
0.01348314606739181 0 0.0004
0.01460674157300656 0 0.0004
0.01573033707862131 0 0.0004
0.01685393258423606 0 0.0004
0.01797752808985081 0 0.0004
0.01910112359546459 0 0.0004
0.02022471910107897 0 0.0004
0.02134831460669372 0 0.0004
0.02247191011230847 0 0.0004
0.02359550561792323 0 0.0004
0.02471910112353798 0 0.0004
0.02584269662915273 0 0.0004
0.02696629213476748 0 0.0004
0.02808988764038223 0 0.0004
0.02921348314599699 0 0.0004
0.03033707865161174 0 0.0004
0.0314606741572265 0 0.0004
0.03258426966284125 0 0.0004
0.033707865168456 0 0.0004
0.03483146067407075 0 0.0004
0.0359550561796855 0 0.0004
0.03707865168529963 0 0.0004
0.03820224719091244 0 0.0004
0.03932584269652706 0 0.0004
0.04044943820214181 0 0.0004
0.04157303370775656 0 0.0004
0.04269662921337131 0 0.0004
0.04382022471898606 0 0.0004
0.04494382022460081 0 0.0004
0.04606741573021557 0 0.0004
0.04719101123583033 0 0.0004
0.04831460674144507 0 0.0004
0.04943820224706021 0 0.0004
0.05056179775267788 0 0.0004
0.05168539325829831 0 0.0004
0.05280898876392005 0 0.0004
0.05393258426954065 0 0.0004
0.05505617977516123 0 0.0004
0.05617977528078306 0 0.0004
0.05730337078640379 0 0.0004
0.05842696629202439 0 0.0004
0.05955056179764528 0 0.0004
0.06067415730326693 0 0.0004
0.06179775280888753 0 0.0004
0.06292134831450812 0 0.0004
0.06404494382013005 0 0.0004
0.06516853932575145 0 0.0004
0.06629213483137011 0 0.0004
0.06741573033699226 0 0.0004
0.06853932584261481 0 0.0004
0.06966292134823418 0 0.0004
0.07078651685385448 0 0.0004
0.07191011235947702 0 0.0004
0.07303370786509826 0 0.0004
0.07415730337071691 0 0.0004
0.07528089887633924 0 0.0004
0.07640449438195962 0 0.0004
0.07752808988757891 0 0.0004
0.07865168539320146 0 0.0004
0.07977528089882369 0 0.0004
0.08089887640444234 0 0.0004
0.08202247191006368 0 0.0004
0.08314606741568621 0 0.0004
0.08426966292130642 0 0.0004
0.08539325842692588 0 0.0004
0.08651685393254843 0 0.0004
0.0876404494381705 0 0.0004
0.08876404494378914 0 0.0004
0.08988764044941064 0 0.0004
0.09101123595503319 0 0.0004
0.09213483146065321 0 0.0004
0.09325842696627286 0 0.0004
0.09438202247189541 0 0.0004
0.09550561797751728 0 0.0004
0.09662921348313593 0 0.0004
0.09775280898875761 0 0.0004
0.09887640449438018 0 0.0004
1 7 0 6
289
290
291
292
293
294
0.1 0.00114285714285516 0.0004
0.1 0.002285714285709134 0.0004
0.1 0.003428571428562995 0.0004
0.1 0.004571428571419358 0.0004
0.1 0.005714285714279265 0.0004
0.1 0.006857142857139632 0.0004
1 8 0 88
295
296
297
298
299
300
301
302
303
304
305
306
307
308
309
310
311
312
313
314
315
316
317
318
319
320
321
322
323
324
325
326
327
328
329
330
331
332
333
334
335
336
337
338
339
340
341
342
343
344
345
346
347
348
349
350
351
352
353
354
355
356
357
358
359
360
361
362
363
364
365
366
367
368
369
370
371
372
373
374
375
376
377
378
379
380
381
382
0.09887640449438513 0.008 0.0004
0.09775280898877027 0.008 0.0004
0.0966292134831554 0.008 0.0004
0.09550561797754054 0.008 0.0004
0.09438202247192566 0.008 0.0004
0.0932584269663108 0.008 0.0004
0.09213483146069593 0.008 0.0004
0.09101123595508107 0.008 0.0004
0.08988764044946619 0.008 0.0004
0.08876404494385132 0.008 0.0004
0.08764044943823646 0.008 0.0004
0.08651685393262158 0.008 0.0004
0.08539325842700671 0.008 0.0004
0.08426966292139185 0.008 0.0004
0.08314606741577697 0.008 0.0004
0.08202247191016211 0.008 0.0004
0.08089887640454724 0.008 0.0004
0.07977528089893238 0.008 0.0004
0.0786516853933175 0.008 0.0004
0.07752808988770263 0.008 0.0004
0.07640449438208777 0.008 0.0004
0.07528089887647289 0.008 0.0004
0.07415730337085803 0.008 0.0004
0.07303370786524316 0.008 0.0004
0.0719101123596283 0.008 0.0004
0.07078651685401342 0.008 0.0004
0.06966292134839855 0.008 0.0004
0.06853932584278369 0.008 0.0004
0.0674157303371688 0.008 0.0004
0.06629213483155394 0.008 0.0004
0.06516853932593908 0.008 0.0004
0.0640449438203242 0.008 0.0004
0.06292134831470933 0.008 0.0004
0.06179775280909447 0.008 0.0004
0.0606741573034796 0.008 0.0004
0.05955056179786473 0.008 0.0004
0.05842696629224986 0.008 0.0004
0.05730337078663499 0.008 0.0004
0.05617977528102012 0.008 0.0004
0.05505617977540525 0.008 0.0004
0.05393258426979038 0.008 0.0004
0.05280898876417551 0.008 0.0004
0.05168539325856064 0.008 0.0004
0.05056179775294539 0.008 0.0004
0.04943820224732759 0.008 0.0004
0.04831460674170705 0.008 0.0004
0.04719101123608518 0.008 0.0004
0.04606741573046446 0.008 0.0004
0.04494382022484374 0.008 0.0004
0.04382022471922178 0.008 0.0004
0.04269662921360094 0.008 0.0004
0.04157303370798023 0.008 0.0004
0.04044943820235919 0.008 0.0004
0.03932584269673742 0.008 0.0004
0.0382022471911167 0.008 0.0004
0.03707865168549598 0.008 0.0004
0.03595505617987393 0.008 0.0004
0.0348314606742524 0.008 0.0004
0.03370786516863361 0.008 0.0004
0.03258426966301135 0.008 0.0004
0.03146067415738867 0.008 0.0004
0.03033707865176918 0.008 0.0004
0.02921348314614876 0.008 0.0004
0.0280898876405261 0.008 0.0004
0.02696629213490474 0.008 0.0004
0.02584269662928596 0.008 0.0004
0.0247191011236635 0.008 0.0004
0.02359550561804299 0.008 0.0004
0.02247191011242358 0.008 0.0004
0.02134831460680091 0.008 0.0004
0.02022471910117854 0.008 0.0004
0.01910112359555977 0.008 0.0004
0.01797752808993833 0.008 0.0004
0.01685393258431564 0.008 0.0004
0.01573033707869534 0.008 0.0004
0.01460674157307573 0.008 0.0004
0.01348314606745307 0.008 0.0004
0.01235955056183088 0.008 0.0004
0.01123595505621211 0.008 0.0004
0.01011235955059046 0.008 0.0004
0.008988764044967817 0.008 0.0004
0.007865168539347656 0.008 0.0004
0.006741573033727882 0.008 0.0004
0.005617977528105209 0.008 0.0004
0.004494382022483229 0.008 0.0004
0.003370786516864441 0.008 0.0004
0.002247191011242627 0.008 0.0004
0.001123595505619954 0.008 0.0004
1 9 0 6
383
384
385
386
387
388
0 0.006857142857144358 0.0004
0 0.005714285714288693 0.0004
0 0.004571428571437335 0.0004
0 0.003428571428580264 0.0004
0 0.002285714285720484 0.0004
0 0.001142857142860242 0.0004
1 11 0 0
1 20 0 0
1 28 0 88
389
390
391
392
393
394
395
396
397
398
399
400
401
402
403
404
405
406
407
408
409
410
411
412
413
414
415
416
417
418
419
420
421
422
423
424
425
426
427
428
429
430
431
432
433
434
435
436
437
438
439
440
441
442
443
444
445
446
447
448
449
450
451
452
453
454
455
456
457
458
459
460
461
462
463
464
465
466
467
468
469
470
471
472
473
474
475
476
0.001123595505615936 0 0.0008
0.002247191011231906 0 0.0008
0.003370786516847737 0 0.0008
0.004494382022463334 0 0.0008
0.005617977528078882 0 0.0008
0.006741573033694959 0 0.0008
0.007865168539311363 0 0.0008
0.008988764044927893 0 0.0008
0.01011235955054411 0 0.0008
0.01123595505616066 0 0.0008
0.01235955056177659 0 0.0008
0.01348314606739181 0 0.0008
0.01460674157300656 0 0.0008
0.01573033707862131 0 0.0008
0.01685393258423606 0 0.0008
0.01797752808985081 0 0.0008
0.01910112359546459 0 0.0008
0.02022471910107897 0 0.0008
0.02134831460669372 0 0.0008
0.02247191011230847 0 0.0008
0.02359550561792323 0 0.0008
0.02471910112353798 0 0.0008
0.02584269662915273 0 0.0008
0.02696629213476748 0 0.0008
0.02808988764038223 0 0.0008
0.02921348314599699 0 0.0008
0.03033707865161174 0 0.0008
0.0314606741572265 0 0.0008
0.03258426966284125 0 0.0008
0.033707865168456 0 0.0008
0.03483146067407075 0 0.0008
0.0359550561796855 0 0.0008
0.03707865168529963 0 0.0008
0.03820224719091244 0 0.0008
0.03932584269652706 0 0.0008
0.04044943820214181 0 0.0008
0.04157303370775656 0 0.0008
0.04269662921337131 0 0.0008
0.04382022471898606 0 0.0008
0.04494382022460081 0 0.0008
0.04606741573021557 0 0.0008
0.04719101123583033 0 0.0008
0.04831460674144507 0 0.0008
0.04943820224706021 0 0.0008
0.05056179775267788 0 0.0008
0.05168539325829831 0 0.0008
0.05280898876392005 0 0.0008
0.05393258426954065 0 0.0008
0.05505617977516123 0 0.0008
0.05617977528078306 0 0.0008
0.05730337078640379 0 0.0008
0.05842696629202439 0 0.0008
0.05955056179764528 0 0.0008
0.06067415730326693 0 0.0008
0.06179775280888753 0 0.0008
0.06292134831450812 0 0.0008
0.06404494382013005 0 0.0008
0.06516853932575145 0 0.0008
0.06629213483137011 0 0.0008
0.06741573033699226 0 0.0008
0.06853932584261481 0 0.0008
0.06966292134823418 0 0.0008
0.07078651685385448 0 0.0008
0.07191011235947702 0 0.0008
0.07303370786509826 0 0.0008
0.07415730337071691 0 0.0008
0.07528089887633924 0 0.0008
0.07640449438195962 0 0.0008
0.07752808988757891 0 0.0008
0.07865168539320146 0 0.0008
0.07977528089882369 0 0.0008
0.08089887640444234 0 0.0008
0.08202247191006368 0 0.0008
0.08314606741568621 0 0.0008
0.08426966292130642 0 0.0008
0.08539325842692588 0 0.0008
0.08651685393254843 0 0.0008
0.0876404494381705 0 0.0008
0.08876404494378914 0 0.0008
0.08988764044941064 0 0.0008
0.09101123595503319 0 0.0008
0.09213483146065321 0 0.0008
0.09325842696627286 0 0.0008
0.09438202247189541 0 0.0008
0.09550561797751728 0 0.0008
0.09662921348313593 0 0.0008
0.09775280898875761 0 0.0008
0.09887640449438018 0 0.0008
1 29 0 6
477
478
479
480
481
482
0.1 0.00114285714285516 0.0008
0.1 0.002285714285709134 0.0008
0.1 0.003428571428562995 0.0008
0.1 0.004571428571419358 0.0008
0.1 0.005714285714279265 0.0008
0.1 0.006857142857139632 0.0008
1 30 0 88
483
484
485
486
487
488
489
490
491
492
493
494
495
496
497
498
499
500
501
502
503
504
505
506
507
508
509
510
511
512
513
514
515
516
517
518
519
520
521
522
523
524
525
526
527
528
529
530
531
532
533
534
535
536
537
538
539
540
541
542
543
544
545
546
547
548
549
550
551
552
553
554
555
556
557
558
559
560
561
562
563
564
565
566
567
568
569
570
0.09887640449438513 0.008 0.0008
0.09775280898877027 0.008 0.0008
0.0966292134831554 0.008 0.0008
0.09550561797754054 0.008 0.0008
0.09438202247192566 0.008 0.0008
0.0932584269663108 0.008 0.0008
0.09213483146069593 0.008 0.0008
0.09101123595508107 0.008 0.0008
0.08988764044946619 0.008 0.0008
0.08876404494385132 0.008 0.0008
0.08764044943823646 0.008 0.0008
0.08651685393262158 0.008 0.0008
0.08539325842700671 0.008 0.0008
0.08426966292139185 0.008 0.0008
0.08314606741577697 0.008 0.0008
0.08202247191016211 0.008 0.0008
0.08089887640454724 0.008 0.0008
0.07977528089893238 0.008 0.0008
0.0786516853933175 0.008 0.0008
0.07752808988770263 0.008 0.0008
0.07640449438208777 0.008 0.0008
0.07528089887647289 0.008 0.0008
0.07415730337085803 0.008 0.0008
0.07303370786524316 0.008 0.0008
0.0719101123596283 0.008 0.0008
0.07078651685401342 0.008 0.0008
0.06966292134839855 0.008 0.0008
0.06853932584278369 0.008 0.0008
0.0674157303371688 0.008 0.0008
0.06629213483155394 0.008 0.0008
0.06516853932593908 0.008 0.0008
0.0640449438203242 0.008 0.0008
0.06292134831470933 0.008 0.0008
0.06179775280909447 0.008 0.0008
0.0606741573034796 0.008 0.0008
0.05955056179786473 0.008 0.0008
0.05842696629224986 0.008 0.0008
0.05730337078663499 0.008 0.0008
0.05617977528102012 0.008 0.0008
0.05505617977540525 0.008 0.0008
0.05393258426979038 0.008 0.0008
0.05280898876417551 0.008 0.0008
0.05168539325856064 0.008 0.0008
0.05056179775294539 0.008 0.0008
0.04943820224732759 0.008 0.0008
0.04831460674170705 0.008 0.0008
0.04719101123608518 0.008 0.0008
0.04606741573046446 0.008 0.0008
0.04494382022484374 0.008 0.0008
0.04382022471922178 0.008 0.0008
0.04269662921360094 0.008 0.0008
0.04157303370798023 0.008 0.0008
0.04044943820235919 0.008 0.0008
0.03932584269673742 0.008 0.0008
0.0382022471911167 0.008 0.0008
0.03707865168549598 0.008 0.0008
0.03595505617987393 0.008 0.0008
0.0348314606742524 0.008 0.0008
0.03370786516863361 0.008 0.0008
0.03258426966301135 0.008 0.0008
0.03146067415738867 0.008 0.0008
0.03033707865176918 0.008 0.0008
0.02921348314614876 0.008 0.0008
0.0280898876405261 0.008 0.0008
0.02696629213490474 0.008 0.0008
0.02584269662928596 0.008 0.0008
0.0247191011236635 0.008 0.0008
0.02359550561804299 0.008 0.0008
0.02247191011242358 0.008 0.0008
0.02134831460680091 0.008 0.0008
0.02022471910117854 0.008 0.0008
0.01910112359555977 0.008 0.0008
0.01797752808993833 0.008 0.0008
0.01685393258431564 0.008 0.0008
0.01573033707869534 0.008 0.0008
0.01460674157307573 0.008 0.0008
0.01348314606745307 0.008 0.0008
0.01235955056183088 0.008 0.0008
0.01123595505621211 0.008 0.0008
0.01011235955059046 0.008 0.0008
0.008988764044967817 0.008 0.0008
0.007865168539347656 0.008 0.0008
0.006741573033727882 0.008 0.0008
0.005617977528105209 0.008 0.0008
0.004494382022483229 0.008 0.0008
0.003370786516864441 0.008 0.0008
0.002247191011242627 0.008 0.0008
0.001123595505619954 0.008 0.0008
1 31 0 6
571
572
573
574
575
576
0 0.006857142857144358 0.0008
0 0.005714285714288693 0.0008
0 0.004571428571437335 0.0008
0 0.003428571428580264 0.0008
0 0.002285714285720484 0.0008
0 0.001142857142860242 0.0008
1 33 0 0
1 42 0 0
2 1 0 528
577
578
579
580
581
582
583
584
585
586
587
588
589
590
591
592
593
594
595
596
597
598
599
600
601
602
603
604
605
606
607
608
609
610
611
612
613
614
615
616
617
618
619
620
621
622
623
624
625
626
627
628
629
630
631
632
633
634
635
636
637
638
639
640
641
642
643
644
645
646
647
648
649
650
651
652
653
654
655
656
657
658
659
660
661
662
663
664
665
666
667
668
669
670
671
672
673
674
675
676
677
678
679
680
681
682
683
684
685
686
687
688
689
690
691
692
693
694
695
696
697
698
699
700
701
702
703
704
705
706
707
708
709
710
711
712
713
714
715
716
717
718
719
720
721
722
723
724
725
726
727
728
729
730
731
732
733
734
735
736
737
738
739
740
741
742
743
744
745
746
747
748
749
750
751
752
753
754
755
756
757
758
759
760
761
762
763
764
765
766
767
768
769
770
771
772
773
774
775
776
777
778
779
780
781
782
783
784
785
786
787
788
789
790
791
792
793
794
795
796
797
798
799
800
801
802
803
804
805
806
807
808
809
810
811
812
813
814
815
816
817
818
819
820
821
822
823
824
825
826
827
828
829
830
831
832
833
834
835
836
837
838
839
840
841
842
843
844
845
846
847
848
849
850
851
852
853
854
855
856
857
858
859
860
861
862
863
864
865
866
867
868
869
870
871
872
873
874
875
876
877
878
879
880
881
882
883
884
885
886
887
888
889
890
891
892
893
894
895
896
897
898
899
900
901
902
903
904
905
906
907
908
909
910
911
912
913
914
915
916
917
918
919
920
921
922
923
924
925
926
927
928
929
930
931
932
933
934
935
936
937
938
939
940
941
942
943
944
945
946
947
948
949
950
951
952
953
954
955
956
957
958
959
960
961
962
963
964
965
966
967
968
969
970
971
972
973
974
975
976
977
978
979
980
981
982
983
984
985
986
987
988
989
990
991
992
993
994
995
996
997
998
999
1000
1001
1002
1003
1004
1005
1006
1007
1008
1009
1010
1011
1012
1013
1014
1015
1016
1017
1018
1019
1020
1021
1022
1023
1024
1025
1026
1027
1028
1029
1030
1031
1032
1033
1034
1035
1036
1037
1038
1039
1040
1041
1042
1043
1044
1045
1046
1047
1048
1049
1050
1051
1052
1053
1054
1055
1056
1057
1058
1059
1060
1061
1062
1063
1064
1065
1066
1067
1068
1069
1070
1071
1072
1073
1074
1075
1076
1077
1078
1079
1080
1081
1082
1083
1084
1085
1086
1087
1088
1089
1090
1091
1092
1093
1094
1095
1096
1097
1098
1099
1100
1101
1102
1103
1104
0.00112359550561651 0.001142857142860185 0
0.001123595505617084 0.002285714285720356 0
0.001123595505617658 0.003428571428580069 0
0.001123595505618232 0.004571428571437131 0
0.001123595505618806 0.005714285714288586 0
0.00112359550561938 0.006857142857144303 0
0.002247191011233436 0.001142857142860128 0
0.002247191011234969 0.002285714285720229 0
0.0022471910112365 0.003428571428579876 0
0.002247191011238031 0.00457142857143693 0
0.002247191011239563 0.005714285714288479 0
0.002247191011241095 0.006857142857144252 0
0.003370786516850122 0.001142857142860071 0
0.003370786516852509 0.002285714285720101 0
0.003370786516854895 0.003428571428579681 0
0.003370786516857281 0.004571428571436728 0
0.003370786516859667 0.005714285714288374 0
0.003370786516862053 0.006857142857144196 0
0.004494382022466176 0.001142857142860014 0
0.004494382022469017 0.002285714285719974 0
0.004494382022471859 0.003428571428579487 0
0.0044943820224747 0.004571428571436524 0
0.004494382022477544 0.005714285714288267 0
0.004494382022480385 0.006857142857144143 0
0.005617977528082642 0.001142857142859956 0
0.005617977528086402 0.002285714285719846 0
0.005617977528090162 0.003428571428579292 0
0.005617977528093923 0.004571428571436323 0
0.005617977528097684 0.005714285714288162 0
0.005617977528101445 0.006857142857144091 0
0.006741573033699661 0.001142857142859899 0
0.006741573033704364 0.002285714285719718 0
0.006741573033709067 0.003428571428579098 0
0.006741573033713771 0.004571428571436121 0
0.006741573033718476 0.005714285714288054 0
0.006741573033723177 0.006857142857144039 0
0.007865168539316547 0.001142857142859842 0
0.00786516853932173 0.00228571428571959 0
0.007865168539326913 0.003428571428578905 0
0.007865168539332097 0.00457142857143592 0
0.007865168539337284 0.005714285714287949 0
0.007865168539342469 0.006857142857143984 0
0.008988764044933593 0.001142857142859786 0
0.008988764044939297 0.002285714285719464 0
0.008988764044944997 0.003428571428578711 0
0.008988764044950704 0.004571428571435717 0
0.008988764044956408 0.005714285714287845 0
0.008988764044962108 0.006857142857143931 0
0.01011235955055073 0.001142857142859728 0
0.01011235955055735 0.002285714285719335 0
0.01011235955056397 0.003428571428578517 0
0.01011235955057059 0.004571428571435514 0
0.01011235955057722 0.005714285714287736 0
0.01011235955058384 0.006857142857143879 0
0.01123595505616801 0.001142857142859671 0
0.01123595505617535 0.002285714285719209 0
0.01123595505618271 0.003428571428578323 0
0.01123595505619005 0.004571428571435312 0
0.01123595505619741 0.005714285714287632 0
0.01123595505620476 0.006857142857143825 0
0.01235955056178434 0.001142857142859614 0
0.0123595505617921 0.002285714285719081 0
0.01235955056179986 0.003428571428578129 0
0.01235955056180761 0.004571428571435111 0
0.01235955056181537 0.005714285714287525 0
0.01235955056182312 0.006857142857143771 0
0.01348314606740056 0.001142857142859557 0
0.01348314606740931 0.002285714285718954 0
0.01348314606741806 0.003428571428577934 0
0.01348314606742681 0.00457142857143491 0
0.01348314606743556 0.00571428571428742 0
0.01348314606744431 0.006857142857143719 0
0.01460674157301644 0.0011428571428595 0
0.01460674157302632 0.002285714285718826 0
0.0146067415730362 0.003428571428577741 0
0.01460674157304608 0.004571428571434707 0
0.01460674157305596 0.005714285714287315 0
0.01460674157306585 0.006857142857143665 0
0.01573033707863188 0.001142857142859443 0
0.01573033707864245 0.002285714285718698 0
0.01573033707865303 0.003428571428577546 0
0.0157303370786636 0.004571428571434505 0
0.01573033707867418 0.005714285714287209 0
0.01573033707868475 0.006857142857143613 0
0.01685393258424743 0.001142857142859386 0
0.01685393258425879 0.00228571428571857 0
0.01685393258427016 0.003428571428577353 0
0.01685393258428152 0.004571428571434303 0
0.0168539325842929 0.005714285714287101 0
0.01685393258430427 0.00685714285714356 0
0.01797752808986331 0.001142857142859328 0
0.01797752808987581 0.002285714285718443 0
0.01797752808988832 0.003428571428577159 0
0.01797752808990081 0.004571428571434102 0
0.01797752808991332 0.005714285714286996 0
0.01797752808992582 0.006857142857143506 0
0.01910112359547818 0.001142857142859271 0
0.01910112359549178 0.002285714285718315 0
0.01910112359550538 0.003428571428576965 0
0.01910112359551897 0.004571428571433899 0
0.01910112359553256 0.00571428571428689 0
0.01910112359554616 0.006857142857143453 0
0.02022471910109318 0.001142857142859214 0
0.02022471910110741 0.002285714285718189 0
0.02022471910112163 0.00342857142857677 0
0.02022471910113586 0.004571428571433696 0
0.02022471910115008 0.005714285714286785 0
0.02022471910116431 0.006857142857143401 0
0.02134831460670902 0.001142857142859157 0
0.02134831460672434 0.00228571428571806 0
0.02134831460673965 0.003428571428576576 0
0.02134831460675496 0.004571428571433495 0
0.02134831460677028 0.005714285714286678 0
0.02134831460678559 0.006857142857143349 0
0.02247191011232492 0.0011428571428591 0
0.02247191011234136 0.002285714285717934 0
0.0224719101123578 0.003428571428576381 0
0.02247191011237424 0.004571428571433294 0
0.02247191011239069 0.005714285714286573 0
0.02247191011240713 0.006857142857143293 0
0.02359550561794034 0.001142857142859043 0
0.02359550561795744 0.002285714285717805 0
0.02359550561797455 0.003428571428576188 0
0.02359550561799166 0.004571428571433092 0
0.02359550561800877 0.005714285714286466 0
0.02359550561802588 0.006857142857143241 0
0.02471910112355591 0.001142857142858986 0
0.02471910112357384 0.002285714285717679 0
0.02471910112359177 0.003428571428575995 0
0.0247191011236097 0.004571428571432888 0
0.02471910112362764 0.005714285714286361 0
0.02471910112364556 0.006857142857143187 0
0.02584269662917176 0.001142857142858929 0
0.02584269662919078 0.00228571428571755 0
0.02584269662920982 0.003428571428575801 0
0.02584269662922885 0.004571428571432687 0
0.02584269662924788 0.005714285714286255 0
0.02584269662926692 0.006857142857143133 0
0.02696629213478708 0.001142857142858871 0
0.02696629213480669 0.002285714285717423 0
0.0269662921348263 0.003428571428575606 0
0.02696629213484591 0.004571428571432485 0
0.02696629213486552 0.00571428571428615 0
0.02696629213488513 0.006857142857143081 0
0.02808988764040278 0.001142857142858815 0
0.02808988764042333 0.002285714285717295 0
0.02808988764044388 0.003428571428575412 0
0.02808988764046444 0.004571428571432284 0
0.02808988764048499 0.005714285714286043 0
0.02808988764050554 0.006857142857143029 0
0.02921348314601866 0.001142857142858758 0
0.02921348314604035 0.002285714285717169 0
0.02921348314606203 0.003428571428575217 0
0.02921348314608371 0.004571428571432081 0
0.02921348314610539 0.005714285714285935 0
0.02921348314612707 0.006857142857142976 0
0.03033707865163422 0.001142857142858701 0
0.03033707865165671 0.00228571428571704 0
0.03033707865167921 0.003428571428575024 0
0.03033707865170171 0.004571428571431878 0
0.0303370786517242 0.005714285714285832 0
0.03033707865174668 0.006857142857142922 0
0.03146067415724965 0.001142857142858643 0
0.03146067415727282 0.002285714285716914 0
0.03146067415729598 0.003428571428574829 0
0.03146067415731916 0.004571428571431677 0
0.03146067415734232 0.005714285714285724 0
0.03146067415736549 0.00685714285714287 0
0.03258426966286553 0.001142857142858586 0
0.03258426966288983 0.002285714285716785 0
0.03258426966291413 0.003428571428574636 0
0.03258426966293843 0.004571428571431476 0
0.03258426966296273 0.00571428571428562 0
0.03258426966298704 0.006857142857142818 0
0.03370786516848136 0.001142857142858529 0
0.03370786516850673 0.002285714285716658 0
0.0337078651685321 0.003428571428574443 0
0.03370786516855747 0.004571428571431274 0
0.03370786516858284 0.005714285714285513 0
0.03370786516860821 0.006857142857142762 0
0.03483146067409668 0.001142857142858472 0
0.03483146067412263 0.00228571428571653 0
0.03483146067414858 0.003428571428574248 0
0.03483146067417452 0.004571428571431071 0
0.03483146067420047 0.005714285714285407 0
0.03483146067422643 0.006857142857142709 0
0.03595505617971241 0.001142857142858415 0
0.03595505617973931 0.002285714285716402 0
0.03595505617976624 0.003428571428574054 0
0.03595505617979317 0.004571428571430868 0
0.03595505617982007 0.005714285714285301 0
0.035955056179847 0.006857142857142656 0
0.03707865168532768 0.001142857142858358 0
0.03707865168535571 0.002285714285716275 0
0.03707865168538376 0.003428571428573859 0
0.03707865168541182 0.004571428571430666 0
0.03707865168543987 0.005714285714285196 0
0.03707865168546792 0.006857142857142604 0
0.03820224719094161 0.001142857142858301 0
0.03820224719097079 0.002285714285716147 0
0.03820224719099997 0.003428571428573665 0
0.03820224719102915 0.004571428571430466 0
0.03820224719105833 0.005714285714285089 0
0.0382022471910875 0.006857142857142551 0
0.03932584269655711 0.001142857142858243 0
0.03932584269658714 0.00228571428571602 0
0.03932584269661719 0.003428571428573472 0
0.03932584269664726 0.004571428571430263 0
0.03932584269667731 0.005714285714284985 0
0.03932584269670737 0.006857142857142496 0
0.04044943820217285 0.001142857142858186 0
0.04044943820220389 0.002285714285715893 0
0.04044943820223497 0.003428571428573278 0
0.04044943820226601 0.00457142857143006 0
0.04044943820229707 0.005714285714284877 0
0.04044943820232813 0.006857142857142445 0
0.04157303370778849 0.001142857142858129 0
0.04157303370782046 0.002285714285715765 0
0.04157303370785239 0.003428571428573084 0
0.04157303370788435 0.004571428571429859 0
0.04157303370791631 0.005714285714284771 0
0.04157303370794826 0.006857142857142391 0
0.0426966292134041 0.001142857142858072 0
0.04269662921343691 0.002285714285715638 0
0.04269662921346971 0.003428571428572889 0
0.0426966292135025 0.004571428571429658 0
0.04269662921353531 0.005714285714284666 0
0.04269662921356811 0.006857142857142339 0
0.04382022471901974 0.001142857142858015 0
0.04382022471905339 0.00228571428571551 0
0.04382022471908707 0.003428571428572695 0
0.04382022471912075 0.004571428571429456 0
0.04382022471915442 0.00571428571428456 0
0.0438202247191881 0.006857142857142285 0
0.04494382022463549 0.001142857142857958 0
0.04494382022467022 0.002285714285715382 0
0.04494382022470491 0.003428571428572502 0
0.0449438202247396 0.004571428571429252 0
0.04494382022477433 0.005714285714284455 0
0.04494382022480902 0.006857142857142231 0
0.0460674157302511 0.001142857142857901 0
0.04606741573028666 0.002285714285715255 0
0.04606741573032221 0.003428571428572307 0
0.04606741573035777 0.00457142857142905 0
0.04606741573039333 0.005714285714284346 0
0.04606741573042888 0.006857142857142179 0
0.04719101123586671 0.001142857142857844 0
0.04719101123590311 0.002285714285715127 0
0.04719101123593953 0.003428571428572113 0
0.04719101123597595 0.004571428571428849 0
0.04719101123601237 0.005714285714284242 0
0.04719101123604876 0.006857142857142126 0
0.04831460674148248 0.001142857142857786 0
0.0483146067415199 0.002285714285715 0
0.04831460674155734 0.00342857142857192 0
0.04831460674159476 0.004571428571428648 0
0.04831460674163218 0.005714285714284137 0
0.0483146067416696 0.006857142857142074 0
0.04943820224709838 0.00114285714285773 0
0.04943820224713658 0.002285714285714872 0
0.04943820224717477 0.003428571428571726 0
0.04943820224721298 0.004571428571428444 0
0.04943820224725117 0.005714285714284031 0
0.04943820224728938 0.00685714285714202 0
0.05056179775271608 0.001142857142857673 0
0.05056179775275429 0.002285714285714745 0
0.05056179775279251 0.003428571428571531 0
0.05056179775283072 0.004571428571428242 0
0.05056179775286895 0.005714285714283923 0
0.05056179775290716 0.006857142857141966 0
0.05168539325833578 0.001142857142857615 0
0.05168539325837324 0.002285714285714616 0
0.05168539325841073 0.003428571428571337 0
0.05168539325844821 0.004571428571428041 0
0.05168539325848567 0.005714285714283819 0
0.05168539325852316 0.006857142857141914 0
0.05280898876395653 0.001142857142857558 0
0.05280898876399304 0.00228571428571449 0
0.05280898876402952 0.003428571428571143 0
0.05280898876406601 0.004571428571427839 0
0.05280898876410252 0.005714285714283712 0
0.05280898876413899 0.00685714285714186 0
0.05393258426957631 0.001142857142857501 0
0.05393258426961197 0.002285714285714362 0
0.05393258426964768 0.003428571428570948 0
0.05393258426968334 0.004571428571427638 0
0.053932584269719 0.005714285714283607 0
0.0539325842697547 0.006857142857141808 0
0.05505617977519608 0.001142857142857444 0
0.05505617977523095 0.002285714285714235 0
0.0550561797752658 0.003428571428570755 0
0.05505617977530067 0.004571428571427435 0
0.05505617977533554 0.0057142857142835 0
0.05505617977537039 0.006857142857141754 0
0.05617977528081693 0.001142857142857387 0
0.05617977528085078 0.002285714285714107 0
0.05617977528088464 0.003428571428570562 0
0.05617977528091853 0.004571428571427232 0
0.05617977528095239 0.005714285714283396 0
0.05617977528098624 0.006857142857141701 0
0.05730337078643681 0.00114285714285733 0
0.05730337078646982 0.00228571428571398 0
0.05730337078650285 0.003428571428570368 0
0.05730337078653589 0.004571428571427031 0
0.05730337078656893 0.005714285714283288 0
0.05730337078660194 0.006857142857141649 0
0.05842696629205658 0.001142857142857273 0
0.05842696629208879 0.002285714285713852 0
0.058426966292121 0.003428571428570173 0
0.05842696629215321 0.00457142857142683 0
0.05842696629218543 0.005714285714283184 0
0.05842696629221764 0.006857142857141595 0
0.05955056179767661 0.001142857142857215 0
0.05955056179770796 0.002285714285713725 0
0.05955056179773931 0.003428571428569979 0
0.05955056179777066 0.004571428571426628 0
0.05955056179780201 0.005714285714283077 0
0.05955056179783336 0.006857142857141541 0
0.0606741573032973 0.001142857142857158 0
0.06067415730332768 0.002285714285713596 0
0.06067415730335807 0.003428571428569785 0
0.06067415730338845 0.004571428571426426 0
0.06067415730341883 0.005714285714282971 0
0.06067415730344921 0.006857142857141489 0
0.06179775280891709 0.001142857142857101 0
0.06179775280894664 0.00228571428571347 0
0.06179775280897621 0.003428571428569591 0
0.06179775280900577 0.004571428571426222 0
0.06179775280903533 0.005714285714282865 0
0.06179775280906488 0.006857142857141435 0
0.06292134831453682 0.001142857142857044 0
0.06292134831456557 0.002285714285713342 0
0.06292134831459432 0.003428571428569397 0
0.06292134831462308 0.004571428571426022 0
0.06292134831465182 0.005714285714282759 0
0.06292134831468056 0.006857142857141381 0
0.06404494382015777 0.001142857142856987 0
0.06404494382018551 0.002285714285713215 0
0.06404494382021325 0.003428571428569204 0
0.06404494382024097 0.004571428571425821 0
0.06404494382026869 0.005714285714282653 0
0.06404494382029645 0.006857142857141329 0
0.06516853932577822 0.00114285714285693 0
0.06516853932580505 0.002285714285713087 0
0.06516853932583183 0.003428571428569009 0
0.06516853932585863 0.004571428571425618 0
0.06516853932588546 0.005714285714282546 0
0.06516853932591225 0.006857142857141276 0
0.06629213483139634 0.001142857142856873 0
0.06629213483142261 0.00228571428571296 0
0.06629213483144886 0.003428571428568815 0
0.06629213483147513 0.004571428571425415 0
0.06629213483150141 0.005714285714282442 0
0.06629213483152767 0.006857142857141224 0
0.06741573033701746 0.001142857142856816 0
0.06741573033704266 0.002285714285712831 0
0.06741573033706789 0.00342857142856862 0
0.06741573033709312 0.004571428571425213 0
0.06741573033711833 0.005714285714282334 0
0.06741573033714356 0.00685714285714117 0
0.06853932584263892 0.001142857142856758 0
0.06853932584266303 0.002285714285712705 0
0.06853932584268715 0.003428571428568426 0
0.06853932584271126 0.004571428571425012 0
0.06853932584273539 0.00571428571428223 0
0.06853932584275954 0.006857142857141118 0
0.06966292134825765 0.001142857142856701 0
0.0696629213482811 0.002285714285712577 0
0.0696629213483046 0.003428571428568233 0
0.06966292134832806 0.004571428571424811 0
0.06966292134835157 0.005714285714282123 0
0.06966292134837505 0.006857142857141064 0
0.07078651685387717 0.001142857142856645 0
0.07078651685389988 0.002285714285712449 0
0.07078651685392259 0.00342857142856804 0
0.07078651685394528 0.004571428571424606 0
0.070786516853968 0.005714285714282018 0
0.07078651685399069 0.006857142857141012 0
0.07191011235949861 0.001142857142856587 0
0.0719101123595202 0.002285714285712322 0
0.07191011235954183 0.003428571428567844 0
0.07191011235956342 0.004571428571424405 0
0.07191011235958503 0.005714285714281911 0
0.07191011235960665 0.006857142857140957 0
0.07303370786511894 0.00114285714285653 0
0.07303370786513964 0.002285714285712194 0
0.07303370786516032 0.003428571428567651 0
0.07303370786518103 0.004571428571424204 0
0.07303370786520173 0.005714285714281806 0
0.07303370786522244 0.006857142857140904 0
0.07415730337073702 0.001142857142856473 0
0.0741573033707572 0.002285714285712067 0
0.07415730337077735 0.003428571428567456 0
0.07415730337079753 0.004571428571424003 0
0.07415730337081768 0.005714285714281698 0
0.07415730337083785 0.006857142857140852 0
0.07528089887635829 0.001142857142856416 0
0.07528089887637739 0.002285714285711939 0
0.07528089887639648 0.003428571428567262 0
0.07528089887641558 0.0045714285714238 0
0.07528089887643466 0.005714285714281594 0
0.07528089887645377 0.006857142857140799 0
0.07640449438197791 0.001142857142856359 0
0.07640449438199622 0.002285714285711811 0
0.07640449438201452 0.003428571428567068 0
0.07640449438203283 0.004571428571423597 0
0.07640449438205116 0.005714285714281488 0
0.07640449438206941 0.006857142857140746 0
0.07752808988759657 0.001142857142856302 0
0.07752808988761421 0.002285714285711684 0
0.07752808988763189 0.003428571428566875 0
0.07752808988764957 0.004571428571423394 0
0.07752808988766725 0.005714285714281384 0
0.07752808988768493 0.006857142857140691 0
0.07865168539321801 0.001142857142856245 0
0.07865168539323457 0.002285714285711556 0
0.07865168539325117 0.003428571428566681 0
0.07865168539326772 0.004571428571423193 0
0.07865168539328432 0.005714285714281276 0
0.07865168539330089 0.006857142857140639 0
0.07977528089883922 0.001142857142856188 0
0.0797752808988547 0.002285714285711429 0
0.07977528089887022 0.003428571428566487 0
0.07977528089888579 0.004571428571422993 0
0.0797752808989013 0.00571428571428117 0
0.07977528089891683 0.006857142857140587 0
0.0808988764044573 0.00114285714285613 0
0.08089887640447228 0.002285714285711302 0
0.08089887640448726 0.003428571428566293 0
0.08089887640450226 0.00457142857142279 0
0.08089887640451725 0.005714285714281063 0
0.08089887640453225 0.006857142857140533 0
0.08202247191007772 0.001142857142856073 0
0.08202247191009179 0.002285714285711174 0
0.08202247191010585 0.003428571428566098 0
0.08202247191011988 0.004571428571422587 0
0.08202247191013395 0.005714285714280958 0
0.08202247191014803 0.006857142857140479 0
0.08314606741569916 0.001142857142856016 0
0.08314606741571212 0.002285714285711046 0
0.08314606741572508 0.003428571428565904 0
0.08314606741573805 0.004571428571422385 0
0.08314606741575101 0.005714285714280853 0
0.083146067415764 0.006857142857140428 0
0.08426966292131859 0.001142857142855959 0
0.0842696629213308 0.002285714285710919 0
0.08426966292134301 0.00342857142856571 0
0.0842696629213552 0.004571428571422185 0
0.08426966292136741 0.005714285714280744 0
0.08426966292137963 0.006857142857140374 0
0.08539325842693739 0.001142857142855902 0
0.08539325842694896 0.002285714285710792 0
0.08539325842696051 0.003428571428565516 0
0.08539325842697203 0.004571428571421982 0
0.0853932584269836 0.00571428571428064 0
0.08539325842699512 0.006857142857140321 0
0.08651685393255887 0.001142857142855845 0
0.0865168539325693 0.002285714285710664 0
0.08651685393257974 0.003428571428565322 0
0.0865168539325902 0.004571428571421779 0
0.08651685393260064 0.005714285714280535 0
0.0865168539326111 0.006857142857140268 0
0.08764044943817993 0.001142857142855788 0
0.08764044943818933 0.002285714285710536 0
0.08764044943819871 0.003428571428565128 0
0.08764044943820819 0.004571428571421577 0
0.08764044943821758 0.005714285714280429 0
0.08764044943822699 0.006857142857140214 0
0.088764044943798 0.00114285714285573 0
0.08876404494380688 0.002285714285710409 0
0.08876404494381575 0.003428571428564934 0
0.08876404494382463 0.004571428571421375 0
0.08876404494383354 0.005714285714280323 0
0.08876404494384241 0.006857142857140159 0
0.08988764044941855 0.001142857142855673 0
0.08988764044942649 0.002285714285710281 0
0.0898876404494344 0.00342857142856474 0
0.08988764044944238 0.004571428571421175 0
0.08988764044945026 0.005714285714280218 0
0.08988764044945821 0.006857142857140108 0
0.09101123595503999 0.001142857142855616 0
0.0910112359550468 0.002285714285710154 0
0.09101123595505368 0.003428571428564546 0
0.09101123595506051 0.004571428571420972 0
0.09101123595506734 0.00571428571428011 0
0.0910112359550742 0.006857142857140056 0
0.09213483146065929 0.00114285714285556 0
0.0921348314606654 0.002285714285710026 0
0.0921348314606715 0.003428571428564352 0
0.09213483146067759 0.004571428571420769 0
0.09213483146068371 0.005714285714280006 0
0.09213483146068979 0.006857142857140002 0
0.09325842696627824 0.001142857142855502 0
0.09325842696628368 0.002285714285709898 0
0.0932584269662891 0.003428571428564158 0
0.09325842696629451 0.004571428571420567 0
0.09325842696629996 0.005714285714279899 0
0.09325842696630533 0.006857142857139949 0
0.09438202247189971 0.001142857142855445 0
0.09438202247190401 0.002285714285709772 0
0.09438202247190834 0.003428571428563965 0
0.09438202247191267 0.004571428571420367 0
0.09438202247191699 0.005714285714279795 0
0.09438202247192128 0.006857142857139896 0
0.09550561797752059 0.001142857142855388 0
0.09550561797752385 0.002285714285709643 0
0.0955056179775272 0.00342857142856377 0
0.09550561797753053 0.004571428571420164 0
0.09550561797753386 0.005714285714279688 0
0.09550561797753718 0.006857142857139843 0
0.09662921348313869 0.001142857142855331 0
0.09662921348314146 0.002285714285709517 0
0.09662921348314424 0.003428571428563576 0
0.09662921348314703 0.004571428571419962 0
0.09662921348314983 0.005714285714279581 0
0.09662921348315259 0.006857142857139789 0
0.09775280898875936 0.001142857142855273 0
0.09775280898876119 0.002285714285709388 0
0.09775280898876298 0.003428571428563381 0
0.0977528089887648 0.004571428571419759 0
0.09775280898876665 0.005714285714279475 0
0.09775280898876841 0.006857142857139736 0
0.09887640449438084 0.001142857142855217 0
0.09887640449438152 0.002285714285709262 0
0.09887640449438227 0.003428571428563188 0
0.09887640449438299 0.004571428571419559 0
0.09887640449438369 0.00571428571427937 0
0.0988764044943844 0.006857142857139685 0
2 25 0 0
2 26 0 528
1105
1106
1107
1108
1109
1110
1111
1112
1113
1114
1115
1116
1117
1118
1119
1120
1121
1122
1123
1124
1125
1126
1127
1128
1129
1130
1131
1132
1133
1134
1135
1136
1137
1138
1139
1140
1141
1142
1143
1144
1145
1146
1147
1148
1149
1150
1151
1152
1153
1154
1155
1156
1157
1158
1159
1160
1161
1162
1163
1164
1165
1166
1167
1168
1169
1170
1171
1172
1173
1174
1175
1176
1177
1178
1179
1180
1181
1182
1183
1184
1185
1186
1187
1188
1189
1190
1191
1192
1193
1194
1195
1196
1197
1198
1199
1200
1201
1202
1203
1204
1205
1206
1207
1208
1209
1210
1211
1212
1213
1214
1215
1216
1217
1218
1219
1220
1221
1222
1223
1224
1225
1226
1227
1228
1229
1230
1231
1232
1233
1234
1235
1236
1237
1238
1239
1240
1241
1242
1243
1244
1245
1246
1247
1248
1249
1250
1251
1252
1253
1254
1255
1256
1257
1258
1259
1260
1261
1262
1263
1264
1265
1266
1267
1268
1269
1270
1271
1272
1273
1274
1275
1276
1277
1278
1279
1280
1281
1282
1283
1284
1285
1286
1287
1288
1289
1290
1291
1292
1293
1294
1295
1296
1297
1298
1299
1300
1301
1302
1303
1304
1305
1306
1307
1308
1309
1310
1311
1312
1313
1314
1315
1316
1317
1318
1319
1320
1321
1322
1323
1324
1325
1326
1327
1328
1329
1330
1331
1332
1333
1334
1335
1336
1337
1338
1339
1340
1341
1342
1343
1344
1345
1346
1347
1348
1349
1350
1351
1352
1353
1354
1355
1356
1357
1358
1359
1360
1361
1362
1363
1364
1365
1366
1367
1368
1369
1370
1371
1372
1373
1374
1375
1376
1377
1378
1379
1380
1381
1382
1383
1384
1385
1386
1387
1388
1389
1390
1391
1392
1393
1394
1395
1396
1397
1398
1399
1400
1401
1402
1403
1404
1405
1406
1407
1408
1409
1410
1411
1412
1413
1414
1415
1416
1417
1418
1419
1420
1421
1422
1423
1424
1425
1426
1427
1428
1429
1430
1431
1432
1433
1434
1435
1436
1437
1438
1439
1440
1441
1442
1443
1444
1445
1446
1447
1448
1449
1450
1451
1452
1453
1454
1455
1456
1457
1458
1459
1460
1461
1462
1463
1464
1465
1466
1467
1468
1469
1470
1471
1472
1473
1474
1475
1476
1477
1478
1479
1480
1481
1482
1483
1484
1485
1486
1487
1488
1489
1490
1491
1492
1493
1494
1495
1496
1497
1498
1499
1500
1501
1502
1503
1504
1505
1506
1507
1508
1509
1510
1511
1512
1513
1514
1515
1516
1517
1518
1519
1520
1521
1522
1523
1524
1525
1526
1527
1528
1529
1530
1531
1532
1533
1534
1535
1536
1537
1538
1539
1540
1541
1542
1543
1544
1545
1546
1547
1548
1549
1550
1551
1552
1553
1554
1555
1556
1557
1558
1559
1560
1561
1562
1563
1564
1565
1566
1567
1568
1569
1570
1571
1572
1573
1574
1575
1576
1577
1578
1579
1580
1581
1582
1583
1584
1585
1586
1587
1588
1589
1590
1591
1592
1593
1594
1595
1596
1597
1598
1599
1600
1601
1602
1603
1604
1605
1606
1607
1608
1609
1610
1611
1612
1613
1614
1615
1616
1617
1618
1619
1620
1621
1622
1623
1624
1625
1626
1627
1628
1629
1630
1631
1632
0.00112359550561651 0.001142857142860185 0.0004
0.001123595505617084 0.002285714285720356 0.0004
0.001123595505617658 0.003428571428580069 0.0004
0.001123595505618232 0.004571428571437131 0.0004
0.001123595505618806 0.005714285714288586 0.0004
0.00112359550561938 0.006857142857144303 0.0004
0.002247191011233436 0.001142857142860128 0.0004
0.002247191011234969 0.002285714285720229 0.0004
0.0022471910112365 0.003428571428579876 0.0004
0.002247191011238031 0.00457142857143693 0.0004
0.002247191011239563 0.005714285714288479 0.0004
0.002247191011241095 0.006857142857144252 0.0004
0.003370786516850122 0.001142857142860071 0.0004
0.003370786516852509 0.002285714285720101 0.0004
0.003370786516854895 0.003428571428579681 0.0004
0.003370786516857281 0.004571428571436728 0.0004
0.003370786516859667 0.005714285714288374 0.0004
0.003370786516862053 0.006857142857144196 0.0004
0.004494382022466176 0.001142857142860014 0.0004
0.004494382022469017 0.002285714285719974 0.0004
0.004494382022471859 0.003428571428579487 0.0004
0.0044943820224747 0.004571428571436524 0.0004
0.004494382022477544 0.005714285714288267 0.0004
0.004494382022480385 0.006857142857144143 0.0004
0.005617977528082642 0.001142857142859956 0.0004
0.005617977528086402 0.002285714285719846 0.0004
0.005617977528090162 0.003428571428579292 0.0004
0.005617977528093923 0.004571428571436323 0.0004
0.005617977528097684 0.005714285714288162 0.0004
0.005617977528101445 0.006857142857144091 0.0004
0.006741573033699661 0.001142857142859899 0.0004
0.006741573033704364 0.002285714285719718 0.0004
0.006741573033709067 0.003428571428579098 0.0004
0.006741573033713771 0.004571428571436121 0.0004
0.006741573033718476 0.005714285714288054 0.0004
0.006741573033723177 0.006857142857144039 0.0004
0.007865168539316547 0.001142857142859842 0.0004
0.00786516853932173 0.00228571428571959 0.0004
0.007865168539326913 0.003428571428578905 0.0004
0.007865168539332097 0.00457142857143592 0.0004
0.007865168539337284 0.005714285714287949 0.0004
0.007865168539342469 0.006857142857143984 0.0004
0.008988764044933593 0.001142857142859786 0.0004
0.008988764044939297 0.002285714285719464 0.0004
0.008988764044944997 0.003428571428578711 0.0004
0.008988764044950704 0.004571428571435717 0.0004
0.008988764044956408 0.005714285714287845 0.0004
0.008988764044962108 0.006857142857143931 0.0004
0.01011235955055073 0.001142857142859728 0.0004
0.01011235955055735 0.002285714285719335 0.0004
0.01011235955056397 0.003428571428578517 0.0004
0.01011235955057059 0.004571428571435514 0.0004
0.01011235955057722 0.005714285714287736 0.0004
0.01011235955058384 0.006857142857143879 0.0004
0.01123595505616801 0.001142857142859671 0.0004
0.01123595505617535 0.002285714285719209 0.0004
0.01123595505618271 0.003428571428578323 0.0004
0.01123595505619005 0.004571428571435312 0.0004
0.01123595505619741 0.005714285714287632 0.0004
0.01123595505620476 0.006857142857143825 0.0004
0.01235955056178434 0.001142857142859614 0.0004
0.0123595505617921 0.002285714285719081 0.0004
0.01235955056179986 0.003428571428578129 0.0004
0.01235955056180761 0.004571428571435111 0.0004
0.01235955056181537 0.005714285714287525 0.0004
0.01235955056182312 0.006857142857143771 0.0004
0.01348314606740056 0.001142857142859557 0.0004
0.01348314606740931 0.002285714285718954 0.0004
0.01348314606741806 0.003428571428577934 0.0004
0.01348314606742681 0.00457142857143491 0.0004
0.01348314606743556 0.00571428571428742 0.0004
0.01348314606744431 0.006857142857143719 0.0004
0.01460674157301644 0.0011428571428595 0.0004
0.01460674157302632 0.002285714285718826 0.0004
0.0146067415730362 0.003428571428577741 0.0004
0.01460674157304608 0.004571428571434707 0.0004
0.01460674157305596 0.005714285714287315 0.0004
0.01460674157306585 0.006857142857143665 0.0004
0.01573033707863188 0.001142857142859443 0.0004
0.01573033707864245 0.002285714285718698 0.0004
0.01573033707865303 0.003428571428577546 0.0004
0.0157303370786636 0.004571428571434505 0.0004
0.01573033707867418 0.005714285714287209 0.0004
0.01573033707868475 0.006857142857143613 0.0004
0.01685393258424743 0.001142857142859386 0.0004
0.01685393258425879 0.00228571428571857 0.0004
0.01685393258427016 0.003428571428577353 0.0004
0.01685393258428152 0.004571428571434303 0.0004
0.0168539325842929 0.005714285714287101 0.0004
0.01685393258430427 0.00685714285714356 0.0004
0.01797752808986331 0.001142857142859328 0.0004
0.01797752808987581 0.002285714285718443 0.0004
0.01797752808988832 0.003428571428577159 0.0004
0.01797752808990081 0.004571428571434102 0.0004
0.01797752808991332 0.005714285714286996 0.0004
0.01797752808992582 0.006857142857143506 0.0004
0.01910112359547818 0.001142857142859271 0.0004
0.01910112359549178 0.002285714285718315 0.0004
0.01910112359550538 0.003428571428576965 0.0004
0.01910112359551897 0.004571428571433899 0.0004
0.01910112359553256 0.00571428571428689 0.0004
0.01910112359554616 0.006857142857143453 0.0004
0.02022471910109318 0.001142857142859214 0.0004
0.02022471910110741 0.002285714285718189 0.0004
0.02022471910112163 0.00342857142857677 0.0004
0.02022471910113586 0.004571428571433696 0.0004
0.02022471910115008 0.005714285714286785 0.0004
0.02022471910116431 0.006857142857143401 0.0004
0.02134831460670902 0.001142857142859157 0.0004
0.02134831460672434 0.00228571428571806 0.0004
0.02134831460673965 0.003428571428576576 0.0004
0.02134831460675496 0.004571428571433495 0.0004
0.02134831460677028 0.005714285714286678 0.0004
0.02134831460678559 0.006857142857143349 0.0004
0.02247191011232492 0.0011428571428591 0.0004
0.02247191011234136 0.002285714285717934 0.0004
0.0224719101123578 0.003428571428576381 0.0004
0.02247191011237424 0.004571428571433294 0.0004
0.02247191011239069 0.005714285714286573 0.0004
0.02247191011240713 0.006857142857143293 0.0004
0.02359550561794034 0.001142857142859043 0.0004
0.02359550561795744 0.002285714285717805 0.0004
0.02359550561797455 0.003428571428576188 0.0004
0.02359550561799166 0.004571428571433092 0.0004
0.02359550561800877 0.005714285714286466 0.0004
0.02359550561802588 0.006857142857143241 0.0004
0.02471910112355591 0.001142857142858986 0.0004
0.02471910112357384 0.002285714285717679 0.0004
0.02471910112359177 0.003428571428575995 0.0004
0.0247191011236097 0.004571428571432888 0.0004
0.02471910112362764 0.005714285714286361 0.0004
0.02471910112364556 0.006857142857143187 0.0004
0.02584269662917176 0.001142857142858929 0.0004
0.02584269662919078 0.00228571428571755 0.0004
0.02584269662920982 0.003428571428575801 0.0004
0.02584269662922885 0.004571428571432687 0.0004
0.02584269662924788 0.005714285714286255 0.0004
0.02584269662926692 0.006857142857143133 0.0004
0.02696629213478708 0.001142857142858871 0.0004
0.02696629213480669 0.002285714285717423 0.0004
0.0269662921348263 0.003428571428575606 0.0004
0.02696629213484591 0.004571428571432485 0.0004
0.02696629213486552 0.00571428571428615 0.0004
0.02696629213488513 0.006857142857143081 0.0004
0.02808988764040278 0.001142857142858815 0.0004
0.02808988764042333 0.002285714285717295 0.0004
0.02808988764044388 0.003428571428575412 0.0004
0.02808988764046444 0.004571428571432284 0.0004
0.02808988764048499 0.005714285714286043 0.0004
0.02808988764050554 0.006857142857143029 0.0004
0.02921348314601866 0.001142857142858758 0.0004
0.02921348314604035 0.002285714285717169 0.0004
0.02921348314606203 0.003428571428575217 0.0004
0.02921348314608371 0.004571428571432081 0.0004
0.02921348314610539 0.005714285714285935 0.0004
0.02921348314612707 0.006857142857142976 0.0004
0.03033707865163422 0.001142857142858701 0.0004
0.03033707865165671 0.00228571428571704 0.0004
0.03033707865167921 0.003428571428575024 0.0004
0.03033707865170171 0.004571428571431878 0.0004
0.0303370786517242 0.005714285714285832 0.0004
0.03033707865174668 0.006857142857142922 0.0004
0.03146067415724965 0.001142857142858643 0.0004
0.03146067415727282 0.002285714285716914 0.0004
0.03146067415729598 0.003428571428574829 0.0004
0.03146067415731916 0.004571428571431677 0.0004
0.03146067415734232 0.005714285714285724 0.0004
0.03146067415736549 0.00685714285714287 0.0004
0.03258426966286553 0.001142857142858586 0.0004
0.03258426966288983 0.002285714285716785 0.0004
0.03258426966291413 0.003428571428574636 0.0004
0.03258426966293843 0.004571428571431476 0.0004
0.03258426966296273 0.00571428571428562 0.0004
0.03258426966298704 0.006857142857142818 0.0004
0.03370786516848136 0.001142857142858529 0.0004
0.03370786516850673 0.002285714285716658 0.0004
0.0337078651685321 0.003428571428574443 0.0004
0.03370786516855747 0.004571428571431274 0.0004
0.03370786516858284 0.005714285714285513 0.0004
0.03370786516860821 0.006857142857142762 0.0004
0.03483146067409668 0.001142857142858472 0.0004
0.03483146067412263 0.00228571428571653 0.0004
0.03483146067414858 0.003428571428574248 0.0004
0.03483146067417452 0.004571428571431071 0.0004
0.03483146067420047 0.005714285714285407 0.0004
0.03483146067422643 0.006857142857142709 0.0004
0.03595505617971241 0.001142857142858415 0.0004
0.03595505617973931 0.002285714285716402 0.0004
0.03595505617976624 0.003428571428574054 0.0004
0.03595505617979317 0.004571428571430868 0.0004
0.03595505617982007 0.005714285714285301 0.0004
0.035955056179847 0.006857142857142656 0.0004
0.03707865168532768 0.001142857142858358 0.0004
0.03707865168535571 0.002285714285716275 0.0004
0.03707865168538376 0.003428571428573859 0.0004
0.03707865168541182 0.004571428571430666 0.0004
0.03707865168543987 0.005714285714285196 0.0004
0.03707865168546792 0.006857142857142604 0.0004
0.03820224719094161 0.001142857142858301 0.0004
0.03820224719097079 0.002285714285716147 0.0004
0.03820224719099997 0.003428571428573665 0.0004
0.03820224719102915 0.004571428571430466 0.0004
0.03820224719105833 0.005714285714285089 0.0004
0.0382022471910875 0.006857142857142551 0.0004
0.03932584269655711 0.001142857142858243 0.0004
0.03932584269658714 0.00228571428571602 0.0004
0.03932584269661719 0.003428571428573472 0.0004
0.03932584269664726 0.004571428571430263 0.0004
0.03932584269667731 0.005714285714284985 0.0004
0.03932584269670737 0.006857142857142496 0.0004
0.04044943820217285 0.001142857142858186 0.0004
0.04044943820220389 0.002285714285715893 0.0004
0.04044943820223497 0.003428571428573278 0.0004
0.04044943820226601 0.00457142857143006 0.0004
0.04044943820229707 0.005714285714284877 0.0004
0.04044943820232813 0.006857142857142445 0.0004
0.04157303370778849 0.001142857142858129 0.0004
0.04157303370782046 0.002285714285715765 0.0004
0.04157303370785239 0.003428571428573084 0.0004
0.04157303370788435 0.004571428571429859 0.0004
0.04157303370791631 0.005714285714284771 0.0004
0.04157303370794826 0.006857142857142391 0.0004
0.0426966292134041 0.001142857142858072 0.0004
0.04269662921343691 0.002285714285715638 0.0004
0.04269662921346971 0.003428571428572889 0.0004
0.0426966292135025 0.004571428571429658 0.0004
0.04269662921353531 0.005714285714284666 0.0004
0.04269662921356811 0.006857142857142339 0.0004
0.04382022471901974 0.001142857142858015 0.0004
0.04382022471905339 0.00228571428571551 0.0004
0.04382022471908707 0.003428571428572695 0.0004
0.04382022471912075 0.004571428571429456 0.0004
0.04382022471915442 0.00571428571428456 0.0004
0.0438202247191881 0.006857142857142285 0.0004
0.04494382022463549 0.001142857142857958 0.0004
0.04494382022467022 0.002285714285715382 0.0004
0.04494382022470491 0.003428571428572502 0.0004
0.0449438202247396 0.004571428571429252 0.0004
0.04494382022477433 0.005714285714284455 0.0004
0.04494382022480902 0.006857142857142231 0.0004
0.0460674157302511 0.001142857142857901 0.0004
0.04606741573028666 0.002285714285715255 0.0004
0.04606741573032221 0.003428571428572307 0.0004
0.04606741573035777 0.00457142857142905 0.0004
0.04606741573039333 0.005714285714284346 0.0004
0.04606741573042888 0.006857142857142179 0.0004
0.04719101123586671 0.001142857142857844 0.0004
0.04719101123590311 0.002285714285715127 0.0004
0.04719101123593953 0.003428571428572113 0.0004
0.04719101123597595 0.004571428571428849 0.0004
0.04719101123601237 0.005714285714284242 0.0004
0.04719101123604876 0.006857142857142126 0.0004
0.04831460674148248 0.001142857142857786 0.0004
0.0483146067415199 0.002285714285715 0.0004
0.04831460674155734 0.00342857142857192 0.0004
0.04831460674159476 0.004571428571428648 0.0004
0.04831460674163218 0.005714285714284137 0.0004
0.0483146067416696 0.006857142857142074 0.0004
0.04943820224709838 0.00114285714285773 0.0004
0.04943820224713658 0.002285714285714872 0.0004
0.04943820224717477 0.003428571428571726 0.0004
0.04943820224721298 0.004571428571428444 0.0004
0.04943820224725117 0.005714285714284031 0.0004
0.04943820224728938 0.00685714285714202 0.0004
0.05056179775271608 0.001142857142857673 0.0004
0.05056179775275429 0.002285714285714745 0.0004
0.05056179775279251 0.003428571428571531 0.0004
0.05056179775283072 0.004571428571428242 0.0004
0.05056179775286895 0.005714285714283923 0.0004
0.05056179775290716 0.006857142857141966 0.0004
0.05168539325833578 0.001142857142857615 0.0004
0.05168539325837324 0.002285714285714616 0.0004
0.05168539325841073 0.003428571428571337 0.0004
0.05168539325844821 0.004571428571428041 0.0004
0.05168539325848567 0.005714285714283819 0.0004
0.05168539325852316 0.006857142857141914 0.0004
0.05280898876395653 0.001142857142857558 0.0004
0.05280898876399304 0.00228571428571449 0.0004
0.05280898876402952 0.003428571428571143 0.0004
0.05280898876406601 0.004571428571427839 0.0004
0.05280898876410252 0.005714285714283712 0.0004
0.05280898876413899 0.00685714285714186 0.0004
0.05393258426957631 0.001142857142857501 0.0004
0.05393258426961197 0.002285714285714362 0.0004
0.05393258426964768 0.003428571428570948 0.0004
0.05393258426968334 0.004571428571427638 0.0004
0.053932584269719 0.005714285714283607 0.0004
0.0539325842697547 0.006857142857141808 0.0004
0.05505617977519608 0.001142857142857444 0.0004
0.05505617977523095 0.002285714285714235 0.0004
0.0550561797752658 0.003428571428570755 0.0004
0.05505617977530067 0.004571428571427435 0.0004
0.05505617977533554 0.0057142857142835 0.0004
0.05505617977537039 0.006857142857141754 0.0004
0.05617977528081693 0.001142857142857387 0.0004
0.05617977528085078 0.002285714285714107 0.0004
0.05617977528088464 0.003428571428570562 0.0004
0.05617977528091853 0.004571428571427232 0.0004
0.05617977528095239 0.005714285714283396 0.0004
0.05617977528098624 0.006857142857141701 0.0004
0.05730337078643681 0.00114285714285733 0.0004
0.05730337078646982 0.00228571428571398 0.0004
0.05730337078650285 0.003428571428570368 0.0004
0.05730337078653589 0.004571428571427031 0.0004
0.05730337078656893 0.005714285714283288 0.0004
0.05730337078660194 0.006857142857141649 0.0004
0.05842696629205658 0.001142857142857273 0.0004
0.05842696629208879 0.002285714285713852 0.0004
0.058426966292121 0.003428571428570173 0.0004
0.05842696629215321 0.00457142857142683 0.0004
0.05842696629218543 0.005714285714283184 0.0004
0.05842696629221764 0.006857142857141595 0.0004
0.05955056179767661 0.001142857142857215 0.0004
0.05955056179770796 0.002285714285713725 0.0004
0.05955056179773931 0.003428571428569979 0.0004
0.05955056179777066 0.004571428571426628 0.0004
0.05955056179780201 0.005714285714283077 0.0004
0.05955056179783336 0.006857142857141541 0.0004
0.0606741573032973 0.001142857142857158 0.0004
0.06067415730332768 0.002285714285713596 0.0004
0.06067415730335807 0.003428571428569785 0.0004
0.06067415730338845 0.004571428571426426 0.0004
0.06067415730341883 0.005714285714282971 0.0004
0.06067415730344921 0.006857142857141489 0.0004
0.06179775280891709 0.001142857142857101 0.0004
0.06179775280894664 0.00228571428571347 0.0004
0.06179775280897621 0.003428571428569591 0.0004
0.06179775280900577 0.004571428571426222 0.0004
0.06179775280903533 0.005714285714282865 0.0004
0.06179775280906488 0.006857142857141435 0.0004
0.06292134831453682 0.001142857142857044 0.0004
0.06292134831456557 0.002285714285713342 0.0004
0.06292134831459432 0.003428571428569397 0.0004
0.06292134831462308 0.004571428571426022 0.0004
0.06292134831465182 0.005714285714282759 0.0004
0.06292134831468056 0.006857142857141381 0.0004
0.06404494382015777 0.001142857142856987 0.0004
0.06404494382018551 0.002285714285713215 0.0004
0.06404494382021325 0.003428571428569204 0.0004
0.06404494382024097 0.004571428571425821 0.0004
0.06404494382026869 0.005714285714282653 0.0004
0.06404494382029645 0.006857142857141329 0.0004
0.06516853932577822 0.00114285714285693 0.0004
0.06516853932580505 0.002285714285713087 0.0004
0.06516853932583183 0.003428571428569009 0.0004
0.06516853932585863 0.004571428571425618 0.0004
0.06516853932588546 0.005714285714282546 0.0004
0.06516853932591225 0.006857142857141276 0.0004
0.06629213483139634 0.001142857142856873 0.0004
0.06629213483142261 0.00228571428571296 0.0004
0.06629213483144886 0.003428571428568815 0.0004
0.06629213483147513 0.004571428571425415 0.0004
0.06629213483150141 0.005714285714282442 0.0004
0.06629213483152767 0.006857142857141224 0.0004
0.06741573033701746 0.001142857142856816 0.0004
0.06741573033704266 0.002285714285712831 0.0004
0.06741573033706789 0.00342857142856862 0.0004
0.06741573033709312 0.004571428571425213 0.0004
0.06741573033711833 0.005714285714282334 0.0004
0.06741573033714356 0.00685714285714117 0.0004
0.06853932584263892 0.001142857142856758 0.0004
0.06853932584266303 0.002285714285712705 0.0004
0.06853932584268715 0.003428571428568426 0.0004
0.06853932584271126 0.004571428571425012 0.0004
0.06853932584273539 0.00571428571428223 0.0004
0.06853932584275954 0.006857142857141118 0.0004
0.06966292134825765 0.001142857142856701 0.0004
0.0696629213482811 0.002285714285712577 0.0004
0.0696629213483046 0.003428571428568233 0.0004
0.06966292134832806 0.004571428571424811 0.0004
0.06966292134835157 0.005714285714282123 0.0004
0.06966292134837505 0.006857142857141064 0.0004
0.07078651685387717 0.001142857142856645 0.0004
0.07078651685389988 0.002285714285712449 0.0004
0.07078651685392259 0.00342857142856804 0.0004
0.07078651685394528 0.004571428571424606 0.0004
0.070786516853968 0.005714285714282018 0.0004
0.07078651685399069 0.006857142857141012 0.0004
0.07191011235949861 0.001142857142856587 0.0004
0.0719101123595202 0.002285714285712322 0.0004
0.07191011235954183 0.003428571428567844 0.0004
0.07191011235956342 0.004571428571424405 0.0004
0.07191011235958503 0.005714285714281911 0.0004
0.07191011235960665 0.006857142857140957 0.0004
0.07303370786511894 0.00114285714285653 0.0004
0.07303370786513964 0.002285714285712194 0.0004
0.07303370786516032 0.003428571428567651 0.0004
0.07303370786518103 0.004571428571424204 0.0004
0.07303370786520173 0.005714285714281806 0.0004
0.07303370786522244 0.006857142857140904 0.0004
0.07415730337073702 0.001142857142856473 0.0004
0.0741573033707572 0.002285714285712067 0.0004
0.07415730337077735 0.003428571428567456 0.0004
0.07415730337079753 0.004571428571424003 0.0004
0.07415730337081768 0.005714285714281698 0.0004
0.07415730337083785 0.006857142857140852 0.0004
0.07528089887635829 0.001142857142856416 0.0004
0.07528089887637739 0.002285714285711939 0.0004
0.07528089887639648 0.003428571428567262 0.0004
0.07528089887641558 0.0045714285714238 0.0004
0.07528089887643466 0.005714285714281594 0.0004
0.07528089887645377 0.006857142857140799 0.0004
0.07640449438197791 0.001142857142856359 0.0004
0.07640449438199622 0.002285714285711811 0.0004
0.07640449438201452 0.003428571428567068 0.0004
0.07640449438203283 0.004571428571423597 0.0004
0.07640449438205116 0.005714285714281488 0.0004
0.07640449438206941 0.006857142857140746 0.0004
0.07752808988759657 0.001142857142856302 0.0004
0.07752808988761421 0.002285714285711684 0.0004
0.07752808988763189 0.003428571428566875 0.0004
0.07752808988764957 0.004571428571423394 0.0004
0.07752808988766725 0.005714285714281384 0.0004
0.07752808988768493 0.006857142857140691 0.0004
0.07865168539321801 0.001142857142856245 0.0004
0.07865168539323457 0.002285714285711556 0.0004
0.07865168539325117 0.003428571428566681 0.0004
0.07865168539326772 0.004571428571423193 0.0004
0.07865168539328432 0.005714285714281276 0.0004
0.07865168539330089 0.006857142857140639 0.0004
0.07977528089883922 0.001142857142856188 0.0004
0.0797752808988547 0.002285714285711429 0.0004
0.07977528089887022 0.003428571428566487 0.0004
0.07977528089888579 0.004571428571422993 0.0004
0.0797752808989013 0.00571428571428117 0.0004
0.07977528089891683 0.006857142857140587 0.0004
0.0808988764044573 0.00114285714285613 0.0004
0.08089887640447228 0.002285714285711302 0.0004
0.08089887640448726 0.003428571428566293 0.0004
0.08089887640450226 0.00457142857142279 0.0004
0.08089887640451725 0.005714285714281063 0.0004
0.08089887640453225 0.006857142857140533 0.0004
0.08202247191007772 0.001142857142856073 0.0004
0.08202247191009179 0.002285714285711174 0.0004
0.08202247191010585 0.003428571428566098 0.0004
0.08202247191011988 0.004571428571422587 0.0004
0.08202247191013395 0.005714285714280958 0.0004
0.08202247191014803 0.006857142857140479 0.0004
0.08314606741569916 0.001142857142856016 0.0004
0.08314606741571212 0.002285714285711046 0.0004
0.08314606741572508 0.003428571428565904 0.0004
0.08314606741573805 0.004571428571422385 0.0004
0.08314606741575101 0.005714285714280853 0.0004
0.083146067415764 0.006857142857140428 0.0004
0.08426966292131859 0.001142857142855959 0.0004
0.0842696629213308 0.002285714285710919 0.0004
0.08426966292134301 0.00342857142856571 0.0004
0.0842696629213552 0.004571428571422185 0.0004
0.08426966292136741 0.005714285714280744 0.0004
0.08426966292137963 0.006857142857140374 0.0004
0.08539325842693739 0.001142857142855902 0.0004
0.08539325842694896 0.002285714285710792 0.0004
0.08539325842696051 0.003428571428565516 0.0004
0.08539325842697203 0.004571428571421982 0.0004
0.0853932584269836 0.00571428571428064 0.0004
0.08539325842699512 0.006857142857140321 0.0004
0.08651685393255887 0.001142857142855845 0.0004
0.0865168539325693 0.002285714285710664 0.0004
0.08651685393257974 0.003428571428565322 0.0004
0.0865168539325902 0.004571428571421779 0.0004
0.08651685393260064 0.005714285714280535 0.0004
0.0865168539326111 0.006857142857140268 0.0004
0.08764044943817993 0.001142857142855788 0.0004
0.08764044943818933 0.002285714285710536 0.0004
0.08764044943819871 0.003428571428565128 0.0004
0.08764044943820819 0.004571428571421577 0.0004
0.08764044943821758 0.005714285714280429 0.0004
0.08764044943822699 0.006857142857140214 0.0004
0.088764044943798 0.00114285714285573 0.0004
0.08876404494380688 0.002285714285710409 0.0004
0.08876404494381575 0.003428571428564934 0.0004
0.08876404494382463 0.004571428571421375 0.0004
0.08876404494383354 0.005714285714280323 0.0004
0.08876404494384241 0.006857142857140159 0.0004
0.08988764044941855 0.001142857142855673 0.0004
0.08988764044942649 0.002285714285710281 0.0004
0.0898876404494344 0.00342857142856474 0.0004
0.08988764044944238 0.004571428571421175 0.0004
0.08988764044945026 0.005714285714280218 0.0004
0.08988764044945821 0.006857142857140108 0.0004
0.09101123595503999 0.001142857142855616 0.0004
0.0910112359550468 0.002285714285710154 0.0004
0.09101123595505368 0.003428571428564546 0.0004
0.09101123595506051 0.004571428571420972 0.0004
0.09101123595506734 0.00571428571428011 0.0004
0.0910112359550742 0.006857142857140056 0.0004
0.09213483146065929 0.00114285714285556 0.0004
0.0921348314606654 0.002285714285710026 0.0004
0.0921348314606715 0.003428571428564352 0.0004
0.09213483146067759 0.004571428571420769 0.0004
0.09213483146068371 0.005714285714280006 0.0004
0.09213483146068979 0.006857142857140002 0.0004
0.09325842696627824 0.001142857142855502 0.0004
0.09325842696628368 0.002285714285709898 0.0004
0.0932584269662891 0.003428571428564158 0.0004
0.09325842696629451 0.004571428571420567 0.0004
0.09325842696629996 0.005714285714279899 0.0004
0.09325842696630533 0.006857142857139949 0.0004
0.09438202247189971 0.001142857142855445 0.0004
0.09438202247190401 0.002285714285709772 0.0004
0.09438202247190834 0.003428571428563965 0.0004
0.09438202247191267 0.004571428571420367 0.0004
0.09438202247191699 0.005714285714279795 0.0004
0.09438202247192128 0.006857142857139896 0.0004
0.09550561797752059 0.001142857142855388 0.0004
0.09550561797752385 0.002285714285709643 0.0004
0.0955056179775272 0.00342857142856377 0.0004
0.09550561797753053 0.004571428571420164 0.0004
0.09550561797753386 0.005714285714279688 0.0004
0.09550561797753718 0.006857142857139843 0.0004
0.09662921348313869 0.001142857142855331 0.0004
0.09662921348314146 0.002285714285709517 0.0004
0.09662921348314424 0.003428571428563576 0.0004
0.09662921348314703 0.004571428571419962 0.0004
0.09662921348314983 0.005714285714279581 0.0004
0.09662921348315259 0.006857142857139789 0.0004
0.09775280898875936 0.001142857142855273 0.0004
0.09775280898876119 0.002285714285709388 0.0004
0.09775280898876298 0.003428571428563381 0.0004
0.0977528089887648 0.004571428571419759 0.0004
0.09775280898876665 0.005714285714279475 0.0004
0.09775280898876841 0.006857142857139736 0.0004
0.09887640449438084 0.001142857142855217 0.0004
0.09887640449438152 0.002285714285709262 0.0004
0.09887640449438227 0.003428571428563188 0.0004
0.09887640449438299 0.004571428571419559 0.0004
0.09887640449438369 0.00571428571427937 0.0004
0.0988764044943844 0.006857142857139685 0.0004
2 47 0 0
2 48 0 528
1633
1634
1635
1636
1637
1638
1639
1640
1641
1642
1643
1644
1645
1646
1647
1648
1649
1650
1651
1652
1653
1654
1655
1656
1657
1658
1659
1660
1661
1662
1663
1664
1665
1666
1667
1668
1669
1670
1671
1672
1673
1674
1675
1676
1677
1678
1679
1680
1681
1682
1683
1684
1685
1686
1687
1688
1689
1690
1691
1692
1693
1694
1695
1696
1697
1698
1699
1700
1701
1702
1703
1704
1705
1706
1707
1708
1709
1710
1711
1712
1713
1714
1715
1716
1717
1718
1719
1720
1721
1722
1723
1724
1725
1726
1727
1728
1729
1730
1731
1732
1733
1734
1735
1736
1737
1738
1739
1740
1741
1742
1743
1744
1745
1746
1747
1748
1749
1750
1751
1752
1753
1754
1755
1756
1757
1758
1759
1760
1761
1762
1763
1764
1765
1766
1767
1768
1769
1770
1771
1772
1773
1774
1775
1776
1777
1778
1779
1780
1781
1782
1783
1784
1785
1786
1787
1788
1789
1790
1791
1792
1793
1794
1795
1796
1797
1798
1799
1800
1801
1802
1803
1804
1805
1806
1807
1808
1809
1810
1811
1812
1813
1814
1815
1816
1817
1818
1819
1820
1821
1822
1823
1824
1825
1826
1827
1828
1829
1830
1831
1832
1833
1834
1835
1836
1837
1838
1839
1840
1841
1842
1843
1844
1845
1846
1847
1848
1849
1850
1851
1852
1853
1854
1855
1856
1857
1858
1859
1860
1861
1862
1863
1864
1865
1866
1867
1868
1869
1870
1871
1872
1873
1874
1875
1876
1877
1878
1879
1880
1881
1882
1883
1884
1885
1886
1887
1888
1889
1890
1891
1892
1893
1894
1895
1896
1897
1898
1899
1900
1901
1902
1903
1904
1905
1906
1907
1908
1909
1910
1911
1912
1913
1914
1915
1916
1917
1918
1919
1920
1921
1922
1923
1924
1925
1926
1927
1928
1929
1930
1931
1932
1933
1934
1935
1936
1937
1938
1939
1940
1941
1942
1943
1944
1945
1946
1947
1948
1949
1950
1951
1952
1953
1954
1955
1956
1957
1958
1959
1960
1961
1962
1963
1964
1965
1966
1967
1968
1969
1970
1971
1972
1973
1974
1975
1976
1977
1978
1979
1980
1981
1982
1983
1984
1985
1986
1987
1988
1989
1990
1991
1992
1993
1994
1995
1996
1997
1998
1999
2000
2001
2002
2003
2004
2005
2006
2007
2008
2009
2010
2011
2012
2013
2014
2015
2016
2017
2018
2019
2020
2021
2022
2023
2024
2025
2026
2027
2028
2029
2030
2031
2032
2033
2034
2035
2036
2037
2038
2039
2040
2041
2042
2043
2044
2045
2046
2047
2048
2049
2050
2051
2052
2053
2054
2055
2056
2057
2058
2059
2060
2061
2062
2063
2064
2065
2066
2067
2068
2069
2070
2071
2072
2073
2074
2075
2076
2077
2078
2079
2080
2081
2082
2083
2084
2085
2086
2087
2088
2089
2090
2091
2092
2093
2094
2095
2096
2097
2098
2099
2100
2101
2102
2103
2104
2105
2106
2107
2108
2109
2110
2111
2112
2113
2114
2115
2116
2117
2118
2119
2120
2121
2122
2123
2124
2125
2126
2127
2128
2129
2130
2131
2132
2133
2134
2135
2136
2137
2138
2139
2140
2141
2142
2143
2144
2145
2146
2147
2148
2149
2150
2151
2152
2153
2154
2155
2156
2157
2158
2159
2160
0.00112359550561651 0.001142857142860185 0.0008
0.001123595505617084 0.002285714285720356 0.0008
0.001123595505617658 0.003428571428580069 0.0008
0.001123595505618232 0.004571428571437131 0.0008
0.001123595505618806 0.005714285714288586 0.0008
0.00112359550561938 0.006857142857144303 0.0008
0.002247191011233436 0.001142857142860128 0.0008
0.002247191011234969 0.002285714285720229 0.0008
0.0022471910112365 0.003428571428579876 0.0008
0.002247191011238031 0.00457142857143693 0.0008
0.002247191011239563 0.005714285714288479 0.0008
0.002247191011241095 0.006857142857144252 0.0008
0.003370786516850122 0.001142857142860071 0.0008
0.003370786516852509 0.002285714285720101 0.0008
0.003370786516854895 0.003428571428579681 0.0008
0.003370786516857281 0.004571428571436728 0.0008
0.003370786516859667 0.005714285714288374 0.0008
0.003370786516862053 0.006857142857144196 0.0008
0.004494382022466176 0.001142857142860014 0.0008
0.004494382022469017 0.002285714285719974 0.0008
0.004494382022471859 0.003428571428579487 0.0008
0.0044943820224747 0.004571428571436524 0.0008
0.004494382022477544 0.005714285714288267 0.0008
0.004494382022480385 0.006857142857144143 0.0008
0.005617977528082642 0.001142857142859956 0.0008
0.005617977528086402 0.002285714285719846 0.0008
0.005617977528090162 0.003428571428579292 0.0008
0.005617977528093923 0.004571428571436323 0.0008
0.005617977528097684 0.005714285714288162 0.0008
0.005617977528101445 0.006857142857144091 0.0008
0.006741573033699661 0.001142857142859899 0.0008
0.006741573033704364 0.002285714285719718 0.0008
0.006741573033709067 0.003428571428579098 0.0008
0.006741573033713771 0.004571428571436121 0.0008
0.006741573033718476 0.005714285714288054 0.0008
0.006741573033723177 0.006857142857144039 0.0008
0.007865168539316547 0.001142857142859842 0.0008
0.00786516853932173 0.00228571428571959 0.0008
0.007865168539326913 0.003428571428578905 0.0008
0.007865168539332097 0.00457142857143592 0.0008
0.007865168539337284 0.005714285714287949 0.0008
0.007865168539342469 0.006857142857143984 0.0008
0.008988764044933593 0.001142857142859786 0.0008
0.008988764044939297 0.002285714285719464 0.0008
0.008988764044944997 0.003428571428578711 0.0008
0.008988764044950704 0.004571428571435717 0.0008
0.008988764044956408 0.005714285714287845 0.0008
0.008988764044962108 0.006857142857143931 0.0008
0.01011235955055073 0.001142857142859728 0.0008
0.01011235955055735 0.002285714285719335 0.0008
0.01011235955056397 0.003428571428578517 0.0008
0.01011235955057059 0.004571428571435514 0.0008
0.01011235955057722 0.005714285714287736 0.0008
0.01011235955058384 0.006857142857143879 0.0008
0.01123595505616801 0.001142857142859671 0.0008
0.01123595505617535 0.002285714285719209 0.0008
0.01123595505618271 0.003428571428578323 0.0008
0.01123595505619005 0.004571428571435312 0.0008
0.01123595505619741 0.005714285714287632 0.0008
0.01123595505620476 0.006857142857143825 0.0008
0.01235955056178434 0.001142857142859614 0.0008
0.0123595505617921 0.002285714285719081 0.0008
0.01235955056179986 0.003428571428578129 0.0008
0.01235955056180761 0.004571428571435111 0.0008
0.01235955056181537 0.005714285714287525 0.0008
0.01235955056182312 0.006857142857143771 0.0008
0.01348314606740056 0.001142857142859557 0.0008
0.01348314606740931 0.002285714285718954 0.0008
0.01348314606741806 0.003428571428577934 0.0008
0.01348314606742681 0.00457142857143491 0.0008
0.01348314606743556 0.00571428571428742 0.0008
0.01348314606744431 0.006857142857143719 0.0008
0.01460674157301644 0.0011428571428595 0.0008
0.01460674157302632 0.002285714285718826 0.0008
0.0146067415730362 0.003428571428577741 0.0008
0.01460674157304608 0.004571428571434707 0.0008
0.01460674157305596 0.005714285714287315 0.0008
0.01460674157306585 0.006857142857143665 0.0008
0.01573033707863188 0.001142857142859443 0.0008
0.01573033707864245 0.002285714285718698 0.0008
0.01573033707865303 0.003428571428577546 0.0008
0.0157303370786636 0.004571428571434505 0.0008
0.01573033707867418 0.005714285714287209 0.0008
0.01573033707868475 0.006857142857143613 0.0008
0.01685393258424743 0.001142857142859386 0.0008
0.01685393258425879 0.00228571428571857 0.0008
0.01685393258427016 0.003428571428577353 0.0008
0.01685393258428152 0.004571428571434303 0.0008
0.0168539325842929 0.005714285714287101 0.0008
0.01685393258430427 0.00685714285714356 0.0008
0.01797752808986331 0.001142857142859328 0.0008
0.01797752808987581 0.002285714285718443 0.0008
0.01797752808988832 0.003428571428577159 0.0008
0.01797752808990081 0.004571428571434102 0.0008
0.01797752808991332 0.005714285714286996 0.0008
0.01797752808992582 0.006857142857143506 0.0008
0.01910112359547818 0.001142857142859271 0.0008
0.01910112359549178 0.002285714285718315 0.0008
0.01910112359550538 0.003428571428576965 0.0008
0.01910112359551897 0.004571428571433899 0.0008
0.01910112359553256 0.00571428571428689 0.0008
0.01910112359554616 0.006857142857143453 0.0008
0.02022471910109318 0.001142857142859214 0.0008
0.02022471910110741 0.002285714285718189 0.0008
0.02022471910112163 0.00342857142857677 0.0008
0.02022471910113586 0.004571428571433696 0.0008
0.02022471910115008 0.005714285714286785 0.0008
0.02022471910116431 0.006857142857143401 0.0008
0.02134831460670902 0.001142857142859157 0.0008
0.02134831460672434 0.00228571428571806 0.0008
0.02134831460673965 0.003428571428576576 0.0008
0.02134831460675496 0.004571428571433495 0.0008
0.02134831460677028 0.005714285714286678 0.0008
0.02134831460678559 0.006857142857143349 0.0008
0.02247191011232492 0.0011428571428591 0.0008
0.02247191011234136 0.002285714285717934 0.0008
0.0224719101123578 0.003428571428576381 0.0008
0.02247191011237424 0.004571428571433294 0.0008
0.02247191011239069 0.005714285714286573 0.0008
0.02247191011240713 0.006857142857143293 0.0008
0.02359550561794034 0.001142857142859043 0.0008
0.02359550561795744 0.002285714285717805 0.0008
0.02359550561797455 0.003428571428576188 0.0008
0.02359550561799166 0.004571428571433092 0.0008
0.02359550561800877 0.005714285714286466 0.0008
0.02359550561802588 0.006857142857143241 0.0008
0.02471910112355591 0.001142857142858986 0.0008
0.02471910112357384 0.002285714285717679 0.0008
0.02471910112359177 0.003428571428575995 0.0008
0.0247191011236097 0.004571428571432888 0.0008
0.02471910112362764 0.005714285714286361 0.0008
0.02471910112364556 0.006857142857143187 0.0008
0.02584269662917176 0.001142857142858929 0.0008
0.02584269662919078 0.00228571428571755 0.0008
0.02584269662920982 0.003428571428575801 0.0008
0.02584269662922885 0.004571428571432687 0.0008
0.02584269662924788 0.005714285714286255 0.0008
0.02584269662926692 0.006857142857143133 0.0008
0.02696629213478708 0.001142857142858871 0.0008
0.02696629213480669 0.002285714285717423 0.0008
0.0269662921348263 0.003428571428575606 0.0008
0.02696629213484591 0.004571428571432485 0.0008
0.02696629213486552 0.00571428571428615 0.0008
0.02696629213488513 0.006857142857143081 0.0008
0.02808988764040278 0.001142857142858815 0.0008
0.02808988764042333 0.002285714285717295 0.0008
0.02808988764044388 0.003428571428575412 0.0008
0.02808988764046444 0.004571428571432284 0.0008
0.02808988764048499 0.005714285714286043 0.0008
0.02808988764050554 0.006857142857143029 0.0008
0.02921348314601866 0.001142857142858758 0.0008
0.02921348314604035 0.002285714285717169 0.0008
0.02921348314606203 0.003428571428575217 0.0008
0.02921348314608371 0.004571428571432081 0.0008
0.02921348314610539 0.005714285714285935 0.0008
0.02921348314612707 0.006857142857142976 0.0008
0.03033707865163422 0.001142857142858701 0.0008
0.03033707865165671 0.00228571428571704 0.0008
0.03033707865167921 0.003428571428575024 0.0008
0.03033707865170171 0.004571428571431878 0.0008
0.0303370786517242 0.005714285714285832 0.0008
0.03033707865174668 0.006857142857142922 0.0008
0.03146067415724965 0.001142857142858643 0.0008
0.03146067415727282 0.002285714285716914 0.0008
0.03146067415729598 0.003428571428574829 0.0008
0.03146067415731916 0.004571428571431677 0.0008
0.03146067415734232 0.005714285714285724 0.0008
0.03146067415736549 0.00685714285714287 0.0008
0.03258426966286553 0.001142857142858586 0.0008
0.03258426966288983 0.002285714285716785 0.0008
0.03258426966291413 0.003428571428574636 0.0008
0.03258426966293843 0.004571428571431476 0.0008
0.03258426966296273 0.00571428571428562 0.0008
0.03258426966298704 0.006857142857142818 0.0008
0.03370786516848136 0.001142857142858529 0.0008
0.03370786516850673 0.002285714285716658 0.0008
0.0337078651685321 0.003428571428574443 0.0008
0.03370786516855747 0.004571428571431274 0.0008
0.03370786516858284 0.005714285714285513 0.0008
0.03370786516860821 0.006857142857142762 0.0008
0.03483146067409668 0.001142857142858472 0.0008
0.03483146067412263 0.00228571428571653 0.0008
0.03483146067414858 0.003428571428574248 0.0008
0.03483146067417452 0.004571428571431071 0.0008
0.03483146067420047 0.005714285714285407 0.0008
0.03483146067422643 0.006857142857142709 0.0008
0.03595505617971241 0.001142857142858415 0.0008
0.03595505617973931 0.002285714285716402 0.0008
0.03595505617976624 0.003428571428574054 0.0008
0.03595505617979317 0.004571428571430868 0.0008
0.03595505617982007 0.005714285714285301 0.0008
0.035955056179847 0.006857142857142656 0.0008
0.03707865168532768 0.001142857142858358 0.0008
0.03707865168535571 0.002285714285716275 0.0008
0.03707865168538376 0.003428571428573859 0.0008
0.03707865168541182 0.004571428571430666 0.0008
0.03707865168543987 0.005714285714285196 0.0008
0.03707865168546792 0.006857142857142604 0.0008
0.03820224719094161 0.001142857142858301 0.0008
0.03820224719097079 0.002285714285716147 0.0008
0.03820224719099997 0.003428571428573665 0.0008
0.03820224719102915 0.004571428571430466 0.0008
0.03820224719105833 0.005714285714285089 0.0008
0.0382022471910875 0.006857142857142551 0.0008
0.03932584269655711 0.001142857142858243 0.0008
0.03932584269658714 0.00228571428571602 0.0008
0.03932584269661719 0.003428571428573472 0.0008
0.03932584269664726 0.004571428571430263 0.0008
0.03932584269667731 0.005714285714284985 0.0008
0.03932584269670737 0.006857142857142496 0.0008
0.04044943820217285 0.001142857142858186 0.0008
0.04044943820220389 0.002285714285715893 0.0008
0.04044943820223497 0.003428571428573278 0.0008
0.04044943820226601 0.00457142857143006 0.0008
0.04044943820229707 0.005714285714284877 0.0008
0.04044943820232813 0.006857142857142445 0.0008
0.04157303370778849 0.001142857142858129 0.0008
0.04157303370782046 0.002285714285715765 0.0008
0.04157303370785239 0.003428571428573084 0.0008
0.04157303370788435 0.004571428571429859 0.0008
0.04157303370791631 0.005714285714284771 0.0008
0.04157303370794826 0.006857142857142391 0.0008
0.0426966292134041 0.001142857142858072 0.0008
0.04269662921343691 0.002285714285715638 0.0008
0.04269662921346971 0.003428571428572889 0.0008
0.0426966292135025 0.004571428571429658 0.0008
0.04269662921353531 0.005714285714284666 0.0008
0.04269662921356811 0.006857142857142339 0.0008
0.04382022471901974 0.001142857142858015 0.0008
0.04382022471905339 0.00228571428571551 0.0008
0.04382022471908707 0.003428571428572695 0.0008
0.04382022471912075 0.004571428571429456 0.0008
0.04382022471915442 0.00571428571428456 0.0008
0.0438202247191881 0.006857142857142285 0.0008
0.04494382022463549 0.001142857142857958 0.0008
0.04494382022467022 0.002285714285715382 0.0008
0.04494382022470491 0.003428571428572502 0.0008
0.0449438202247396 0.004571428571429252 0.0008
0.04494382022477433 0.005714285714284455 0.0008
0.04494382022480902 0.006857142857142231 0.0008
0.0460674157302511 0.001142857142857901 0.0008
0.04606741573028666 0.002285714285715255 0.0008
0.04606741573032221 0.003428571428572307 0.0008
0.04606741573035777 0.00457142857142905 0.0008
0.04606741573039333 0.005714285714284346 0.0008
0.04606741573042888 0.006857142857142179 0.0008
0.04719101123586671 0.001142857142857844 0.0008
0.04719101123590311 0.002285714285715127 0.0008
0.04719101123593953 0.003428571428572113 0.0008
0.04719101123597595 0.004571428571428849 0.0008
0.04719101123601237 0.005714285714284242 0.0008
0.04719101123604876 0.006857142857142126 0.0008
0.04831460674148248 0.001142857142857786 0.0008
0.0483146067415199 0.002285714285715 0.0008
0.04831460674155734 0.00342857142857192 0.0008
0.04831460674159476 0.004571428571428648 0.0008
0.04831460674163218 0.005714285714284137 0.0008
0.0483146067416696 0.006857142857142074 0.0008
0.04943820224709838 0.00114285714285773 0.0008
0.04943820224713658 0.002285714285714872 0.0008
0.04943820224717477 0.003428571428571726 0.0008
0.04943820224721298 0.004571428571428444 0.0008
0.04943820224725117 0.005714285714284031 0.0008
0.04943820224728938 0.00685714285714202 0.0008
0.05056179775271608 0.001142857142857673 0.0008
0.05056179775275429 0.002285714285714745 0.0008
0.05056179775279251 0.003428571428571531 0.0008
0.05056179775283072 0.004571428571428242 0.0008
0.05056179775286895 0.005714285714283923 0.0008
0.05056179775290716 0.006857142857141966 0.0008
0.05168539325833578 0.001142857142857615 0.0008
0.05168539325837324 0.002285714285714616 0.0008
0.05168539325841073 0.003428571428571337 0.0008
0.05168539325844821 0.004571428571428041 0.0008
0.05168539325848567 0.005714285714283819 0.0008
0.05168539325852316 0.006857142857141914 0.0008
0.05280898876395653 0.001142857142857558 0.0008
0.05280898876399304 0.00228571428571449 0.0008
0.05280898876402952 0.003428571428571143 0.0008
0.05280898876406601 0.004571428571427839 0.0008
0.05280898876410252 0.005714285714283712 0.0008
0.05280898876413899 0.00685714285714186 0.0008
0.05393258426957631 0.001142857142857501 0.0008
0.05393258426961197 0.002285714285714362 0.0008
0.05393258426964768 0.003428571428570948 0.0008
0.05393258426968334 0.004571428571427638 0.0008
0.053932584269719 0.005714285714283607 0.0008
0.0539325842697547 0.006857142857141808 0.0008
0.05505617977519608 0.001142857142857444 0.0008
0.05505617977523095 0.002285714285714235 0.0008
0.0550561797752658 0.003428571428570755 0.0008
0.05505617977530067 0.004571428571427435 0.0008
0.05505617977533554 0.0057142857142835 0.0008
0.05505617977537039 0.006857142857141754 0.0008
0.05617977528081693 0.001142857142857387 0.0008
0.05617977528085078 0.002285714285714107 0.0008
0.05617977528088464 0.003428571428570562 0.0008
0.05617977528091853 0.004571428571427232 0.0008
0.05617977528095239 0.005714285714283396 0.0008
0.05617977528098624 0.006857142857141701 0.0008
0.05730337078643681 0.00114285714285733 0.0008
0.05730337078646982 0.00228571428571398 0.0008
0.05730337078650285 0.003428571428570368 0.0008
0.05730337078653589 0.004571428571427031 0.0008
0.05730337078656893 0.005714285714283288 0.0008
0.05730337078660194 0.006857142857141649 0.0008
0.05842696629205658 0.001142857142857273 0.0008
0.05842696629208879 0.002285714285713852 0.0008
0.058426966292121 0.003428571428570173 0.0008
0.05842696629215321 0.00457142857142683 0.0008
0.05842696629218543 0.005714285714283184 0.0008
0.05842696629221764 0.006857142857141595 0.0008
0.05955056179767661 0.001142857142857215 0.0008
0.05955056179770796 0.002285714285713725 0.0008
0.05955056179773931 0.003428571428569979 0.0008
0.05955056179777066 0.004571428571426628 0.0008
0.05955056179780201 0.005714285714283077 0.0008
0.05955056179783336 0.006857142857141541 0.0008
0.0606741573032973 0.001142857142857158 0.0008
0.06067415730332768 0.002285714285713596 0.0008
0.06067415730335807 0.003428571428569785 0.0008
0.06067415730338845 0.004571428571426426 0.0008
0.06067415730341883 0.005714285714282971 0.0008
0.06067415730344921 0.006857142857141489 0.0008
0.06179775280891709 0.001142857142857101 0.0008
0.06179775280894664 0.00228571428571347 0.0008
0.06179775280897621 0.003428571428569591 0.0008
0.06179775280900577 0.004571428571426222 0.0008
0.06179775280903533 0.005714285714282865 0.0008
0.06179775280906488 0.006857142857141435 0.0008
0.06292134831453682 0.001142857142857044 0.0008
0.06292134831456557 0.002285714285713342 0.0008
0.06292134831459432 0.003428571428569397 0.0008
0.06292134831462308 0.004571428571426022 0.0008
0.06292134831465182 0.005714285714282759 0.0008
0.06292134831468056 0.006857142857141381 0.0008
0.06404494382015777 0.001142857142856987 0.0008
0.06404494382018551 0.002285714285713215 0.0008
0.06404494382021325 0.003428571428569204 0.0008
0.06404494382024097 0.004571428571425821 0.0008
0.06404494382026869 0.005714285714282653 0.0008
0.06404494382029645 0.006857142857141329 0.0008
0.06516853932577822 0.00114285714285693 0.0008
0.06516853932580505 0.002285714285713087 0.0008
0.06516853932583183 0.003428571428569009 0.0008
0.06516853932585863 0.004571428571425618 0.0008
0.06516853932588546 0.005714285714282546 0.0008
0.06516853932591225 0.006857142857141276 0.0008
0.06629213483139634 0.001142857142856873 0.0008
0.06629213483142261 0.00228571428571296 0.0008
0.06629213483144886 0.003428571428568815 0.0008
0.06629213483147513 0.004571428571425415 0.0008
0.06629213483150141 0.005714285714282442 0.0008
0.06629213483152767 0.006857142857141224 0.0008
0.06741573033701746 0.001142857142856816 0.0008
0.06741573033704266 0.002285714285712831 0.0008
0.06741573033706789 0.00342857142856862 0.0008
0.06741573033709312 0.004571428571425213 0.0008
0.06741573033711833 0.005714285714282334 0.0008
0.06741573033714356 0.00685714285714117 0.0008
0.06853932584263892 0.001142857142856758 0.0008
0.06853932584266303 0.002285714285712705 0.0008
0.06853932584268715 0.003428571428568426 0.0008
0.06853932584271126 0.004571428571425012 0.0008
0.06853932584273539 0.00571428571428223 0.0008
0.06853932584275954 0.006857142857141118 0.0008
0.06966292134825765 0.001142857142856701 0.0008
0.0696629213482811 0.002285714285712577 0.0008
0.0696629213483046 0.003428571428568233 0.0008
0.06966292134832806 0.004571428571424811 0.0008
0.06966292134835157 0.005714285714282123 0.0008
0.06966292134837505 0.006857142857141064 0.0008
0.07078651685387717 0.001142857142856645 0.0008
0.07078651685389988 0.002285714285712449 0.0008
0.07078651685392259 0.00342857142856804 0.0008
0.07078651685394528 0.004571428571424606 0.0008
0.070786516853968 0.005714285714282018 0.0008
0.07078651685399069 0.006857142857141012 0.0008
0.07191011235949861 0.001142857142856587 0.0008
0.0719101123595202 0.002285714285712322 0.0008
0.07191011235954183 0.003428571428567844 0.0008
0.07191011235956342 0.004571428571424405 0.0008
0.07191011235958503 0.005714285714281911 0.0008
0.07191011235960665 0.006857142857140957 0.0008
0.07303370786511894 0.00114285714285653 0.0008
0.07303370786513964 0.002285714285712194 0.0008
0.07303370786516032 0.003428571428567651 0.0008
0.07303370786518103 0.004571428571424204 0.0008
0.07303370786520173 0.005714285714281806 0.0008
0.07303370786522244 0.006857142857140904 0.0008
0.07415730337073702 0.001142857142856473 0.0008
0.0741573033707572 0.002285714285712067 0.0008
0.07415730337077735 0.003428571428567456 0.0008
0.07415730337079753 0.004571428571424003 0.0008
0.07415730337081768 0.005714285714281698 0.0008
0.07415730337083785 0.006857142857140852 0.0008
0.07528089887635829 0.001142857142856416 0.0008
0.07528089887637739 0.002285714285711939 0.0008
0.07528089887639648 0.003428571428567262 0.0008
0.07528089887641558 0.0045714285714238 0.0008
0.07528089887643466 0.005714285714281594 0.0008
0.07528089887645377 0.006857142857140799 0.0008
0.07640449438197791 0.001142857142856359 0.0008
0.07640449438199622 0.002285714285711811 0.0008
0.07640449438201452 0.003428571428567068 0.0008
0.07640449438203283 0.004571428571423597 0.0008
0.07640449438205116 0.005714285714281488 0.0008
0.07640449438206941 0.006857142857140746 0.0008
0.07752808988759657 0.001142857142856302 0.0008
0.07752808988761421 0.002285714285711684 0.0008
0.07752808988763189 0.003428571428566875 0.0008
0.07752808988764957 0.004571428571423394 0.0008
0.07752808988766725 0.005714285714281384 0.0008
0.07752808988768493 0.006857142857140691 0.0008
0.07865168539321801 0.001142857142856245 0.0008
0.07865168539323457 0.002285714285711556 0.0008
0.07865168539325117 0.003428571428566681 0.0008
0.07865168539326772 0.004571428571423193 0.0008
0.07865168539328432 0.005714285714281276 0.0008
0.07865168539330089 0.006857142857140639 0.0008
0.07977528089883922 0.001142857142856188 0.0008
0.0797752808988547 0.002285714285711429 0.0008
0.07977528089887022 0.003428571428566487 0.0008
0.07977528089888579 0.004571428571422993 0.0008
0.0797752808989013 0.00571428571428117 0.0008
0.07977528089891683 0.006857142857140587 0.0008
0.0808988764044573 0.00114285714285613 0.0008
0.08089887640447228 0.002285714285711302 0.0008
0.08089887640448726 0.003428571428566293 0.0008
0.08089887640450226 0.00457142857142279 0.0008
0.08089887640451725 0.005714285714281063 0.0008
0.08089887640453225 0.006857142857140533 0.0008
0.08202247191007772 0.001142857142856073 0.0008
0.08202247191009179 0.002285714285711174 0.0008
0.08202247191010585 0.003428571428566098 0.0008
0.08202247191011988 0.004571428571422587 0.0008
0.08202247191013395 0.005714285714280958 0.0008
0.08202247191014803 0.006857142857140479 0.0008
0.08314606741569916 0.001142857142856016 0.0008
0.08314606741571212 0.002285714285711046 0.0008
0.08314606741572508 0.003428571428565904 0.0008
0.08314606741573805 0.004571428571422385 0.0008
0.08314606741575101 0.005714285714280853 0.0008
0.083146067415764 0.006857142857140428 0.0008
0.08426966292131859 0.001142857142855959 0.0008
0.0842696629213308 0.002285714285710919 0.0008
0.08426966292134301 0.00342857142856571 0.0008
0.0842696629213552 0.004571428571422185 0.0008
0.08426966292136741 0.005714285714280744 0.0008
0.08426966292137963 0.006857142857140374 0.0008
0.08539325842693739 0.001142857142855902 0.0008
0.08539325842694896 0.002285714285710792 0.0008
0.08539325842696051 0.003428571428565516 0.0008
0.08539325842697203 0.004571428571421982 0.0008
0.0853932584269836 0.00571428571428064 0.0008
0.08539325842699512 0.006857142857140321 0.0008
0.08651685393255887 0.001142857142855845 0.0008
0.0865168539325693 0.002285714285710664 0.0008
0.08651685393257974 0.003428571428565322 0.0008
0.0865168539325902 0.004571428571421779 0.0008
0.08651685393260064 0.005714285714280535 0.0008
0.0865168539326111 0.006857142857140268 0.0008
0.08764044943817993 0.001142857142855788 0.0008
0.08764044943818933 0.002285714285710536 0.0008
0.08764044943819871 0.003428571428565128 0.0008
0.08764044943820819 0.004571428571421577 0.0008
0.08764044943821758 0.005714285714280429 0.0008
0.08764044943822699 0.006857142857140214 0.0008
0.088764044943798 0.00114285714285573 0.0008
0.08876404494380688 0.002285714285710409 0.0008
0.08876404494381575 0.003428571428564934 0.0008
0.08876404494382463 0.004571428571421375 0.0008
0.08876404494383354 0.005714285714280323 0.0008
0.08876404494384241 0.006857142857140159 0.0008
0.08988764044941855 0.001142857142855673 0.0008
0.08988764044942649 0.002285714285710281 0.0008
0.0898876404494344 0.00342857142856474 0.0008
0.08988764044944238 0.004571428571421175 0.0008
0.08988764044945026 0.005714285714280218 0.0008
0.08988764044945821 0.006857142857140108 0.0008
0.09101123595503999 0.001142857142855616 0.0008
0.0910112359550468 0.002285714285710154 0.0008
0.09101123595505368 0.003428571428564546 0.0008
0.09101123595506051 0.004571428571420972 0.0008
0.09101123595506734 0.00571428571428011 0.0008
0.0910112359550742 0.006857142857140056 0.0008
0.09213483146065929 0.00114285714285556 0.0008
0.0921348314606654 0.002285714285710026 0.0008
0.0921348314606715 0.003428571428564352 0.0008
0.09213483146067759 0.004571428571420769 0.0008
0.09213483146068371 0.005714285714280006 0.0008
0.09213483146068979 0.006857142857140002 0.0008
0.09325842696627824 0.001142857142855502 0.0008
0.09325842696628368 0.002285714285709898 0.0008
0.0932584269662891 0.003428571428564158 0.0008
0.09325842696629451 0.004571428571420567 0.0008
0.09325842696629996 0.005714285714279899 0.0008
0.09325842696630533 0.006857142857139949 0.0008
0.09438202247189971 0.001142857142855445 0.0008
0.09438202247190401 0.002285714285709772 0.0008
0.09438202247190834 0.003428571428563965 0.0008
0.09438202247191267 0.004571428571420367 0.0008
0.09438202247191699 0.005714285714279795 0.0008
0.09438202247192128 0.006857142857139896 0.0008
0.09550561797752059 0.001142857142855388 0.0008
0.09550561797752385 0.002285714285709643 0.0008
0.0955056179775272 0.00342857142856377 0.0008
0.09550561797753053 0.004571428571420164 0.0008
0.09550561797753386 0.005714285714279688 0.0008
0.09550561797753718 0.006857142857139843 0.0008
0.09662921348313869 0.001142857142855331 0.0008
0.09662921348314146 0.002285714285709517 0.0008
0.09662921348314424 0.003428571428563576 0.0008
0.09662921348314703 0.004571428571419962 0.0008
0.09662921348314983 0.005714285714279581 0.0008
0.09662921348315259 0.006857142857139789 0.0008
0.09775280898875936 0.001142857142855273 0.0008
0.09775280898876119 0.002285714285709388 0.0008
0.09775280898876298 0.003428571428563381 0.0008
0.0977528089887648 0.004571428571419759 0.0008
0.09775280898876665 0.005714285714279475 0.0008
0.09775280898876841 0.006857142857139736 0.0008
0.09887640449438084 0.001142857142855217 0.0008
0.09887640449438152 0.002285714285709262 0.0008
0.09887640449438227 0.003428571428563188 0.0008
0.09887640449438299 0.004571428571419559 0.0008
0.09887640449438369 0.00571428571427937 0.0008
0.0988764044943844 0.006857142857139685 0.0008
3 1 0 0
3 2 0 0
$EndNodes
$Elements
35 3721 1 3721
0 1 15 1
1 1 
0 2 15 1
2 2 
0 3 15 1
3 3 
0 4 15 1
4 4 
0 5 15 1
5 5 
0 6 15 1
6 6 
0 10 15 1
7 7 
0 14 15 1
8 8 
0 15 15 1
9 9 
0 16 15 1
10 10 
0 20 15 1
11 11 
0 24 15 1
12 12 
1 1 1 89
13 1 13 
14 13 14 
15 14 15 
16 15 16 
17 16 17 
18 17 18 
19 18 19 
20 19 20 
21 20 21 
22 21 22 
23 22 23 
24 23 24 
25 24 25 
26 25 26 
27 26 27 
28 27 28 
29 28 29 
30 29 30 
31 30 31 
32 31 32 
33 32 33 
34 33 34 
35 34 35 
36 35 36 
37 36 37 
38 37 38 
39 38 39 
40 39 40 
41 40 41 
42 41 42 
43 42 43 
44 43 44 
45 44 45 
46 45 46 
47 46 47 
48 47 48 
49 48 49 
50 49 50 
51 50 51 
52 51 52 
53 52 53 
54 53 54 
55 54 55 
56 55 56 
57 56 57 
58 57 58 
59 58 59 
60 59 60 
61 60 61 
62 61 62 
63 62 63 
64 63 64 
65 64 65 
66 65 66 
67 66 67 
68 67 68 
69 68 69 
70 69 70 
71 70 71 
72 71 72 
73 72 73 
74 73 74 
75 74 75 
76 75 76 
77 76 77 
78 77 78 
79 78 79 
80 79 80 
81 80 81 
82 81 82 
83 82 83 
84 83 84 
85 84 85 
86 85 86 
87 86 87 
88 87 88 
89 88 89 
90 89 90 
91 90 91 
92 91 92 
93 92 93 
94 93 94 
95 94 95 
96 95 96 
97 96 97 
98 97 98 
99 98 99 
100 99 100 
101 100 2 
1 2 1 7
102 2 101 
103 101 102 
104 102 103 
105 103 104 
106 104 105 
107 105 106 
108 106 3 
1 3 1 89
109 3 107 
110 107 108 
111 108 109 
112 109 110 
113 110 111 
114 111 112 
115 112 113 
116 113 114 
117 114 115 
118 115 116 
119 116 117 
120 117 118 
121 118 119 
122 119 120 
123 120 121 
124 121 122 
125 122 123 
126 123 124 
127 124 125 
128 125 126 
129 126 127 
130 127 128 
131 128 129 
132 129 130 
133 130 131 
134 131 132 
135 132 133 
136 133 134 
137 134 135 
138 135 136 
139 136 137 
140 137 138 
141 138 139 
142 139 140 
143 140 141 
144 141 142 
145 142 143 
146 143 144 
147 144 145 
148 145 146 
149 146 147 
150 147 148 
151 148 149 
152 149 150 
153 150 151 
154 151 152 
155 152 153 
156 153 154 
157 154 155 
158 155 156 
159 156 157 
160 157 158 
161 158 159 
162 159 160 
163 160 161 
164 161 162 
165 162 163 
166 163 164 
167 164 165 
168 165 166 
169 166 167 
170 167 168 
171 168 169 
172 169 170 
173 170 171 
174 171 172 
175 172 173 
176 173 174 
177 174 175 
178 175 176 
179 176 177 
180 177 178 
181 178 179 
182 179 180 
183 180 181 
184 181 182 
185 182 183 
186 183 184 
187 184 185 
188 185 186 
189 186 187 
190 187 188 
191 188 189 
192 189 190 
193 190 191 
194 191 192 
195 192 193 
196 193 194 
197 194 4 
1 4 1 7
198 4 195 
199 195 196 
200 196 197 
201 197 198 
202 198 199 
203 199 200 
204 200 1 
1 6 1 89
205 5 201 
206 201 202 
207 202 203 
208 203 204 
209 204 205 
210 205 206 
211 206 207 
212 207 208 
213 208 209 
214 209 210 
215 210 211 
216 211 212 
217 212 213 
218 213 214 
219 214 215 
220 215 216 
221 216 217 
222 217 218 
223 218 219 
224 219 220 
225 220 221 
226 221 222 
227 222 223 
228 223 224 
229 224 225 
230 225 226 
231 226 227 
232 227 228 
233 228 229 
234 229 230 
235 230 231 
236 231 232 
237 232 233 
238 233 234 
239 234 235 
240 235 236 
241 236 237 
242 237 238 
243 238 239 
244 239 240 
245 240 241 
246 241 242 
247 242 243 
248 243 244 
249 244 245 
250 245 246 
251 246 247 
252 247 248 
253 248 249 
254 249 250 
255 250 251 
256 251 252 
257 252 253 
258 253 254 
259 254 255 
260 255 256 
261 256 257 
262 257 258 
263 258 259 
264 259 260 
265 260 261 
266 261 262 
267 262 263 
268 263 264 
269 264 265 
270 265 266 
271 266 267 
272 267 268 
273 268 269 
274 269 270 
275 270 271 
276 271 272 
277 272 273 
278 273 274 
279 274 275 
280 275 276 
281 276 277 
282 277 278 
283 278 279 
284 279 280 
285 280 281 
286 281 282 
287 282 283 
288 283 284 
289 284 285 
290 285 286 
291 286 287 
292 287 288 
293 288 6 
1 7 1 7
294 6 289 
295 289 290 
296 290 291 
297 291 292 
298 292 293 
299 293 294 
300 294 7 
1 8 1 89
301 7 295 
302 295 296 
303 296 297 
304 297 298 
305 298 299 
306 299 300 
307 300 301 
308 301 302 
309 302 303 
310 303 304 
311 304 305 
312 305 306 
313 306 307 
314 307 308 
315 308 309 
316 309 310 
317 310 311 
318 311 312 
319 312 313 
320 313 314 
321 314 315 
322 315 316 
323 316 317 
324 317 318 
325 318 319 
326 319 320 
327 320 321 
328 321 322 
329 322 323 
330 323 324 
331 324 325 
332 325 326 
333 326 327 
334 327 328 
335 328 329 
336 329 330 
337 330 331 
338 331 332 
339 332 333 
340 333 334 
341 334 335 
342 335 336 
343 336 337 
344 337 338 
345 338 339 
346 339 340 
347 340 341 
348 341 342 
349 342 343 
350 343 344 
351 344 345 
352 345 346 
353 346 347 
354 347 348 
355 348 349 
356 349 350 
357 350 351 
358 351 352 
359 352 353 
360 353 354 
361 354 355 
362 355 356 
363 356 357 
364 357 358 
365 358 359 
366 359 360 
367 360 361 
368 361 362 
369 362 363 
370 363 364 
371 364 365 
372 365 366 
373 366 367 
374 367 368 
375 368 369 
376 369 370 
377 370 371 
378 371 372 
379 372 373 
380 373 374 
381 374 375 
382 375 376 
383 376 377 
384 377 378 
385 378 379 
386 379 380 
387 380 381 
388 381 382 
389 382 8 
1 9 1 7
390 8 383 
391 383 384 
392 384 385 
393 385 386 
394 386 387 
395 387 388 
396 388 5 
1 11 1 1
397 1 5 
1 20 1 1
398 4 8 
1 28 1 89
399 9 389 
400 389 390 
401 390 391 
402 391 392 
403 392 393 
404 393 394 
405 394 395 
406 395 396 
407 396 397 
408 397 398 
409 398 399 
410 399 400 
411 400 401 
412 401 402 
413 402 403 
414 403 404 
415 404 405 
416 405 406 
417 406 407 
418 407 408 
419 408 409 
420 409 410 
421 410 411 
422 411 412 
423 412 413 
424 413 414 
425 414 415 
426 415 416 
427 416 417 
428 417 418 
429 418 419 
430 419 420 
431 420 421 
432 421 422 
433 422 423 
434 423 424 
435 424 425 
436 425 426 
437 426 427 
438 427 428 
439 428 429 
440 429 430 
441 430 431 
442 431 432 
443 432 433 
444 433 434 
445 434 435 
446 435 436 
447 436 437 
448 437 438 
449 438 439 
450 439 440 
451 440 441 
452 441 442 
453 442 443 
454 443 444 
455 444 445 
456 445 446 
457 446 447 
458 447 448 
459 448 449 
460 449 450 
461 450 451 
462 451 452 
463 452 453 
464 453 454 
465 454 455 
466 455 456 
467 456 457 
468 457 458 
469 458 459 
470 459 460 
471 460 461 
472 461 462 
473 462 463 
474 463 464 
475 464 465 
476 465 466 
477 466 467 
478 467 468 
479 468 469 
480 469 470 
481 470 471 
482 471 472 
483 472 473 
484 473 474 
485 474 475 
486 475 476 
487 476 10 
1 29 1 7
488 10 477 
489 477 478 
490 478 479 
491 479 480 
492 480 481 
493 481 482 
494 482 11 
1 30 1 89
495 11 483 
496 483 484 
497 484 485 
498 485 486 
499 486 487 
500 487 488 
501 488 489 
502 489 490 
503 490 491 
504 491 492 
505 492 493 
506 493 494 
507 494 495 
508 495 496 
509 496 497 
510 497 498 
511 498 499 
512 499 500 
513 500 501 
514 501 502 
515 502 503 
516 503 504 
517 504 505 
518 505 506 
519 506 507 
520 507 508 
521 508 509 
522 509 510 
523 510 511 
524 511 512 
525 512 513 
526 513 514 
527 514 515 
528 515 516 
529 516 517 
530 517 518 
531 518 519 
532 519 520 
533 520 521 
534 521 522 
535 522 523 
536 523 524 
537 524 525 
538 525 526 
539 526 527 
540 527 528 
541 528 529 
542 529 530 
543 530 531 
544 531 532 
545 532 533 
546 533 534 
547 534 535 
548 535 536 
549 536 537 
550 537 538 
551 538 539 
552 539 540 
553 540 541 
554 541 542 
555 542 543 
556 543 544 
557 544 545 
558 545 546 
559 546 547 
560 547 548 
561 548 549 
562 549 550 
563 550 551 
564 551 552 
565 552 553 
566 553 554 
567 554 555 
568 555 556 
569 556 557 
570 557 558 
571 558 559 
572 559 560 
573 560 561 
574 561 562 
575 562 563 
576 563 564 
577 564 565 
578 565 566 
579 566 567 
580 567 568 
581 568 569 
582 569 570 
583 570 12 
1 31 1 7
584 12 571 
585 571 572 
586 572 573 
587 573 574 
588 574 575 
589 575 576 
590 576 9 
1 33 1 1
591 5 9 
1 42 1 1
592 8 12 
2 1 3 623
593 1 13 577 200 
594 200 577 578 199 
595 199 578 579 198 
596 198 579 580 197 
597 197 580 581 196 
598 196 581 582 195 
599 195 582 194 4 
600 13 14 583 577 
601 577 583 584 578 
602 578 584 585 579 
603 579 585 586 580 
604 580 586 587 581 
605 581 587 588 582 
606 582 588 193 194 
607 14 15 589 583 
608 583 589 590 584 
609 584 590 591 585 
610 585 591 592 586 
611 586 592 593 587 
612 587 593 594 588 
613 588 594 192 193 
614 15 16 595 589 
615 589 595 596 590 
616 590 596 597 591 
617 591 597 598 592 
618 592 598 599 593 
619 593 599 600 594 
620 594 600 191 192 
621 16 17 601 595 
622 595 601 602 596 
623 596 602 603 597 
624 597 603 604 598 
625 598 604 605 599 
626 599 605 606 600 
627 600 606 190 191 
628 17 18 607 601 
629 601 607 608 602 
630 602 608 609 603 
631 603 609 610 604 
632 604 610 611 605 
633 605 611 612 606 
634 606 612 189 190 
635 18 19 613 607 
636 607 613 614 608 
637 608 614 615 609 
638 609 615 616 610 
639 610 616 617 611 
640 611 617 618 612 
641 612 618 188 189 
642 19 20 619 613 
643 613 619 620 614 
644 614 620 621 615 
645 615 621 622 616 
646 616 622 623 617 
647 617 623 624 618 
648 618 624 187 188 
649 20 21 625 619 
650 619 625 626 620 
651 620 626 627 621 
652 621 627 628 622 
653 622 628 629 623 
654 623 629 630 624 
655 624 630 186 187 
656 21 22 631 625 
657 625 631 632 626 
658 626 632 633 627 
659 627 633 634 628 
660 628 634 635 629 
661 629 635 636 630 
662 630 636 185 186 
663 22 23 637 631 
664 631 637 638 632 
665 632 638 639 633 
666 633 639 640 634 
667 634 640 641 635 
668 635 641 642 636 
669 636 642 184 185 
670 23 24 643 637 
671 637 643 644 638 
672 638 644 645 639 
673 639 645 646 640 
674 640 646 647 641 
675 641 647 648 642 
676 642 648 183 184 
677 24 25 649 643 
678 643 649 650 644 
679 644 650 651 645 
680 645 651 652 646 
681 646 652 653 647 
682 647 653 654 648 
683 648 654 182 183 
684 25 26 655 649 
685 649 655 656 650 
686 650 656 657 651 
687 651 657 658 652 
688 652 658 659 653 
689 653 659 660 654 
690 654 660 181 182 
691 26 27 661 655 
692 655 661 662 656 
693 656 662 663 657 
694 657 663 664 658 
695 658 664 665 659 
696 659 665 666 660 
697 660 666 180 181 
698 27 28 667 661 
699 661 667 668 662 
700 662 668 669 663 
701 663 669 670 664 
702 664 670 671 665 
703 665 671 672 666 
704 666 672 179 180 
705 28 29 673 667 
706 667 673 674 668 
707 668 674 675 669 
708 669 675 676 670 
709 670 676 677 671 
710 671 677 678 672 
711 672 678 178 179 
712 29 30 679 673 
713 673 679 680 674 
714 674 680 681 675 
715 675 681 682 676 
716 676 682 683 677 
717 677 683 684 678 
718 678 684 177 178 
719 30 31 685 679 
720 679 685 686 680 
721 680 686 687 681 
722 681 687 688 682 
723 682 688 689 683 
724 683 689 690 684 
725 684 690 176 177 
726 31 32 691 685 
727 685 691 692 686 
728 686 692 693 687 
729 687 693 694 688 
730 688 694 695 689 
731 689 695 696 690 
732 690 696 175 176 
733 32 33 697 691 
734 691 697 698 692 
735 692 698 699 693 
736 693 699 700 694 
737 694 700 701 695 
738 695 701 702 696 
739 696 702 174 175 
740 33 34 703 697 
741 697 703 704 698 
742 698 704 705 699 
743 699 705 706 700 
744 700 706 707 701 
745 701 707 708 702 
746 702 708 173 174 
747 34 35 709 703 
748 703 709 710 704 
749 704 710 711 705 
750 705 711 712 706 
751 706 712 713 707 
752 707 713 714 708 
753 708 714 172 173 
754 35 36 715 709 
755 709 715 716 710 
756 710 716 717 711 
757 711 717 718 712 
758 712 718 719 713 
759 713 719 720 714 
760 714 720 171 172 
761 36 37 721 715 
762 715 721 722 716 
763 716 722 723 717 
764 717 723 724 718 
765 718 724 725 719 
766 719 725 726 720 
767 720 726 170 171 
768 37 38 727 721 
769 721 727 728 722 
770 722 728 729 723 
771 723 729 730 724 
772 724 730 731 725 
773 725 731 732 726 
774 726 732 169 170 
775 38 39 733 727 
776 727 733 734 728 
777 728 734 735 729 
778 729 735 736 730 
779 730 736 737 731 
780 731 737 738 732 
781 732 738 168 169 
782 39 40 739 733 
783 733 739 740 734 
784 734 740 741 735 
785 735 741 742 736 
786 736 742 743 737 
787 737 743 744 738 
788 738 744 167 168 
789 40 41 745 739 
790 739 745 746 740 
791 740 746 747 741 
792 741 747 748 742 
793 742 748 749 743 
794 743 749 750 744 
795 744 750 166 167 
796 41 42 751 745 
797 745 751 752 746 
798 746 752 753 747 
799 747 753 754 748 
800 748 754 755 749 
801 749 755 756 750 
802 750 756 165 166 
803 42 43 757 751 
804 751 757 758 752 
805 752 758 759 753 
806 753 759 760 754 
807 754 760 761 755 
808 755 761 762 756 
809 756 762 164 165 
810 43 44 763 757 
811 757 763 764 758 
812 758 764 765 759 
813 759 765 766 760 
814 760 766 767 761 
815 761 767 768 762 
816 762 768 163 164 
817 44 45 769 763 
818 763 769 770 764 
819 764 770 771 765 
820 765 771 772 766 
821 766 772 773 767 
822 767 773 774 768 
823 768 774 162 163 
824 45 46 775 769 
825 769 775 776 770 
826 770 776 777 771 
827 771 777 778 772 
828 772 778 779 773 
829 773 779 780 774 
830 774 780 161 162 
831 46 47 781 775 
832 775 781 782 776 
833 776 782 783 777 
834 777 783 784 778 
835 778 784 785 779 
836 779 785 786 780 
837 780 786 160 161 
838 47 48 787 781 
839 781 787 788 782 
840 782 788 789 783 
841 783 789 790 784 
842 784 790 791 785 
843 785 791 792 786 
844 786 792 159 160 
845 48 49 793 787 
846 787 793 794 788 
847 788 794 795 789 
848 789 795 796 790 
849 790 796 797 791 
850 791 797 798 792 
851 792 798 158 159 
852 49 50 799 793 
853 793 799 800 794 
854 794 800 801 795 
855 795 801 802 796 
856 796 802 803 797 
857 797 803 804 798 
858 798 804 157 158 
859 50 51 805 799 
860 799 805 806 800 
861 800 806 807 801 
862 801 807 808 802 
863 802 808 809 803 
864 803 809 810 804 
865 804 810 156 157 
866 51 52 811 805 
867 805 811 812 806 
868 806 812 813 807 
869 807 813 814 808 
870 808 814 815 809 
871 809 815 816 810 
872 810 816 155 156 
873 52 53 817 811 
874 811 817 818 812 
875 812 818 819 813 
876 813 819 820 814 
877 814 820 821 815 
878 815 821 822 816 
879 816 822 154 155 
880 53 54 823 817 
881 817 823 824 818 
882 818 824 825 819 
883 819 825 826 820 
884 820 826 827 821 
885 821 827 828 822 
886 822 828 153 154 
887 54 55 829 823 
888 823 829 830 824 
889 824 830 831 825 
890 825 831 832 826 
891 826 832 833 827 
892 827 833 834 828 
893 828 834 152 153 
894 55 56 835 829 
895 829 835 836 830 
896 830 836 837 831 
897 831 837 838 832 
898 832 838 839 833 
899 833 839 840 834 
900 834 840 151 152 
901 56 57 841 835 
902 835 841 842 836 
903 836 842 843 837 
904 837 843 844 838 
905 838 844 845 839 
906 839 845 846 840 
907 840 846 150 151 
908 57 58 847 841 
909 841 847 848 842 
910 842 848 849 843 
911 843 849 850 844 
912 844 850 851 845 
913 845 851 852 846 
914 846 852 149 150 
915 58 59 853 847 
916 847 853 854 848 
917 848 854 855 849 
918 849 855 856 850 
919 850 856 857 851 
920 851 857 858 852 
921 852 858 148 149 
922 59 60 859 853 
923 853 859 860 854 
924 854 860 861 855 
925 855 861 862 856 
926 856 862 863 857 
927 857 863 864 858 
928 858 864 147 148 
929 60 61 865 859 
930 859 865 866 860 
931 860 866 867 861 
932 861 867 868 862 
933 862 868 869 863 
934 863 869 870 864 
935 864 870 146 147 
936 61 62 871 865 
937 865 871 872 866 
938 866 872 873 867 
939 867 873 874 868 
940 868 874 875 869 
941 869 875 876 870 
942 870 876 145 146 
943 62 63 877 871 
944 871 877 878 872 
945 872 878 879 873 
946 873 879 880 874 
947 874 880 881 875 
948 875 881 882 876 
949 876 882 144 145 
950 63 64 883 877 
951 877 883 884 878 
952 878 884 885 879 
953 879 885 886 880 
954 880 886 887 881 
955 881 887 888 882 
956 882 888 143 144 
957 64 65 889 883 
958 883 889 890 884 
959 884 890 891 885 
960 885 891 892 886 
961 886 892 893 887 
962 887 893 894 888 
963 888 894 142 143 
964 65 66 895 889 
965 889 895 896 890 
966 890 896 897 891 
967 891 897 898 892 
968 892 898 899 893 
969 893 899 900 894 
970 894 900 141 142 
971 66 67 901 895 
972 895 901 902 896 
973 896 902 903 897 
974 897 903 904 898 
975 898 904 905 899 
976 899 905 906 900 
977 900 906 140 141 
978 67 68 907 901 
979 901 907 908 902 
980 902 908 909 903 
981 903 909 910 904 
982 904 910 911 905 
983 905 911 912 906 
984 906 912 139 140 
985 68 69 913 907 
986 907 913 914 908 
987 908 914 915 909 
988 909 915 916 910 
989 910 916 917 911 
990 911 917 918 912 
991 912 918 138 139 
992 69 70 919 913 
993 913 919 920 914 
994 914 920 921 915 
995 915 921 922 916 
996 916 922 923 917 
997 917 923 924 918 
998 918 924 137 138 
999 70 71 925 919 
1000 919 925 926 920 
1001 920 926 927 921 
1002 921 927 928 922 
1003 922 928 929 923 
1004 923 929 930 924 
1005 924 930 136 137 
1006 71 72 931 925 
1007 925 931 932 926 
1008 926 932 933 927 
1009 927 933 934 928 
1010 928 934 935 929 
1011 929 935 936 930 
1012 930 936 135 136 
1013 72 73 937 931 
1014 931 937 938 932 
1015 932 938 939 933 
1016 933 939 940 934 
1017 934 940 941 935 
1018 935 941 942 936 
1019 936 942 134 135 
1020 73 74 943 937 
1021 937 943 944 938 
1022 938 944 945 939 
1023 939 945 946 940 
1024 940 946 947 941 
1025 941 947 948 942 
1026 942 948 133 134 
1027 74 75 949 943 
1028 943 949 950 944 
1029 944 950 951 945 
1030 945 951 952 946 
1031 946 952 953 947 
1032 947 953 954 948 
1033 948 954 132 133 
1034 75 76 955 949 
1035 949 955 956 950 
1036 950 956 957 951 
1037 951 957 958 952 
1038 952 958 959 953 
1039 953 959 960 954 
1040 954 960 131 132 
1041 76 77 961 955 
1042 955 961 962 956 
1043 956 962 963 957 
1044 957 963 964 958 
1045 958 964 965 959 
1046 959 965 966 960 
1047 960 966 130 131 
1048 77 78 967 961 
1049 961 967 968 962 
1050 962 968 969 963 
1051 963 969 970 964 
1052 964 970 971 965 
1053 965 971 972 966 
1054 966 972 129 130 
1055 78 79 973 967 
1056 967 973 974 968 
1057 968 974 975 969 
1058 969 975 976 970 
1059 970 976 977 971 
1060 971 977 978 972 
1061 972 978 128 129 
1062 79 80 979 973 
1063 973 979 980 974 
1064 974 980 981 975 
1065 975 981 982 976 
1066 976 982 983 977 
1067 977 983 984 978 
1068 978 984 127 128 
1069 80 81 985 979 
1070 979 985 986 980 
1071 980 986 987 981 
1072 981 987 988 982 
1073 982 988 989 983 
1074 983 989 990 984 
1075 984 990 126 127 
1076 81 82 991 985 
1077 985 991 992 986 
1078 986 992 993 987 
1079 987 993 994 988 
1080 988 994 995 989 
1081 989 995 996 990 
1082 990 996 125 126 
1083 82 83 997 991 
1084 991 997 998 992 
1085 992 998 999 993 
1086 993 999 1000 994 
1087 994 1000 1001 995 
1088 995 1001 1002 996 
1089 996 1002 124 125 
1090 83 84 1003 997 
1091 997 1003 1004 998 
1092 998 1004 1005 999 
1093 999 1005 1006 1000 
1094 1000 1006 1007 1001 
1095 1001 1007 1008 1002 
1096 1002 1008 123 124 
1097 84 85 1009 1003 
1098 1003 1009 1010 1004 
1099 1004 1010 1011 1005 
1100 1005 1011 1012 1006 
1101 1006 1012 1013 1007 
1102 1007 1013 1014 1008 
1103 1008 1014 122 123 
1104 85 86 1015 1009 
1105 1009 1015 1016 1010 
1106 1010 1016 1017 1011 
1107 1011 1017 1018 1012 
1108 1012 1018 1019 1013 
1109 1013 1019 1020 1014 
1110 1014 1020 121 122 
1111 86 87 1021 1015 
1112 1015 1021 1022 1016 
1113 1016 1022 1023 1017 
1114 1017 1023 1024 1018 
1115 1018 1024 1025 1019 
1116 1019 1025 1026 1020 
1117 1020 1026 120 121 
1118 87 88 1027 1021 
1119 1021 1027 1028 1022 
1120 1022 1028 1029 1023 
1121 1023 1029 1030 1024 
1122 1024 1030 1031 1025 
1123 1025 1031 1032 1026 
1124 1026 1032 119 120 
1125 88 89 1033 1027 
1126 1027 1033 1034 1028 
1127 1028 1034 1035 1029 
1128 1029 1035 1036 1030 
1129 1030 1036 1037 1031 
1130 1031 1037 1038 1032 
1131 1032 1038 118 119 
1132 89 90 1039 1033 
1133 1033 1039 1040 1034 
1134 1034 1040 1041 1035 
1135 1035 1041 1042 1036 
1136 1036 1042 1043 1037 
1137 1037 1043 1044 1038 
1138 1038 1044 117 118 
1139 90 91 1045 1039 
1140 1039 1045 1046 1040 
1141 1040 1046 1047 1041 
1142 1041 1047 1048 1042 
1143 1042 1048 1049 1043 
1144 1043 1049 1050 1044 
1145 1044 1050 116 117 
1146 91 92 1051 1045 
1147 1045 1051 1052 1046 
1148 1046 1052 1053 1047 
1149 1047 1053 1054 1048 
1150 1048 1054 1055 1049 
1151 1049 1055 1056 1050 
1152 1050 1056 115 116 
1153 92 93 1057 1051 
1154 1051 1057 1058 1052 
1155 1052 1058 1059 1053 
1156 1053 1059 1060 1054 
1157 1054 1060 1061 1055 
1158 1055 1061 1062 1056 
1159 1056 1062 114 115 
1160 93 94 1063 1057 
1161 1057 1063 1064 1058 
1162 1058 1064 1065 1059 
1163 1059 1065 1066 1060 
1164 1060 1066 1067 1061 
1165 1061 1067 1068 1062 
1166 1062 1068 113 114 
1167 94 95 1069 1063 
1168 1063 1069 1070 1064 
1169 1064 1070 1071 1065 
1170 1065 1071 1072 1066 
1171 1066 1072 1073 1067 
1172 1067 1073 1074 1068 
1173 1068 1074 112 113 
1174 95 96 1075 1069 
1175 1069 1075 1076 1070 
1176 1070 1076 1077 1071 
1177 1071 1077 1078 1072 
1178 1072 1078 1079 1073 
1179 1073 1079 1080 1074 
1180 1074 1080 111 112 
1181 96 97 1081 1075 
1182 1075 1081 1082 1076 
1183 1076 1082 1083 1077 
1184 1077 1083 1084 1078 
1185 1078 1084 1085 1079 
1186 1079 1085 1086 1080 
1187 1080 1086 110 111 
1188 97 98 1087 1081 
1189 1081 1087 1088 1082 
1190 1082 1088 1089 1083 
1191 1083 1089 1090 1084 
1192 1084 1090 1091 1085 
1193 1085 1091 1092 1086 
1194 1086 1092 109 110 
1195 98 99 1093 1087 
1196 1087 1093 1094 1088 
1197 1088 1094 1095 1089 
1198 1089 1095 1096 1090 
1199 1090 1096 1097 1091 
1200 1091 1097 1098 1092 
1201 1092 1098 108 109 
1202 99 100 1099 1093 
1203 1093 1099 1100 1094 
1204 1094 1100 1101 1095 
1205 1095 1101 1102 1096 
1206 1096 1102 1103 1097 
1207 1097 1103 1104 1098 
1208 1098 1104 107 108 
1209 100 2 101 1099 
1210 1099 101 102 1100 
1211 1100 102 103 1101 
1212 1101 103 104 1102 
1213 1102 104 105 1103 
1214 1103 105 106 1104 
1215 1104 106 3 107 
2 25 3 7
1216 4 195 383 8 
1217 195 196 384 383 
1218 196 197 385 384 
1219 197 198 386 385 
1220 198 199 387 386 
1221 199 200 388 387 
1222 200 1 5 388 
2 26 3 623
1223 5 201 1105 388 
1224 388 1105 1106 387 
1225 387 1106 1107 386 
1226 386 1107 1108 385 
1227 385 1108 1109 384 
1228 384 1109 1110 383 
1229 383 1110 382 8 
1230 201 202 1111 1105 
1231 1105 1111 1112 1106 
1232 1106 1112 1113 1107 
1233 1107 1113 1114 1108 
1234 1108 1114 1115 1109 
1235 1109 1115 1116 1110 
1236 1110 1116 381 382 
1237 202 203 1117 1111 
1238 1111 1117 1118 1112 
1239 1112 1118 1119 1113 
1240 1113 1119 1120 1114 
1241 1114 1120 1121 1115 
1242 1115 1121 1122 1116 
1243 1116 1122 380 381 
1244 203 204 1123 1117 
1245 1117 1123 1124 1118 
1246 1118 1124 1125 1119 
1247 1119 1125 1126 1120 
1248 1120 1126 1127 1121 
1249 1121 1127 1128 1122 
1250 1122 1128 379 380 
1251 204 205 1129 1123 
1252 1123 1129 1130 1124 
1253 1124 1130 1131 1125 
1254 1125 1131 1132 1126 
1255 1126 1132 1133 1127 
1256 1127 1133 1134 1128 
1257 1128 1134 378 379 
1258 205 206 1135 1129 
1259 1129 1135 1136 1130 
1260 1130 1136 1137 1131 
1261 1131 1137 1138 1132 
1262 1132 1138 1139 1133 
1263 1133 1139 1140 1134 
1264 1134 1140 377 378 
1265 206 207 1141 1135 
1266 1135 1141 1142 1136 
1267 1136 1142 1143 1137 
1268 1137 1143 1144 1138 
1269 1138 1144 1145 1139 
1270 1139 1145 1146 1140 
1271 1140 1146 376 377 
1272 207 208 1147 1141 
1273 1141 1147 1148 1142 
1274 1142 1148 1149 1143 
1275 1143 1149 1150 1144 
1276 1144 1150 1151 1145 
1277 1145 1151 1152 1146 
1278 1146 1152 375 376 
1279 208 209 1153 1147 
1280 1147 1153 1154 1148 
1281 1148 1154 1155 1149 
1282 1149 1155 1156 1150 
1283 1150 1156 1157 1151 
1284 1151 1157 1158 1152 
1285 1152 1158 374 375 
1286 209 210 1159 1153 
1287 1153 1159 1160 1154 
1288 1154 1160 1161 1155 
1289 1155 1161 1162 1156 
1290 1156 1162 1163 1157 
1291 1157 1163 1164 1158 
1292 1158 1164 373 374 
1293 210 211 1165 1159 
1294 1159 1165 1166 1160 
1295 1160 1166 1167 1161 
1296 1161 1167 1168 1162 
1297 1162 1168 1169 1163 
1298 1163 1169 1170 1164 
1299 1164 1170 372 373 
1300 211 212 1171 1165 
1301 1165 1171 1172 1166 
1302 1166 1172 1173 1167 
1303 1167 1173 1174 1168 
1304 1168 1174 1175 1169 
1305 1169 1175 1176 1170 
1306 1170 1176 371 372 
1307 212 213 1177 1171 
1308 1171 1177 1178 1172 
1309 1172 1178 1179 1173 
1310 1173 1179 1180 1174 
1311 1174 1180 1181 1175 
1312 1175 1181 1182 1176 
1313 1176 1182 370 371 
1314 213 214 1183 1177 
1315 1177 1183 1184 1178 
1316 1178 1184 1185 1179 
1317 1179 1185 1186 1180 
1318 1180 1186 1187 1181 
1319 1181 1187 1188 1182 
1320 1182 1188 369 370 
1321 214 215 1189 1183 
1322 1183 1189 1190 1184 
1323 1184 1190 1191 1185 
1324 1185 1191 1192 1186 
1325 1186 1192 1193 1187 
1326 1187 1193 1194 1188 
1327 1188 1194 368 369 
1328 215 216 1195 1189 
1329 1189 1195 1196 1190 
1330 1190 1196 1197 1191 
1331 1191 1197 1198 1192 
1332 1192 1198 1199 1193 
1333 1193 1199 1200 1194 
1334 1194 1200 367 368 
1335 216 217 1201 1195 
1336 1195 1201 1202 1196 
1337 1196 1202 1203 1197 
1338 1197 1203 1204 1198 
1339 1198 1204 1205 1199 
1340 1199 1205 1206 1200 
1341 1200 1206 366 367 
1342 217 218 1207 1201 
1343 1201 1207 1208 1202 
1344 1202 1208 1209 1203 
1345 1203 1209 1210 1204 
1346 1204 1210 1211 1205 
1347 1205 1211 1212 1206 
1348 1206 1212 365 366 
1349 218 219 1213 1207 
1350 1207 1213 1214 1208 
1351 1208 1214 1215 1209 
1352 1209 1215 1216 1210 
1353 1210 1216 1217 1211 
1354 1211 1217 1218 1212 
1355 1212 1218 364 365 
1356 219 220 1219 1213 
1357 1213 1219 1220 1214 
1358 1214 1220 1221 1215 
1359 1215 1221 1222 1216 
1360 1216 1222 1223 1217 
1361 1217 1223 1224 1218 
1362 1218 1224 363 364 
1363 220 221 1225 1219 
1364 1219 1225 1226 1220 
1365 1220 1226 1227 1221 
1366 1221 1227 1228 1222 
1367 1222 1228 1229 1223 
1368 1223 1229 1230 1224 
1369 1224 1230 362 363 
1370 221 222 1231 1225 
1371 1225 1231 1232 1226 
1372 1226 1232 1233 1227 
1373 1227 1233 1234 1228 
1374 1228 1234 1235 1229 
1375 1229 1235 1236 1230 
1376 1230 1236 361 362 
1377 222 223 1237 1231 
1378 1231 1237 1238 1232 
1379 1232 1238 1239 1233 
1380 1233 1239 1240 1234 
1381 1234 1240 1241 1235 
1382 1235 1241 1242 1236 
1383 1236 1242 360 361 
1384 223 224 1243 1237 
1385 1237 1243 1244 1238 
1386 1238 1244 1245 1239 
1387 1239 1245 1246 1240 
1388 1240 1246 1247 1241 
1389 1241 1247 1248 1242 
1390 1242 1248 359 360 
1391 224 225 1249 1243 
1392 1243 1249 1250 1244 
1393 1244 1250 1251 1245 
1394 1245 1251 1252 1246 
1395 1246 1252 1253 1247 
1396 1247 1253 1254 1248 
1397 1248 1254 358 359 
1398 225 226 1255 1249 
1399 1249 1255 1256 1250 
1400 1250 1256 1257 1251 
1401 1251 1257 1258 1252 
1402 1252 1258 1259 1253 
1403 1253 1259 1260 1254 
1404 1254 1260 357 358 
1405 226 227 1261 1255 
1406 1255 1261 1262 1256 
1407 1256 1262 1263 1257 
1408 1257 1263 1264 1258 
1409 1258 1264 1265 1259 
1410 1259 1265 1266 1260 
1411 1260 1266 356 357 
1412 227 228 1267 1261 
1413 1261 1267 1268 1262 
1414 1262 1268 1269 1263 
1415 1263 1269 1270 1264 
1416 1264 1270 1271 1265 
1417 1265 1271 1272 1266 
1418 1266 1272 355 356 
1419 228 229 1273 1267 
1420 1267 1273 1274 1268 
1421 1268 1274 1275 1269 
1422 1269 1275 1276 1270 
1423 1270 1276 1277 1271 
1424 1271 1277 1278 1272 
1425 1272 1278 354 355 
1426 229 230 1279 1273 
1427 1273 1279 1280 1274 
1428 1274 1280 1281 1275 
1429 1275 1281 1282 1276 
1430 1276 1282 1283 1277 
1431 1277 1283 1284 1278 
1432 1278 1284 353 354 
1433 230 231 1285 1279 
1434 1279 1285 1286 1280 
1435 1280 1286 1287 1281 
1436 1281 1287 1288 1282 
1437 1282 1288 1289 1283 
1438 1283 1289 1290 1284 
1439 1284 1290 352 353 
1440 231 232 1291 1285 
1441 1285 1291 1292 1286 
1442 1286 1292 1293 1287 
1443 1287 1293 1294 1288 
1444 1288 1294 1295 1289 
1445 1289 1295 1296 1290 
1446 1290 1296 351 352 
1447 232 233 1297 1291 
1448 1291 1297 1298 1292 
1449 1292 1298 1299 1293 
1450 1293 1299 1300 1294 
1451 1294 1300 1301 1295 
1452 1295 1301 1302 1296 
1453 1296 1302 350 351 
1454 233 234 1303 1297 
1455 1297 1303 1304 1298 
1456 1298 1304 1305 1299 
1457 1299 1305 1306 1300 
1458 1300 1306 1307 1301 
1459 1301 1307 1308 1302 
1460 1302 1308 349 350 
1461 234 235 1309 1303 
1462 1303 1309 1310 1304 
1463 1304 1310 1311 1305 
1464 1305 1311 1312 1306 
1465 1306 1312 1313 1307 
1466 1307 1313 1314 1308 
1467 1308 1314 348 349 
1468 235 236 1315 1309 
1469 1309 1315 1316 1310 
1470 1310 1316 1317 1311 
1471 1311 1317 1318 1312 
1472 1312 1318 1319 1313 
1473 1313 1319 1320 1314 
1474 1314 1320 347 348 
1475 236 237 1321 1315 
1476 1315 1321 1322 1316 
1477 1316 1322 1323 1317 
1478 1317 1323 1324 1318 
1479 1318 1324 1325 1319 
1480 1319 1325 1326 1320 
1481 1320 1326 346 347 
1482 237 238 1327 1321 
1483 1321 1327 1328 1322 
1484 1322 1328 1329 1323 
1485 1323 1329 1330 1324 
1486 1324 1330 1331 1325 
1487 1325 1331 1332 1326 
1488 1326 1332 345 346 
1489 238 239 1333 1327 
1490 1327 1333 1334 1328 
1491 1328 1334 1335 1329 
1492 1329 1335 1336 1330 
1493 1330 1336 1337 1331 
1494 1331 1337 1338 1332 
1495 1332 1338 344 345 
1496 239 240 1339 1333 
1497 1333 1339 1340 1334 
1498 1334 1340 1341 1335 
1499 1335 1341 1342 1336 
1500 1336 1342 1343 1337 
1501 1337 1343 1344 1338 
1502 1338 1344 343 344 
1503 240 241 1345 1339 
1504 1339 1345 1346 1340 
1505 1340 1346 1347 1341 
1506 1341 1347 1348 1342 
1507 1342 1348 1349 1343 
1508 1343 1349 1350 1344 
1509 1344 1350 342 343 
1510 241 242 1351 1345 
1511 1345 1351 1352 1346 
1512 1346 1352 1353 1347 
1513 1347 1353 1354 1348 
1514 1348 1354 1355 1349 
1515 1349 1355 1356 1350 
1516 1350 1356 341 342 
1517 242 243 1357 1351 
1518 1351 1357 1358 1352 
1519 1352 1358 1359 1353 
1520 1353 1359 1360 1354 
1521 1354 1360 1361 1355 
1522 1355 1361 1362 1356 
1523 1356 1362 340 341 
1524 243 244 1363 1357 
1525 1357 1363 1364 1358 
1526 1358 1364 1365 1359 
1527 1359 1365 1366 1360 
1528 1360 1366 1367 1361 
1529 1361 1367 1368 1362 
1530 1362 1368 339 340 
1531 244 245 1369 1363 
1532 1363 1369 1370 1364 
1533 1364 1370 1371 1365 
1534 1365 1371 1372 1366 
1535 1366 1372 1373 1367 
1536 1367 1373 1374 1368 
1537 1368 1374 338 339 
1538 245 246 1375 1369 
1539 1369 1375 1376 1370 
1540 1370 1376 1377 1371 
1541 1371 1377 1378 1372 
1542 1372 1378 1379 1373 
1543 1373 1379 1380 1374 
1544 1374 1380 337 338 
1545 246 247 1381 1375 
1546 1375 1381 1382 1376 
1547 1376 1382 1383 1377 
1548 1377 1383 1384 1378 
1549 1378 1384 1385 1379 
1550 1379 1385 1386 1380 
1551 1380 1386 336 337 
1552 247 248 1387 1381 
1553 1381 1387 1388 1382 
1554 1382 1388 1389 1383 
1555 1383 1389 1390 1384 
1556 1384 1390 1391 1385 
1557 1385 1391 1392 1386 
1558 1386 1392 335 336 
1559 248 249 1393 1387 
1560 1387 1393 1394 1388 
1561 1388 1394 1395 1389 
1562 1389 1395 1396 1390 
1563 1390 1396 1397 1391 
1564 1391 1397 1398 1392 
1565 1392 1398 334 335 
1566 249 250 1399 1393 
1567 1393 1399 1400 1394 
1568 1394 1400 1401 1395 
1569 1395 1401 1402 1396 
1570 1396 1402 1403 1397 
1571 1397 1403 1404 1398 
1572 1398 1404 333 334 
1573 250 251 1405 1399 
1574 1399 1405 1406 1400 
1575 1400 1406 1407 1401 
1576 1401 1407 1408 1402 
1577 1402 1408 1409 1403 
1578 1403 1409 1410 1404 
1579 1404 1410 332 333 
1580 251 252 1411 1405 
1581 1405 1411 1412 1406 
1582 1406 1412 1413 1407 
1583 1407 1413 1414 1408 
1584 1408 1414 1415 1409 
1585 1409 1415 1416 1410 
1586 1410 1416 331 332 
1587 252 253 1417 1411 
1588 1411 1417 1418 1412 
1589 1412 1418 1419 1413 
1590 1413 1419 1420 1414 
1591 1414 1420 1421 1415 
1592 1415 1421 1422 1416 
1593 1416 1422 330 331 
1594 253 254 1423 1417 
1595 1417 1423 1424 1418 
1596 1418 1424 1425 1419 
1597 1419 1425 1426 1420 
1598 1420 1426 1427 1421 
1599 1421 1427 1428 1422 
1600 1422 1428 329 330 
1601 254 255 1429 1423 
1602 1423 1429 1430 1424 
1603 1424 1430 1431 1425 
1604 1425 1431 1432 1426 
1605 1426 1432 1433 1427 
1606 1427 1433 1434 1428 
1607 1428 1434 328 329 
1608 255 256 1435 1429 
1609 1429 1435 1436 1430 
1610 1430 1436 1437 1431 
1611 1431 1437 1438 1432 
1612 1432 1438 1439 1433 
1613 1433 1439 1440 1434 
1614 1434 1440 327 328 
1615 256 257 1441 1435 
1616 1435 1441 1442 1436 
1617 1436 1442 1443 1437 
1618 1437 1443 1444 1438 
1619 1438 1444 1445 1439 
1620 1439 1445 1446 1440 
1621 1440 1446 326 327 
1622 257 258 1447 1441 
1623 1441 1447 1448 1442 
1624 1442 1448 1449 1443 
1625 1443 1449 1450 1444 
1626 1444 1450 1451 1445 
1627 1445 1451 1452 1446 
1628 1446 1452 325 326 
1629 258 259 1453 1447 
1630 1447 1453 1454 1448 
1631 1448 1454 1455 1449 
1632 1449 1455 1456 1450 
1633 1450 1456 1457 1451 
1634 1451 1457 1458 1452 
1635 1452 1458 324 325 
1636 259 260 1459 1453 
1637 1453 1459 1460 1454 
1638 1454 1460 1461 1455 
1639 1455 1461 1462 1456 
1640 1456 1462 1463 1457 
1641 1457 1463 1464 1458 
1642 1458 1464 323 324 
1643 260 261 1465 1459 
1644 1459 1465 1466 1460 
1645 1460 1466 1467 1461 
1646 1461 1467 1468 1462 
1647 1462 1468 1469 1463 
1648 1463 1469 1470 1464 
1649 1464 1470 322 323 
1650 261 262 1471 1465 
1651 1465 1471 1472 1466 
1652 1466 1472 1473 1467 
1653 1467 1473 1474 1468 
1654 1468 1474 1475 1469 
1655 1469 1475 1476 1470 
1656 1470 1476 321 322 
1657 262 263 1477 1471 
1658 1471 1477 1478 1472 
1659 1472 1478 1479 1473 
1660 1473 1479 1480 1474 
1661 1474 1480 1481 1475 
1662 1475 1481 1482 1476 
1663 1476 1482 320 321 
1664 263 264 1483 1477 
1665 1477 1483 1484 1478 
1666 1478 1484 1485 1479 
1667 1479 1485 1486 1480 
1668 1480 1486 1487 1481 
1669 1481 1487 1488 1482 
1670 1482 1488 319 320 
1671 264 265 1489 1483 
1672 1483 1489 1490 1484 
1673 1484 1490 1491 1485 
1674 1485 1491 1492 1486 
1675 1486 1492 1493 1487 
1676 1487 1493 1494 1488 
1677 1488 1494 318 319 
1678 265 266 1495 1489 
1679 1489 1495 1496 1490 
1680 1490 1496 1497 1491 
1681 1491 1497 1498 1492 
1682 1492 1498 1499 1493 
1683 1493 1499 1500 1494 
1684 1494 1500 317 318 
1685 266 267 1501 1495 
1686 1495 1501 1502 1496 
1687 1496 1502 1503 1497 
1688 1497 1503 1504 1498 
1689 1498 1504 1505 1499 
1690 1499 1505 1506 1500 
1691 1500 1506 316 317 
1692 267 268 1507 1501 
1693 1501 1507 1508 1502 
1694 1502 1508 1509 1503 
1695 1503 1509 1510 1504 
1696 1504 1510 1511 1505 
1697 1505 1511 1512 1506 
1698 1506 1512 315 316 
1699 268 269 1513 1507 
1700 1507 1513 1514 1508 
1701 1508 1514 1515 1509 
1702 1509 1515 1516 1510 
1703 1510 1516 1517 1511 
1704 1511 1517 1518 1512 
1705 1512 1518 314 315 
1706 269 270 1519 1513 
1707 1513 1519 1520 1514 
1708 1514 1520 1521 1515 
1709 1515 1521 1522 1516 
1710 1516 1522 1523 1517 
1711 1517 1523 1524 1518 
1712 1518 1524 313 314 
1713 270 271 1525 1519 
1714 1519 1525 1526 1520 
1715 1520 1526 1527 1521 
1716 1521 1527 1528 1522 
1717 1522 1528 1529 1523 
1718 1523 1529 1530 1524 
1719 1524 1530 312 313 
1720 271 272 1531 1525 
1721 1525 1531 1532 1526 
1722 1526 1532 1533 1527 
1723 1527 1533 1534 1528 
1724 1528 1534 1535 1529 
1725 1529 1535 1536 1530 
1726 1530 1536 311 312 
1727 272 273 1537 1531 
1728 1531 1537 1538 1532 
1729 1532 1538 1539 1533 
1730 1533 1539 1540 1534 
1731 1534 1540 1541 1535 
1732 1535 1541 1542 1536 
1733 1536 1542 310 311 
1734 273 274 1543 1537 
1735 1537 1543 1544 1538 
1736 1538 1544 1545 1539 
1737 1539 1545 1546 1540 
1738 1540 1546 1547 1541 
1739 1541 1547 1548 1542 
1740 1542 1548 309 310 
1741 274 275 1549 1543 
1742 1543 1549 1550 1544 
1743 1544 1550 1551 1545 
1744 1545 1551 1552 1546 
1745 1546 1552 1553 1547 
1746 1547 1553 1554 1548 
1747 1548 1554 308 309 
1748 275 276 1555 1549 
1749 1549 1555 1556 1550 
1750 1550 1556 1557 1551 
1751 1551 1557 1558 1552 
1752 1552 1558 1559 1553 
1753 1553 1559 1560 1554 
1754 1554 1560 307 308 
1755 276 277 1561 1555 
1756 1555 1561 1562 1556 
1757 1556 1562 1563 1557 
1758 1557 1563 1564 1558 
1759 1558 1564 1565 1559 
1760 1559 1565 1566 1560 
1761 1560 1566 306 307 
1762 277 278 1567 1561 
1763 1561 1567 1568 1562 
1764 1562 1568 1569 1563 
1765 1563 1569 1570 1564 
1766 1564 1570 1571 1565 
1767 1565 1571 1572 1566 
1768 1566 1572 305 306 
1769 278 279 1573 1567 
1770 1567 1573 1574 1568 
1771 1568 1574 1575 1569 
1772 1569 1575 1576 1570 
1773 1570 1576 1577 1571 
1774 1571 1577 1578 1572 
1775 1572 1578 304 305 
1776 279 280 1579 1573 
1777 1573 1579 1580 1574 
1778 1574 1580 1581 1575 
1779 1575 1581 1582 1576 
1780 1576 1582 1583 1577 
1781 1577 1583 1584 1578 
1782 1578 1584 303 304 
1783 280 281 1585 1579 
1784 1579 1585 1586 1580 
1785 1580 1586 1587 1581 
1786 1581 1587 1588 1582 
1787 1582 1588 1589 1583 
1788 1583 1589 1590 1584 
1789 1584 1590 302 303 
1790 281 282 1591 1585 
1791 1585 1591 1592 1586 
1792 1586 1592 1593 1587 
1793 1587 1593 1594 1588 
1794 1588 1594 1595 1589 
1795 1589 1595 1596 1590 
1796 1590 1596 301 302 
1797 282 283 1597 1591 
1798 1591 1597 1598 1592 
1799 1592 1598 1599 1593 
1800 1593 1599 1600 1594 
1801 1594 1600 1601 1595 
1802 1595 1601 1602 1596 
1803 1596 1602 300 301 
1804 283 284 1603 1597 
1805 1597 1603 1604 1598 
1806 1598 1604 1605 1599 
1807 1599 1605 1606 1600 
1808 1600 1606 1607 1601 
1809 1601 1607 1608 1602 
1810 1602 1608 299 300 
1811 284 285 1609 1603 
1812 1603 1609 1610 1604 
1813 1604 1610 1611 1605 
1814 1605 1611 1612 1606 
1815 1606 1612 1613 1607 
1816 1607 1613 1614 1608 
1817 1608 1614 298 299 
1818 285 286 1615 1609 
1819 1609 1615 1616 1610 
1820 1610 1616 1617 1611 
1821 1611 1617 1618 1612 
1822 1612 1618 1619 1613 
1823 1613 1619 1620 1614 
1824 1614 1620 297 298 
1825 286 287 1621 1615 
1826 1615 1621 1622 1616 
1827 1616 1622 1623 1617 
1828 1617 1623 1624 1618 
1829 1618 1624 1625 1619 
1830 1619 1625 1626 1620 
1831 1620 1626 296 297 
1832 287 288 1627 1621 
1833 1621 1627 1628 1622 
1834 1622 1628 1629 1623 
1835 1623 1629 1630 1624 
1836 1624 1630 1631 1625 
1837 1625 1631 1632 1626 
1838 1626 1632 295 296 
1839 288 6 289 1627 
1840 1627 289 290 1628 
1841 1628 290 291 1629 
1842 1629 291 292 1630 
1843 1630 292 293 1631 
1844 1631 293 294 1632 
1845 1632 294 7 295 
2 47 3 7
1846 8 383 571 12 
1847 383 384 572 571 
1848 384 385 573 572 
1849 385 386 574 573 
1850 386 387 575 574 
1851 387 388 576 575 
1852 388 5 9 576 
2 48 3 623
1853 9 389 1633 576 
1854 576 1633 1634 575 
1855 575 1634 1635 574 
1856 574 1635 1636 573 
1857 573 1636 1637 572 
1858 572 1637 1638 571 
1859 571 1638 570 12 
1860 389 390 1639 1633 
1861 1633 1639 1640 1634 
1862 1634 1640 1641 1635 
1863 1635 1641 1642 1636 
1864 1636 1642 1643 1637 
1865 1637 1643 1644 1638 
1866 1638 1644 569 570 
1867 390 391 1645 1639 
1868 1639 1645 1646 1640 
1869 1640 1646 1647 1641 
1870 1641 1647 1648 1642 
1871 1642 1648 1649 1643 
1872 1643 1649 1650 1644 
1873 1644 1650 568 569 
1874 391 392 1651 1645 
1875 1645 1651 1652 1646 
1876 1646 1652 1653 1647 
1877 1647 1653 1654 1648 
1878 1648 1654 1655 1649 
1879 1649 1655 1656 1650 
1880 1650 1656 567 568 
1881 392 393 1657 1651 
1882 1651 1657 1658 1652 
1883 1652 1658 1659 1653 
1884 1653 1659 1660 1654 
1885 1654 1660 1661 1655 
1886 1655 1661 1662 1656 
1887 1656 1662 566 567 
1888 393 394 1663 1657 
1889 1657 1663 1664 1658 
1890 1658 1664 1665 1659 
1891 1659 1665 1666 1660 
1892 1660 1666 1667 1661 
1893 1661 1667 1668 1662 
1894 1662 1668 565 566 
1895 394 395 1669 1663 
1896 1663 1669 1670 1664 
1897 1664 1670 1671 1665 
1898 1665 1671 1672 1666 
1899 1666 1672 1673 1667 
1900 1667 1673 1674 1668 
1901 1668 1674 564 565 
1902 395 396 1675 1669 
1903 1669 1675 1676 1670 
1904 1670 1676 1677 1671 
1905 1671 1677 1678 1672 
1906 1672 1678 1679 1673 
1907 1673 1679 1680 1674 
1908 1674 1680 563 564 
1909 396 397 1681 1675 
1910 1675 1681 1682 1676 
1911 1676 1682 1683 1677 
1912 1677 1683 1684 1678 
1913 1678 1684 1685 1679 
1914 1679 1685 1686 1680 
1915 1680 1686 562 563 
1916 397 398 1687 1681 
1917 1681 1687 1688 1682 
1918 1682 1688 1689 1683 
1919 1683 1689 1690 1684 
1920 1684 1690 1691 1685 
1921 1685 1691 1692 1686 
1922 1686 1692 561 562 
1923 398 399 1693 1687 
1924 1687 1693 1694 1688 
1925 1688 1694 1695 1689 
1926 1689 1695 1696 1690 
1927 1690 1696 1697 1691 
1928 1691 1697 1698 1692 
1929 1692 1698 560 561 
1930 399 400 1699 1693 
1931 1693 1699 1700 1694 
1932 1694 1700 1701 1695 
1933 1695 1701 1702 1696 
1934 1696 1702 1703 1697 
1935 1697 1703 1704 1698 
1936 1698 1704 559 560 
1937 400 401 1705 1699 
1938 1699 1705 1706 1700 
1939 1700 1706 1707 1701 
1940 1701 1707 1708 1702 
1941 1702 1708 1709 1703 
1942 1703 1709 1710 1704 
1943 1704 1710 558 559 
1944 401 402 1711 1705 
1945 1705 1711 1712 1706 
1946 1706 1712 1713 1707 
1947 1707 1713 1714 1708 
1948 1708 1714 1715 1709 
1949 1709 1715 1716 1710 
1950 1710 1716 557 558 
1951 402 403 1717 1711 
1952 1711 1717 1718 1712 
1953 1712 1718 1719 1713 
1954 1713 1719 1720 1714 
1955 1714 1720 1721 1715 
1956 1715 1721 1722 1716 
1957 1716 1722 556 557 
1958 403 404 1723 1717 
1959 1717 1723 1724 1718 
1960 1718 1724 1725 1719 
1961 1719 1725 1726 1720 
1962 1720 1726 1727 1721 
1963 1721 1727 1728 1722 
1964 1722 1728 555 556 
1965 404 405 1729 1723 
1966 1723 1729 1730 1724 
1967 1724 1730 1731 1725 
1968 1725 1731 1732 1726 
1969 1726 1732 1733 1727 
1970 1727 1733 1734 1728 
1971 1728 1734 554 555 
1972 405 406 1735 1729 
1973 1729 1735 1736 1730 
1974 1730 1736 1737 1731 
1975 1731 1737 1738 1732 
1976 1732 1738 1739 1733 
1977 1733 1739 1740 1734 
1978 1734 1740 553 554 
1979 406 407 1741 1735 
1980 1735 1741 1742 1736 
1981 1736 1742 1743 1737 
1982 1737 1743 1744 1738 
1983 1738 1744 1745 1739 
1984 1739 1745 1746 1740 
1985 1740 1746 552 553 
1986 407 408 1747 1741 
1987 1741 1747 1748 1742 
1988 1742 1748 1749 1743 
1989 1743 1749 1750 1744 
1990 1744 1750 1751 1745 
1991 1745 1751 1752 1746 
1992 1746 1752 551 552 
1993 408 409 1753 1747 
1994 1747 1753 1754 1748 
1995 1748 1754 1755 1749 
1996 1749 1755 1756 1750 
1997 1750 1756 1757 1751 
1998 1751 1757 1758 1752 
1999 1752 1758 550 551 
2000 409 410 1759 1753 
2001 1753 1759 1760 1754 
2002 1754 1760 1761 1755 
2003 1755 1761 1762 1756 
2004 1756 1762 1763 1757 
2005 1757 1763 1764 1758 
2006 1758 1764 549 550 
2007 410 411 1765 1759 
2008 1759 1765 1766 1760 
2009 1760 1766 1767 1761 
2010 1761 1767 1768 1762 
2011 1762 1768 1769 1763 
2012 1763 1769 1770 1764 
2013 1764 1770 548 549 
2014 411 412 1771 1765 
2015 1765 1771 1772 1766 
2016 1766 1772 1773 1767 
2017 1767 1773 1774 1768 
2018 1768 1774 1775 1769 
2019 1769 1775 1776 1770 
2020 1770 1776 547 548 
2021 412 413 1777 1771 
2022 1771 1777 1778 1772 
2023 1772 1778 1779 1773 
2024 1773 1779 1780 1774 
2025 1774 1780 1781 1775 
2026 1775 1781 1782 1776 
2027 1776 1782 546 547 
2028 413 414 1783 1777 
2029 1777 1783 1784 1778 
2030 1778 1784 1785 1779 
2031 1779 1785 1786 1780 
2032 1780 1786 1787 1781 
2033 1781 1787 1788 1782 
2034 1782 1788 545 546 
2035 414 415 1789 1783 
2036 1783 1789 1790 1784 
2037 1784 1790 1791 1785 
2038 1785 1791 1792 1786 
2039 1786 1792 1793 1787 
2040 1787 1793 1794 1788 
2041 1788 1794 544 545 
2042 415 416 1795 1789 
2043 1789 1795 1796 1790 
2044 1790 1796 1797 1791 
2045 1791 1797 1798 1792 
2046 1792 1798 1799 1793 
2047 1793 1799 1800 1794 
2048 1794 1800 543 544 
2049 416 417 1801 1795 
2050 1795 1801 1802 1796 
2051 1796 1802 1803 1797 
2052 1797 1803 1804 1798 
2053 1798 1804 1805 1799 
2054 1799 1805 1806 1800 
2055 1800 1806 542 543 
2056 417 418 1807 1801 
2057 1801 1807 1808 1802 
2058 1802 1808 1809 1803 
2059 1803 1809 1810 1804 
2060 1804 1810 1811 1805 
2061 1805 1811 1812 1806 
2062 1806 1812 541 542 
2063 418 419 1813 1807 
2064 1807 1813 1814 1808 
2065 1808 1814 1815 1809 
2066 1809 1815 1816 1810 
2067 1810 1816 1817 1811 
2068 1811 1817 1818 1812 
2069 1812 1818 540 541 
2070 419 420 1819 1813 
2071 1813 1819 1820 1814 
2072 1814 1820 1821 1815 
2073 1815 1821 1822 1816 
2074 1816 1822 1823 1817 
2075 1817 1823 1824 1818 
2076 1818 1824 539 540 
2077 420 421 1825 1819 
2078 1819 1825 1826 1820 
2079 1820 1826 1827 1821 
2080 1821 1827 1828 1822 
2081 1822 1828 1829 1823 
2082 1823 1829 1830 1824 
2083 1824 1830 538 539 
2084 421 422 1831 1825 
2085 1825 1831 1832 1826 
2086 1826 1832 1833 1827 
2087 1827 1833 1834 1828 
2088 1828 1834 1835 1829 
2089 1829 1835 1836 1830 
2090 1830 1836 537 538 
2091 422 423 1837 1831 
2092 1831 1837 1838 1832 
2093 1832 1838 1839 1833 
2094 1833 1839 1840 1834 
2095 1834 1840 1841 1835 
2096 1835 1841 1842 1836 
2097 1836 1842 536 537 
2098 423 424 1843 1837 
2099 1837 1843 1844 1838 
2100 1838 1844 1845 1839 
2101 1839 1845 1846 1840 
2102 1840 1846 1847 1841 
2103 1841 1847 1848 1842 
2104 1842 1848 535 536 
2105 424 425 1849 1843 
2106 1843 1849 1850 1844 
2107 1844 1850 1851 1845 
2108 1845 1851 1852 1846 
2109 1846 1852 1853 1847 
2110 1847 1853 1854 1848 
2111 1848 1854 534 535 
2112 425 426 1855 1849 
2113 1849 1855 1856 1850 
2114 1850 1856 1857 1851 
2115 1851 1857 1858 1852 
2116 1852 1858 1859 1853 
2117 1853 1859 1860 1854 
2118 1854 1860 533 534 
2119 426 427 1861 1855 
2120 1855 1861 1862 1856 
2121 1856 1862 1863 1857 
2122 1857 1863 1864 1858 
2123 1858 1864 1865 1859 
2124 1859 1865 1866 1860 
2125 1860 1866 532 533 
2126 427 428 1867 1861 
2127 1861 1867 1868 1862 
2128 1862 1868 1869 1863 
2129 1863 1869 1870 1864 
2130 1864 1870 1871 1865 
2131 1865 1871 1872 1866 
2132 1866 1872 531 532 
2133 428 429 1873 1867 
2134 1867 1873 1874 1868 
2135 1868 1874 1875 1869 
2136 1869 1875 1876 1870 
2137 1870 1876 1877 1871 
2138 1871 1877 1878 1872 
2139 1872 1878 530 531 
2140 429 430 1879 1873 
2141 1873 1879 1880 1874 
2142 1874 1880 1881 1875 
2143 1875 1881 1882 1876 
2144 1876 1882 1883 1877 
2145 1877 1883 1884 1878 
2146 1878 1884 529 530 
2147 430 431 1885 1879 
2148 1879 1885 1886 1880 
2149 1880 1886 1887 1881 
2150 1881 1887 1888 1882 
2151 1882 1888 1889 1883 
2152 1883 1889 1890 1884 
2153 1884 1890 528 529 
2154 431 432 1891 1885 
2155 1885 1891 1892 1886 
2156 1886 1892 1893 1887 
2157 1887 1893 1894 1888 
2158 1888 1894 1895 1889 
2159 1889 1895 1896 1890 
2160 1890 1896 527 528 
2161 432 433 1897 1891 
2162 1891 1897 1898 1892 
2163 1892 1898 1899 1893 
2164 1893 1899 1900 1894 
2165 1894 1900 1901 1895 
2166 1895 1901 1902 1896 
2167 1896 1902 526 527 
2168 433 434 1903 1897 
2169 1897 1903 1904 1898 
2170 1898 1904 1905 1899 
2171 1899 1905 1906 1900 
2172 1900 1906 1907 1901 
2173 1901 1907 1908 1902 
2174 1902 1908 525 526 
2175 434 435 1909 1903 
2176 1903 1909 1910 1904 
2177 1904 1910 1911 1905 
2178 1905 1911 1912 1906 
2179 1906 1912 1913 1907 
2180 1907 1913 1914 1908 
2181 1908 1914 524 525 
2182 435 436 1915 1909 
2183 1909 1915 1916 1910 
2184 1910 1916 1917 1911 
2185 1911 1917 1918 1912 
2186 1912 1918 1919 1913 
2187 1913 1919 1920 1914 
2188 1914 1920 523 524 
2189 436 437 1921 1915 
2190 1915 1921 1922 1916 
2191 1916 1922 1923 1917 
2192 1917 1923 1924 1918 
2193 1918 1924 1925 1919 
2194 1919 1925 1926 1920 
2195 1920 1926 522 523 
2196 437 438 1927 1921 
2197 1921 1927 1928 1922 
2198 1922 1928 1929 1923 
2199 1923 1929 1930 1924 
2200 1924 1930 1931 1925 
2201 1925 1931 1932 1926 
2202 1926 1932 521 522 
2203 438 439 1933 1927 
2204 1927 1933 1934 1928 
2205 1928 1934 1935 1929 
2206 1929 1935 1936 1930 
2207 1930 1936 1937 1931 
2208 1931 1937 1938 1932 
2209 1932 1938 520 521 
2210 439 440 1939 1933 
2211 1933 1939 1940 1934 
2212 1934 1940 1941 1935 
2213 1935 1941 1942 1936 
2214 1936 1942 1943 1937 
2215 1937 1943 1944 1938 
2216 1938 1944 519 520 
2217 440 441 1945 1939 
2218 1939 1945 1946 1940 
2219 1940 1946 1947 1941 
2220 1941 1947 1948 1942 
2221 1942 1948 1949 1943 
2222 1943 1949 1950 1944 
2223 1944 1950 518 519 
2224 441 442 1951 1945 
2225 1945 1951 1952 1946 
2226 1946 1952 1953 1947 
2227 1947 1953 1954 1948 
2228 1948 1954 1955 1949 
2229 1949 1955 1956 1950 
2230 1950 1956 517 518 
2231 442 443 1957 1951 
2232 1951 1957 1958 1952 
2233 1952 1958 1959 1953 
2234 1953 1959 1960 1954 
2235 1954 1960 1961 1955 
2236 1955 1961 1962 1956 
2237 1956 1962 516 517 
2238 443 444 1963 1957 
2239 1957 1963 1964 1958 
2240 1958 1964 1965 1959 
2241 1959 1965 1966 1960 
2242 1960 1966 1967 1961 
2243 1961 1967 1968 1962 
2244 1962 1968 515 516 
2245 444 445 1969 1963 
2246 1963 1969 1970 1964 
2247 1964 1970 1971 1965 
2248 1965 1971 1972 1966 
2249 1966 1972 1973 1967 
2250 1967 1973 1974 1968 
2251 1968 1974 514 515 
2252 445 446 1975 1969 
2253 1969 1975 1976 1970 
2254 1970 1976 1977 1971 
2255 1971 1977 1978 1972 
2256 1972 1978 1979 1973 
2257 1973 1979 1980 1974 
2258 1974 1980 513 514 
2259 446 447 1981 1975 
2260 1975 1981 1982 1976 
2261 1976 1982 1983 1977 
2262 1977 1983 1984 1978 
2263 1978 1984 1985 1979 
2264 1979 1985 1986 1980 
2265 1980 1986 512 513 
2266 447 448 1987 1981 
2267 1981 1987 1988 1982 
2268 1982 1988 1989 1983 
2269 1983 1989 1990 1984 
2270 1984 1990 1991 1985 
2271 1985 1991 1992 1986 
2272 1986 1992 511 512 
2273 448 449 1993 1987 
2274 1987 1993 1994 1988 
2275 1988 1994 1995 1989 
2276 1989 1995 1996 1990 
2277 1990 1996 1997 1991 
2278 1991 1997 1998 1992 
2279 1992 1998 510 511 
2280 449 450 1999 1993 
2281 1993 1999 2000 1994 
2282 1994 2000 2001 1995 
2283 1995 2001 2002 1996 
2284 1996 2002 2003 1997 
2285 1997 2003 2004 1998 
2286 1998 2004 509 510 
2287 450 451 2005 1999 
2288 1999 2005 2006 2000 
2289 2000 2006 2007 2001 
2290 2001 2007 2008 2002 
2291 2002 2008 2009 2003 
2292 2003 2009 2010 2004 
2293 2004 2010 508 509 
2294 451 452 2011 2005 
2295 2005 2011 2012 2006 
2296 2006 2012 2013 2007 
2297 2007 2013 2014 2008 
2298 2008 2014 2015 2009 
2299 2009 2015 2016 2010 
2300 2010 2016 507 508 
2301 452 453 2017 2011 
2302 2011 2017 2018 2012 
2303 2012 2018 2019 2013 
2304 2013 2019 2020 2014 
2305 2014 2020 2021 2015 
2306 2015 2021 2022 2016 
2307 2016 2022 506 507 
2308 453 454 2023 2017 
2309 2017 2023 2024 2018 
2310 2018 2024 2025 2019 
2311 2019 2025 2026 2020 
2312 2020 2026 2027 2021 
2313 2021 2027 2028 2022 
2314 2022 2028 505 506 
2315 454 455 2029 2023 
2316 2023 2029 2030 2024 
2317 2024 2030 2031 2025 
2318 2025 2031 2032 2026 
2319 2026 2032 2033 2027 
2320 2027 2033 2034 2028 
2321 2028 2034 504 505 
2322 455 456 2035 2029 
2323 2029 2035 2036 2030 
2324 2030 2036 2037 2031 
2325 2031 2037 2038 2032 
2326 2032 2038 2039 2033 
2327 2033 2039 2040 2034 
2328 2034 2040 503 504 
2329 456 457 2041 2035 
2330 2035 2041 2042 2036 
2331 2036 2042 2043 2037 
2332 2037 2043 2044 2038 
2333 2038 2044 2045 2039 
2334 2039 2045 2046 2040 
2335 2040 2046 502 503 
2336 457 458 2047 2041 
2337 2041 2047 2048 2042 
2338 2042 2048 2049 2043 
2339 2043 2049 2050 2044 
2340 2044 2050 2051 2045 
2341 2045 2051 2052 2046 
2342 2046 2052 501 502 
2343 458 459 2053 2047 
2344 2047 2053 2054 2048 
2345 2048 2054 2055 2049 
2346 2049 2055 2056 2050 
2347 2050 2056 2057 2051 
2348 2051 2057 2058 2052 
2349 2052 2058 500 501 
2350 459 460 2059 2053 
2351 2053 2059 2060 2054 
2352 2054 2060 2061 2055 
2353 2055 2061 2062 2056 
2354 2056 2062 2063 2057 
2355 2057 2063 2064 2058 
2356 2058 2064 499 500 
2357 460 461 2065 2059 
2358 2059 2065 2066 2060 
2359 2060 2066 2067 2061 
2360 2061 2067 2068 2062 
2361 2062 2068 2069 2063 
2362 2063 2069 2070 2064 
2363 2064 2070 498 499 
2364 461 462 2071 2065 
2365 2065 2071 2072 2066 
2366 2066 2072 2073 2067 
2367 2067 2073 2074 2068 
2368 2068 2074 2075 2069 
2369 2069 2075 2076 2070 
2370 2070 2076 497 498 
2371 462 463 2077 2071 
2372 2071 2077 2078 2072 
2373 2072 2078 2079 2073 
2374 2073 2079 2080 2074 
2375 2074 2080 2081 2075 
2376 2075 2081 2082 2076 
2377 2076 2082 496 497 
2378 463 464 2083 2077 
2379 2077 2083 2084 2078 
2380 2078 2084 2085 2079 
2381 2079 2085 2086 2080 
2382 2080 2086 2087 2081 
2383 2081 2087 2088 2082 
2384 2082 2088 495 496 
2385 464 465 2089 2083 
2386 2083 2089 2090 2084 
2387 2084 2090 2091 2085 
2388 2085 2091 2092 2086 
2389 2086 2092 2093 2087 
2390 2087 2093 2094 2088 
2391 2088 2094 494 495 
2392 465 466 2095 2089 
2393 2089 2095 2096 2090 
2394 2090 2096 2097 2091 
2395 2091 2097 2098 2092 
2396 2092 2098 2099 2093 
2397 2093 2099 2100 2094 
2398 2094 2100 493 494 
2399 466 467 2101 2095 
2400 2095 2101 2102 2096 
2401 2096 2102 2103 2097 
2402 2097 2103 2104 2098 
2403 2098 2104 2105 2099 
2404 2099 2105 2106 2100 
2405 2100 2106 492 493 
2406 467 468 2107 2101 
2407 2101 2107 2108 2102 
2408 2102 2108 2109 2103 
2409 2103 2109 2110 2104 
2410 2104 2110 2111 2105 
2411 2105 2111 2112 2106 
2412 2106 2112 491 492 
2413 468 469 2113 2107 
2414 2107 2113 2114 2108 
2415 2108 2114 2115 2109 
2416 2109 2115 2116 2110 
2417 2110 2116 2117 2111 
2418 2111 2117 2118 2112 
2419 2112 2118 490 491 
2420 469 470 2119 2113 
2421 2113 2119 2120 2114 
2422 2114 2120 2121 2115 
2423 2115 2121 2122 2116 
2424 2116 2122 2123 2117 
2425 2117 2123 2124 2118 
2426 2118 2124 489 490 
2427 470 471 2125 2119 
2428 2119 2125 2126 2120 
2429 2120 2126 2127 2121 
2430 2121 2127 2128 2122 
2431 2122 2128 2129 2123 
2432 2123 2129 2130 2124 
2433 2124 2130 488 489 
2434 471 472 2131 2125 
2435 2125 2131 2132 2126 
2436 2126 2132 2133 2127 
2437 2127 2133 2134 2128 
2438 2128 2134 2135 2129 
2439 2129 2135 2136 2130 
2440 2130 2136 487 488 
2441 472 473 2137 2131 
2442 2131 2137 2138 2132 
2443 2132 2138 2139 2133 
2444 2133 2139 2140 2134 
2445 2134 2140 2141 2135 
2446 2135 2141 2142 2136 
2447 2136 2142 486 487 
2448 473 474 2143 2137 
2449 2137 2143 2144 2138 
2450 2138 2144 2145 2139 
2451 2139 2145 2146 2140 
2452 2140 2146 2147 2141 
2453 2141 2147 2148 2142 
2454 2142 2148 485 486 
2455 474 475 2149 2143 
2456 2143 2149 2150 2144 
2457 2144 2150 2151 2145 
2458 2145 2151 2152 2146 
2459 2146 2152 2153 2147 
2460 2147 2153 2154 2148 
2461 2148 2154 484 485 
2462 475 476 2155 2149 
2463 2149 2155 2156 2150 
2464 2150 2156 2157 2151 
2465 2151 2157 2158 2152 
2466 2152 2158 2159 2153 
2467 2153 2159 2160 2154 
2468 2154 2160 483 484 
2469 476 10 477 2155 
2470 2155 477 478 2156 
2471 2156 478 479 2157 
2472 2157 479 480 2158 
2473 2158 480 481 2159 
2474 2159 481 482 2160 
2475 2160 482 11 483 
3 1 5 623
2476 1 13 577 200 5 201 1105 388 
2477 200 577 578 199 388 1105 1106 387 
2478 199 578 579 198 387 1106 1107 386 
2479 198 579 580 197 386 1107 1108 385 
2480 197 580 581 196 385 1108 1109 384 
2481 196 581 582 195 384 1109 1110 383 
2482 195 582 194 4 383 1110 382 8 
2483 13 14 583 577 201 202 1111 1105 
2484 577 583 584 578 1105 1111 1112 1106 
2485 578 584 585 579 1106 1112 1113 1107 
2486 579 585 586 580 1107 1113 1114 1108 
2487 580 586 587 581 1108 1114 1115 1109 
2488 581 587 588 582 1109 1115 1116 1110 
2489 582 588 193 194 1110 1116 381 382 
2490 14 15 589 583 202 203 1117 1111 
2491 583 589 590 584 1111 1117 1118 1112 
2492 584 590 591 585 1112 1118 1119 1113 
2493 585 591 592 586 1113 1119 1120 1114 
2494 586 592 593 587 1114 1120 1121 1115 
2495 587 593 594 588 1115 1121 1122 1116 
2496 588 594 192 193 1116 1122 380 381 
2497 15 16 595 589 203 204 1123 1117 
2498 589 595 596 590 1117 1123 1124 1118 
2499 590 596 597 591 1118 1124 1125 1119 
2500 591 597 598 592 1119 1125 1126 1120 
2501 592 598 599 593 1120 1126 1127 1121 
2502 593 599 600 594 1121 1127 1128 1122 
2503 594 600 191 192 1122 1128 379 380 
2504 16 17 601 595 204 205 1129 1123 
2505 595 601 602 596 1123 1129 1130 1124 
2506 596 602 603 597 1124 1130 1131 1125 
2507 597 603 604 598 1125 1131 1132 1126 
2508 598 604 605 599 1126 1132 1133 1127 
2509 599 605 606 600 1127 1133 1134 1128 
2510 600 606 190 191 1128 1134 378 379 
2511 17 18 607 601 205 206 1135 1129 
2512 601 607 608 602 1129 1135 1136 1130 
2513 602 608 609 603 1130 1136 1137 1131 
2514 603 609 610 604 1131 1137 1138 1132 
2515 604 610 611 605 1132 1138 1139 1133 
2516 605 611 612 606 1133 1139 1140 1134 
2517 606 612 189 190 1134 1140 377 378 
2518 18 19 613 607 206 207 1141 1135 
2519 607 613 614 608 1135 1141 1142 1136 
2520 608 614 615 609 1136 1142 1143 1137 
2521 609 615 616 610 1137 1143 1144 1138 
2522 610 616 617 611 1138 1144 1145 1139 
2523 611 617 618 612 1139 1145 1146 1140 
2524 612 618 188 189 1140 1146 376 377 
2525 19 20 619 613 207 208 1147 1141 
2526 613 619 620 614 1141 1147 1148 1142 
2527 614 620 621 615 1142 1148 1149 1143 
2528 615 621 622 616 1143 1149 1150 1144 
2529 616 622 623 617 1144 1150 1151 1145 
2530 617 623 624 618 1145 1151 1152 1146 
2531 618 624 187 188 1146 1152 375 376 
2532 20 21 625 619 208 209 1153 1147 
2533 619 625 626 620 1147 1153 1154 1148 
2534 620 626 627 621 1148 1154 1155 1149 
2535 621 627 628 622 1149 1155 1156 1150 
2536 622 628 629 623 1150 1156 1157 1151 
2537 623 629 630 624 1151 1157 1158 1152 
2538 624 630 186 187 1152 1158 374 375 
2539 21 22 631 625 209 210 1159 1153 
2540 625 631 632 626 1153 1159 1160 1154 
2541 626 632 633 627 1154 1160 1161 1155 
2542 627 633 634 628 1155 1161 1162 1156 
2543 628 634 635 629 1156 1162 1163 1157 
2544 629 635 636 630 1157 1163 1164 1158 
2545 630 636 185 186 1158 1164 373 374 
2546 22 23 637 631 210 211 1165 1159 
2547 631 637 638 632 1159 1165 1166 1160 
2548 632 638 639 633 1160 1166 1167 1161 
2549 633 639 640 634 1161 1167 1168 1162 
2550 634 640 641 635 1162 1168 1169 1163 
2551 635 641 642 636 1163 1169 1170 1164 
2552 636 642 184 185 1164 1170 372 373 
2553 23 24 643 637 211 212 1171 1165 
2554 637 643 644 638 1165 1171 1172 1166 
2555 638 644 645 639 1166 1172 1173 1167 
2556 639 645 646 640 1167 1173 1174 1168 
2557 640 646 647 641 1168 1174 1175 1169 
2558 641 647 648 642 1169 1175 1176 1170 
2559 642 648 183 184 1170 1176 371 372 
2560 24 25 649 643 212 213 1177 1171 
2561 643 649 650 644 1171 1177 1178 1172 
2562 644 650 651 645 1172 1178 1179 1173 
2563 645 651 652 646 1173 1179 1180 1174 
2564 646 652 653 647 1174 1180 1181 1175 
2565 647 653 654 648 1175 1181 1182 1176 
2566 648 654 182 183 1176 1182 370 371 
2567 25 26 655 649 213 214 1183 1177 
2568 649 655 656 650 1177 1183 1184 1178 
2569 650 656 657 651 1178 1184 1185 1179 
2570 651 657 658 652 1179 1185 1186 1180 
2571 652 658 659 653 1180 1186 1187 1181 
2572 653 659 660 654 1181 1187 1188 1182 
2573 654 660 181 182 1182 1188 369 370 
2574 26 27 661 655 214 215 1189 1183 
2575 655 661 662 656 1183 1189 1190 1184 
2576 656 662 663 657 1184 1190 1191 1185 
2577 657 663 664 658 1185 1191 1192 1186 
2578 658 664 665 659 1186 1192 1193 1187 
2579 659 665 666 660 1187 1193 1194 1188 
2580 660 666 180 181 1188 1194 368 369 
2581 27 28 667 661 215 216 1195 1189 
2582 661 667 668 662 1189 1195 1196 1190 
2583 662 668 669 663 1190 1196 1197 1191 
2584 663 669 670 664 1191 1197 1198 1192 
2585 664 670 671 665 1192 1198 1199 1193 
2586 665 671 672 666 1193 1199 1200 1194 
2587 666 672 179 180 1194 1200 367 368 
2588 28 29 673 667 216 217 1201 1195 
2589 667 673 674 668 1195 1201 1202 1196 
2590 668 674 675 669 1196 1202 1203 1197 
2591 669 675 676 670 1197 1203 1204 1198 
2592 670 676 677 671 1198 1204 1205 1199 
2593 671 677 678 672 1199 1205 1206 1200 
2594 672 678 178 179 1200 1206 366 367 
2595 29 30 679 673 217 218 1207 1201 
2596 673 679 680 674 1201 1207 1208 1202 
2597 674 680 681 675 1202 1208 1209 1203 
2598 675 681 682 676 1203 1209 1210 1204 
2599 676 682 683 677 1204 1210 1211 1205 
2600 677 683 684 678 1205 1211 1212 1206 
2601 678 684 177 178 1206 1212 365 366 
2602 30 31 685 679 218 219 1213 1207 
2603 679 685 686 680 1207 1213 1214 1208 
2604 680 686 687 681 1208 1214 1215 1209 
2605 681 687 688 682 1209 1215 1216 1210 
2606 682 688 689 683 1210 1216 1217 1211 
2607 683 689 690 684 1211 1217 1218 1212 
2608 684 690 176 177 1212 1218 364 365 
2609 31 32 691 685 219 220 1219 1213 
2610 685 691 692 686 1213 1219 1220 1214 
2611 686 692 693 687 1214 1220 1221 1215 
2612 687 693 694 688 1215 1221 1222 1216 
2613 688 694 695 689 1216 1222 1223 1217 
2614 689 695 696 690 1217 1223 1224 1218 
2615 690 696 175 176 1218 1224 363 364 
2616 32 33 697 691 220 221 1225 1219 
2617 691 697 698 692 1219 1225 1226 1220 
2618 692 698 699 693 1220 1226 1227 1221 
2619 693 699 700 694 1221 1227 1228 1222 
2620 694 700 701 695 1222 1228 1229 1223 
2621 695 701 702 696 1223 1229 1230 1224 
2622 696 702 174 175 1224 1230 362 363 
2623 33 34 703 697 221 222 1231 1225 
2624 697 703 704 698 1225 1231 1232 1226 
2625 698 704 705 699 1226 1232 1233 1227 
2626 699 705 706 700 1227 1233 1234 1228 
2627 700 706 707 701 1228 1234 1235 1229 
2628 701 707 708 702 1229 1235 1236 1230 
2629 702 708 173 174 1230 1236 361 362 
2630 34 35 709 703 222 223 1237 1231 
2631 703 709 710 704 1231 1237 1238 1232 
2632 704 710 711 705 1232 1238 1239 1233 
2633 705 711 712 706 1233 1239 1240 1234 
2634 706 712 713 707 1234 1240 1241 1235 
2635 707 713 714 708 1235 1241 1242 1236 
2636 708 714 172 173 1236 1242 360 361 
2637 35 36 715 709 223 224 1243 1237 
2638 709 715 716 710 1237 1243 1244 1238 
2639 710 716 717 711 1238 1244 1245 1239 
2640 711 717 718 712 1239 1245 1246 1240 
2641 712 718 719 713 1240 1246 1247 1241 
2642 713 719 720 714 1241 1247 1248 1242 
2643 714 720 171 172 1242 1248 359 360 
2644 36 37 721 715 224 225 1249 1243 
2645 715 721 722 716 1243 1249 1250 1244 
2646 716 722 723 717 1244 1250 1251 1245 
2647 717 723 724 718 1245 1251 1252 1246 
2648 718 724 725 719 1246 1252 1253 1247 
2649 719 725 726 720 1247 1253 1254 1248 
2650 720 726 170 171 1248 1254 358 359 
2651 37 38 727 721 225 226 1255 1249 
2652 721 727 728 722 1249 1255 1256 1250 
2653 722 728 729 723 1250 1256 1257 1251 
2654 723 729 730 724 1251 1257 1258 1252 
2655 724 730 731 725 1252 1258 1259 1253 
2656 725 731 732 726 1253 1259 1260 1254 
2657 726 732 169 170 1254 1260 357 358 
2658 38 39 733 727 226 227 1261 1255 
2659 727 733 734 728 1255 1261 1262 1256 
2660 728 734 735 729 1256 1262 1263 1257 
2661 729 735 736 730 1257 1263 1264 1258 
2662 730 736 737 731 1258 1264 1265 1259 
2663 731 737 738 732 1259 1265 1266 1260 
2664 732 738 168 169 1260 1266 356 357 
2665 39 40 739 733 227 228 1267 1261 
2666 733 739 740 734 1261 1267 1268 1262 
2667 734 740 741 735 1262 1268 1269 1263 
2668 735 741 742 736 1263 1269 1270 1264 
2669 736 742 743 737 1264 1270 1271 1265 
2670 737 743 744 738 1265 1271 1272 1266 
2671 738 744 167 168 1266 1272 355 356 
2672 40 41 745 739 228 229 1273 1267 
2673 739 745 746 740 1267 1273 1274 1268 
2674 740 746 747 741 1268 1274 1275 1269 
2675 741 747 748 742 1269 1275 1276 1270 
2676 742 748 749 743 1270 1276 1277 1271 
2677 743 749 750 744 1271 1277 1278 1272 
2678 744 750 166 167 1272 1278 354 355 
2679 41 42 751 745 229 230 1279 1273 
2680 745 751 752 746 1273 1279 1280 1274 
2681 746 752 753 747 1274 1280 1281 1275 
2682 747 753 754 748 1275 1281 1282 1276 
2683 748 754 755 749 1276 1282 1283 1277 
2684 749 755 756 750 1277 1283 1284 1278 
2685 750 756 165 166 1278 1284 353 354 
2686 42 43 757 751 230 231 1285 1279 
2687 751 757 758 752 1279 1285 1286 1280 
2688 752 758 759 753 1280 1286 1287 1281 
2689 753 759 760 754 1281 1287 1288 1282 
2690 754 760 761 755 1282 1288 1289 1283 
2691 755 761 762 756 1283 1289 1290 1284 
2692 756 762 164 165 1284 1290 352 353 
2693 43 44 763 757 231 232 1291 1285 
2694 757 763 764 758 1285 1291 1292 1286 
2695 758 764 765 759 1286 1292 1293 1287 
2696 759 765 766 760 1287 1293 1294 1288 
2697 760 766 767 761 1288 1294 1295 1289 
2698 761 767 768 762 1289 1295 1296 1290 
2699 762 768 163 164 1290 1296 351 352 
2700 44 45 769 763 232 233 1297 1291 
2701 763 769 770 764 1291 1297 1298 1292 
2702 764 770 771 765 1292 1298 1299 1293 
2703 765 771 772 766 1293 1299 1300 1294 
2704 766 772 773 767 1294 1300 1301 1295 
2705 767 773 774 768 1295 1301 1302 1296 
2706 768 774 162 163 1296 1302 350 351 
2707 45 46 775 769 233 234 1303 1297 
2708 769 775 776 770 1297 1303 1304 1298 
2709 770 776 777 771 1298 1304 1305 1299 
2710 771 777 778 772 1299 1305 1306 1300 
2711 772 778 779 773 1300 1306 1307 1301 
2712 773 779 780 774 1301 1307 1308 1302 
2713 774 780 161 162 1302 1308 349 350 
2714 46 47 781 775 234 235 1309 1303 
2715 775 781 782 776 1303 1309 1310 1304 
2716 776 782 783 777 1304 1310 1311 1305 
2717 777 783 784 778 1305 1311 1312 1306 
2718 778 784 785 779 1306 1312 1313 1307 
2719 779 785 786 780 1307 1313 1314 1308 
2720 780 786 160 161 1308 1314 348 349 
2721 47 48 787 781 235 236 1315 1309 
2722 781 787 788 782 1309 1315 1316 1310 
2723 782 788 789 783 1310 1316 1317 1311 
2724 783 789 790 784 1311 1317 1318 1312 
2725 784 790 791 785 1312 1318 1319 1313 
2726 785 791 792 786 1313 1319 1320 1314 
2727 786 792 159 160 1314 1320 347 348 
2728 48 49 793 787 236 237 1321 1315 
2729 787 793 794 788 1315 1321 1322 1316 
2730 788 794 795 789 1316 1322 1323 1317 
2731 789 795 796 790 1317 1323 1324 1318 
2732 790 796 797 791 1318 1324 1325 1319 
2733 791 797 798 792 1319 1325 1326 1320 
2734 792 798 158 159 1320 1326 346 347 
2735 49 50 799 793 237 238 1327 1321 
2736 793 799 800 794 1321 1327 1328 1322 
2737 794 800 801 795 1322 1328 1329 1323 
2738 795 801 802 796 1323 1329 1330 1324 
2739 796 802 803 797 1324 1330 1331 1325 
2740 797 803 804 798 1325 1331 1332 1326 
2741 798 804 157 158 1326 1332 345 346 
2742 50 51 805 799 238 239 1333 1327 
2743 799 805 806 800 1327 1333 1334 1328 
2744 800 806 807 801 1328 1334 1335 1329 
2745 801 807 808 802 1329 1335 1336 1330 
2746 802 808 809 803 1330 1336 1337 1331 
2747 803 809 810 804 1331 1337 1338 1332 
2748 804 810 156 157 1332 1338 344 345 
2749 51 52 811 805 239 240 1339 1333 
2750 805 811 812 806 1333 1339 1340 1334 
2751 806 812 813 807 1334 1340 1341 1335 
2752 807 813 814 808 1335 1341 1342 1336 
2753 808 814 815 809 1336 1342 1343 1337 
2754 809 815 816 810 1337 1343 1344 1338 
2755 810 816 155 156 1338 1344 343 344 
2756 52 53 817 811 240 241 1345 1339 
2757 811 817 818 812 1339 1345 1346 1340 
2758 812 818 819 813 1340 1346 1347 1341 
2759 813 819 820 814 1341 1347 1348 1342 
2760 814 820 821 815 1342 1348 1349 1343 
2761 815 821 822 816 1343 1349 1350 1344 
2762 816 822 154 155 1344 1350 342 343 
2763 53 54 823 817 241 242 1351 1345 
2764 817 823 824 818 1345 1351 1352 1346 
2765 818 824 825 819 1346 1352 1353 1347 
2766 819 825 826 820 1347 1353 1354 1348 
2767 820 826 827 821 1348 1354 1355 1349 
2768 821 827 828 822 1349 1355 1356 1350 
2769 822 828 153 154 1350 1356 341 342 
2770 54 55 829 823 242 243 1357 1351 
2771 823 829 830 824 1351 1357 1358 1352 
2772 824 830 831 825 1352 1358 1359 1353 
2773 825 831 832 826 1353 1359 1360 1354 
2774 826 832 833 827 1354 1360 1361 1355 
2775 827 833 834 828 1355 1361 1362 1356 
2776 828 834 152 153 1356 1362 340 341 
2777 55 56 835 829 243 244 1363 1357 
2778 829 835 836 830 1357 1363 1364 1358 
2779 830 836 837 831 1358 1364 1365 1359 
2780 831 837 838 832 1359 1365 1366 1360 
2781 832 838 839 833 1360 1366 1367 1361 
2782 833 839 840 834 1361 1367 1368 1362 
2783 834 840 151 152 1362 1368 339 340 
2784 56 57 841 835 244 245 1369 1363 
2785 835 841 842 836 1363 1369 1370 1364 
2786 836 842 843 837 1364 1370 1371 1365 
2787 837 843 844 838 1365 1371 1372 1366 
2788 838 844 845 839 1366 1372 1373 1367 
2789 839 845 846 840 1367 1373 1374 1368 
2790 840 846 150 151 1368 1374 338 339 
2791 57 58 847 841 245 246 1375 1369 
2792 841 847 848 842 1369 1375 1376 1370 
2793 842 848 849 843 1370 1376 1377 1371 
2794 843 849 850 844 1371 1377 1378 1372 
2795 844 850 851 845 1372 1378 1379 1373 
2796 845 851 852 846 1373 1379 1380 1374 
2797 846 852 149 150 1374 1380 337 338 
2798 58 59 853 847 246 247 1381 1375 
2799 847 853 854 848 1375 1381 1382 1376 
2800 848 854 855 849 1376 1382 1383 1377 
2801 849 855 856 850 1377 1383 1384 1378 
2802 850 856 857 851 1378 1384 1385 1379 
2803 851 857 858 852 1379 1385 1386 1380 
2804 852 858 148 149 1380 1386 336 337 
2805 59 60 859 853 247 248 1387 1381 
2806 853 859 860 854 1381 1387 1388 1382 
2807 854 860 861 855 1382 1388 1389 1383 
2808 855 861 862 856 1383 1389 1390 1384 
2809 856 862 863 857 1384 1390 1391 1385 
2810 857 863 864 858 1385 1391 1392 1386 
2811 858 864 147 148 1386 1392 335 336 
2812 60 61 865 859 248 249 1393 1387 
2813 859 865 866 860 1387 1393 1394 1388 
2814 860 866 867 861 1388 1394 1395 1389 
2815 861 867 868 862 1389 1395 1396 1390 
2816 862 868 869 863 1390 1396 1397 1391 
2817 863 869 870 864 1391 1397 1398 1392 
2818 864 870 146 147 1392 1398 334 335 
2819 61 62 871 865 249 250 1399 1393 
2820 865 871 872 866 1393 1399 1400 1394 
2821 866 872 873 867 1394 1400 1401 1395 
2822 867 873 874 868 1395 1401 1402 1396 
2823 868 874 875 869 1396 1402 1403 1397 
2824 869 875 876 870 1397 1403 1404 1398 
2825 870 876 145 146 1398 1404 333 334 
2826 62 63 877 871 250 251 1405 1399 
2827 871 877 878 872 1399 1405 1406 1400 
2828 872 878 879 873 1400 1406 1407 1401 
2829 873 879 880 874 1401 1407 1408 1402 
2830 874 880 881 875 1402 1408 1409 1403 
2831 875 881 882 876 1403 1409 1410 1404 
2832 876 882 144 145 1404 1410 332 333 
2833 63 64 883 877 251 252 1411 1405 
2834 877 883 884 878 1405 1411 1412 1406 
2835 878 884 885 879 1406 1412 1413 1407 
2836 879 885 886 880 1407 1413 1414 1408 
2837 880 886 887 881 1408 1414 1415 1409 
2838 881 887 888 882 1409 1415 1416 1410 
2839 882 888 143 144 1410 1416 331 332 
2840 64 65 889 883 252 253 1417 1411 
2841 883 889 890 884 1411 1417 1418 1412 
2842 884 890 891 885 1412 1418 1419 1413 
2843 885 891 892 886 1413 1419 1420 1414 
2844 886 892 893 887 1414 1420 1421 1415 
2845 887 893 894 888 1415 1421 1422 1416 
2846 888 894 142 143 1416 1422 330 331 
2847 65 66 895 889 253 254 1423 1417 
2848 889 895 896 890 1417 1423 1424 1418 
2849 890 896 897 891 1418 1424 1425 1419 
2850 891 897 898 892 1419 1425 1426 1420 
2851 892 898 899 893 1420 1426 1427 1421 
2852 893 899 900 894 1421 1427 1428 1422 
2853 894 900 141 142 1422 1428 329 330 
2854 66 67 901 895 254 255 1429 1423 
2855 895 901 902 896 1423 1429 1430 1424 
2856 896 902 903 897 1424 1430 1431 1425 
2857 897 903 904 898 1425 1431 1432 1426 
2858 898 904 905 899 1426 1432 1433 1427 
2859 899 905 906 900 1427 1433 1434 1428 
2860 900 906 140 141 1428 1434 328 329 
2861 67 68 907 901 255 256 1435 1429 
2862 901 907 908 902 1429 1435 1436 1430 
2863 902 908 909 903 1430 1436 1437 1431 
2864 903 909 910 904 1431 1437 1438 1432 
2865 904 910 911 905 1432 1438 1439 1433 
2866 905 911 912 906 1433 1439 1440 1434 
2867 906 912 139 140 1434 1440 327 328 
2868 68 69 913 907 256 257 1441 1435 
2869 907 913 914 908 1435 1441 1442 1436 
2870 908 914 915 909 1436 1442 1443 1437 
2871 909 915 916 910 1437 1443 1444 1438 
2872 910 916 917 911 1438 1444 1445 1439 
2873 911 917 918 912 1439 1445 1446 1440 
2874 912 918 138 139 1440 1446 326 327 
2875 69 70 919 913 257 258 1447 1441 
2876 913 919 920 914 1441 1447 1448 1442 
2877 914 920 921 915 1442 1448 1449 1443 
2878 915 921 922 916 1443 1449 1450 1444 
2879 916 922 923 917 1444 1450 1451 1445 
2880 917 923 924 918 1445 1451 1452 1446 
2881 918 924 137 138 1446 1452 325 326 
2882 70 71 925 919 258 259 1453 1447 
2883 919 925 926 920 1447 1453 1454 1448 
2884 920 926 927 921 1448 1454 1455 1449 
2885 921 927 928 922 1449 1455 1456 1450 
2886 922 928 929 923 1450 1456 1457 1451 
2887 923 929 930 924 1451 1457 1458 1452 
2888 924 930 136 137 1452 1458 324 325 
2889 71 72 931 925 259 260 1459 1453 
2890 925 931 932 926 1453 1459 1460 1454 
2891 926 932 933 927 1454 1460 1461 1455 
2892 927 933 934 928 1455 1461 1462 1456 
2893 928 934 935 929 1456 1462 1463 1457 
2894 929 935 936 930 1457 1463 1464 1458 
2895 930 936 135 136 1458 1464 323 324 
2896 72 73 937 931 260 261 1465 1459 
2897 931 937 938 932 1459 1465 1466 1460 
2898 932 938 939 933 1460 1466 1467 1461 
2899 933 939 940 934 1461 1467 1468 1462 
2900 934 940 941 935 1462 1468 1469 1463 
2901 935 941 942 936 1463 1469 1470 1464 
2902 936 942 134 135 1464 1470 322 323 
2903 73 74 943 937 261 262 1471 1465 
2904 937 943 944 938 1465 1471 1472 1466 
2905 938 944 945 939 1466 1472 1473 1467 
2906 939 945 946 940 1467 1473 1474 1468 
2907 940 946 947 941 1468 1474 1475 1469 
2908 941 947 948 942 1469 1475 1476 1470 
2909 942 948 133 134 1470 1476 321 322 
2910 74 75 949 943 262 263 1477 1471 
2911 943 949 950 944 1471 1477 1478 1472 
2912 944 950 951 945 1472 1478 1479 1473 
2913 945 951 952 946 1473 1479 1480 1474 
2914 946 952 953 947 1474 1480 1481 1475 
2915 947 953 954 948 1475 1481 1482 1476 
2916 948 954 132 133 1476 1482 320 321 
2917 75 76 955 949 263 264 1483 1477 
2918 949 955 956 950 1477 1483 1484 1478 
2919 950 956 957 951 1478 1484 1485 1479 
2920 951 957 958 952 1479 1485 1486 1480 
2921 952 958 959 953 1480 1486 1487 1481 
2922 953 959 960 954 1481 1487 1488 1482 
2923 954 960 131 132 1482 1488 319 320 
2924 76 77 961 955 264 265 1489 1483 
2925 955 961 962 956 1483 1489 1490 1484 
2926 956 962 963 957 1484 1490 1491 1485 
2927 957 963 964 958 1485 1491 1492 1486 
2928 958 964 965 959 1486 1492 1493 1487 
2929 959 965 966 960 1487 1493 1494 1488 
2930 960 966 130 131 1488 1494 318 319 
2931 77 78 967 961 265 266 1495 1489 
2932 961 967 968 962 1489 1495 1496 1490 
2933 962 968 969 963 1490 1496 1497 1491 
2934 963 969 970 964 1491 1497 1498 1492 
2935 964 970 971 965 1492 1498 1499 1493 
2936 965 971 972 966 1493 1499 1500 1494 
2937 966 972 129 130 1494 1500 317 318 
2938 78 79 973 967 266 267 1501 1495 
2939 967 973 974 968 1495 1501 1502 1496 
2940 968 974 975 969 1496 1502 1503 1497 
2941 969 975 976 970 1497 1503 1504 1498 
2942 970 976 977 971 1498 1504 1505 1499 
2943 971 977 978 972 1499 1505 1506 1500 
2944 972 978 128 129 1500 1506 316 317 
2945 79 80 979 973 267 268 1507 1501 
2946 973 979 980 974 1501 1507 1508 1502 
2947 974 980 981 975 1502 1508 1509 1503 
2948 975 981 982 976 1503 1509 1510 1504 
2949 976 982 983 977 1504 1510 1511 1505 
2950 977 983 984 978 1505 1511 1512 1506 
2951 978 984 127 128 1506 1512 315 316 
2952 80 81 985 979 268 269 1513 1507 
2953 979 985 986 980 1507 1513 1514 1508 
2954 980 986 987 981 1508 1514 1515 1509 
2955 981 987 988 982 1509 1515 1516 1510 
2956 982 988 989 983 1510 1516 1517 1511 
2957 983 989 990 984 1511 1517 1518 1512 
2958 984 990 126 127 1512 1518 314 315 
2959 81 82 991 985 269 270 1519 1513 
2960 985 991 992 986 1513 1519 1520 1514 
2961 986 992 993 987 1514 1520 1521 1515 
2962 987 993 994 988 1515 1521 1522 1516 
2963 988 994 995 989 1516 1522 1523 1517 
2964 989 995 996 990 1517 1523 1524 1518 
2965 990 996 125 126 1518 1524 313 314 
2966 82 83 997 991 270 271 1525 1519 
2967 991 997 998 992 1519 1525 1526 1520 
2968 992 998 999 993 1520 1526 1527 1521 
2969 993 999 1000 994 1521 1527 1528 1522 
2970 994 1000 1001 995 1522 1528 1529 1523 
2971 995 1001 1002 996 1523 1529 1530 1524 
2972 996 1002 124 125 1524 1530 312 313 
2973 83 84 1003 997 271 272 1531 1525 
2974 997 1003 1004 998 1525 1531 1532 1526 
2975 998 1004 1005 999 1526 1532 1533 1527 
2976 999 1005 1006 1000 1527 1533 1534 1528 
2977 1000 1006 1007 1001 1528 1534 1535 1529 
2978 1001 1007 1008 1002 1529 1535 1536 1530 
2979 1002 1008 123 124 1530 1536 311 312 
2980 84 85 1009 1003 272 273 1537 1531 
2981 1003 1009 1010 1004 1531 1537 1538 1532 
2982 1004 1010 1011 1005 1532 1538 1539 1533 
2983 1005 1011 1012 1006 1533 1539 1540 1534 
2984 1006 1012 1013 1007 1534 1540 1541 1535 
2985 1007 1013 1014 1008 1535 1541 1542 1536 
2986 1008 1014 122 123 1536 1542 310 311 
2987 85 86 1015 1009 273 274 1543 1537 
2988 1009 1015 1016 1010 1537 1543 1544 1538 
2989 1010 1016 1017 1011 1538 1544 1545 1539 
2990 1011 1017 1018 1012 1539 1545 1546 1540 
2991 1012 1018 1019 1013 1540 1546 1547 1541 
2992 1013 1019 1020 1014 1541 1547 1548 1542 
2993 1014 1020 121 122 1542 1548 309 310 
2994 86 87 1021 1015 274 275 1549 1543 
2995 1015 1021 1022 1016 1543 1549 1550 1544 
2996 1016 1022 1023 1017 1544 1550 1551 1545 
2997 1017 1023 1024 1018 1545 1551 1552 1546 
2998 1018 1024 1025 1019 1546 1552 1553 1547 
2999 1019 1025 1026 1020 1547 1553 1554 1548 
3000 1020 1026 120 121 1548 1554 308 309 
3001 87 88 1027 1021 275 276 1555 1549 
3002 1021 1027 1028 1022 1549 1555 1556 1550 
3003 1022 1028 1029 1023 1550 1556 1557 1551 
3004 1023 1029 1030 1024 1551 1557 1558 1552 
3005 1024 1030 1031 1025 1552 1558 1559 1553 
3006 1025 1031 1032 1026 1553 1559 1560 1554 
3007 1026 1032 119 120 1554 1560 307 308 
3008 88 89 1033 1027 276 277 1561 1555 
3009 1027 1033 1034 1028 1555 1561 1562 1556 
3010 1028 1034 1035 1029 1556 1562 1563 1557 
3011 1029 1035 1036 1030 1557 1563 1564 1558 
3012 1030 1036 1037 1031 1558 1564 1565 1559 
3013 1031 1037 1038 1032 1559 1565 1566 1560 
3014 1032 1038 118 119 1560 1566 306 307 
3015 89 90 1039 1033 277 278 1567 1561 
3016 1033 1039 1040 1034 1561 1567 1568 1562 
3017 1034 1040 1041 1035 1562 1568 1569 1563 
3018 1035 1041 1042 1036 1563 1569 1570 1564 
3019 1036 1042 1043 1037 1564 1570 1571 1565 
3020 1037 1043 1044 1038 1565 1571 1572 1566 
3021 1038 1044 117 118 1566 1572 305 306 
3022 90 91 1045 1039 278 279 1573 1567 
3023 1039 1045 1046 1040 1567 1573 1574 1568 
3024 1040 1046 1047 1041 1568 1574 1575 1569 
3025 1041 1047 1048 1042 1569 1575 1576 1570 
3026 1042 1048 1049 1043 1570 1576 1577 1571 
3027 1043 1049 1050 1044 1571 1577 1578 1572 
3028 1044 1050 116 117 1572 1578 304 305 
3029 91 92 1051 1045 279 280 1579 1573 
3030 1045 1051 1052 1046 1573 1579 1580 1574 
3031 1046 1052 1053 1047 1574 1580 1581 1575 
3032 1047 1053 1054 1048 1575 1581 1582 1576 
3033 1048 1054 1055 1049 1576 1582 1583 1577 
3034 1049 1055 1056 1050 1577 1583 1584 1578 
3035 1050 1056 115 116 1578 1584 303 304 
3036 92 93 1057 1051 280 281 1585 1579 
3037 1051 1057 1058 1052 1579 1585 1586 1580 
3038 1052 1058 1059 1053 1580 1586 1587 1581 
3039 1053 1059 1060 1054 1581 1587 1588 1582 
3040 1054 1060 1061 1055 1582 1588 1589 1583 
3041 1055 1061 1062 1056 1583 1589 1590 1584 
3042 1056 1062 114 115 1584 1590 302 303 
3043 93 94 1063 1057 281 282 1591 1585 
3044 1057 1063 1064 1058 1585 1591 1592 1586 
3045 1058 1064 1065 1059 1586 1592 1593 1587 
3046 1059 1065 1066 1060 1587 1593 1594 1588 
3047 1060 1066 1067 1061 1588 1594 1595 1589 
3048 1061 1067 1068 1062 1589 1595 1596 1590 
3049 1062 1068 113 114 1590 1596 301 302 
3050 94 95 1069 1063 282 283 1597 1591 
3051 1063 1069 1070 1064 1591 1597 1598 1592 
3052 1064 1070 1071 1065 1592 1598 1599 1593 
3053 1065 1071 1072 1066 1593 1599 1600 1594 
3054 1066 1072 1073 1067 1594 1600 1601 1595 
3055 1067 1073 1074 1068 1595 1601 1602 1596 
3056 1068 1074 112 113 1596 1602 300 301 
3057 95 96 1075 1069 283 284 1603 1597 
3058 1069 1075 1076 1070 1597 1603 1604 1598 
3059 1070 1076 1077 1071 1598 1604 1605 1599 
3060 1071 1077 1078 1072 1599 1605 1606 1600 
3061 1072 1078 1079 1073 1600 1606 1607 1601 
3062 1073 1079 1080 1074 1601 1607 1608 1602 
3063 1074 1080 111 112 1602 1608 299 300 
3064 96 97 1081 1075 284 285 1609 1603 
3065 1075 1081 1082 1076 1603 1609 1610 1604 
3066 1076 1082 1083 1077 1604 1610 1611 1605 
3067 1077 1083 1084 1078 1605 1611 1612 1606 
3068 1078 1084 1085 1079 1606 1612 1613 1607 
3069 1079 1085 1086 1080 1607 1613 1614 1608 
3070 1080 1086 110 111 1608 1614 298 299 
3071 97 98 1087 1081 285 286 1615 1609 
3072 1081 1087 1088 1082 1609 1615 1616 1610 
3073 1082 1088 1089 1083 1610 1616 1617 1611 
3074 1083 1089 1090 1084 1611 1617 1618 1612 
3075 1084 1090 1091 1085 1612 1618 1619 1613 
3076 1085 1091 1092 1086 1613 1619 1620 1614 
3077 1086 1092 109 110 1614 1620 297 298 
3078 98 99 1093 1087 286 287 1621 1615 
3079 1087 1093 1094 1088 1615 1621 1622 1616 
3080 1088 1094 1095 1089 1616 1622 1623 1617 
3081 1089 1095 1096 1090 1617 1623 1624 1618 
3082 1090 1096 1097 1091 1618 1624 1625 1619 
3083 1091 1097 1098 1092 1619 1625 1626 1620 
3084 1092 1098 108 109 1620 1626 296 297 
3085 99 100 1099 1093 287 288 1627 1621 
3086 1093 1099 1100 1094 1621 1627 1628 1622 
3087 1094 1100 1101 1095 1622 1628 1629 1623 
3088 1095 1101 1102 1096 1623 1629 1630 1624 
3089 1096 1102 1103 1097 1624 1630 1631 1625 
3090 1097 1103 1104 1098 1625 1631 1632 1626 
3091 1098 1104 107 108 1626 1632 295 296 
3092 100 2 101 1099 288 6 289 1627 
3093 1099 101 102 1100 1627 289 290 1628 
3094 1100 102 103 1101 1628 290 291 1629 
3095 1101 103 104 1102 1629 291 292 1630 
3096 1102 104 105 1103 1630 292 293 1631 
3097 1103 105 106 1104 1631 293 294 1632 
3098 1104 106 3 107 1632 294 7 295 
3 2 5 623
3099 5 201 1105 388 9 389 1633 576 
3100 388 1105 1106 387 576 1633 1634 575 
3101 387 1106 1107 386 575 1634 1635 574 
3102 386 1107 1108 385 574 1635 1636 573 
3103 385 1108 1109 384 573 1636 1637 572 
3104 384 1109 1110 383 572 1637 1638 571 
3105 383 1110 382 8 571 1638 570 12 
3106 201 202 1111 1105 389 390 1639 1633 
3107 1105 1111 1112 1106 1633 1639 1640 1634 
3108 1106 1112 1113 1107 1634 1640 1641 1635 
3109 1107 1113 1114 1108 1635 1641 1642 1636 
3110 1108 1114 1115 1109 1636 1642 1643 1637 
3111 1109 1115 1116 1110 1637 1643 1644 1638 
3112 1110 1116 381 382 1638 1644 569 570 
3113 202 203 1117 1111 390 391 1645 1639 
3114 1111 1117 1118 1112 1639 1645 1646 1640 
3115 1112 1118 1119 1113 1640 1646 1647 1641 
3116 1113 1119 1120 1114 1641 1647 1648 1642 
3117 1114 1120 1121 1115 1642 1648 1649 1643 
3118 1115 1121 1122 1116 1643 1649 1650 1644 
3119 1116 1122 380 381 1644 1650 568 569 
3120 203 204 1123 1117 391 392 1651 1645 
3121 1117 1123 1124 1118 1645 1651 1652 1646 
3122 1118 1124 1125 1119 1646 1652 1653 1647 
3123 1119 1125 1126 1120 1647 1653 1654 1648 
3124 1120 1126 1127 1121 1648 1654 1655 1649 
3125 1121 1127 1128 1122 1649 1655 1656 1650 
3126 1122 1128 379 380 1650 1656 567 568 
3127 204 205 1129 1123 392 393 1657 1651 
3128 1123 1129 1130 1124 1651 1657 1658 1652 
3129 1124 1130 1131 1125 1652 1658 1659 1653 
3130 1125 1131 1132 1126 1653 1659 1660 1654 
3131 1126 1132 1133 1127 1654 1660 1661 1655 
3132 1127 1133 1134 1128 1655 1661 1662 1656 
3133 1128 1134 378 379 1656 1662 566 567 
3134 205 206 1135 1129 393 394 1663 1657 
3135 1129 1135 1136 1130 1657 1663 1664 1658 
3136 1130 1136 1137 1131 1658 1664 1665 1659 
3137 1131 1137 1138 1132 1659 1665 1666 1660 
3138 1132 1138 1139 1133 1660 1666 1667 1661 
3139 1133 1139 1140 1134 1661 1667 1668 1662 
3140 1134 1140 377 378 1662 1668 565 566 
3141 206 207 1141 1135 394 395 1669 1663 
3142 1135 1141 1142 1136 1663 1669 1670 1664 
3143 1136 1142 1143 1137 1664 1670 1671 1665 
3144 1137 1143 1144 1138 1665 1671 1672 1666 
3145 1138 1144 1145 1139 1666 1672 1673 1667 
3146 1139 1145 1146 1140 1667 1673 1674 1668 
3147 1140 1146 376 377 1668 1674 564 565 
3148 207 208 1147 1141 395 396 1675 1669 
3149 1141 1147 1148 1142 1669 1675 1676 1670 
3150 1142 1148 1149 1143 1670 1676 1677 1671 
3151 1143 1149 1150 1144 1671 1677 1678 1672 
3152 1144 1150 1151 1145 1672 1678 1679 1673 
3153 1145 1151 1152 1146 1673 1679 1680 1674 
3154 1146 1152 375 376 1674 1680 563 564 
3155 208 209 1153 1147 396 397 1681 1675 
3156 1147 1153 1154 1148 1675 1681 1682 1676 
3157 1148 1154 1155 1149 1676 1682 1683 1677 
3158 1149 1155 1156 1150 1677 1683 1684 1678 
3159 1150 1156 1157 1151 1678 1684 1685 1679 
3160 1151 1157 1158 1152 1679 1685 1686 1680 
3161 1152 1158 374 375 1680 1686 562 563 
3162 209 210 1159 1153 397 398 1687 1681 
3163 1153 1159 1160 1154 1681 1687 1688 1682 
3164 1154 1160 1161 1155 1682 1688 1689 1683 
3165 1155 1161 1162 1156 1683 1689 1690 1684 
3166 1156 1162 1163 1157 1684 1690 1691 1685 
3167 1157 1163 1164 1158 1685 1691 1692 1686 
3168 1158 1164 373 374 1686 1692 561 562 
3169 210 211 1165 1159 398 399 1693 1687 
3170 1159 1165 1166 1160 1687 1693 1694 1688 
3171 1160 1166 1167 1161 1688 1694 1695 1689 
3172 1161 1167 1168 1162 1689 1695 1696 1690 
3173 1162 1168 1169 1163 1690 1696 1697 1691 
3174 1163 1169 1170 1164 1691 1697 1698 1692 
3175 1164 1170 372 373 1692 1698 560 561 
3176 211 212 1171 1165 399 400 1699 1693 
3177 1165 1171 1172 1166 1693 1699 1700 1694 
3178 1166 1172 1173 1167 1694 1700 1701 1695 
3179 1167 1173 1174 1168 1695 1701 1702 1696 
3180 1168 1174 1175 1169 1696 1702 1703 1697 
3181 1169 1175 1176 1170 1697 1703 1704 1698 
3182 1170 1176 371 372 1698 1704 559 560 
3183 212 213 1177 1171 400 401 1705 1699 
3184 1171 1177 1178 1172 1699 1705 1706 1700 
3185 1172 1178 1179 1173 1700 1706 1707 1701 
3186 1173 1179 1180 1174 1701 1707 1708 1702 
3187 1174 1180 1181 1175 1702 1708 1709 1703 
3188 1175 1181 1182 1176 1703 1709 1710 1704 
3189 1176 1182 370 371 1704 1710 558 559 
3190 213 214 1183 1177 401 402 1711 1705 
3191 1177 1183 1184 1178 1705 1711 1712 1706 
3192 1178 1184 1185 1179 1706 1712 1713 1707 
3193 1179 1185 1186 1180 1707 1713 1714 1708 
3194 1180 1186 1187 1181 1708 1714 1715 1709 
3195 1181 1187 1188 1182 1709 1715 1716 1710 
3196 1182 1188 369 370 1710 1716 557 558 
3197 214 215 1189 1183 402 403 1717 1711 
3198 1183 1189 1190 1184 1711 1717 1718 1712 
3199 1184 1190 1191 1185 1712 1718 1719 1713 
3200 1185 1191 1192 1186 1713 1719 1720 1714 
3201 1186 1192 1193 1187 1714 1720 1721 1715 
3202 1187 1193 1194 1188 1715 1721 1722 1716 
3203 1188 1194 368 369 1716 1722 556 557 
3204 215 216 1195 1189 403 404 1723 1717 
3205 1189 1195 1196 1190 1717 1723 1724 1718 
3206 1190 1196 1197 1191 1718 1724 1725 1719 
3207 1191 1197 1198 1192 1719 1725 1726 1720 
3208 1192 1198 1199 1193 1720 1726 1727 1721 
3209 1193 1199 1200 1194 1721 1727 1728 1722 
3210 1194 1200 367 368 1722 1728 555 556 
3211 216 217 1201 1195 404 405 1729 1723 
3212 1195 1201 1202 1196 1723 1729 1730 1724 
3213 1196 1202 1203 1197 1724 1730 1731 1725 
3214 1197 1203 1204 1198 1725 1731 1732 1726 
3215 1198 1204 1205 1199 1726 1732 1733 1727 
3216 1199 1205 1206 1200 1727 1733 1734 1728 
3217 1200 1206 366 367 1728 1734 554 555 
3218 217 218 1207 1201 405 406 1735 1729 
3219 1201 1207 1208 1202 1729 1735 1736 1730 
3220 1202 1208 1209 1203 1730 1736 1737 1731 
3221 1203 1209 1210 1204 1731 1737 1738 1732 
3222 1204 1210 1211 1205 1732 1738 1739 1733 
3223 1205 1211 1212 1206 1733 1739 1740 1734 
3224 1206 1212 365 366 1734 1740 553 554 
3225 218 219 1213 1207 406 407 1741 1735 
3226 1207 1213 1214 1208 1735 1741 1742 1736 
3227 1208 1214 1215 1209 1736 1742 1743 1737 
3228 1209 1215 1216 1210 1737 1743 1744 1738 
3229 1210 1216 1217 1211 1738 1744 1745 1739 
3230 1211 1217 1218 1212 1739 1745 1746 1740 
3231 1212 1218 364 365 1740 1746 552 553 
3232 219 220 1219 1213 407 408 1747 1741 
3233 1213 1219 1220 1214 1741 1747 1748 1742 
3234 1214 1220 1221 1215 1742 1748 1749 1743 
3235 1215 1221 1222 1216 1743 1749 1750 1744 
3236 1216 1222 1223 1217 1744 1750 1751 1745 
3237 1217 1223 1224 1218 1745 1751 1752 1746 
3238 1218 1224 363 364 1746 1752 551 552 
3239 220 221 1225 1219 408 409 1753 1747 
3240 1219 1225 1226 1220 1747 1753 1754 1748 
3241 1220 1226 1227 1221 1748 1754 1755 1749 
3242 1221 1227 1228 1222 1749 1755 1756 1750 
3243 1222 1228 1229 1223 1750 1756 1757 1751 
3244 1223 1229 1230 1224 1751 1757 1758 1752 
3245 1224 1230 362 363 1752 1758 550 551 
3246 221 222 1231 1225 409 410 1759 1753 
3247 1225 1231 1232 1226 1753 1759 1760 1754 
3248 1226 1232 1233 1227 1754 1760 1761 1755 
3249 1227 1233 1234 1228 1755 1761 1762 1756 
3250 1228 1234 1235 1229 1756 1762 1763 1757 
3251 1229 1235 1236 1230 1757 1763 1764 1758 
3252 1230 1236 361 362 1758 1764 549 550 
3253 222 223 1237 1231 410 411 1765 1759 
3254 1231 1237 1238 1232 1759 1765 1766 1760 
3255 1232 1238 1239 1233 1760 1766 1767 1761 
3256 1233 1239 1240 1234 1761 1767 1768 1762 
3257 1234 1240 1241 1235 1762 1768 1769 1763 
3258 1235 1241 1242 1236 1763 1769 1770 1764 
3259 1236 1242 360 361 1764 1770 548 549 
3260 223 224 1243 1237 411 412 1771 1765 
3261 1237 1243 1244 1238 1765 1771 1772 1766 
3262 1238 1244 1245 1239 1766 1772 1773 1767 
3263 1239 1245 1246 1240 1767 1773 1774 1768 
3264 1240 1246 1247 1241 1768 1774 1775 1769 
3265 1241 1247 1248 1242 1769 1775 1776 1770 
3266 1242 1248 359 360 1770 1776 547 548 
3267 224 225 1249 1243 412 413 1777 1771 
3268 1243 1249 1250 1244 1771 1777 1778 1772 
3269 1244 1250 1251 1245 1772 1778 1779 1773 
3270 1245 1251 1252 1246 1773 1779 1780 1774 
3271 1246 1252 1253 1247 1774 1780 1781 1775 
3272 1247 1253 1254 1248 1775 1781 1782 1776 
3273 1248 1254 358 359 1776 1782 546 547 
3274 225 226 1255 1249 413 414 1783 1777 
3275 1249 1255 1256 1250 1777 1783 1784 1778 
3276 1250 1256 1257 1251 1778 1784 1785 1779 
3277 1251 1257 1258 1252 1779 1785 1786 1780 
3278 1252 1258 1259 1253 1780 1786 1787 1781 
3279 1253 1259 1260 1254 1781 1787 1788 1782 
3280 1254 1260 357 358 1782 1788 545 546 
3281 226 227 1261 1255 414 415 1789 1783 
3282 1255 1261 1262 1256 1783 1789 1790 1784 
3283 1256 1262 1263 1257 1784 1790 1791 1785 
3284 1257 1263 1264 1258 1785 1791 1792 1786 
3285 1258 1264 1265 1259 1786 1792 1793 1787 
3286 1259 1265 1266 1260 1787 1793 1794 1788 
3287 1260 1266 356 357 1788 1794 544 545 
3288 227 228 1267 1261 415 416 1795 1789 
3289 1261 1267 1268 1262 1789 1795 1796 1790 
3290 1262 1268 1269 1263 1790 1796 1797 1791 
3291 1263 1269 1270 1264 1791 1797 1798 1792 
3292 1264 1270 1271 1265 1792 1798 1799 1793 
3293 1265 1271 1272 1266 1793 1799 1800 1794 
3294 1266 1272 355 356 1794 1800 543 544 
3295 228 229 1273 1267 416 417 1801 1795 
3296 1267 1273 1274 1268 1795 1801 1802 1796 
3297 1268 1274 1275 1269 1796 1802 1803 1797 
3298 1269 1275 1276 1270 1797 1803 1804 1798 
3299 1270 1276 1277 1271 1798 1804 1805 1799 
3300 1271 1277 1278 1272 1799 1805 1806 1800 
3301 1272 1278 354 355 1800 1806 542 543 
3302 229 230 1279 1273 417 418 1807 1801 
3303 1273 1279 1280 1274 1801 1807 1808 1802 
3304 1274 1280 1281 1275 1802 1808 1809 1803 
3305 1275 1281 1282 1276 1803 1809 1810 1804 
3306 1276 1282 1283 1277 1804 1810 1811 1805 
3307 1277 1283 1284 1278 1805 1811 1812 1806 
3308 1278 1284 353 354 1806 1812 541 542 
3309 230 231 1285 1279 418 419 1813 1807 
3310 1279 1285 1286 1280 1807 1813 1814 1808 
3311 1280 1286 1287 1281 1808 1814 1815 1809 
3312 1281 1287 1288 1282 1809 1815 1816 1810 
3313 1282 1288 1289 1283 1810 1816 1817 1811 
3314 1283 1289 1290 1284 1811 1817 1818 1812 
3315 1284 1290 352 353 1812 1818 540 541 
3316 231 232 1291 1285 419 420 1819 1813 
3317 1285 1291 1292 1286 1813 1819 1820 1814 
3318 1286 1292 1293 1287 1814 1820 1821 1815 
3319 1287 1293 1294 1288 1815 1821 1822 1816 
3320 1288 1294 1295 1289 1816 1822 1823 1817 
3321 1289 1295 1296 1290 1817 1823 1824 1818 
3322 1290 1296 351 352 1818 1824 539 540 
3323 232 233 1297 1291 420 421 1825 1819 
3324 1291 1297 1298 1292 1819 1825 1826 1820 
3325 1292 1298 1299 1293 1820 1826 1827 1821 
3326 1293 1299 1300 1294 1821 1827 1828 1822 
3327 1294 1300 1301 1295 1822 1828 1829 1823 
3328 1295 1301 1302 1296 1823 1829 1830 1824 
3329 1296 1302 350 351 1824 1830 538 539 
3330 233 234 1303 1297 421 422 1831 1825 
3331 1297 1303 1304 1298 1825 1831 1832 1826 
3332 1298 1304 1305 1299 1826 1832 1833 1827 
3333 1299 1305 1306 1300 1827 1833 1834 1828 
3334 1300 1306 1307 1301 1828 1834 1835 1829 
3335 1301 1307 1308 1302 1829 1835 1836 1830 
3336 1302 1308 349 350 1830 1836 537 538 
3337 234 235 1309 1303 422 423 1837 1831 
3338 1303 1309 1310 1304 1831 1837 1838 1832 
3339 1304 1310 1311 1305 1832 1838 1839 1833 
3340 1305 1311 1312 1306 1833 1839 1840 1834 
3341 1306 1312 1313 1307 1834 1840 1841 1835 
3342 1307 1313 1314 1308 1835 1841 1842 1836 
3343 1308 1314 348 349 1836 1842 536 537 
3344 235 236 1315 1309 423 424 1843 1837 
3345 1309 1315 1316 1310 1837 1843 1844 1838 
3346 1310 1316 1317 1311 1838 1844 1845 1839 
3347 1311 1317 1318 1312 1839 1845 1846 1840 
3348 1312 1318 1319 1313 1840 1846 1847 1841 
3349 1313 1319 1320 1314 1841 1847 1848 1842 
3350 1314 1320 347 348 1842 1848 535 536 
3351 236 237 1321 1315 424 425 1849 1843 
3352 1315 1321 1322 1316 1843 1849 1850 1844 
3353 1316 1322 1323 1317 1844 1850 1851 1845 
3354 1317 1323 1324 1318 1845 1851 1852 1846 
3355 1318 1324 1325 1319 1846 1852 1853 1847 
3356 1319 1325 1326 1320 1847 1853 1854 1848 
3357 1320 1326 346 347 1848 1854 534 535 
3358 237 238 1327 1321 425 426 1855 1849 
3359 1321 1327 1328 1322 1849 1855 1856 1850 
3360 1322 1328 1329 1323 1850 1856 1857 1851 
3361 1323 1329 1330 1324 1851 1857 1858 1852 
3362 1324 1330 1331 1325 1852 1858 1859 1853 
3363 1325 1331 1332 1326 1853 1859 1860 1854 
3364 1326 1332 345 346 1854 1860 533 534 
3365 238 239 1333 1327 426 427 1861 1855 
3366 1327 1333 1334 1328 1855 1861 1862 1856 
3367 1328 1334 1335 1329 1856 1862 1863 1857 
3368 1329 1335 1336 1330 1857 1863 1864 1858 
3369 1330 1336 1337 1331 1858 1864 1865 1859 
3370 1331 1337 1338 1332 1859 1865 1866 1860 
3371 1332 1338 344 345 1860 1866 532 533 
3372 239 240 1339 1333 427 428 1867 1861 
3373 1333 1339 1340 1334 1861 1867 1868 1862 
3374 1334 1340 1341 1335 1862 1868 1869 1863 
3375 1335 1341 1342 1336 1863 1869 1870 1864 
3376 1336 1342 1343 1337 1864 1870 1871 1865 
3377 1337 1343 1344 1338 1865 1871 1872 1866 
3378 1338 1344 343 344 1866 1872 531 532 
3379 240 241 1345 1339 428 429 1873 1867 
3380 1339 1345 1346 1340 1867 1873 1874 1868 
3381 1340 1346 1347 1341 1868 1874 1875 1869 
3382 1341 1347 1348 1342 1869 1875 1876 1870 
3383 1342 1348 1349 1343 1870 1876 1877 1871 
3384 1343 1349 1350 1344 1871 1877 1878 1872 
3385 1344 1350 342 343 1872 1878 530 531 
3386 241 242 1351 1345 429 430 1879 1873 
3387 1345 1351 1352 1346 1873 1879 1880 1874 
3388 1346 1352 1353 1347 1874 1880 1881 1875 
3389 1347 1353 1354 1348 1875 1881 1882 1876 
3390 1348 1354 1355 1349 1876 1882 1883 1877 
3391 1349 1355 1356 1350 1877 1883 1884 1878 
3392 1350 1356 341 342 1878 1884 529 530 
3393 242 243 1357 1351 430 431 1885 1879 
3394 1351 1357 1358 1352 1879 1885 1886 1880 
3395 1352 1358 1359 1353 1880 1886 1887 1881 
3396 1353 1359 1360 1354 1881 1887 1888 1882 
3397 1354 1360 1361 1355 1882 1888 1889 1883 
3398 1355 1361 1362 1356 1883 1889 1890 1884 
3399 1356 1362 340 341 1884 1890 528 529 
3400 243 244 1363 1357 431 432 1891 1885 
3401 1357 1363 1364 1358 1885 1891 1892 1886 
3402 1358 1364 1365 1359 1886 1892 1893 1887 
3403 1359 1365 1366 1360 1887 1893 1894 1888 
3404 1360 1366 1367 1361 1888 1894 1895 1889 
3405 1361 1367 1368 1362 1889 1895 1896 1890 
3406 1362 1368 339 340 1890 1896 527 528 
3407 244 245 1369 1363 432 433 1897 1891 
3408 1363 1369 1370 1364 1891 1897 1898 1892 
3409 1364 1370 1371 1365 1892 1898 1899 1893 
3410 1365 1371 1372 1366 1893 1899 1900 1894 
3411 1366 1372 1373 1367 1894 1900 1901 1895 
3412 1367 1373 1374 1368 1895 1901 1902 1896 
3413 1368 1374 338 339 1896 1902 526 527 
3414 245 246 1375 1369 433 434 1903 1897 
3415 1369 1375 1376 1370 1897 1903 1904 1898 
3416 1370 1376 1377 1371 1898 1904 1905 1899 
3417 1371 1377 1378 1372 1899 1905 1906 1900 
3418 1372 1378 1379 1373 1900 1906 1907 1901 
3419 1373 1379 1380 1374 1901 1907 1908 1902 
3420 1374 1380 337 338 1902 1908 525 526 
3421 246 247 1381 1375 434 435 1909 1903 
3422 1375 1381 1382 1376 1903 1909 1910 1904 
3423 1376 1382 1383 1377 1904 1910 1911 1905 
3424 1377 1383 1384 1378 1905 1911 1912 1906 
3425 1378 1384 1385 1379 1906 1912 1913 1907 
3426 1379 1385 1386 1380 1907 1913 1914 1908 
3427 1380 1386 336 337 1908 1914 524 525 
3428 247 248 1387 1381 435 436 1915 1909 
3429 1381 1387 1388 1382 1909 1915 1916 1910 
3430 1382 1388 1389 1383 1910 1916 1917 1911 
3431 1383 1389 1390 1384 1911 1917 1918 1912 
3432 1384 1390 1391 1385 1912 1918 1919 1913 
3433 1385 1391 1392 1386 1913 1919 1920 1914 
3434 1386 1392 335 336 1914 1920 523 524 
3435 248 249 1393 1387 436 437 1921 1915 
3436 1387 1393 1394 1388 1915 1921 1922 1916 
3437 1388 1394 1395 1389 1916 1922 1923 1917 
3438 1389 1395 1396 1390 1917 1923 1924 1918 
3439 1390 1396 1397 1391 1918 1924 1925 1919 
3440 1391 1397 1398 1392 1919 1925 1926 1920 
3441 1392 1398 334 335 1920 1926 522 523 
3442 249 250 1399 1393 437 438 1927 1921 
3443 1393 1399 1400 1394 1921 1927 1928 1922 
3444 1394 1400 1401 1395 1922 1928 1929 1923 
3445 1395 1401 1402 1396 1923 1929 1930 1924 
3446 1396 1402 1403 1397 1924 1930 1931 1925 
3447 1397 1403 1404 1398 1925 1931 1932 1926 
3448 1398 1404 333 334 1926 1932 521 522 
3449 250 251 1405 1399 438 439 1933 1927 
3450 1399 1405 1406 1400 1927 1933 1934 1928 
3451 1400 1406 1407 1401 1928 1934 1935 1929 
3452 1401 1407 1408 1402 1929 1935 1936 1930 
3453 1402 1408 1409 1403 1930 1936 1937 1931 
3454 1403 1409 1410 1404 1931 1937 1938 1932 
3455 1404 1410 332 333 1932 1938 520 521 
3456 251 252 1411 1405 439 440 1939 1933 
3457 1405 1411 1412 1406 1933 1939 1940 1934 
3458 1406 1412 1413 1407 1934 1940 1941 1935 
3459 1407 1413 1414 1408 1935 1941 1942 1936 
3460 1408 1414 1415 1409 1936 1942 1943 1937 
3461 1409 1415 1416 1410 1937 1943 1944 1938 
3462 1410 1416 331 332 1938 1944 519 520 
3463 252 253 1417 1411 440 441 1945 1939 
3464 1411 1417 1418 1412 1939 1945 1946 1940 
3465 1412 1418 1419 1413 1940 1946 1947 1941 
3466 1413 1419 1420 1414 1941 1947 1948 1942 
3467 1414 1420 1421 1415 1942 1948 1949 1943 
3468 1415 1421 1422 1416 1943 1949 1950 1944 
3469 1416 1422 330 331 1944 1950 518 519 
3470 253 254 1423 1417 441 442 1951 1945 
3471 1417 1423 1424 1418 1945 1951 1952 1946 
3472 1418 1424 1425 1419 1946 1952 1953 1947 
3473 1419 1425 1426 1420 1947 1953 1954 1948 
3474 1420 1426 1427 1421 1948 1954 1955 1949 
3475 1421 1427 1428 1422 1949 1955 1956 1950 
3476 1422 1428 329 330 1950 1956 517 518 
3477 254 255 1429 1423 442 443 1957 1951 
3478 1423 1429 1430 1424 1951 1957 1958 1952 
3479 1424 1430 1431 1425 1952 1958 1959 1953 
3480 1425 1431 1432 1426 1953 1959 1960 1954 
3481 1426 1432 1433 1427 1954 1960 1961 1955 
3482 1427 1433 1434 1428 1955 1961 1962 1956 
3483 1428 1434 328 329 1956 1962 516 517 
3484 255 256 1435 1429 443 444 1963 1957 
3485 1429 1435 1436 1430 1957 1963 1964 1958 
3486 1430 1436 1437 1431 1958 1964 1965 1959 
3487 1431 1437 1438 1432 1959 1965 1966 1960 
3488 1432 1438 1439 1433 1960 1966 1967 1961 
3489 1433 1439 1440 1434 1961 1967 1968 1962 
3490 1434 1440 327 328 1962 1968 515 516 
3491 256 257 1441 1435 444 445 1969 1963 
3492 1435 1441 1442 1436 1963 1969 1970 1964 
3493 1436 1442 1443 1437 1964 1970 1971 1965 
3494 1437 1443 1444 1438 1965 1971 1972 1966 
3495 1438 1444 1445 1439 1966 1972 1973 1967 
3496 1439 1445 1446 1440 1967 1973 1974 1968 
3497 1440 1446 326 327 1968 1974 514 515 
3498 257 258 1447 1441 445 446 1975 1969 
3499 1441 1447 1448 1442 1969 1975 1976 1970 
3500 1442 1448 1449 1443 1970 1976 1977 1971 
3501 1443 1449 1450 1444 1971 1977 1978 1972 
3502 1444 1450 1451 1445 1972 1978 1979 1973 
3503 1445 1451 1452 1446 1973 1979 1980 1974 
3504 1446 1452 325 326 1974 1980 513 514 
3505 258 259 1453 1447 446 447 1981 1975 
3506 1447 1453 1454 1448 1975 1981 1982 1976 
3507 1448 1454 1455 1449 1976 1982 1983 1977 
3508 1449 1455 1456 1450 1977 1983 1984 1978 
3509 1450 1456 1457 1451 1978 1984 1985 1979 
3510 1451 1457 1458 1452 1979 1985 1986 1980 
3511 1452 1458 324 325 1980 1986 512 513 
3512 259 260 1459 1453 447 448 1987 1981 
3513 1453 1459 1460 1454 1981 1987 1988 1982 
3514 1454 1460 1461 1455 1982 1988 1989 1983 
3515 1455 1461 1462 1456 1983 1989 1990 1984 
3516 1456 1462 1463 1457 1984 1990 1991 1985 
3517 1457 1463 1464 1458 1985 1991 1992 1986 
3518 1458 1464 323 324 1986 1992 511 512 
3519 260 261 1465 1459 448 449 1993 1987 
3520 1459 1465 1466 1460 1987 1993 1994 1988 
3521 1460 1466 1467 1461 1988 1994 1995 1989 
3522 1461 1467 1468 1462 1989 1995 1996 1990 
3523 1462 1468 1469 1463 1990 1996 1997 1991 
3524 1463 1469 1470 1464 1991 1997 1998 1992 
3525 1464 1470 322 323 1992 1998 510 511 
3526 261 262 1471 1465 449 450 1999 1993 
3527 1465 1471 1472 1466 1993 1999 2000 1994 
3528 1466 1472 1473 1467 1994 2000 2001 1995 
3529 1467 1473 1474 1468 1995 2001 2002 1996 
3530 1468 1474 1475 1469 1996 2002 2003 1997 
3531 1469 1475 1476 1470 1997 2003 2004 1998 
3532 1470 1476 321 322 1998 2004 509 510 
3533 262 263 1477 1471 450 451 2005 1999 
3534 1471 1477 1478 1472 1999 2005 2006 2000 
3535 1472 1478 1479 1473 2000 2006 2007 2001 
3536 1473 1479 1480 1474 2001 2007 2008 2002 
3537 1474 1480 1481 1475 2002 2008 2009 2003 
3538 1475 1481 1482 1476 2003 2009 2010 2004 
3539 1476 1482 320 321 2004 2010 508 509 
3540 263 264 1483 1477 451 452 2011 2005 
3541 1477 1483 1484 1478 2005 2011 2012 2006 
3542 1478 1484 1485 1479 2006 2012 2013 2007 
3543 1479 1485 1486 1480 2007 2013 2014 2008 
3544 1480 1486 1487 1481 2008 2014 2015 2009 
3545 1481 1487 1488 1482 2009 2015 2016 2010 
3546 1482 1488 319 320 2010 2016 507 508 
3547 264 265 1489 1483 452 453 2017 2011 
3548 1483 1489 1490 1484 2011 2017 2018 2012 
3549 1484 1490 1491 1485 2012 2018 2019 2013 
3550 1485 1491 1492 1486 2013 2019 2020 2014 
3551 1486 1492 1493 1487 2014 2020 2021 2015 
3552 1487 1493 1494 1488 2015 2021 2022 2016 
3553 1488 1494 318 319 2016 2022 506 507 
3554 265 266 1495 1489 453 454 2023 2017 
3555 1489 1495 1496 1490 2017 2023 2024 2018 
3556 1490 1496 1497 1491 2018 2024 2025 2019 
3557 1491 1497 1498 1492 2019 2025 2026 2020 
3558 1492 1498 1499 1493 2020 2026 2027 2021 
3559 1493 1499 1500 1494 2021 2027 2028 2022 
3560 1494 1500 317 318 2022 2028 505 506 
3561 266 267 1501 1495 454 455 2029 2023 
3562 1495 1501 1502 1496 2023 2029 2030 2024 
3563 1496 1502 1503 1497 2024 2030 2031 2025 
3564 1497 1503 1504 1498 2025 2031 2032 2026 
3565 1498 1504 1505 1499 2026 2032 2033 2027 
3566 1499 1505 1506 1500 2027 2033 2034 2028 
3567 1500 1506 316 317 2028 2034 504 505 
3568 267 268 1507 1501 455 456 2035 2029 
3569 1501 1507 1508 1502 2029 2035 2036 2030 
3570 1502 1508 1509 1503 2030 2036 2037 2031 
3571 1503 1509 1510 1504 2031 2037 2038 2032 
3572 1504 1510 1511 1505 2032 2038 2039 2033 
3573 1505 1511 1512 1506 2033 2039 2040 2034 
3574 1506 1512 315 316 2034 2040 503 504 
3575 268 269 1513 1507 456 457 2041 2035 
3576 1507 1513 1514 1508 2035 2041 2042 2036 
3577 1508 1514 1515 1509 2036 2042 2043 2037 
3578 1509 1515 1516 1510 2037 2043 2044 2038 
3579 1510 1516 1517 1511 2038 2044 2045 2039 
3580 1511 1517 1518 1512 2039 2045 2046 2040 
3581 1512 1518 314 315 2040 2046 502 503 
3582 269 270 1519 1513 457 458 2047 2041 
3583 1513 1519 1520 1514 2041 2047 2048 2042 
3584 1514 1520 1521 1515 2042 2048 2049 2043 
3585 1515 1521 1522 1516 2043 2049 2050 2044 
3586 1516 1522 1523 1517 2044 2050 2051 2045 
3587 1517 1523 1524 1518 2045 2051 2052 2046 
3588 1518 1524 313 314 2046 2052 501 502 
3589 270 271 1525 1519 458 459 2053 2047 
3590 1519 1525 1526 1520 2047 2053 2054 2048 
3591 1520 1526 1527 1521 2048 2054 2055 2049 
3592 1521 1527 1528 1522 2049 2055 2056 2050 
3593 1522 1528 1529 1523 2050 2056 2057 2051 
3594 1523 1529 1530 1524 2051 2057 2058 2052 
3595 1524 1530 312 313 2052 2058 500 501 
3596 271 272 1531 1525 459 460 2059 2053 
3597 1525 1531 1532 1526 2053 2059 2060 2054 
3598 1526 1532 1533 1527 2054 2060 2061 2055 
3599 1527 1533 1534 1528 2055 2061 2062 2056 
3600 1528 1534 1535 1529 2056 2062 2063 2057 
3601 1529 1535 1536 1530 2057 2063 2064 2058 
3602 1530 1536 311 312 2058 2064 499 500 
3603 272 273 1537 1531 460 461 2065 2059 
3604 1531 1537 1538 1532 2059 2065 2066 2060 
3605 1532 1538 1539 1533 2060 2066 2067 2061 
3606 1533 1539 1540 1534 2061 2067 2068 2062 
3607 1534 1540 1541 1535 2062 2068 2069 2063 
3608 1535 1541 1542 1536 2063 2069 2070 2064 
3609 1536 1542 310 311 2064 2070 498 499 
3610 273 274 1543 1537 461 462 2071 2065 
3611 1537 1543 1544 1538 2065 2071 2072 2066 
3612 1538 1544 1545 1539 2066 2072 2073 2067 
3613 1539 1545 1546 1540 2067 2073 2074 2068 
3614 1540 1546 1547 1541 2068 2074 2075 2069 
3615 1541 1547 1548 1542 2069 2075 2076 2070 
3616 1542 1548 309 310 2070 2076 497 498 
3617 274 275 1549 1543 462 463 2077 2071 
3618 1543 1549 1550 1544 2071 2077 2078 2072 
3619 1544 1550 1551 1545 2072 2078 2079 2073 
3620 1545 1551 1552 1546 2073 2079 2080 2074 
3621 1546 1552 1553 1547 2074 2080 2081 2075 
3622 1547 1553 1554 1548 2075 2081 2082 2076 
3623 1548 1554 308 309 2076 2082 496 497 
3624 275 276 1555 1549 463 464 2083 2077 
3625 1549 1555 1556 1550 2077 2083 2084 2078 
3626 1550 1556 1557 1551 2078 2084 2085 2079 
3627 1551 1557 1558 1552 2079 2085 2086 2080 
3628 1552 1558 1559 1553 2080 2086 2087 2081 
3629 1553 1559 1560 1554 2081 2087 2088 2082 
3630 1554 1560 307 308 2082 2088 495 496 
3631 276 277 1561 1555 464 465 2089 2083 
3632 1555 1561 1562 1556 2083 2089 2090 2084 
3633 1556 1562 1563 1557 2084 2090 2091 2085 
3634 1557 1563 1564 1558 2085 2091 2092 2086 
3635 1558 1564 1565 1559 2086 2092 2093 2087 
3636 1559 1565 1566 1560 2087 2093 2094 2088 
3637 1560 1566 306 307 2088 2094 494 495 
3638 277 278 1567 1561 465 466 2095 2089 
3639 1561 1567 1568 1562 2089 2095 2096 2090 
3640 1562 1568 1569 1563 2090 2096 2097 2091 
3641 1563 1569 1570 1564 2091 2097 2098 2092 
3642 1564 1570 1571 1565 2092 2098 2099 2093 
3643 1565 1571 1572 1566 2093 2099 2100 2094 
3644 1566 1572 305 306 2094 2100 493 494 
3645 278 279 1573 1567 466 467 2101 2095 
3646 1567 1573 1574 1568 2095 2101 2102 2096 
3647 1568 1574 1575 1569 2096 2102 2103 2097 
3648 1569 1575 1576 1570 2097 2103 2104 2098 
3649 1570 1576 1577 1571 2098 2104 2105 2099 
3650 1571 1577 1578 1572 2099 2105 2106 2100 
3651 1572 1578 304 305 2100 2106 492 493 
3652 279 280 1579 1573 467 468 2107 2101 
3653 1573 1579 1580 1574 2101 2107 2108 2102 
3654 1574 1580 1581 1575 2102 2108 2109 2103 
3655 1575 1581 1582 1576 2103 2109 2110 2104 
3656 1576 1582 1583 1577 2104 2110 2111 2105 
3657 1577 1583 1584 1578 2105 2111 2112 2106 
3658 1578 1584 303 304 2106 2112 491 492 
3659 280 281 1585 1579 468 469 2113 2107 
3660 1579 1585 1586 1580 2107 2113 2114 2108 
3661 1580 1586 1587 1581 2108 2114 2115 2109 
3662 1581 1587 1588 1582 2109 2115 2116 2110 
3663 1582 1588 1589 1583 2110 2116 2117 2111 
3664 1583 1589 1590 1584 2111 2117 2118 2112 
3665 1584 1590 302 303 2112 2118 490 491 
3666 281 282 1591 1585 469 470 2119 2113 
3667 1585 1591 1592 1586 2113 2119 2120 2114 
3668 1586 1592 1593 1587 2114 2120 2121 2115 
3669 1587 1593 1594 1588 2115 2121 2122 2116 
3670 1588 1594 1595 1589 2116 2122 2123 2117 
3671 1589 1595 1596 1590 2117 2123 2124 2118 
3672 1590 1596 301 302 2118 2124 489 490 
3673 282 283 1597 1591 470 471 2125 2119 
3674 1591 1597 1598 1592 2119 2125 2126 2120 
3675 1592 1598 1599 1593 2120 2126 2127 2121 
3676 1593 1599 1600 1594 2121 2127 2128 2122 
3677 1594 1600 1601 1595 2122 2128 2129 2123 
3678 1595 1601 1602 1596 2123 2129 2130 2124 
3679 1596 1602 300 301 2124 2130 488 489 
3680 283 284 1603 1597 471 472 2131 2125 
3681 1597 1603 1604 1598 2125 2131 2132 2126 
3682 1598 1604 1605 1599 2126 2132 2133 2127 
3683 1599 1605 1606 1600 2127 2133 2134 2128 
3684 1600 1606 1607 1601 2128 2134 2135 2129 
3685 1601 1607 1608 1602 2129 2135 2136 2130 
3686 1602 1608 299 300 2130 2136 487 488 
3687 284 285 1609 1603 472 473 2137 2131 
3688 1603 1609 1610 1604 2131 2137 2138 2132 
3689 1604 1610 1611 1605 2132 2138 2139 2133 
3690 1605 1611 1612 1606 2133 2139 2140 2134 
3691 1606 1612 1613 1607 2134 2140 2141 2135 
3692 1607 1613 1614 1608 2135 2141 2142 2136 
3693 1608 1614 298 299 2136 2142 486 487 
3694 285 286 1615 1609 473 474 2143 2137 
3695 1609 1615 1616 1610 2137 2143 2144 2138 
3696 1610 1616 1617 1611 2138 2144 2145 2139 
3697 1611 1617 1618 1612 2139 2145 2146 2140 
3698 1612 1618 1619 1613 2140 2146 2147 2141 
3699 1613 1619 1620 1614 2141 2147 2148 2142 
3700 1614 1620 297 298 2142 2148 485 486 
3701 286 287 1621 1615 474 475 2149 2143 
3702 1615 1621 1622 1616 2143 2149 2150 2144 
3703 1616 1622 1623 1617 2144 2150 2151 2145 
3704 1617 1623 1624 1618 2145 2151 2152 2146 
3705 1618 1624 1625 1619 2146 2152 2153 2147 
3706 1619 1625 1626 1620 2147 2153 2154 2148 
3707 1620 1626 296 297 2148 2154 484 485 
3708 287 288 1627 1621 475 476 2155 2149 
3709 1621 1627 1628 1622 2149 2155 2156 2150 
3710 1622 1628 1629 1623 2150 2156 2157 2151 
3711 1623 1629 1630 1624 2151 2157 2158 2152 
3712 1624 1630 1631 1625 2152 2158 2159 2153 
3713 1625 1631 1632 1626 2153 2159 2160 2154 
3714 1626 1632 295 296 2154 2160 483 484 
3715 288 6 289 1627 476 10 477 2155 
3716 1627 289 290 1628 2155 477 478 2156 
3717 1628 290 291 1629 2156 478 479 2157 
3718 1629 291 292 1630 2157 479 480 2158 
3719 1630 292 293 1631 2158 480 481 2159 
3720 1631 293 294 1632 2159 481 482 2160 
3721 1632 294 7 295 2160 482 11 483 
$EndElements
