$MeshFormat
4.1 0 8
$EndMeshFormat
$PhysicalNames
135
0 1 "point_zy"
0 4 "point_z"
0 7 "midsurf_1"
0 10 "topsurf_1"
0 13 "bottomsurf_1"
0 16 "fixedup_1"
0 19 "midsurf_2"
0 22 "topsurf_2"
0 25 "bottomsurf_2"
0 28 "fixedup_2"
0 31 "midsurf_3"
0 34 "topsurf_3"
0 37 "bottomsurf_3"
0 40 "fixedup_3"
0 43 "midsurf_4"
0 46 "topsurf_4"
0 49 "bottomsurf_4"
0 52 "fixedup_4"
0 55 "midsurf_5"
0 58 "topsurf_5"
0 61 "bottomsurf_5"
0 64 "fixedup_5"
0 67 "midsurf_6"
0 70 "topsurf_6"
0 73 "bottomsurf_6"
0 76 "fixedup_6"
0 79 "midsurf_7"
0 82 "topsurf_7"
0 85 "bottomsurf_7"
0 88 "fixedup_7"
0 91 "midsurf_8"
0 94 "topsurf_8"
0 97 "bottomsurf_8"
0 100 "fixedup_8"
0 103 "midsurf_9"
0 106 "topsurf_9"
0 109 "bottomsurf_9"
0 112 "fixedup_9"
0 115 "midsurf_10"
0 118 "topsurf_10"
0 121 "bottomsurf_10"
0 124 "fixedup_10"
1 2 "point_zy"
1 5 "point_z"
1 8 "midsurf_1"
1 11 "topsurf_1"
1 14 "bottomsurf_1"
1 17 "fixedup_1"
1 20 "midsurf_2"
1 23 "topsurf_2"
1 26 "bottomsurf_2"
1 29 "fixedup_2"
1 32 "midsurf_3"
1 35 "topsurf_3"
1 38 "bottomsurf_3"
1 41 "fixedup_3"
1 44 "midsurf_4"
1 47 "topsurf_4"
1 50 "bottomsurf_4"
1 53 "fixedup_4"
1 56 "midsurf_5"
1 59 "topsurf_5"
1 62 "bottomsurf_5"
1 65 "fixedup_5"
1 68 "midsurf_6"
1 71 "topsurf_6"
1 74 "bottomsurf_6"
1 77 "fixedup_6"
1 80 "midsurf_7"
1 83 "topsurf_7"
1 86 "bottomsurf_7"
1 89 "fixedup_7"
1 92 "midsurf_8"
1 95 "topsurf_8"
1 98 "bottomsurf_8"
1 101 "fixedup_8"
1 104 "midsurf_9"
1 107 "topsurf_9"
1 110 "bottomsurf_9"
1 113 "fixedup_9"
1 116 "midsurf_10"
1 119 "topsurf_10"
1 122 "bottomsurf_10"
1 125 "fixedup_10"
2 3 "point_zy"
2 9 "midsurf_1"
2 12 "topsurf_1"
2 15 "bottomsurf_1"
2 18 "fixedup_1"
2 21 "midsurf_2"
2 24 "topsurf_2"
2 27 "bottomsurf_2"
2 30 "fixedup_2"
2 33 "midsurf_3"
2 36 "topsurf_3"
2 39 "bottomsurf_3"
2 42 "fixedup_3"
2 45 "midsurf_4"
2 48 "topsurf_4"
2 51 "bottomsurf_4"
2 54 "fixedup_4"
2 57 "midsurf_5"
2 60 "topsurf_5"
2 63 "bottomsurf_5"
2 66 "fixedup_5"
2 69 "midsurf_6"
2 72 "topsurf_6"
2 75 "bottomsurf_6"
2 78 "fixedup_6"
2 81 "midsurf_7"
2 84 "topsurf_7"
2 87 "bottomsurf_7"
2 90 "fixedup_7"
2 93 "midsurf_8"
2 96 "topsurf_8"
2 99 "bottomsurf_8"
2 102 "fixedup_8"
2 105 "midsurf_9"
2 108 "topsurf_9"
2 111 "bottomsurf_9"
2 114 "fixedup_9"
2 117 "midsurf_10"
2 120 "topsurf_10"
2 123 "bottomsurf_10"
2 126 "fixedup_10"
3 1 "Volume_1"
3 2 "Volume_2"
3 3 "Volume_3"
3 4 "Volume_4"
3 5 "Volume_5"
3 6 "Volume_6"
3 7 "Volume_7"
3 8 "Volume_8"
3 9 "Volume_9"
3 10 "Volume_10"
$EndPhysicalNames
$Entities
66 137 92 20
1 0 0 0 2 13 16 
2 0.01 0 0 3 13 25 28 
3 0.01 0.008 0 3 13 25 28 
4 0 0.008 0 2 13 16 
5 0 0 0.0004 3 1 7 16 
6 0.01 0 0.0004 3 7 19 28 
10 0.01 0.008 0.0004 3 7 19 28 
14 0 0.008 0.0004 3 4 7 16 
15 0 0 0.0008 2 10 16 
16 0.01 0 0.0008 3 10 22 28 
20 0.01 0.008 0.0008 3 10 22 28 
24 0 0.008 0.0008 2 10 16 
26 0.02 0 0 3 25 37 40 
27 0.02 0.008 0 3 25 37 40 
30 0.02 0 0.0004 3 19 31 40 
34 0.02 0.008 0.0004 3 19 31 40 
36 0.02 0 0.0008 3 22 34 40 
40 0.02 0.008 0.0008 3 22 34 40 
42 0.03000000000000001 0 0 3 37 49 52 
43 0.03000000000000001 0.008 0 3 37 49 52 
46 0.03000000000000001 0 0.0004 3 31 43 52 
50 0.03000000000000001 0.008 0.0004 3 31 43 52 
52 0.03000000000000001 0 0.0008 3 34 46 52 
56 0.03000000000000001 0.008 0.0008 3 34 46 52 
58 0.04000000000000001 0 0 3 49 61 64 
59 0.04000000000000001 0.008 0 3 49 61 64 
62 0.04000000000000001 0 0.0004 3 43 55 64 
66 0.04000000000000001 0.008 0.0004 3 43 55 64 
68 0.04000000000000001 0 0.0008 3 46 58 64 
72 0.04000000000000001 0.008 0.0008 3 46 58 64 
74 0.05000000000000001 0 0 3 61 73 76 
75 0.05000000000000001 0.008 0 3 61 73 76 
78 0.05000000000000001 0 0.0004 3 55 67 76 
82 0.05000000000000001 0.008 0.0004 3 55 67 76 
84 0.05000000000000001 0 0.0008 3 58 70 76 
88 0.05000000000000001 0.008 0.0008 3 58 70 76 
90 0.06000000000000001 0 0 3 73 85 88 
91 0.06000000000000001 0.008 0 3 73 85 88 
94 0.06000000000000001 0 0.0004 3 67 79 88 
98 0.06000000000000001 0.008 0.0004 3 67 79 88 
100 0.06000000000000001 0 0.0008 3 70 82 88 
104 0.06000000000000001 0.008 0.0008 3 70 82 88 
106 0.07000000000000001 0 0 3 85 97 100 
107 0.07000000000000001 0.008 0 3 85 97 100 
110 0.07000000000000001 0 0.0004 3 79 91 100 
114 0.07000000000000001 0.008 0.0004 3 79 91 100 
116 0.07000000000000001 0 0.0008 3 82 94 100 
120 0.07000000000000001 0.008 0.0008 3 82 94 100 
122 0.08000000000000002 0 0 3 97 109 112 
123 0.08000000000000002 0.008 0 3 97 109 112 
126 0.08000000000000002 0 0.0004 3 91 103 112 
130 0.08000000000000002 0.008 0.0004 3 91 103 112 
132 0.08000000000000002 0 0.0008 3 94 106 112 
136 0.08000000000000002 0.008 0.0008 3 94 106 112 
138 0.09000000000000002 0 0 5 109 121 121 124 124 
139 0.09000000000000002 0.008 0 5 109 121 121 124 124 
142 0.09000000000000002 0 0.0004 7 103 115 115 124 124 124 124 
146 0.09000000000000002 0.008 0.0004 7 103 115 115 124 124 124 124 
148 0.09000000000000002 0 0.0008 5 106 118 118 124 124 
152 0.09000000000000002 0.008 0.0008 5 106 118 118 124 124 
154 0.1 0 0 2 121 121 
155 0.1 0.008 0 2 121 121 
158 0.1 0 0.0004 2 115 115 
162 0.1 0.008 0.0004 2 115 115 
164 0.1 0 0.0008 2 118 118 
168 0.1 0.008 0.0008 2 118 118 
1 0 0 0 0.01 0 0 1 14 2 1 -2 
2 0.01 0 0 0.01 0.008 0 3 14 26 29 2 2 -3 
3 0 0.008 0 0.01 0.008 0 1 14 2 3 -4 
4 0 0 0 0 0.008 0 2 14 17 2 4 -1 
6 0 0 0.0004 0.01 0 0.0004 1 8 2 5 -6 
7 0.01 0 0.0004 0.01 0.008 0.0004 3 8 20 29 2 6 -10 
8 0 0.008 0.0004 0.01 0.008 0.0004 1 8 2 10 -14 
9 0 0 0.0004 0 0.008 0.0004 2 8 17 2 14 -5 
11 0 0 0 0 0 0.0004 1 17 2 1 -5 
12 0.01 0 0 0.01 0 0.0004 1 29 2 2 -6 
16 0.01 0.008 0 0.01 0.008 0.0004 1 29 2 3 -10 
20 0 0.008 0 0 0.008 0.0004 1 17 2 4 -14 
28 0 0 0.0008 0.01 0 0.0008 1 11 2 15 -16 
29 0.01 0 0.0008 0.01 0.008 0.0008 3 11 23 29 2 16 -20 
30 0 0.008 0.0008 0.01 0.008 0.0008 1 11 2 20 -24 
31 0 0 0.0008 0 0.008 0.0008 2 11 17 2 24 -15 
33 0 0 0.0004 0 0 0.0008 1 17 2 5 -15 
34 0.01 0 0.0004 0.01 0 0.0008 1 29 2 6 -16 
38 0.01 0.008 0.0004 0.01 0.008 0.0008 1 29 2 10 -20 
42 0 0.008 0.0004 0 0.008 0.0008 1 17 2 14 -24 
43 0.01 0 0 0.02 0 0 1 26 2 2 -26 
44 0.02 0 0 0.02 0.008 0 3 26 38 41 2 26 -27 
45 0.01 0.008 0 0.02 0.008 0 1 26 2 27 -3 
51 0.01 0 0.0004 0.02 0 0.0004 1 20 2 6 -30 
52 0.02 0 0.0004 0.02 0.008 0.0004 3 20 32 41 2 30 -34 
53 0.01 0.008 0.0004 0.02 0.008 0.0004 1 20 2 34 -10 
57 0.02 0 0 0.02 0 0.0004 1 41 2 26 -30 
61 0.02 0.008 0 0.02 0.008 0.0004 1 41 2 27 -34 
73 0.01 0 0.0008 0.02 0 0.0008 1 23 2 16 -36 
74 0.02 0 0.0008 0.02 0.008 0.0008 3 23 35 41 2 36 -40 
75 0.01 0.008 0.0008 0.02 0.008 0.0008 1 23 2 40 -20 
79 0.02 0 0.0004 0.02 0 0.0008 1 41 2 30 -36 
83 0.02 0.008 0.0004 0.02 0.008 0.0008 1 41 2 34 -40 
84 0.02 0 0 0.03000000000000001 0 0 1 38 2 26 -42 
85 0.03000000000000001 0 0 0.03000000000000001 0.008 0 3 38 50 53 2 42 -43 
86 0.02 0.008 0 0.03000000000000001 0.008 0 1 38 2 43 -27 
96 0.02 0 0.0004 0.03000000000000001 0 0.0004 1 32 2 30 -46 
97 0.03000000000000001 0 0.0004 0.03000000000000001 0.008 0.0004 3 32 44 53 2 46 -50 
98 0.02 0.008 0.0004 0.03000000000000001 0.008 0.0004 1 32 2 50 -34 
102 0.03000000000000001 0 0 0.03000000000000001 0 0.0004 1 53 2 42 -46 
106 0.03000000000000001 0.008 0 0.03000000000000001 0.008 0.0004 1 53 2 43 -50 
118 0.02 0 0.0008 0.03000000000000001 0 0.0008 1 35 2 36 -52 
119 0.03000000000000001 0 0.0008 0.03000000000000001 0.008 0.0008 3 35 47 53 2 52 -56 
120 0.02 0.008 0.0008 0.03000000000000001 0.008 0.0008 1 35 2 56 -40 
124 0.03000000000000001 0 0.0004 0.03000000000000001 0 0.0008 1 53 2 46 -52 
128 0.03000000000000001 0.008 0.0004 0.03000000000000001 0.008 0.0008 1 53 2 50 -56 
129 0.03000000000000001 0 0 0.04000000000000001 0 0 1 50 2 42 -58 
130 0.04000000000000001 0 0 0.04000000000000001 0.008 0 3 50 62 65 2 58 -59 
131 0.03000000000000001 0.008 0 0.04000000000000001 0.008 0 1 50 2 59 -43 
141 0.03000000000000001 0 0.0004 0.04000000000000001 0 0.0004 1 44 2 46 -62 
142 0.04000000000000001 0 0.0004 0.04000000000000001 0.008 0.0004 3 44 56 65 2 62 -66 
143 0.03000000000000001 0.008 0.0004 0.04000000000000001 0.008 0.0004 1 44 2 66 -50 
147 0.04000000000000001 0 0 0.04000000000000001 0 0.0004 1 65 2 58 -62 
151 0.04000000000000001 0.008 0 0.04000000000000001 0.008 0.0004 1 65 2 59 -66 
163 0.03000000000000001 0 0.0008 0.04000000000000001 0 0.0008 1 47 2 52 -68 
164 0.04000000000000001 0 0.0008 0.04000000000000001 0.008 0.0008 3 47 59 65 2 68 -72 
165 0.03000000000000001 0.008 0.0008 0.04000000000000001 0.008 0.0008 1 47 2 72 -56 
169 0.04000000000000001 0 0.0004 0.04000000000000001 0 0.0008 1 65 2 62 -68 
173 0.04000000000000001 0.008 0.0004 0.04000000000000001 0.008 0.0008 1 65 2 66 -72 
174 0.04000000000000001 0 0 0.05000000000000001 0 0 1 62 2 58 -74 
175 0.05000000000000001 0 0 0.05000000000000001 0.008 0 3 62 74 77 2 74 -75 
176 0.04000000000000001 0.008 0 0.05000000000000001 0.008 0 1 62 2 75 -59 
186 0.04000000000000001 0 0.0004 0.05000000000000001 0 0.0004 1 56 2 62 -78 
187 0.05000000000000001 0 0.0004 0.05000000000000001 0.008 0.0004 3 56 68 77 2 78 -82 
188 0.04000000000000001 0.008 0.0004 0.05000000000000001 0.008 0.0004 1 56 2 82 -66 
192 0.05000000000000001 0 0 0.05000000000000001 0 0.0004 1 77 2 74 -78 
196 0.05000000000000001 0.008 0 0.05000000000000001 0.008 0.0004 1 77 2 75 -82 
208 0.04000000000000001 0 0.0008 0.05000000000000001 0 0.0008 1 59 2 68 -84 
209 0.05000000000000001 0 0.0008 0.05000000000000001 0.008 0.0008 3 59 71 77 2 84 -88 
210 0.04000000000000001 0.008 0.0008 0.05000000000000001 0.008 0.0008 1 59 2 88 -72 
214 0.05000000000000001 0 0.0004 0.05000000000000001 0 0.0008 1 77 2 78 -84 
218 0.05000000000000001 0.008 0.0004 0.05000000000000001 0.008 0.0008 1 77 2 82 -88 
219 0.05000000000000001 0 0 0.06000000000000001 0 0 1 74 2 74 -90 
220 0.06000000000000001 0 0 0.06000000000000001 0.008 0 3 74 86 89 2 90 -91 
221 0.05000000000000001 0.008 0 0.06000000000000001 0.008 0 1 74 2 91 -75 
231 0.05000000000000001 0 0.0004 0.06000000000000001 0 0.0004 1 68 2 78 -94 
232 0.06000000000000001 0 0.0004 0.06000000000000001 0.008 0.0004 3 68 80 89 2 94 -98 
233 0.05000000000000001 0.008 0.0004 0.06000000000000001 0.008 0.0004 1 68 2 98 -82 
237 0.06000000000000001 0 0 0.06000000000000001 0 0.0004 1 89 2 90 -94 
241 0.06000000000000001 0.008 0 0.06000000000000001 0.008 0.0004 1 89 2 91 -98 
253 0.05000000000000001 0 0.0008 0.06000000000000001 0 0.0008 1 71 2 84 -100 
254 0.06000000000000001 0 0.0008 0.06000000000000001 0.008 0.0008 3 71 83 89 2 100 -104 
255 0.05000000000000001 0.008 0.0008 0.06000000000000001 0.008 0.0008 1 71 2 104 -88 
259 0.06000000000000001 0 0.0004 0.06000000000000001 0 0.0008 1 89 2 94 -100 
263 0.06000000000000001 0.008 0.0004 0.06000000000000001 0.008 0.0008 1 89 2 98 -104 
264 0.06000000000000001 0 0 0.07000000000000001 0 0 1 86 2 90 -106 
265 0.07000000000000001 0 0 0.07000000000000001 0.008 0 3 86 98 101 2 106 -107 
266 0.06000000000000001 0.008 0 0.07000000000000001 0.008 0 1 86 2 107 -91 
276 0.06000000000000001 0 0.0004 0.07000000000000001 0 0.0004 1 80 2 94 -110 
277 0.07000000000000001 0 0.0004 0.07000000000000001 0.008 0.0004 3 80 92 101 2 110 -114 
278 0.06000000000000001 0.008 0.0004 0.07000000000000001 0.008 0.0004 1 80 2 114 -98 
282 0.07000000000000001 0 0 0.07000000000000001 0 0.0004 1 101 2 106 -110 
286 0.07000000000000001 0.008 0 0.07000000000000001 0.008 0.0004 1 101 2 107 -114 
298 0.06000000000000001 0 0.0008 0.07000000000000001 0 0.0008 1 83 2 100 -116 
299 0.07000000000000001 0 0.0008 0.07000000000000001 0.008 0.0008 3 83 95 101 2 116 -120 
300 0.06000000000000001 0.008 0.0008 0.07000000000000001 0.008 0.0008 1 83 2 120 -104 
304 0.07000000000000001 0 0.0004 0.07000000000000001 0 0.0008 1 101 2 110 -116 
308 0.07000000000000001 0.008 0.0004 0.07000000000000001 0.008 0.0008 1 101 2 114 -120 
309 0.07000000000000001 0 0 0.08000000000000002 0 0 1 98 2 106 -122 
310 0.08000000000000002 0 0 0.08000000000000002 0.008 0 3 98 110 113 2 122 -123 
311 0.07000000000000001 0.008 0 0.08000000000000002 0.008 0 1 98 2 123 -107 
321 0.07000000000000001 0 0.0004 0.08000000000000002 0 0.0004 1 92 2 110 -126 
322 0.08000000000000002 0 0.0004 0.08000000000000002 0.008 0.0004 3 92 104 113 2 126 -130 
323 0.07000000000000001 0.008 0.0004 0.08000000000000002 0.008 0.0004 1 92 2 130 -114 
327 0.08000000000000002 0 0 0.08000000000000002 0 0.0004 1 113 2 122 -126 
331 0.08000000000000002 0.008 0 0.08000000000000002 0.008 0.0004 1 113 2 123 -130 
343 0.07000000000000001 0 0.0008 0.08000000000000002 0 0.0008 1 95 2 116 -132 
344 0.08000000000000002 0 0.0008 0.08000000000000002 0.008 0.0008 3 95 107 113 2 132 -136 
345 0.07000000000000001 0.008 0.0008 0.08000000000000002 0.008 0.0008 1 95 2 136 -120 
349 0.08000000000000002 0 0.0004 0.08000000000000002 0 0.0008 1 113 2 126 -132 
353 0.08000000000000002 0.008 0.0004 0.08000000000000002 0.008 0.0008 1 113 2 130 -136 
354 0.08000000000000002 0 0 0.09000000000000002 0 0 1 110 2 122 -138 
355 0.09000000000000002 0 0 0.09000000000000002 0.008 0 3 110 122 125 2 138 -139 
356 0.08000000000000002 0.008 0 0.09000000000000002 0.008 0 1 110 2 139 -123 
366 0.08000000000000002 0 0.0004 0.09000000000000002 0 0.0004 1 104 2 126 -142 
367 0.09000000000000002 0 0.0004 0.09000000000000002 0.008 0.0004 4 104 116 125 125 2 142 -146 
368 0.08000000000000002 0.008 0.0004 0.09000000000000002 0.008 0.0004 1 104 2 146 -130 
372 0.09000000000000002 0 0 0.09000000000000002 0 0.0004 1 125 2 138 -142 
376 0.09000000000000002 0.008 0 0.09000000000000002 0.008 0.0004 1 125 2 139 -146 
388 0.08000000000000002 0 0.0008 0.09000000000000002 0 0.0008 1 107 2 132 -148 
389 0.09000000000000002 0 0.0008 0.09000000000000002 0.008 0.0008 3 107 119 125 2 148 -152 
390 0.08000000000000002 0.008 0.0008 0.09000000000000002 0.008 0.0008 1 107 2 152 -136 
394 0.09000000000000002 0 0.0004 0.09000000000000002 0 0.0008 1 125 2 142 -148 
398 0.09000000000000002 0.008 0.0004 0.09000000000000002 0.008 0.0008 1 125 2 146 -152 
399 0.09000000000000002 0 0 0.1 0 0 1 122 2 138 -154 
400 0.1 0 0 0.1 0.008 0 1 122 2 154 -155 
401 0.09000000000000002 0.008 0 0.1 0.008 0 1 122 2 155 -139 
411 0.09000000000000002 0 0.0004 0.1 0 0.0004 1 116 2 142 -158 
412 0.1 0 0.0004 0.1 0.008 0.0004 1 116 2 158 -162 
413 0.09000000000000002 0.008 0.0004 0.1 0.008 0.0004 1 116 2 162 -146 
417 0 0 0 0 0 0 0 2 154 -158 
421 0 0 0 0 0 0 0 2 155 -162 
433 0.09000000000000002 0 0.0008 0.1 0 0.0008 1 119 2 148 -164 
434 0.1 0 0.0008 0.1 0.008 0.0008 1 119 2 164 -168 
435 0.09000000000000002 0.008 0.0008 0.1 0.008 0.0008 1 119 2 168 -152 
439 0 0 0 0 0 0 0 2 158 -164 
443 0 0 0 0 0 0 0 2 162 -168 
1 0 0 0 0.01 0.008 0 1 15 4 1 2 3 4 
13 0 0 0 0 0 0 0 4 1 12 -6 -11 
17 0.01 0 0 0.01 0.008 0.0004 1 30 4 2 16 -7 -12 
21 0 0 0 0 0 0 0 4 3 20 -8 -16 
25 0 0 0 0 0.008 0.0004 1 18 4 4 11 -9 -20 
26 0 0 0.0004 0.01 0.008 0.0004 1 9 4 6 7 8 9 
35 0 0 0 0 0 0 0 4 6 34 -28 -33 
39 0.01 0 0.0004 0.01 0.008 0.0008 1 30 4 7 38 -29 -34 
43 0 0 0 0 0 0 0 4 8 42 -30 -38 
47 0 0 0.0004 0 0.008 0.0008 1 18 4 9 33 -31 -42 
48 0 0 0.0008 0.01 0.008 0.0008 1 12 4 28 29 30 31 
49 0.01 0 0 0.02 0.008 0 1 27 4 43 44 45 -2 
58 0 0 0 0 0 0 0 4 43 57 -51 -12 
62 0.02 0 0 0.02 0.008 0.0004 1 42 4 44 61 -52 -57 
66 0 0 0 0 0 0 0 4 45 16 -53 -61 
71 0.01 0 0.0004 0.02 0.008 0.0004 1 21 4 51 52 53 -7 
80 0 0 0 0 0 0 0 4 51 79 -73 -34 
84 0.02 0 0.0004 0.02 0.008 0.0008 1 42 4 52 83 -74 -79 
88 0 0 0 0 0 0 0 4 53 38 -75 -83 
93 0.01 0 0.0008 0.02 0.008 0.0008 1 24 4 73 74 75 -29 
94 0.02 0 0 0.03000000000000001 0.008 0 1 39 4 84 85 86 -44 
103 0 0 0 0 0 0 0 4 84 102 -96 -57 
107 0.03000000000000001 0 0 0.03000000000000001 0.008 0.0004 1 54 4 85 106 -97 -102 
111 0 0 0 0 0 0 0 4 86 61 -98 -106 
116 0.02 0 0.0004 0.03000000000000001 0.008 0.0004 1 33 4 96 97 98 -52 
125 0 0 0 0 0 0 0 4 96 124 -118 -79 
129 0.03000000000000001 0 0.0004 0.03000000000000001 0.008 0.0008 1 54 4 97 128 -119 -124 
133 0 0 0 0 0 0 0 4 98 83 -120 -128 
138 0.02 0 0.0008 0.03000000000000001 0.008 0.0008 1 36 4 118 119 120 -74 
139 0.03000000000000001 0 0 0.04000000000000001 0.008 0 1 51 4 129 130 131 -85 
148 0 0 0 0 0 0 0 4 129 147 -141 -102 
152 0.04000000000000001 0 0 0.04000000000000001 0.008 0.0004 1 66 4 130 151 -142 -147 
156 0 0 0 0 0 0 0 4 131 106 -143 -151 
161 0.03000000000000001 0 0.0004 0.04000000000000001 0.008 0.0004 1 45 4 141 142 143 -97 
170 0 0 0 0 0 0 0 4 141 169 -163 -124 
174 0.04000000000000001 0 0.0004 0.04000000000000001 0.008 0.0008 1 66 4 142 173 -164 -169 
178 0 0 0 0 0 0 0 4 143 128 -165 -173 
183 0.03000000000000001 0 0.0008 0.04000000000000001 0.008 0.0008 1 48 4 163 164 165 -119 
184 0.04000000000000001 0 0 0.05000000000000001 0.008 0 1 63 4 174 175 176 -130 
193 0 0 0 0 0 0 0 4 174 192 -186 -147 
197 0.05000000000000001 0 0 0.05000000000000001 0.008 0.0004 1 78 4 175 196 -187 -192 
201 0 0 0 0 0 0 0 4 176 151 -188 -196 
206 0.04000000000000001 0 0.0004 0.05000000000000001 0.008 0.0004 1 57 4 186 187 188 -142 
215 0 0 0 0 0 0 0 4 186 214 -208 -169 
219 0.05000000000000001 0 0.0004 0.05000000000000001 0.008 0.0008 1 78 4 187 218 -209 -214 
223 0 0 0 0 0 0 0 4 188 173 -210 -218 
228 0.04000000000000001 0 0.0008 0.05000000000000001 0.008 0.0008 1 60 4 208 209 210 -164 
229 0.05000000000000001 0 0 0.06000000000000001 0.008 0 1 75 4 219 220 221 -175 
238 0 0 0 0 0 0 0 4 219 237 -231 -192 
242 0.06000000000000001 0 0 0.06000000000000001 0.008 0.0004 1 90 4 220 241 -232 -237 
246 0 0 0 0 0 0 0 4 221 196 -233 -241 
251 0.05000000000000001 0 0.0004 0.06000000000000001 0.008 0.0004 1 69 4 231 232 233 -187 
260 0 0 0 0 0 0 0 4 231 259 -253 -214 
264 0.06000000000000001 0 0.0004 0.06000000000000001 0.008 0.0008 1 90 4 232 263 -254 -259 
268 0 0 0 0 0 0 0 4 233 218 -255 -263 
273 0.05000000000000001 0 0.0008 0.06000000000000001 0.008 0.0008 1 72 4 253 254 255 -209 
274 0.06000000000000001 0 0 0.07000000000000001 0.008 0 1 87 4 264 265 266 -220 
283 0 0 0 0 0 0 0 4 264 282 -276 -237 
287 0.07000000000000001 0 0 0.07000000000000001 0.008 0.0004 1 102 4 265 286 -277 -282 
291 0 0 0 0 0 0 0 4 266 241 -278 -286 
296 0.06000000000000001 0 0.0004 0.07000000000000001 0.008 0.0004 1 81 4 276 277 278 -232 
305 0 0 0 0 0 0 0 4 276 304 -298 -259 
309 0.07000000000000001 0 0.0004 0.07000000000000001 0.008 0.0008 1 102 4 277 308 -299 -304 
313 0 0 0 0 0 0 0 4 278 263 -300 -308 
318 0.06000000000000001 0 0.0008 0.07000000000000001 0.008 0.0008 1 84 4 298 299 300 -254 
319 0.07000000000000001 0 0 0.08000000000000002 0.008 0 1 99 4 309 310 311 -265 
328 0 0 0 0 0 0 0 4 309 327 -321 -282 
332 0.08000000000000002 0 0 0.08000000000000002 0.008 0.0004 1 114 4 310 331 -322 -327 
336 0 0 0 0 0 0 0 4 311 286 -323 -331 
341 0.07000000000000001 0 0.0004 0.08000000000000002 0.008 0.0004 1 93 4 321 322 323 -277 
350 0 0 0 0 0 0 0 4 321 349 -343 -304 
354 0.08000000000000002 0 0.0004 0.08000000000000002 0.008 0.0008 1 114 4 322 353 -344 -349 
358 0 0 0 0 0 0 0 4 323 308 -345 -353 
363 0.07000000000000001 0 0.0008 0.08000000000000002 0.008 0.0008 1 96 4 343 344 345 -299 
364 0.08000000000000002 0 0 0.09000000000000002 0.008 0 1 111 4 354 355 356 -310 
373 0 0 0 0 0 0 0 4 354 372 -366 -327 
377 0.09000000000000002 0 0 0.09000000000000002 0.008 0.0004 1 126 4 355 376 -367 -372 
381 0 0 0 0 0 0 0 4 356 331 -368 -376 
386 0.08000000000000002 0 0.0004 0.09000000000000002 0.008 0.0004 1 105 4 366 367 368 -322 
395 0 0 0 0 0 0 0 4 366 394 -388 -349 
399 0.09000000000000002 0 0.0004 0.09000000000000002 0.008 0.0008 1 126 4 367 398 -389 -394 
403 0 0 0 0 0 0 0 4 368 353 -390 -398 
408 0.08000000000000002 0 0.0008 0.09000000000000002 0.008 0.0008 1 108 4 388 389 390 -344 
409 0.09000000000000002 0 0 0.1 0.008 0 1 123 4 399 400 401 -355 
418 0 0 0 0 0 0 0 4 399 417 -411 -372 
422 0 0 0 0 0 0 0 4 400 421 -412 -417 
426 0 0 0 0 0 0 0 4 401 376 -413 -421 
431 0.09000000000000002 0 0.0004 0.1 0.008 0.0004 1 117 4 411 412 413 -367 
440 0 0 0 0 0 0 0 4 411 439 -433 -394 
444 0 0 0 0 0 0 0 4 412 443 -434 -439 
448 0 0 0 0 0 0 0 4 413 398 -435 -443 
453 0.09000000000000002 0 0.0008 0.1 0.008 0.0008 1 120 4 433 434 435 -389 
1 0 0 0 0.01 0.008 0.0004 1 1 6 -1 26 13 17 21 25 
2 0 0 0.0004 0.01 0.008 0.0008 1 1 6 -26 48 35 39 43 47 
3 0.01 0 0 0.02 0.008 0.0004 1 2 6 -49 71 58 62 66 17 
4 0.01 0 0.0004 0.02 0.008 0.0008 1 2 6 -71 93 80 84 88 -39 
5 0.02 0 0 0.03000000000000001 0.008 0.0004 1 3 6 -94 116 103 107 111 62 
6 0.02 0 0.0004 0.03000000000000001 0.008 0.0008 1 3 6 -116 138 125 129 133 -84 
7 0.03000000000000001 0 0 0.04000000000000001 0.008 0.0004 1 4 6 -139 161 148 152 156 107 
8 0.03000000000000001 0 0.0004 0.04000000000000001 0.008 0.0008 1 4 6 -161 183 170 174 178 -129 
9 0.04000000000000001 0 0 0.05000000000000001 0.008 0.0004 1 5 6 -184 206 193 197 201 152 
10 0.04000000000000001 0 0.0004 0.05000000000000001 0.008 0.0008 1 5 6 -206 228 215 219 223 -174 
11 0.05000000000000001 0 0 0.06000000000000001 0.008 0.0004 1 6 6 -229 251 238 242 246 197 
12 0.05000000000000001 0 0.0004 0.06000000000000001 0.008 0.0008 1 6 6 -251 273 260 264 268 -219 
13 0.06000000000000001 0 0 0.07000000000000001 0.008 0.0004 1 7 6 -274 296 283 287 291 242 
14 0.06000000000000001 0 0.0004 0.07000000000000001 0.008 0.0008 1 7 6 -296 318 305 309 313 -264 
15 0.07000000000000001 0 0 0.08000000000000002 0.008 0.0004 1 8 6 -319 341 328 332 336 287 
16 0.07000000000000001 0 0.0004 0.08000000000000002 0.008 0.0008 1 8 6 -341 363 350 354 358 -309 
17 0.08000000000000002 0 0 0.09000000000000002 0.008 0.0004 1 9 6 -364 386 373 377 381 332 
18 0.08000000000000002 0 0.0004 0.09000000000000002 0.008 0.0008 1 9 6 -386 408 395 399 403 -354 
19 0.09000000000000002 0 0 0.1 0.008 0.0004 1 10 6 -409 431 418 422 426 377 
20 0.09000000000000002 0 0.0004 0.1 0.008 0.0008 1 10 6 -431 453 440 444 448 -399 
$EndEntities
$Nodes
269 12075 1 12075
0 1 0 1
1
0 0 0
0 2 0 1
2
0.01 0 0
0 3 0 1
3
0.01 0.008 0
0 4 0 1
4
0 0.008 0
0 5 0 1
5
0 0 0.0004
0 6 0 1
6
0.01 0 0.0004
0 10 0 1
7
0.01 0.008 0.0004
0 14 0 1
8
0 0.008 0.0004
0 15 0 1
9
0 0 0.0008
0 16 0 1
10
0.01 0 0.0008
0 20 0 1
11
0.01 0.008 0.0008
0 24 0 1
12
0 0.008 0.0008
0 26 0 1
13
0.02 0 0
0 27 0 1
14
0.02 0.008 0
0 30 0 1
15
0.02 0 0.0004
0 34 0 1
16
0.02 0.008 0.0004
0 36 0 1
17
0.02 0 0.0008
0 40 0 1
18
0.02 0.008 0.0008
0 42 0 1
19
0.03000000000000001 0 0
0 43 0 1
20
0.03000000000000001 0.008 0
0 46 0 1
21
0.03000000000000001 0 0.0004
0 50 0 1
22
0.03000000000000001 0.008 0.0004
0 52 0 1
23
0.03000000000000001 0 0.0008
0 56 0 1
24
0.03000000000000001 0.008 0.0008
0 58 0 1
25
0.04000000000000001 0 0
0 59 0 1
26
0.04000000000000001 0.008 0
0 62 0 1
27
0.04000000000000001 0 0.0004
0 66 0 1
28
0.04000000000000001 0.008 0.0004
0 68 0 1
29
0.04000000000000001 0 0.0008
0 72 0 1
30
0.04000000000000001 0.008 0.0008
0 74 0 1
31
0.05000000000000001 0 0
0 75 0 1
32
0.05000000000000001 0.008 0
0 78 0 1
33
0.05000000000000001 0 0.0004
0 82 0 1
34
0.05000000000000001 0.008 0.0004
0 84 0 1
35
0.05000000000000001 0 0.0008
0 88 0 1
36
0.05000000000000001 0.008 0.0008
0 90 0 1
37
0.06000000000000001 0 0
0 91 0 1
38
0.06000000000000001 0.008 0
0 94 0 1
39
0.06000000000000001 0 0.0004
0 98 0 1
40
0.06000000000000001 0.008 0.0004
0 100 0 1
41
0.06000000000000001 0 0.0008
0 104 0 1
42
0.06000000000000001 0.008 0.0008
0 106 0 1
43
0.07000000000000001 0 0
0 107 0 1
44
0.07000000000000001 0.008 0
0 110 0 1
45
0.07000000000000001 0 0.0004
0 114 0 1
46
0.07000000000000001 0.008 0.0004
0 116 0 1
47
0.07000000000000001 0 0.0008
0 120 0 1
48
0.07000000000000001 0.008 0.0008
0 122 0 1
49
0.08000000000000002 0 0
0 123 0 1
50
0.08000000000000002 0.008 0
0 126 0 1
51
0.08000000000000002 0 0.0004
0 130 0 1
52
0.08000000000000002 0.008 0.0004
0 132 0 1
53
0.08000000000000002 0 0.0008
0 136 0 1
54
0.08000000000000002 0.008 0.0008
0 138 0 1
55
0.09000000000000002 0 0
0 139 0 1
56
0.09000000000000002 0.008 0
0 142 0 1
57
0.09000000000000002 0 0.0004
0 146 0 1
58
0.09000000000000002 0.008 0.0004
0 148 0 1
59
0.09000000000000002 0 0.0008
0 152 0 1
60
0.09000000000000002 0.008 0.0008
0 154 0 1
61
0.1 0 0
0 155 0 1
62
0.1 0.008 0
0 158 0 1
63
0.1 0 0.0004
0 162 0 1
64
0.1 0.008 0.0004
0 164 0 1
65
0.1 0 0.0008
0 168 0 1
66
0.1 0.008 0.0008
1 1 0 15
67
68
69
70
71
72
73
74
75
76
77
78
79
80
81
0.001249999999997534 0 0
0.002499999999994134 0 0
0.003749999999990568 0 0
0.00499999999998734 0 0
0.00624999999999038 0 0
0.007499999999993587 0 0
0.008749999999996795 0 0
0.0006249999999987669 0 0
0.001874999999995834 0 0
0.003124999999992351 0 0
0.004374999999988954 0 0
0.005624999999988859 0 0
0.006874999999991983 0 0
0.008124999999995192 0 0
0.009374999999998399 0 0
1 2 0 13
82
83
84
85
86
87
88
89
90
91
92
93
94
0.01 0.00114285714285516 0
0.01 0.002285714285709134 0
0.01 0.003428571428562995 0
0.01 0.004571428571419358 0
0.01 0.005714285714279265 0
0.01 0.006857142857139632 0
0.01 0.00057142857142758 0
0.01 0.001714285714282147 0
0.01 0.002857142857136064 0
0.01 0.003999999999991176 0
0.01 0.005142857142849311 0
0.01 0.006285714285709449 0
0.01 0.007428571428569816 0
1 3 0 15
95
96
97
98
99
100
101
102
103
104
105
106
107
108
109
0.008750000000002839 0.008 0
0.007500000000006012 0.008 0
0.006250000000009527 0.008 0
0.005000000000012874 0.008 0
0.003750000000009784 0.008 0
0.002500000000006523 0.008 0
0.001250000000003261 0.008 0
0.00937500000000142 0.008 0
0.008125000000004426 0.008 0
0.006875000000007769 0.008 0
0.005625000000011201 0.008 0
0.004375000000011329 0.008 0
0.003125000000008153 0.008 0
0.001875000000004892 0.008 0
0.0006250000000016305 0.008 0
1 4 0 13
110
111
112
113
114
115
116
117
118
119
120
121
122
0 0.006857142857144358 0
0 0.005714285714288693 0
0 0.004571428571437335 0
0 0.003428571428580264 0
0 0.002285714285720484 0
0 0.001142857142860242 0
0 0.00742857142857218 0
0 0.006285714285716525 0
0 0.005142857142863014 0
0 0.004000000000008799 0
0 0.002857142857150374 0
0 0.001714285714290363 0
0 0.000571428571430121 0
1 6 0 15
123
124
125
126
127
128
129
130
131
132
133
134
135
136
137
0.001249999999997534 0 0.0004
0.002499999999994134 0 0.0004
0.003749999999990568 0 0.0004
0.00499999999998734 0 0.0004
0.00624999999999038 0 0.0004
0.007499999999993587 0 0.0004
0.008749999999996795 0 0.0004
0.0006249999999987669 0 0.0004
0.001874999999995834 0 0.0004
0.003124999999992351 0 0.0004
0.004374999999988954 0 0.0004
0.005624999999988859 0 0.0004
0.006874999999991983 0 0.0004
0.008124999999995192 0 0.0004
0.009374999999998399 0 0.0004
1 7 0 13
138
139
140
141
142
143
144
145
146
147
148
149
150
0.01 0.00114285714285516 0.0004
0.01 0.002285714285709134 0.0004
0.01 0.003428571428562995 0.0004
0.01 0.004571428571419358 0.0004
0.01 0.005714285714279265 0.0004
0.01 0.006857142857139632 0.0004
0.01 0.00057142857142758 0.0004
0.01 0.001714285714282147 0.0004
0.01 0.002857142857136064 0.0004
0.01 0.003999999999991176 0.0004
0.01 0.005142857142849311 0.0004
0.01 0.006285714285709449 0.0004
0.01 0.007428571428569816 0.0004
1 8 0 15
151
152
153
154
155
156
157
158
159
160
161
162
163
164
165
0.008750000000002839 0.008 0.0004
0.007500000000006012 0.008 0.0004
0.006250000000009527 0.008 0.0004
0.005000000000012874 0.008 0.0004
0.003750000000009784 0.008 0.0004
0.002500000000006523 0.008 0.0004
0.001250000000003261 0.008 0.0004
0.00937500000000142 0.008 0.0004
0.008125000000004426 0.008 0.0004
0.006875000000007769 0.008 0.0004
0.005625000000011201 0.008 0.0004
0.004375000000011329 0.008 0.0004
0.003125000000008153 0.008 0.0004
0.001875000000004892 0.008 0.0004
0.0006250000000016305 0.008 0.0004
1 9 0 13
166
167
168
169
170
171
172
173
174
175
176
177
178
0 0.006857142857144358 0.0004
0 0.005714285714288693 0.0004
0 0.004571428571437335 0.0004
0 0.003428571428580264 0.0004
0 0.002285714285720484 0.0004
0 0.001142857142860242 0.0004
0 0.00742857142857218 0.0004
0 0.006285714285716525 0.0004
0 0.005142857142863014 0.0004
0 0.004000000000008799 0.0004
0 0.002857142857150374 0.0004
0 0.001714285714290363 0.0004
0 0.000571428571430121 0.0004
1 11 0 1
179
0 0 0.0002
1 12 0 1
180
0.01 0 0.0002
1 16 0 1
181
0.01 0.008 0.0002
1 20 0 1
182
0 0.008 0.0002
1 28 0 15
183
184
185
186
187
188
189
190
191
192
193
194
195
196
197
0.001249999999997534 0 0.0008
0.002499999999994134 0 0.0008
0.003749999999990568 0 0.0008
0.00499999999998734 0 0.0008
0.00624999999999038 0 0.0008
0.007499999999993587 0 0.0008
0.008749999999996795 0 0.0008
0.0006249999999987669 0 0.0008
0.001874999999995834 0 0.0008
0.003124999999992351 0 0.0008
0.004374999999988954 0 0.0008
0.005624999999988859 0 0.0008
0.006874999999991983 0 0.0008
0.008124999999995192 0 0.0008
0.009374999999998399 0 0.0008
1 29 0 13
198
199
200
201
202
203
204
205
206
207
208
209
210
0.01 0.00114285714285516 0.0008
0.01 0.002285714285709134 0.0008
0.01 0.003428571428562995 0.0008
0.01 0.004571428571419358 0.0008
0.01 0.005714285714279265 0.0008
0.01 0.006857142857139632 0.0008
0.01 0.00057142857142758 0.0008
0.01 0.001714285714282147 0.0008
0.01 0.002857142857136064 0.0008
0.01 0.003999999999991176 0.0008
0.01 0.005142857142849311 0.0008
0.01 0.006285714285709449 0.0008
0.01 0.007428571428569816 0.0008
1 30 0 15
211
212
213
214
215
216
217
218
219
220
221
222
223
224
225
0.008750000000002839 0.008 0.0008
0.007500000000006012 0.008 0.0008
0.006250000000009527 0.008 0.0008
0.005000000000012874 0.008 0.0008
0.003750000000009784 0.008 0.0008
0.002500000000006523 0.008 0.0008
0.001250000000003261 0.008 0.0008
0.00937500000000142 0.008 0.0008
0.008125000000004426 0.008 0.0008
0.006875000000007769 0.008 0.0008
0.005625000000011201 0.008 0.0008
0.004375000000011329 0.008 0.0008
0.003125000000008153 0.008 0.0008
0.001875000000004892 0.008 0.0008
0.0006250000000016305 0.008 0.0008
1 31 0 13
226
227
228
229
230
231
232
233
234
235
236
237
238
0 0.006857142857144358 0.0008
0 0.005714285714288693 0.0008
0 0.004571428571437335 0.0008
0 0.003428571428580264 0.0008
0 0.002285714285720484 0.0008
0 0.001142857142860242 0.0008
0 0.00742857142857218 0.0008
0 0.006285714285716525 0.0008
0 0.005142857142863014 0.0008
0 0.004000000000008799 0.0008
0 0.002857142857150374 0.0008
0 0.001714285714290363 0.0008
0 0.000571428571430121 0.0008
1 33 0 1
239
0 0 0.0006000000000000001
1 34 0 1
240
0.01 0 0.0006000000000000001
1 38 0 1
241
0.01 0.008 0.0006000000000000001
1 42 0 1
242
0 0.008 0.0006000000000000001
1 43 0 15
243
244
245
246
247
248
249
250
251
252
253
254
255
256
257
0.01124999999999712 0 0
0.01249999999999356 0 0
0.01374999999999 0 0
0.01499999999998644 0 0
0.01624999999999068 0 0
0.01749999999999288 0 0
0.01874999999999577 0 0
0.01062499999999856 0 0
0.01187499999999534 0 0
0.01312499999999178 0 0
0.01437499999998822 0 0
0.01562499999998856 0 0
0.01687499999999178 0 0
0.01812499999999433 0 0
0.01937499999999789 0 0
1 44 0 13
258
259
260
261
262
263
264
265
266
267
268
269
270
0.02 0.00114285714285516 0
0.02 0.002285714285709134 0
0.02 0.003428571428562995 0
0.02 0.004571428571419358 0
0.02 0.005714285714279265 0
0.02 0.006857142857139632 0
0.02 0.00057142857142758 0
0.02 0.001714285714282147 0
0.02 0.002857142857136064 0
0.02 0.003999999999991176 0
0.02 0.005142857142849311 0
0.02 0.006285714285709449 0
0.02 0.007428571428569816 0
1 45 0 15
271
272
273
274
275
276
277
278
279
280
281
282
283
284
285
0.01875000000000187 0.008 0
0.01750000000000577 0.008 0
0.01625000000000967 0.008 0
0.01500000000001289 0.008 0
0.01375000000000933 0.008 0
0.01250000000000644 0.008 0
0.01125000000000322 0.008 0
0.01937500000000093 0.008 0
0.01812500000000382 0.008 0
0.01687500000000772 0.008 0
0.01562500000001128 0.008 0
0.01437500000001111 0.008 0
0.01312500000000788 0.008 0
0.01187500000000483 0.008 0
0.01062500000000161 0.008 0
1 51 0 15
286
287
288
289
290
291
292
293
294
295
296
297
298
299
300
0.01124999999999712 0 0.0004
0.01249999999999356 0 0.0004
0.01374999999999 0 0.0004
0.01499999999998644 0 0.0004
0.01624999999999068 0 0.0004
0.01749999999999288 0 0.0004
0.01874999999999577 0 0.0004
0.01062499999999856 0 0.0004
0.01187499999999534 0 0.0004
0.01312499999999178 0 0.0004
0.01437499999998822 0 0.0004
0.01562499999998856 0 0.0004
0.01687499999999178 0 0.0004
0.01812499999999433 0 0.0004
0.01937499999999789 0 0.0004
1 52 0 13
301
302
303
304
305
306
307
308
309
310
311
312
313
0.02 0.00114285714285516 0.0004
0.02 0.002285714285709134 0.0004
0.02 0.003428571428562995 0.0004
0.02 0.004571428571419358 0.0004
0.02 0.005714285714279265 0.0004
0.02 0.006857142857139632 0.0004
0.02 0.00057142857142758 0.0004
0.02 0.001714285714282147 0.0004
0.02 0.002857142857136064 0.0004
0.02 0.003999999999991176 0.0004
0.02 0.005142857142849311 0.0004
0.02 0.006285714285709449 0.0004
0.02 0.007428571428569816 0.0004
1 53 0 15
314
315
316
317
318
319
320
321
322
323
324
325
326
327
328
0.01875000000000187 0.008 0.0004
0.01750000000000577 0.008 0.0004
0.01625000000000967 0.008 0.0004
0.01500000000001289 0.008 0.0004
0.01375000000000933 0.008 0.0004
0.01250000000000644 0.008 0.0004
0.01125000000000322 0.008 0.0004
0.01937500000000093 0.008 0.0004
0.01812500000000382 0.008 0.0004
0.01687500000000772 0.008 0.0004
0.01562500000001128 0.008 0.0004
0.01437500000001111 0.008 0.0004
0.01312500000000788 0.008 0.0004
0.01187500000000483 0.008 0.0004
0.01062500000000161 0.008 0.0004
1 57 0 1
329
0.02 0 0.0002
1 61 0 1
330
0.02 0.008 0.0002
1 73 0 15
331
332
333
334
335
336
337
338
339
340
341
342
343
344
345
0.01124999999999712 0 0.0008
0.01249999999999356 0 0.0008
0.01374999999999 0 0.0008
0.01499999999998644 0 0.0008
0.01624999999999068 0 0.0008
0.01749999999999288 0 0.0008
0.01874999999999577 0 0.0008
0.01062499999999856 0 0.0008
0.01187499999999534 0 0.0008
0.01312499999999178 0 0.0008
0.01437499999998822 0 0.0008
0.01562499999998856 0 0.0008
0.01687499999999178 0 0.0008
0.01812499999999433 0 0.0008
0.01937499999999789 0 0.0008
1 74 0 13
346
347
348
349
350
351
352
353
354
355
356
357
358
0.02 0.00114285714285516 0.0008
0.02 0.002285714285709134 0.0008
0.02 0.003428571428562995 0.0008
0.02 0.004571428571419358 0.0008
0.02 0.005714285714279265 0.0008
0.02 0.006857142857139632 0.0008
0.02 0.00057142857142758 0.0008
0.02 0.001714285714282147 0.0008
0.02 0.002857142857136064 0.0008
0.02 0.003999999999991176 0.0008
0.02 0.005142857142849311 0.0008
0.02 0.006285714285709449 0.0008
0.02 0.007428571428569816 0.0008
1 75 0 15
359
360
361
362
363
364
365
366
367
368
369
370
371
372
373
0.01875000000000187 0.008 0.0008
0.01750000000000577 0.008 0.0008
0.01625000000000967 0.008 0.0008
0.01500000000001289 0.008 0.0008
0.01375000000000933 0.008 0.0008
0.01250000000000644 0.008 0.0008
0.01125000000000322 0.008 0.0008
0.01937500000000093 0.008 0.0008
0.01812500000000382 0.008 0.0008
0.01687500000000772 0.008 0.0008
0.01562500000001128 0.008 0.0008
0.01437500000001111 0.008 0.0008
0.01312500000000788 0.008 0.0008
0.01187500000000483 0.008 0.0008
0.01062500000000161 0.008 0.0008
1 79 0 1
374
0.02 0 0.0006000000000000001
1 83 0 1
375
0.02 0.008 0.0006000000000000001
1 84 0 15
376
377
378
379
380
381
382
383
384
385
386
387
388
389
390
0.02124999999999814 0 0
0.02249999999999424 0 0
0.02374999999999034 0 0
0.02499999999998712 0 0
0.02624999999999068 0 0
0.02749999999999288 0 0
0.02874999999999577 0 0
0.02062499999999907 0 0
0.02187499999999619 0 0
0.02312499999999229 0 0
0.02437499999998873 0 0
0.0256249999999889 0 0
0.02687499999999178 0 0
0.02812499999999432 0 0
0.02937499999999789 0 0
1 85 0 13
391
392
393
394
395
396
397
398
399
400
401
402
403
0.03000000000000001 0.00114285714285516 0
0.03000000000000001 0.002285714285709134 0
0.03000000000000001 0.003428571428562995 0
0.03000000000000001 0.004571428571419358 0
0.03000000000000001 0.005714285714279265 0
0.03000000000000001 0.006857142857139632 0
0.03000000000000001 0.00057142857142758 0
0.03000000000000001 0.001714285714282147 0
0.03000000000000001 0.002857142857136064 0
0.03000000000000001 0.003999999999991176 0
0.03000000000000001 0.005142857142849311 0
0.03000000000000001 0.006285714285709449 0
0.03000000000000001 0.007428571428569816 0
1 86 0 15
404
405
406
407
408
409
410
411
412
413
414
415
416
417
418
0.02875000000000187 0.008 0
0.02750000000000577 0.008 0
0.02625000000000967 0.008 0
0.02500000000001289 0.008 0
0.02375000000000933 0.008 0
0.02250000000000713 0.008 0
0.02125000000000424 0.008 0
0.02937500000000094 0.008 0
0.02812500000000382 0.008 0
0.02687500000000772 0.008 0
0.02562500000001128 0.008 0
0.02437500000001111 0.008 0
0.02312500000000823 0.008 0
0.02187500000000569 0.008 0
0.02062500000000212 0.008 0
1 96 0 15
419
420
421
422
423
424
425
426
427
428
429
430
431
432
433
0.02124999999999814 0 0.0004
0.02249999999999424 0 0.0004
0.02374999999999034 0 0.0004
0.02499999999998712 0 0.0004
0.02624999999999068 0 0.0004
0.02749999999999288 0 0.0004
0.02874999999999577 0 0.0004
0.02062499999999907 0 0.0004
0.02187499999999619 0 0.0004
0.02312499999999229 0 0.0004
0.02437499999998873 0 0.0004
0.0256249999999889 0 0.0004
0.02687499999999178 0 0.0004
0.02812499999999432 0 0.0004
0.02937499999999789 0 0.0004
1 97 0 13
434
435
436
437
438
439
440
441
442
443
444
445
446
0.03000000000000001 0.00114285714285516 0.0004
0.03000000000000001 0.002285714285709134 0.0004
0.03000000000000001 0.003428571428562995 0.0004
0.03000000000000001 0.004571428571419358 0.0004
0.03000000000000001 0.005714285714279265 0.0004
0.03000000000000001 0.006857142857139632 0.0004
0.03000000000000001 0.00057142857142758 0.0004
0.03000000000000001 0.001714285714282147 0.0004
0.03000000000000001 0.002857142857136064 0.0004
0.03000000000000001 0.003999999999991176 0.0004
0.03000000000000001 0.005142857142849311 0.0004
0.03000000000000001 0.006285714285709449 0.0004
0.03000000000000001 0.007428571428569816 0.0004
1 98 0 15
447
448
449
450
451
452
453
454
455
456
457
458
459
460
461
0.02875000000000187 0.008 0.0004
0.02750000000000577 0.008 0.0004
0.02625000000000967 0.008 0.0004
0.02500000000001289 0.008 0.0004
0.02375000000000933 0.008 0.0004
0.02250000000000713 0.008 0.0004
0.02125000000000424 0.008 0.0004
0.02937500000000094 0.008 0.0004
0.02812500000000382 0.008 0.0004
0.02687500000000772 0.008 0.0004
0.02562500000001128 0.008 0.0004
0.02437500000001111 0.008 0.0004
0.02312500000000823 0.008 0.0004
0.02187500000000569 0.008 0.0004
0.02062500000000212 0.008 0.0004
1 102 0 1
462
0.03000000000000001 0 0.0002
1 106 0 1
463
0.03000000000000001 0.008 0.0002
1 118 0 15
464
465
466
467
468
469
470
471
472
473
474
475
476
477
478
0.02124999999999814 0 0.0008
0.02249999999999424 0 0.0008
0.02374999999999034 0 0.0008
0.02499999999998712 0 0.0008
0.02624999999999068 0 0.0008
0.02749999999999288 0 0.0008
0.02874999999999577 0 0.0008
0.02062499999999907 0 0.0008
0.02187499999999619 0 0.0008
0.02312499999999229 0 0.0008
0.02437499999998873 0 0.0008
0.0256249999999889 0 0.0008
0.02687499999999178 0 0.0008
0.02812499999999432 0 0.0008
0.02937499999999789 0 0.0008
1 119 0 13
479
480
481
482
483
484
485
486
487
488
489
490
491
0.03000000000000001 0.00114285714285516 0.0008
0.03000000000000001 0.002285714285709134 0.0008
0.03000000000000001 0.003428571428562995 0.0008
0.03000000000000001 0.004571428571419358 0.0008
0.03000000000000001 0.005714285714279265 0.0008
0.03000000000000001 0.006857142857139632 0.0008
0.03000000000000001 0.00057142857142758 0.0008
0.03000000000000001 0.001714285714282147 0.0008
0.03000000000000001 0.002857142857136064 0.0008
0.03000000000000001 0.003999999999991176 0.0008
0.03000000000000001 0.005142857142849311 0.0008
0.03000000000000001 0.006285714285709449 0.0008
0.03000000000000001 0.007428571428569816 0.0008
1 120 0 15
492
493
494
495
496
497
498
499
500
501
502
503
504
505
506
0.02875000000000187 0.008 0.0008
0.02750000000000577 0.008 0.0008
0.02625000000000967 0.008 0.0008
0.02500000000001289 0.008 0.0008
0.02375000000000933 0.008 0.0008
0.02250000000000713 0.008 0.0008
0.02125000000000424 0.008 0.0008
0.02937500000000094 0.008 0.0008
0.02812500000000382 0.008 0.0008
0.02687500000000772 0.008 0.0008
0.02562500000001128 0.008 0.0008
0.02437500000001111 0.008 0.0008
0.02312500000000823 0.008 0.0008
0.02187500000000569 0.008 0.0008
0.02062500000000212 0.008 0.0008
1 124 0 1
507
0.03000000000000001 0 0.0006000000000000001
1 128 0 1
508
0.03000000000000001 0.008 0.0006000000000000001
1 129 0 15
509
510
511
512
513
514
515
516
517
518
519
520
521
522
523
0.0312499999999978 0 0
0.03249999999999425 0 0
0.03374999999999002 0 0
0.0349999999999885 0 0
0.03624999999999239 0 0
0.03749999999999357 0 0
0.03874999999999611 0 0
0.0306249999999989 0 0
0.03187499999999602 0 0
0.03312499999999213 0 0
0.03437499999998926 0 0
0.03562499999999044 0 0
0.03687499999999298 0 0
0.03812499999999484 0 0
0.03937499999999806 0 0
1 130 0 13
524
525
526
527
528
529
530
531
532
533
534
535
536
0.04000000000000001 0.00114285714285516 0
0.04000000000000001 0.002285714285709134 0
0.04000000000000001 0.003428571428562995 0
0.04000000000000001 0.004571428571419358 0
0.04000000000000001 0.005714285714279265 0
0.04000000000000001 0.006857142857139632 0
0.04000000000000001 0.00057142857142758 0
0.04000000000000001 0.001714285714282147 0
0.04000000000000001 0.002857142857136064 0
0.04000000000000001 0.003999999999991176 0
0.04000000000000001 0.005142857142849311 0
0.04000000000000001 0.006285714285709449 0
0.04000000000000001 0.007428571428569816 0
1 131 0 15
537
538
539
540
541
542
543
544
545
546
547
548
549
550
551
0.03875000000000221 0.008 0
0.03750000000000306 0.008 0
0.03625000000000662 0.008 0
0.03500000000001018 0.008 0
0.03375000000001102 0.008 0
0.03250000000000645 0.008 0
0.03125000000000459 0.008 0
0.03937500000000111 0.008 0
0.03812500000000264 0.008 0
0.03687500000000483 0.008 0
0.0356250000000084 0.008 0
0.03437500000001061 0.008 0
0.03312500000000873 0.008 0
0.03187500000000552 0.008 0
0.0306250000000023 0.008 0
1 141 0 15
552
553
554
555
556
557
558
559
560
561
562
563
564
565
566
0.0312499999999978 0 0.0004
0.03249999999999425 0 0.0004
0.03374999999999002 0 0.0004
0.0349999999999885 0 0.0004
0.03624999999999239 0 0.0004
0.03749999999999357 0 0.0004
0.03874999999999611 0 0.0004
0.0306249999999989 0 0.0004
0.03187499999999602 0 0.0004
0.03312499999999213 0 0.0004
0.03437499999998926 0 0.0004
0.03562499999999044 0 0.0004
0.03687499999999298 0 0.0004
0.03812499999999484 0 0.0004
0.03937499999999806 0 0.0004
1 142 0 13
567
568
569
570
571
572
573
574
575
576
577
578
579
0.04000000000000001 0.00114285714285516 0.0004
0.04000000000000001 0.002285714285709134 0.0004
0.04000000000000001 0.003428571428562995 0.0004
0.04000000000000001 0.004571428571419358 0.0004
0.04000000000000001 0.005714285714279265 0.0004
0.04000000000000001 0.006857142857139632 0.0004
0.04000000000000001 0.00057142857142758 0.0004
0.04000000000000001 0.001714285714282147 0.0004
0.04000000000000001 0.002857142857136064 0.0004
0.04000000000000001 0.003999999999991176 0.0004
0.04000000000000001 0.005142857142849311 0.0004
0.04000000000000001 0.006285714285709449 0.0004
0.04000000000000001 0.007428571428569816 0.0004
1 143 0 15
580
581
582
583
584
585
586
587
588
589
590
591
592
593
594
0.03875000000000221 0.008 0.0004
0.03750000000000306 0.008 0.0004
0.03625000000000662 0.008 0.0004
0.03500000000001018 0.008 0.0004
0.03375000000001102 0.008 0.0004
0.03250000000000645 0.008 0.0004
0.03125000000000459 0.008 0.0004
0.03937500000000111 0.008 0.0004
0.03812500000000264 0.008 0.0004
0.03687500000000483 0.008 0.0004
0.0356250000000084 0.008 0.0004
0.03437500000001061 0.008 0.0004
0.03312500000000873 0.008 0.0004
0.03187500000000552 0.008 0.0004
0.0306250000000023 0.008 0.0004
1 147 0 1
595
0.04000000000000001 0 0.0002
1 151 0 1
596
0.04000000000000001 0.008 0.0002
1 163 0 15
597
598
599
600
601
602
603
604
605
606
607
608
609
610
611
0.0312499999999978 0 0.0008
0.03249999999999425 0 0.0008
0.03374999999999002 0 0.0008
0.0349999999999885 0 0.0008
0.03624999999999239 0 0.0008
0.03749999999999357 0 0.0008
0.03874999999999611 0 0.0008
0.0306249999999989 0 0.0008
0.03187499999999602 0 0.0008
0.03312499999999213 0 0.0008
0.03437499999998926 0 0.0008
0.03562499999999044 0 0.0008
0.03687499999999298 0 0.0008
0.03812499999999484 0 0.0008
0.03937499999999806 0 0.0008
1 164 0 13
612
613
614
615
616
617
618
619
620
621
622
623
624
0.04000000000000001 0.00114285714285516 0.0008
0.04000000000000001 0.002285714285709134 0.0008
0.04000000000000001 0.003428571428562995 0.0008
0.04000000000000001 0.004571428571419358 0.0008
0.04000000000000001 0.005714285714279265 0.0008
0.04000000000000001 0.006857142857139632 0.0008
0.04000000000000001 0.00057142857142758 0.0008
0.04000000000000001 0.001714285714282147 0.0008
0.04000000000000001 0.002857142857136064 0.0008
0.04000000000000001 0.003999999999991176 0.0008
0.04000000000000001 0.005142857142849311 0.0008
0.04000000000000001 0.006285714285709449 0.0008
0.04000000000000001 0.007428571428569816 0.0008
1 165 0 15
625
626
627
628
629
630
631
632
633
634
635
636
637
638
639
0.03875000000000221 0.008 0.0008
0.03750000000000306 0.008 0.0008
0.03625000000000662 0.008 0.0008
0.03500000000001018 0.008 0.0008
0.03375000000001102 0.008 0.0008
0.03250000000000645 0.008 0.0008
0.03125000000000459 0.008 0.0008
0.03937500000000111 0.008 0.0008
0.03812500000000264 0.008 0.0008
0.03687500000000483 0.008 0.0008
0.0356250000000084 0.008 0.0008
0.03437500000001061 0.008 0.0008
0.03312500000000873 0.008 0.0008
0.03187500000000552 0.008 0.0008
0.0306250000000023 0.008 0.0008
1 169 0 1
640
0.04000000000000001 0 0.0006000000000000001
1 173 0 1
641
0.04000000000000001 0.008 0.0006000000000000001
1 174 0 15
642
643
644
645
646
647
648
649
650
651
652
653
654
655
656
0.04124999999999798 0 0
0.0424999999999973 0 0
0.04374999999999392 0 0
0.04499999999999053 0 0
0.04624999999998985 0 0
0.04749999999999459 0 0
0.04874999999999662 0 0
0.040624999999999 0 0
0.04187499999999764 0 0
0.04312499999999561 0 0
0.04437499999999223 0 0
0.04562499999999019 0 0
0.04687499999999221 0 0
0.0481249999999956 0 0
0.04937499999999832 0 0
1 175 0 13
657
658
659
660
661
662
663
664
665
666
667
668
669
0.05000000000000001 0.00114285714285516 0
0.05000000000000001 0.002285714285709134 0
0.05000000000000001 0.003428571428562995 0
0.05000000000000001 0.004571428571419358 0
0.05000000000000001 0.005714285714279265 0
0.05000000000000001 0.006857142857139632 0
0.05000000000000001 0.00057142857142758 0
0.05000000000000001 0.001714285714282147 0
0.05000000000000001 0.002857142857136064 0
0.05000000000000001 0.003999999999991176 0
0.05000000000000001 0.005142857142849311 0
0.05000000000000001 0.006285714285709449 0
0.05000000000000001 0.007428571428569816 0
1 176 0 15
670
671
672
673
674
675
676
677
678
679
680
681
682
683
684
0.04875000000000272 0.008 0
0.04750000000000679 0.008 0
0.04625000000001085 0.008 0
0.0450000000000122 0.008 0
0.04375000000000814 0.008 0
0.04250000000000678 0.008 0
0.04125000000000408 0.008 0
0.04937500000000136 0.008 0
0.04812500000000475 0.008 0
0.04687500000000882 0.008 0
0.04562500000001152 0.008 0
0.04437500000001017 0.008 0
0.04312500000000746 0.008 0
0.04187500000000544 0.008 0
0.04062500000000205 0.008 0
1 186 0 15
685
686
687
688
689
690
691
692
693
694
695
696
697
698
699
0.04124999999999798 0 0.0004
0.0424999999999973 0 0.0004
0.04374999999999392 0 0.0004
0.04499999999999053 0 0.0004
0.04624999999998985 0 0.0004
0.04749999999999459 0 0.0004
0.04874999999999662 0 0.0004
0.040624999999999 0 0.0004
0.04187499999999764 0 0.0004
0.04312499999999561 0 0.0004
0.04437499999999223 0 0.0004
0.04562499999999019 0 0.0004
0.04687499999999221 0 0.0004
0.0481249999999956 0 0.0004
0.04937499999999832 0 0.0004
1 187 0 13
700
701
702
703
704
705
706
707
708
709
710
711
712
0.05000000000000001 0.00114285714285516 0.0004
0.05000000000000001 0.002285714285709134 0.0004
0.05000000000000001 0.003428571428562995 0.0004
0.05000000000000001 0.004571428571419358 0.0004
0.05000000000000001 0.005714285714279265 0.0004
0.05000000000000001 0.006857142857139632 0.0004
0.05000000000000001 0.00057142857142758 0.0004
0.05000000000000001 0.001714285714282147 0.0004
0.05000000000000001 0.002857142857136064 0.0004
0.05000000000000001 0.003999999999991176 0.0004
0.05000000000000001 0.005142857142849311 0.0004
0.05000000000000001 0.006285714285709449 0.0004
0.05000000000000001 0.007428571428569816 0.0004
1 188 0 15
713
714
715
716
717
718
719
720
721
722
723
724
725
726
727
0.04875000000000272 0.008 0.0004
0.04750000000000679 0.008 0.0004
0.04625000000001085 0.008 0.0004
0.0450000000000122 0.008 0.0004
0.04375000000000814 0.008 0.0004
0.04250000000000678 0.008 0.0004
0.04125000000000408 0.008 0.0004
0.04937500000000136 0.008 0.0004
0.04812500000000475 0.008 0.0004
0.04687500000000882 0.008 0.0004
0.04562500000001152 0.008 0.0004
0.04437500000001017 0.008 0.0004
0.04312500000000746 0.008 0.0004
0.04187500000000544 0.008 0.0004
0.04062500000000205 0.008 0.0004
1 192 0 1
728
0.05000000000000001 0 0.0002
1 196 0 1
729
0.05000000000000001 0.008 0.0002
1 208 0 15
730
731
732
733
734
735
736
737
738
739
740
741
742
743
744
0.04124999999999798 0 0.0008
0.0424999999999973 0 0.0008
0.04374999999999392 0 0.0008
0.04499999999999053 0 0.0008
0.04624999999998985 0 0.0008
0.04749999999999459 0 0.0008
0.04874999999999662 0 0.0008
0.040624999999999 0 0.0008
0.04187499999999764 0 0.0008
0.04312499999999561 0 0.0008
0.04437499999999223 0 0.0008
0.04562499999999019 0 0.0008
0.04687499999999221 0 0.0008
0.0481249999999956 0 0.0008
0.04937499999999832 0 0.0008
1 209 0 13
745
746
747
748
749
750
751
752
753
754
755
756
757
0.05000000000000001 0.00114285714285516 0.0008
0.05000000000000001 0.002285714285709134 0.0008
0.05000000000000001 0.003428571428562995 0.0008
0.05000000000000001 0.004571428571419358 0.0008
0.05000000000000001 0.005714285714279265 0.0008
0.05000000000000001 0.006857142857139632 0.0008
0.05000000000000001 0.00057142857142758 0.0008
0.05000000000000001 0.001714285714282147 0.0008
0.05000000000000001 0.002857142857136064 0.0008
0.05000000000000001 0.003999999999991176 0.0008
0.05000000000000001 0.005142857142849311 0.0008
0.05000000000000001 0.006285714285709449 0.0008
0.05000000000000001 0.007428571428569816 0.0008
1 210 0 15
758
759
760
761
762
763
764
765
766
767
768
769
770
771
772
0.04875000000000272 0.008 0.0008
0.04750000000000679 0.008 0.0008
0.04625000000001085 0.008 0.0008
0.0450000000000122 0.008 0.0008
0.04375000000000814 0.008 0.0008
0.04250000000000678 0.008 0.0008
0.04125000000000408 0.008 0.0008
0.04937500000000136 0.008 0.0008
0.04812500000000475 0.008 0.0008
0.04687500000000882 0.008 0.0008
0.04562500000001152 0.008 0.0008
0.04437500000001017 0.008 0.0008
0.04312500000000746 0.008 0.0008
0.04187500000000544 0.008 0.0008
0.04062500000000205 0.008 0.0008
1 214 0 1
773
0.05000000000000001 0 0.0006000000000000001
1 218 0 1
774
0.05000000000000001 0.008 0.0006000000000000001
1 219 0 15
775
776
777
778
779
780
781
782
783
784
785
786
787
788
789
0.0512499999999973 0 0
0.05249999999999323 0 0
0.05374999999998917 0 0
0.05499999999998782 0 0
0.05624999999999188 0 0
0.05749999999999324 0 0
0.05874999999999594 0 0
0.05062499999999866 0 0
0.05187499999999527 0 0
0.0531249999999912 0 0
0.0543749999999885 0 0
0.05562499999998985 0 0
0.05687499999999256 0 0
0.05812499999999458 0 0
0.05937499999999797 0 0
1 220 0 13
790
791
792
793
794
795
796
797
798
799
800
801
802
0.06000000000000001 0.00114285714285516 0
0.06000000000000001 0.002285714285709134 0
0.06000000000000001 0.003428571428562995 0
0.06000000000000001 0.004571428571419358 0
0.06000000000000001 0.005714285714279265 0
0.06000000000000001 0.006857142857139632 0
0.06000000000000001 0.00057142857142758 0
0.06000000000000001 0.001714285714282147 0
0.06000000000000001 0.002857142857136064 0
0.06000000000000001 0.003999999999991176 0
0.06000000000000001 0.005142857142849311 0
0.06000000000000001 0.006285714285709449 0
0.06000000000000001 0.007428571428569816 0
1 221 0 15
803
804
805
806
807
808
809
810
811
812
813
814
815
816
817
0.05875000000000204 0.008 0
0.05750000000000272 0.008 0
0.0562500000000061 0.008 0
0.05500000000000949 0.008 0
0.05375000000001017 0.008 0
0.05250000000000543 0.008 0
0.0512500000000034 0.008 0
0.05937500000000102 0.008 0
0.05812500000000238 0.008 0
0.05687500000000441 0.008 0
0.05562500000000779 0.008 0
0.05437500000000983 0.008 0
0.0531250000000078 0.008 0
0.05187500000000442 0.008 0
0.0506250000000017 0.008 0
1 231 0 15
818
819
820
821
822
823
824
825
826
827
828
829
830
831
832
0.0512499999999973 0 0.0004
0.05249999999999323 0 0.0004
0.05374999999998917 0 0.0004
0.05499999999998782 0 0.0004
0.05624999999999188 0 0.0004
0.05749999999999324 0 0.0004
0.05874999999999594 0 0.0004
0.05062499999999866 0 0.0004
0.05187499999999527 0 0.0004
0.0531249999999912 0 0.0004
0.0543749999999885 0 0.0004
0.05562499999998985 0 0.0004
0.05687499999999256 0 0.0004
0.05812499999999458 0 0.0004
0.05937499999999797 0 0.0004
1 232 0 13
833
834
835
836
837
838
839
840
841
842
843
844
845
0.06000000000000001 0.00114285714285516 0.0004
0.06000000000000001 0.002285714285709134 0.0004
0.06000000000000001 0.003428571428562995 0.0004
0.06000000000000001 0.004571428571419358 0.0004
0.06000000000000001 0.005714285714279265 0.0004
0.06000000000000001 0.006857142857139632 0.0004
0.06000000000000001 0.00057142857142758 0.0004
0.06000000000000001 0.001714285714282147 0.0004
0.06000000000000001 0.002857142857136064 0.0004
0.06000000000000001 0.003999999999991176 0.0004
0.06000000000000001 0.005142857142849311 0.0004
0.06000000000000001 0.006285714285709449 0.0004
0.06000000000000001 0.007428571428569816 0.0004
1 233 0 15
846
847
848
849
850
851
852
853
854
855
856
857
858
859
860
0.05875000000000204 0.008 0.0004
0.05750000000000272 0.008 0.0004
0.0562500000000061 0.008 0.0004
0.05500000000000949 0.008 0.0004
0.05375000000001017 0.008 0.0004
0.05250000000000543 0.008 0.0004
0.0512500000000034 0.008 0.0004
0.05937500000000102 0.008 0.0004
0.05812500000000238 0.008 0.0004
0.05687500000000441 0.008 0.0004
0.05562500000000779 0.008 0.0004
0.05437500000000983 0.008 0.0004
0.0531250000000078 0.008 0.0004
0.05187500000000442 0.008 0.0004
0.0506250000000017 0.008 0.0004
1 237 0 1
861
0.06000000000000001 0 0.0002
1 241 0 1
862
0.06000000000000001 0.008 0.0002
1 253 0 15
863
864
865
866
867
868
869
870
871
872
873
874
875
876
877
0.0512499999999973 0 0.0008
0.05249999999999323 0 0.0008
0.05374999999998917 0 0.0008
0.05499999999998782 0 0.0008
0.05624999999999188 0 0.0008
0.05749999999999324 0 0.0008
0.05874999999999594 0 0.0008
0.05062499999999866 0 0.0008
0.05187499999999527 0 0.0008
0.0531249999999912 0 0.0008
0.0543749999999885 0 0.0008
0.05562499999998985 0 0.0008
0.05687499999999256 0 0.0008
0.05812499999999458 0 0.0008
0.05937499999999797 0 0.0008
1 254 0 13
878
879
880
881
882
883
884
885
886
887
888
889
890
0.06000000000000001 0.00114285714285516 0.0008
0.06000000000000001 0.002285714285709134 0.0008
0.06000000000000001 0.003428571428562995 0.0008
0.06000000000000001 0.004571428571419358 0.0008
0.06000000000000001 0.005714285714279265 0.0008
0.06000000000000001 0.006857142857139632 0.0008
0.06000000000000001 0.00057142857142758 0.0008
0.06000000000000001 0.001714285714282147 0.0008
0.06000000000000001 0.002857142857136064 0.0008
0.06000000000000001 0.003999999999991176 0.0008
0.06000000000000001 0.005142857142849311 0.0008
0.06000000000000001 0.006285714285709449 0.0008
0.06000000000000001 0.007428571428569816 0.0008
1 255 0 15
891
892
893
894
895
896
897
898
899
900
901
902
903
904
905
0.05875000000000204 0.008 0.0008
0.05750000000000272 0.008 0.0008
0.0562500000000061 0.008 0.0008
0.05500000000000949 0.008 0.0008
0.05375000000001017 0.008 0.0008
0.05250000000000543 0.008 0.0008
0.0512500000000034 0.008 0.0008
0.05937500000000102 0.008 0.0008
0.05812500000000238 0.008 0.0008
0.05687500000000441 0.008 0.0008
0.05562500000000779 0.008 0.0008
0.05437500000000983 0.008 0.0008
0.0531250000000078 0.008 0.0008
0.05187500000000442 0.008 0.0008
0.0506250000000017 0.008 0.0008
1 259 0 1
906
0.06000000000000001 0 0.0006000000000000001
1 263 0 1
907
0.06000000000000001 0.008 0.0006000000000000001
1 264 0 15
908
909
910
911
912
913
914
915
916
917
918
919
920
921
922
0.06124999999999967 0 0
0.06249999999999391 0 0
0.0637499999999868 0 0
0.06499999999998239 0 0
0.06624999999998883 0 0
0.06749999999998714 0 0
0.06874999999999357 0 0
0.06062499999999985 0 0
0.06187499999999679 0 0
0.06312499999999036 0 0
0.0643749999999846 0 0
0.06562499999998561 0 0
0.06687499999998799 0 0
0.06812499999999036 0 0
0.06937499999999679 0 0
1 265 0 13
923
924
925
926
927
928
929
930
931
932
933
934
935
0.07000000000000001 0.00114285714285516 0
0.07000000000000001 0.002285714285709134 0
0.07000000000000001 0.003428571428562995 0
0.07000000000000001 0.004571428571419358 0
0.07000000000000001 0.005714285714279265 0
0.07000000000000001 0.006857142857139632 0
0.07000000000000001 0.00057142857142758 0
0.07000000000000001 0.001714285714282147 0
0.07000000000000001 0.002857142857136064 0
0.07000000000000001 0.003999999999991176 0
0.07000000000000001 0.005142857142849311 0
0.07000000000000001 0.006285714285709449 0
0.07000000000000001 0.007428571428569816 0
1 266 0 15
936
937
938
939
940
941
942
943
944
945
946
947
948
949
950
0.06874999999999798 0.008 0
0.06750000000000136 0.008 0
0.06625000000000204 0.008 0
0.06500000000001627 0.008 0
0.06375000000001967 0.008 0
0.06250000000001221 0.008 0
0.06125000000000611 0.008 0
0.06937499999999899 0.008 0
0.06812499999999967 0.008 0
0.06687500000000171 0.008 0
0.06562500000000915 0.008 0
0.06437500000001797 0.008 0
0.06312500000001595 0.008 0
0.06187500000000916 0.008 0
0.06062500000000307 0.008 0
1 276 0 15
951
952
953
954
955
956
957
958
959
960
961
962
963
964
965
0.06124999999999967 0 0.0004
0.06249999999999391 0 0.0004
0.0637499999999868 0 0.0004
0.06499999999998239 0 0.0004
0.06624999999998883 0 0.0004
0.06749999999998714 0 0.0004
0.06874999999999357 0 0.0004
0.06062499999999985 0 0.0004
0.06187499999999679 0 0.0004
0.06312499999999036 0 0.0004
0.0643749999999846 0 0.0004
0.06562499999998561 0 0.0004
0.06687499999998799 0 0.0004
0.06812499999999036 0 0.0004
0.06937499999999679 0 0.0004
1 277 0 13
966
967
968
969
970
971
972
973
974
975
976
977
978
0.07000000000000001 0.00114285714285516 0.0004
0.07000000000000001 0.002285714285709134 0.0004
0.07000000000000001 0.003428571428562995 0.0004
0.07000000000000001 0.004571428571419358 0.0004
0.07000000000000001 0.005714285714279265 0.0004
0.07000000000000001 0.006857142857139632 0.0004
0.07000000000000001 0.00057142857142758 0.0004
0.07000000000000001 0.001714285714282147 0.0004
0.07000000000000001 0.002857142857136064 0.0004
0.07000000000000001 0.003999999999991176 0.0004
0.07000000000000001 0.005142857142849311 0.0004
0.07000000000000001 0.006285714285709449 0.0004
0.07000000000000001 0.007428571428569816 0.0004
1 278 0 15
979
980
981
982
983
984
985
986
987
988
989
990
991
992
993
0.06874999999999798 0.008 0.0004
0.06750000000000136 0.008 0.0004
0.06625000000000204 0.008 0.0004
0.06500000000001627 0.008 0.0004
0.06375000000001967 0.008 0.0004
0.06250000000001221 0.008 0.0004
0.06125000000000611 0.008 0.0004
0.06937499999999899 0.008 0.0004
0.06812499999999967 0.008 0.0004
0.06687500000000171 0.008 0.0004
0.06562500000000915 0.008 0.0004
0.06437500000001797 0.008 0.0004
0.06312500000001595 0.008 0.0004
0.06187500000000916 0.008 0.0004
0.06062500000000307 0.008 0.0004
1 282 0 1
994
0.07000000000000001 0 0.0002
1 286 0 1
995
0.07000000000000001 0.008 0.0002
1 298 0 15
996
997
998
999
1000
1001
1002
1003
1004
1005
1006
1007
1008
1009
1010
0.06124999999999967 0 0.0008
0.06249999999999391 0 0.0008
0.0637499999999868 0 0.0008
0.06499999999998239 0 0.0008
0.06624999999998883 0 0.0008
0.06749999999998714 0 0.0008
0.06874999999999357 0 0.0008
0.06062499999999985 0 0.0008
0.06187499999999679 0 0.0008
0.06312499999999036 0 0.0008
0.0643749999999846 0 0.0008
0.06562499999998561 0 0.0008
0.06687499999998799 0 0.0008
0.06812499999999036 0 0.0008
0.06937499999999679 0 0.0008
1 299 0 13
1011
1012
1013
1014
1015
1016
1017
1018
1019
1020
1021
1022
1023
0.07000000000000001 0.00114285714285516 0.0008
0.07000000000000001 0.002285714285709134 0.0008
0.07000000000000001 0.003428571428562995 0.0008
0.07000000000000001 0.004571428571419358 0.0008
0.07000000000000001 0.005714285714279265 0.0008
0.07000000000000001 0.006857142857139632 0.0008
0.07000000000000001 0.00057142857142758 0.0008
0.07000000000000001 0.001714285714282147 0.0008
0.07000000000000001 0.002857142857136064 0.0008
0.07000000000000001 0.003999999999991176 0.0008
0.07000000000000001 0.005142857142849311 0.0008
0.07000000000000001 0.006285714285709449 0.0008
0.07000000000000001 0.007428571428569816 0.0008
1 300 0 15
1024
1025
1026
1027
1028
1029
1030
1031
1032
1033
1034
1035
1036
1037
1038
0.06874999999999798 0.008 0.0008
0.06750000000000136 0.008 0.0008
0.06625000000000204 0.008 0.0008
0.06500000000001627 0.008 0.0008
0.06375000000001967 0.008 0.0008
0.06250000000001221 0.008 0.0008
0.06125000000000611 0.008 0.0008
0.06937499999999899 0.008 0.0008
0.06812499999999967 0.008 0.0008
0.06687500000000171 0.008 0.0008
0.06562500000000915 0.008 0.0008
0.06437500000001797 0.008 0.0008
0.06312500000001595 0.008 0.0008
0.06187500000000916 0.008 0.0008
0.06062500000000307 0.008 0.0008
1 304 0 1
1039
0.07000000000000001 0 0.0006000000000000001
1 308 0 1
1040
0.07000000000000001 0.008 0.0006000000000000001
1 309 0 15
1041
1042
1043
1044
1045
1046
1047
1048
1049
1050
1051
1052
1053
1054
1055
0.07124999999999458 0 0
0.07249999999998916 0 0
0.07374999999998375 0 0
0.07499999999997832 0 0
0.07624999999998375 0 0
0.07749999999998917 0 0
0.07874999999999459 0 0
0.0706249999999973 0 0
0.07187499999999186 0 0
0.07312499999998645 0 0
0.07437499999998104 0 0
0.07562499999998104 0 0
0.07687499999998645 0 0
0.07812499999999188 0 0
0.07937499999999731 0 0
1 310 0 13
1056
1057
1058
1059
1060
1061
1062
1063
1064
1065
1066
1067
1068
0.08000000000000002 0.00114285714285516 0
0.08000000000000002 0.002285714285709134 0
0.08000000000000002 0.003428571428562995 0
0.08000000000000002 0.004571428571419358 0
0.08000000000000002 0.005714285714279265 0
0.08000000000000002 0.006857142857139632 0
0.08000000000000002 0.00057142857142758 0
0.08000000000000002 0.001714285714282147 0
0.08000000000000002 0.002857142857136064 0
0.08000000000000002 0.003999999999991176 0
0.08000000000000002 0.005142857142849311 0
0.08000000000000002 0.006285714285709449 0
0.08000000000000002 0.007428571428569816 0
1 311 0 15
1069
1070
1071
1072
1073
1074
1075
1076
1077
1078
1079
1080
1081
1082
1083
0.07875000000000544 0.008 0
0.07750000000001087 0.008 0
0.07625000000001628 0.008 0
0.0750000000000217 0.008 0
0.07375000000001627 0.008 0
0.07250000000001085 0.008 0
0.07125000000000543 0.008 0
0.07937500000000272 0.008 0
0.07812500000000816 0.008 0
0.07687500000001357 0.008 0
0.07562500000001898 0.008 0
0.07437500000001898 0.008 0
0.07312500000001357 0.008 0
0.07187500000000814 0.008 0
0.07062500000000271 0.008 0
1 321 0 15
1084
1085
1086
1087
1088
1089
1090
1091
1092
1093
1094
1095
1096
1097
1098
0.07124999999999458 0 0.0004
0.07249999999998916 0 0.0004
0.07374999999998375 0 0.0004
0.07499999999997832 0 0.0004
0.07624999999998375 0 0.0004
0.07749999999998917 0 0.0004
0.07874999999999459 0 0.0004
0.0706249999999973 0 0.0004
0.07187499999999186 0 0.0004
0.07312499999998645 0 0.0004
0.07437499999998104 0 0.0004
0.07562499999998104 0 0.0004
0.07687499999998645 0 0.0004
0.07812499999999188 0 0.0004
0.07937499999999731 0 0.0004
1 322 0 13
1099
1100
1101
1102
1103
1104
1105
1106
1107
1108
1109
1110
1111
0.08000000000000002 0.00114285714285516 0.0004
0.08000000000000002 0.002285714285709134 0.0004
0.08000000000000002 0.003428571428562995 0.0004
0.08000000000000002 0.004571428571419358 0.0004
0.08000000000000002 0.005714285714279265 0.0004
0.08000000000000002 0.006857142857139632 0.0004
0.08000000000000002 0.00057142857142758 0.0004
0.08000000000000002 0.001714285714282147 0.0004
0.08000000000000002 0.002857142857136064 0.0004
0.08000000000000002 0.003999999999991176 0.0004
0.08000000000000002 0.005142857142849311 0.0004
0.08000000000000002 0.006285714285709449 0.0004
0.08000000000000002 0.007428571428569816 0.0004
1 323 0 15
1112
1113
1114
1115
1116
1117
1118
1119
1120
1121
1122
1123
1124
1125
1126
0.07875000000000544 0.008 0.0004
0.07750000000001087 0.008 0.0004
0.07625000000001628 0.008 0.0004
0.0750000000000217 0.008 0.0004
0.07375000000001627 0.008 0.0004
0.07250000000001085 0.008 0.0004
0.07125000000000543 0.008 0.0004
0.07937500000000272 0.008 0.0004
0.07812500000000816 0.008 0.0004
0.07687500000001357 0.008 0.0004
0.07562500000001898 0.008 0.0004
0.07437500000001898 0.008 0.0004
0.07312500000001357 0.008 0.0004
0.07187500000000814 0.008 0.0004
0.07062500000000271 0.008 0.0004
1 327 0 1
1127
0.08000000000000002 0 0.0002
1 331 0 1
1128
0.08000000000000002 0.008 0.0002
1 343 0 15
1129
1130
1131
1132
1133
1134
1135
1136
1137
1138
1139
1140
1141
1142
1143
0.07124999999999458 0 0.0008
0.07249999999998916 0 0.0008
0.07374999999998375 0 0.0008
0.07499999999997832 0 0.0008
0.07624999999998375 0 0.0008
0.07749999999998917 0 0.0008
0.07874999999999459 0 0.0008
0.0706249999999973 0 0.0008
0.07187499999999186 0 0.0008
0.07312499999998645 0 0.0008
0.07437499999998104 0 0.0008
0.07562499999998104 0 0.0008
0.07687499999998645 0 0.0008
0.07812499999999188 0 0.0008
0.07937499999999731 0 0.0008
1 344 0 13
1144
1145
1146
1147
1148
1149
1150
1151
1152
1153
1154
1155
1156
0.08000000000000002 0.00114285714285516 0.0008
0.08000000000000002 0.002285714285709134 0.0008
0.08000000000000002 0.003428571428562995 0.0008
0.08000000000000002 0.004571428571419358 0.0008
0.08000000000000002 0.005714285714279265 0.0008
0.08000000000000002 0.006857142857139632 0.0008
0.08000000000000002 0.00057142857142758 0.0008
0.08000000000000002 0.001714285714282147 0.0008
0.08000000000000002 0.002857142857136064 0.0008
0.08000000000000002 0.003999999999991176 0.0008
0.08000000000000002 0.005142857142849311 0.0008
0.08000000000000002 0.006285714285709449 0.0008
0.08000000000000002 0.007428571428569816 0.0008
1 345 0 15
1157
1158
1159
1160
1161
1162
1163
1164
1165
1166
1167
1168
1169
1170
1171
0.07875000000000544 0.008 0.0008
0.07750000000001087 0.008 0.0008
0.07625000000001628 0.008 0.0008
0.0750000000000217 0.008 0.0008
0.07375000000001627 0.008 0.0008
0.07250000000001085 0.008 0.0008
0.07125000000000543 0.008 0.0008
0.07937500000000272 0.008 0.0008
0.07812500000000816 0.008 0.0008
0.07687500000001357 0.008 0.0008
0.07562500000001898 0.008 0.0008
0.07437500000001898 0.008 0.0008
0.07312500000001357 0.008 0.0008
0.07187500000000814 0.008 0.0008
0.07062500000000271 0.008 0.0008
1 349 0 1
1172
0.08000000000000002 0 0.0006000000000000001
1 353 0 1
1173
0.08000000000000002 0.008 0.0006000000000000001
1 354 0 15
1174
1175
1176
1177
1178
1179
1180
1181
1182
1183
1184
1185
1186
1187
1188
0.08124999999999459 0 0
0.08249999999998917 0 0
0.08374999999998375 0 0
0.08499999999997833 0 0
0.08624999999998376 0 0
0.08749999999998918 0 0
0.0887499999999946 0 0
0.08062499999999731 0 0
0.08187499999999187 0 0
0.08312499999998646 0 0
0.08437499999998105 0 0
0.08562499999998105 0 0
0.08687499999998646 0 0
0.08812499999999189 0 0
0.08937499999999732 0 0
1 355 0 13
1189
1190
1191
1192
1193
1194
1195
1196
1197
1198
1199
1200
1201
0.09000000000000002 0.00114285714285516 0
0.09000000000000002 0.002285714285709134 0
0.09000000000000002 0.003428571428562995 0
0.09000000000000002 0.004571428571419358 0
0.09000000000000002 0.005714285714279265 0
0.09000000000000002 0.006857142857139632 0
0.09000000000000002 0.00057142857142758 0
0.09000000000000002 0.001714285714282147 0
0.09000000000000002 0.002857142857136064 0
0.09000000000000002 0.003999999999991176 0
0.09000000000000002 0.005142857142849311 0
0.09000000000000002 0.006285714285709449 0
0.09000000000000002 0.007428571428569816 0
1 356 0 15
1202
1203
1204
1205
1206
1207
1208
1209
1210
1211
1212
1213
1214
1215
1216
0.08875000000000545 0.008 0
0.08750000000001087 0.008 0
0.08625000000001629 0.008 0
0.08500000000002171 0.008 0
0.08375000000001628 0.008 0
0.08250000000001086 0.008 0
0.08125000000000544 0.008 0
0.08937500000000273 0.008 0
0.08812500000000817 0.008 0
0.08687500000001358 0.008 0
0.08562500000001899 0.008 0
0.08437500000001899 0.008 0
0.08312500000001358 0.008 0
0.08187500000000815 0.008 0
0.08062500000000272 0.008 0
1 366 0 15
1217
1218
1219
1220
1221
1222
1223
1224
1225
1226
1227
1228
1229
1230
1231
0.08124999999999459 0 0.0004
0.08249999999998917 0 0.0004
0.08374999999998375 0 0.0004
0.08499999999997833 0 0.0004
0.08624999999998376 0 0.0004
0.08749999999998918 0 0.0004
0.0887499999999946 0 0.0004
0.08062499999999731 0 0.0004
0.08187499999999187 0 0.0004
0.08312499999998646 0 0.0004
0.08437499999998105 0 0.0004
0.08562499999998105 0 0.0004
0.08687499999998646 0 0.0004
0.08812499999999189 0 0.0004
0.08937499999999732 0 0.0004
1 367 0 13
1232
1233
1234
1235
1236
1237
1238
1239
1240
1241
1242
1243
1244
0.09000000000000002 0.00114285714285516 0.0004
0.09000000000000002 0.002285714285709134 0.0004
0.09000000000000002 0.003428571428562995 0.0004
0.09000000000000002 0.004571428571419358 0.0004
0.09000000000000002 0.005714285714279265 0.0004
0.09000000000000002 0.006857142857139632 0.0004
0.09000000000000002 0.00057142857142758 0.0004
0.09000000000000002 0.001714285714282147 0.0004
0.09000000000000002 0.002857142857136064 0.0004
0.09000000000000002 0.003999999999991176 0.0004
0.09000000000000002 0.005142857142849311 0.0004
0.09000000000000002 0.006285714285709449 0.0004
0.09000000000000002 0.007428571428569816 0.0004
1 368 0 15
1245
1246
1247
1248
1249
1250
1251
1252
1253
1254
1255
1256
1257
1258
1259
0.08875000000000545 0.008 0.0004
0.08750000000001087 0.008 0.0004
0.08625000000001629 0.008 0.0004
0.08500000000002171 0.008 0.0004
0.08375000000001628 0.008 0.0004
0.08250000000001086 0.008 0.0004
0.08125000000000544 0.008 0.0004
0.08937500000000273 0.008 0.0004
0.08812500000000817 0.008 0.0004
0.08687500000001358 0.008 0.0004
0.08562500000001899 0.008 0.0004
0.08437500000001899 0.008 0.0004
0.08312500000001358 0.008 0.0004
0.08187500000000815 0.008 0.0004
0.08062500000000272 0.008 0.0004
1 372 0 1
1260
0.09000000000000002 0 0.0002
1 376 0 1
1261
0.09000000000000002 0.008 0.0002
1 388 0 15
1262
1263
1264
1265
1266
1267
1268
1269
1270
1271
1272
1273
1274
1275
1276
0.08124999999999459 0 0.0008
0.08249999999998917 0 0.0008
0.08374999999998375 0 0.0008
0.08499999999997833 0 0.0008
0.08624999999998376 0 0.0008
0.08749999999998918 0 0.0008
0.0887499999999946 0 0.0008
0.08062499999999731 0 0.0008
0.08187499999999187 0 0.0008
0.08312499999998646 0 0.0008
0.08437499999998105 0 0.0008
0.08562499999998105 0 0.0008
0.08687499999998646 0 0.0008
0.08812499999999189 0 0.0008
0.08937499999999732 0 0.0008
1 389 0 13
1277
1278
1279
1280
1281
1282
1283
1284
1285
1286
1287
1288
1289
0.09000000000000002 0.00114285714285516 0.0008
0.09000000000000002 0.002285714285709134 0.0008
0.09000000000000002 0.003428571428562995 0.0008
0.09000000000000002 0.004571428571419358 0.0008
0.09000000000000002 0.005714285714279265 0.0008
0.09000000000000002 0.006857142857139632 0.0008
0.09000000000000002 0.00057142857142758 0.0008
0.09000000000000002 0.001714285714282147 0.0008
0.09000000000000002 0.002857142857136064 0.0008
0.09000000000000002 0.003999999999991176 0.0008
0.09000000000000002 0.005142857142849311 0.0008
0.09000000000000002 0.006285714285709449 0.0008
0.09000000000000002 0.007428571428569816 0.0008
1 390 0 15
1290
1291
1292
1293
1294
1295
1296
1297
1298
1299
1300
1301
1302
1303
1304
0.08875000000000545 0.008 0.0008
0.08750000000001087 0.008 0.0008
0.08625000000001629 0.008 0.0008
0.08500000000002171 0.008 0.0008
0.08375000000001628 0.008 0.0008
0.08250000000001086 0.008 0.0008
0.08125000000000544 0.008 0.0008
0.08937500000000273 0.008 0.0008
0.08812500000000817 0.008 0.0008
0.08687500000001358 0.008 0.0008
0.08562500000001899 0.008 0.0008
0.08437500000001899 0.008 0.0008
0.08312500000001358 0.008 0.0008
0.08187500000000815 0.008 0.0008
0.08062500000000272 0.008 0.0008
1 394 0 1
1305
0.09000000000000002 0 0.0006000000000000001
1 398 0 1
1306
0.09000000000000002 0.008 0.0006000000000000001
1 399 0 15
1307
1308
1309
1310
1311
1312
1313
1314
1315
1316
1317
1318
1319
1320
1321
0.0912499999999946 0 0
0.09249999999998917 0 0
0.09374999999998376 0 0
0.09499999999997834 0 0
0.09624999999998377 0 0
0.09749999999998919 0 0
0.09874999999999461 0 0
0.09062499999999732 0 0
0.09187499999999188 0 0
0.09312499999998647 0 0
0.09437499999998106 0 0
0.09562499999998106 0 0
0.09687499999998647 0 0
0.0981249999999919 0 0
0.0993749999999973 0 0
1 400 0 13
1322
1323
1324
1325
1326
1327
1328
1329
1330
1331
1332
1333
1334
0.1 0.00114285714285516 0
0.1 0.002285714285709134 0
0.1 0.003428571428562995 0
0.1 0.004571428571419358 0
0.1 0.005714285714279265 0
0.1 0.006857142857139632 0
0.1 0.00057142857142758 0
0.1 0.001714285714282147 0
0.1 0.002857142857136064 0
0.1 0.003999999999991176 0
0.1 0.005142857142849311 0
0.1 0.006285714285709449 0
0.1 0.007428571428569816 0
1 401 0 15
1335
1336
1337
1338
1339
1340
1341
1342
1343
1344
1345
1346
1347
1348
1349
0.09875000000000546 0.008 0
0.09750000000001088 0.008 0
0.09625000000001629 0.008 0
0.09500000000002172 0.008 0
0.09375000000001629 0.008 0
0.09250000000001087 0.008 0
0.09125000000000545 0.008 0
0.09937500000000274 0.008 0
0.09812500000000818 0.008 0
0.09687500000001359 0.008 0
0.095625000000019 0.008 0
0.094375000000019 0.008 0
0.09312500000001359 0.008 0
0.09187500000000816 0.008 0
0.09062500000000273 0.008 0
1 411 0 15
1350
1351
1352
1353
1354
1355
1356
1357
1358
1359
1360
1361
1362
1363
1364
0.0912499999999946 0 0.0004
0.09249999999998917 0 0.0004
0.09374999999998376 0 0.0004
0.09499999999997834 0 0.0004
0.09624999999998377 0 0.0004
0.09749999999998919 0 0.0004
0.09874999999999461 0 0.0004
0.09062499999999732 0 0.0004
0.09187499999999188 0 0.0004
0.09312499999998647 0 0.0004
0.09437499999998106 0 0.0004
0.09562499999998106 0 0.0004
0.09687499999998647 0 0.0004
0.0981249999999919 0 0.0004
0.0993749999999973 0 0.0004
1 412 0 13
1365
1366
1367
1368
1369
1370
1371
1372
1373
1374
1375
1376
1377
0.1 0.00114285714285516 0.0004
0.1 0.002285714285709134 0.0004
0.1 0.003428571428562995 0.0004
0.1 0.004571428571419358 0.0004
0.1 0.005714285714279265 0.0004
0.1 0.006857142857139632 0.0004
0.1 0.00057142857142758 0.0004
0.1 0.001714285714282147 0.0004
0.1 0.002857142857136064 0.0004
0.1 0.003999999999991176 0.0004
0.1 0.005142857142849311 0.0004
0.1 0.006285714285709449 0.0004
0.1 0.007428571428569816 0.0004
1 413 0 15
1378
1379
1380
1381
1382
1383
1384
1385
1386
1387
1388
1389
1390
1391
1392
0.09875000000000546 0.008 0.0004
0.09750000000001088 0.008 0.0004
0.09625000000001629 0.008 0.0004
0.09500000000002172 0.008 0.0004
0.09375000000001629 0.008 0.0004
0.09250000000001087 0.008 0.0004
0.09125000000000545 0.008 0.0004
0.09937500000000274 0.008 0.0004
0.09812500000000818 0.008 0.0004
0.09687500000001359 0.008 0.0004
0.095625000000019 0.008 0.0004
0.094375000000019 0.008 0.0004
0.09312500000001359 0.008 0.0004
0.09187500000000816 0.008 0.0004
0.09062500000000273 0.008 0.0004
1 433 0 15
1393
1394
1395
1396
1397
1398
1399
1400
1401
1402
1403
1404
1405
1406
1407
0.0912499999999946 0 0.0008
0.09249999999998917 0 0.0008
0.09374999999998376 0 0.0008
0.09499999999997834 0 0.0008
0.09624999999998377 0 0.0008
0.09749999999998919 0 0.0008
0.09874999999999461 0 0.0008
0.09062499999999732 0 0.0008
0.09187499999999188 0 0.0008
0.09312499999998647 0 0.0008
0.09437499999998106 0 0.0008
0.09562499999998106 0 0.0008
0.09687499999998647 0 0.0008
0.0981249999999919 0 0.0008
0.0993749999999973 0 0.0008
1 434 0 13
1408
1409
1410
1411
1412
1413
1414
1415
1416
1417
1418
1419
1420
0.1 0.00114285714285516 0.0008
0.1 0.002285714285709134 0.0008
0.1 0.003428571428562995 0.0008
0.1 0.004571428571419358 0.0008
0.1 0.005714285714279265 0.0008
0.1 0.006857142857139632 0.0008
0.1 0.00057142857142758 0.0008
0.1 0.001714285714282147 0.0008
0.1 0.002857142857136064 0.0008
0.1 0.003999999999991176 0.0008
0.1 0.005142857142849311 0.0008
0.1 0.006285714285709449 0.0008
0.1 0.007428571428569816 0.0008
1 435 0 15
1421
1422
1423
1424
1425
1426
1427
1428
1429
1430
1431
1432
1433
1434
1435
0.09875000000000546 0.008 0.0008
0.09750000000001088 0.008 0.0008
0.09625000000001629 0.008 0.0008
0.09500000000002172 0.008 0.0008
0.09375000000001629 0.008 0.0008
0.09250000000001087 0.008 0.0008
0.09125000000000545 0.008 0.0008
0.09937500000000274 0.008 0.0008
0.09812500000000818 0.008 0.0008
0.09687500000001359 0.008 0.0008
0.095625000000019 0.008 0.0008
0.094375000000019 0.008 0.0008
0.09312500000001359 0.008 0.0008
0.09187500000000816 0.008 0.0008
0.09062500000000273 0.008 0.0008
2 1 0 195
1436
1437
1438
1439
1440
1441
1442
1443
1444
1445
1446
1447
1448
1449
1450
1451
1452
1453
1454
1455
1456
1457
1458
1459
1460
1461
1462
1463
1464
1465
1466
1467
1468
1469
1470
1471
1472
1473
1474
1475
1476
1477
1478
1479
1480
1481
1482
1483
1484
1485
1486
1487
1488
1489
1490
1491
1492
1493
1494
1495
1496
1497
1498
1499
1500
1501
1502
1503
1504
1505
1506
1507
1508
1509
1510
1511
1512
1513
1514
1515
1516
1517
1518
1519
1520
1521
1522
1523
1524
1525
1526
1527
1528
1529
1530
1531
1532
1533
1534
1535
1536
1537
1538
1539
1540
1541
1542
1543
1544
1545
1546
1547
1548
1549
1550
1551
1552
1553
1554
1555
1556
1557
1558
1559
1560
1561
1562
1563
1564
1565
1566
1567
1568
1569
1570
1571
1572
1573
1574
1575
1576
1577
1578
1579
1580
1581
1582
1583
1584
1585
1586
1587
1588
1589
1590
1591
1592
1593
1594
1595
1596
1597
1598
1599
1600
1601
1602
1603
1604
1605
1606
1607
1608
1609
1610
1611
1612
1613
1614
1615
1616
1617
1618
1619
1620
1621
1622
1623
1624
1625
1626
1627
1628
1629
1630
0.001249999999998352 0.001142857142859607 0
0.00124999999999917 0.002285714285719065 0
0.001249999999999988 0.003428571428578106 0
0.001250000000000806 0.004571428571435087 0
0.001250000000001624 0.005714285714287514 0
0.001250000000002442 0.006857142857143768 0
0.002499999999995903 0.001142857142858972 0
0.002499999999997673 0.002285714285717647 0
0.002499999999999444 0.003428571428575946 0
0.002500000000001214 0.004571428571432839 0
0.002500000000002983 0.005714285714286337 0
0.002500000000004754 0.006857142857143177 0
0.003749999999993314 0.001142857142858337 0
0.003749999999996059 0.002285714285716228 0
0.003749999999998803 0.003428571428573788 0
0.003750000000001548 0.004571428571430593 0
0.003750000000004292 0.005714285714285158 0
0.003750000000007039 0.006857142857142586 0
0.004999999999990987 0.001142857142857701 0
0.004999999999994635 0.002285714285714809 0
0.004999999999998282 0.00342857142857163 0
0.005000000000001932 0.004571428571428346 0
0.005000000000005578 0.005714285714283979 0
0.005000000000009228 0.006857142857141995 0
0.006249999999993114 0.001142857142857066 0
0.006249999999995849 0.00228571428571339 0
0.006249999999998587 0.00342857142856947 0
0.00625000000000132 0.004571428571426098 0
0.006250000000004058 0.005714285714282801 0
0.006250000000006792 0.006857142857141405 0
0.007499999999995363 0.00114285714285643 0
0.007499999999997136 0.002285714285711972 0
0.007499999999998914 0.003428571428567313 0
0.007500000000000688 0.004571428571423853 0
0.007500000000002462 0.005714285714281623 0
0.007500000000004237 0.006857142857140813 0
0.008749999999997659 0.001142857142855795 0
0.008749999999998523 0.002285714285710553 0
0.008749999999999383 0.003428571428565153 0
0.008750000000000247 0.004571428571421605 0
0.008750000000001111 0.005714285714280443 0
0.008750000000001975 0.006857142857140223 0
0.001249999999997943 0.0005714285714298035 0
0.000624999999999176 0.001142857142859925 0
0.0006249999999989714 0.0005714285714299623 0
0.001249999999998761 0.001714285714289336 0
0.000624999999999585 0.002285714285719775 0
0.0006249999999993805 0.001714285714289849 0
0.001249999999999579 0.002857142857148586 0
0.000624999999999994 0.003428571428579185 0
0.0006249999999997896 0.00285714285714948 0
0.001250000000000397 0.004000000000006597 0
0.000625000000000403 0.004571428571436211 0
0.0006250000000001985 0.004000000000007699 0
0.001250000000001215 0.005142857142861301 0
0.000625000000000812 0.005714285714288104 0
0.0006250000000006075 0.005142857142862157 0
0.001250000000002033 0.006285714285715642 0
0.000625000000001221 0.006857142857144063 0
0.0006250000000010165 0.006285714285716083 0
0.001250000000002852 0.007428571428571885 0
0.0006250000000014258 0.007428571428572032 0
0.002499999999995018 0.000571428571429486 0
0.001874999999997128 0.001142857142859289 0
0.001874999999996481 0.0005714285714296447 0
0.002499999999996788 0.001714285714288309 0
0.001874999999998421 0.002285714285718356 0
0.001874999999997774 0.001714285714288823 0
0.002499999999998558 0.002857142857146796 0
0.001874999999999716 0.003428571428577026 0
0.001874999999999069 0.002857142857147691 0
0.002500000000000329 0.004000000000004392 0
0.00187500000000101 0.004571428571433963 0
0.001875000000000363 0.004000000000005495 0
0.002500000000002099 0.005142857142859588 0
0.001875000000002303 0.005714285714286926 0
0.001875000000001657 0.005142857142860445 0
0.002500000000003868 0.006285714285714757 0
0.001875000000003598 0.006857142857143473 0
0.001875000000002951 0.006285714285715199 0
0.002500000000005638 0.007428571428571588 0
0.001875000000004245 0.007428571428571736 0
0.003749999999991941 0.0005714285714291685 0
0.003124999999994609 0.001142857142858655 0
0.00312499999999348 0.0005714285714293273 0
0.003749999999994686 0.001714285714287282 0
0.003124999999996866 0.002285714285716937 0
0.003124999999995737 0.001714285714287796 0
0.003749999999997431 0.002857142857145008 0
0.003124999999999123 0.003428571428574867 0
0.003124999999997994 0.002857142857145902 0
0.003750000000000176 0.00400000000000219 0
0.003125000000001381 0.004571428571431716 0
0.003125000000000253 0.004000000000003292 0
0.00375000000000292 0.005142857142857876 0
0.003125000000003637 0.005714285714285748 0
0.003125000000002509 0.005142857142858732 0
0.003750000000005665 0.006285714285713872 0
0.003125000000005896 0.006857142857142881 0
0.003125000000004767 0.006285714285714315 0
0.003750000000008412 0.007428571428571293 0
0.003125000000007025 0.007428571428571441 0
0.004999999999989164 0.0005714285714288505 0
0.004374999999992151 0.001142857142858019 0
0.004374999999990553 0.0005714285714290095 0
0.004999999999992811 0.001714285714286255 0
0.004374999999995347 0.002285714285715518 0
0.004374999999993748 0.001714285714286769 0
0.004999999999996459 0.002857142857143219 0
0.004374999999998542 0.003428571428572709 0
0.004374999999996945 0.002857142857144114 0
0.005000000000000107 0.003999999999999988 0
0.00437500000000174 0.004571428571429469 0
0.004375000000000142 0.004000000000001089 0
0.005000000000003755 0.005142857142856162 0
0.004375000000004935 0.005714285714284568 0
0.004375000000003337 0.005142857142857019 0
0.005000000000007403 0.006285714285712987 0
0.004375000000008134 0.00685714285714229 0
0.004375000000006534 0.00628571428571343 0
0.005000000000011051 0.007428571428570997 0
0.004375000000009731 0.007428571428571146 0
0.006249999999991747 0.000571428571428533 0
0.005624999999992051 0.001142857142857384 0
0.005624999999990455 0.0005714285714286918 0
0.006249999999994482 0.001714285714285228 0
0.005624999999995241 0.002285714285714099 0
0.005624999999993646 0.001714285714285742 0
0.006249999999997218 0.00285714285714143 0
0.005624999999998435 0.00342857142857055 0
0.005624999999996839 0.002857142857142325 0
0.006249999999999954 0.003999999999997784 0
0.005625000000001625 0.004571428571427222 0
0.005625000000000029 0.003999999999998886 0
0.006250000000002689 0.005142857142854449 0
0.005625000000004818 0.00571428571428339 0
0.005625000000003223 0.005142857142855306 0
0.006250000000005425 0.006285714285712103 0
0.00562500000000801 0.0068571428571417 0
0.005625000000006415 0.006285714285712544 0
0.006250000000008159 0.007428571428570702 0
0.005625000000009605 0.00742857142857085 0
0.007499999999994475 0.000571428571428215 0
0.006874999999994238 0.001142857142856748 0
0.006874999999993111 0.0005714285714283739 0
0.007499999999996249 0.001714285714284201 0
0.006874999999996492 0.002285714285712681 0
0.006874999999995366 0.001714285714284715 0
0.007499999999998025 0.002857142857139643 0
0.00687499999999875 0.003428571428568392 0
0.006874999999997621 0.002857142857140537 0
0.007499999999999801 0.003999999999995583 0
0.006875000000001004 0.004571428571424976 0
0.006874999999999878 0.003999999999996684 0
0.007500000000001575 0.005142857142852738 0
0.00687500000000326 0.005714285714282212 0
0.006875000000002132 0.005142857142853593 0
0.007500000000003349 0.006285714285711218 0
0.006875000000005514 0.006857142857141109 0
0.006875000000004387 0.00628571428571166 0
0.007500000000005124 0.007428571428570407 0
0.006875000000006641 0.007428571428570554 0
0.008749999999997227 0.0005714285714278975 0
0.00812499999999651 0.001142857142856113 0
0.008124999999995851 0.0005714285714280563 0
0.008749999999998091 0.001714285714283174 0
0.008124999999997828 0.002285714285711263 0
0.008124999999997169 0.001714285714283688 0
0.008749999999998953 0.002857142857137853 0
0.008124999999999149 0.003428571428566233 0
0.008124999999998489 0.002857142857138748 0
0.008749999999999815 0.003999999999993379 0
0.008125000000000469 0.004571428571422729 0
0.008124999999999809 0.003999999999994481 0
0.008750000000000679 0.005142857142851024 0
0.008125000000001787 0.005714285714281033 0
0.008125000000001128 0.005142857142851881 0
0.008750000000001543 0.006285714285710333 0
0.008125000000003105 0.006857142857140518 0
0.008125000000002446 0.006285714285710776 0
0.008750000000002407 0.007428571428570112 0
0.008125000000003766 0.007428571428570259 0
0.009374999999998829 0.001142857142855478 0
0.009374999999998614 0.0005714285714277388 0
0.009374999999999262 0.002285714285709844 0
0.009374999999999046 0.001714285714282661 0
0.009374999999999693 0.003428571428564074 0
0.009374999999999478 0.002857142857136959 0
0.009375000000000123 0.004571428571420481 0
0.009374999999999908 0.003999999999992278 0
0.009375000000000556 0.005714285714279854 0
0.00937500000000034 0.005142857142850168 0
0.009375000000000987 0.006857142857139927 0
0.009375000000000772 0.00628571428570989 0
0.009375000000001204 0.007428571428569964 0
2 17 0 13
1631
1632
1633
1634
1635
1636
1637
1638
1639
1640
1641
1642
1643
0.01 0.00114285714285516 0.0002
0.01 0.00057142857142758 0.0002
0.01 0.002285714285709134 0.0002
0.01 0.001714285714282147 0.0002
0.01 0.003428571428562995 0.0002
0.01 0.002857142857136064 0.0002
0.01 0.004571428571419358 0.0002
0.01 0.003999999999991176 0.0002
0.01 0.005714285714279265 0.0002
0.01 0.005142857142849311 0.0002
0.01 0.006857142857139632 0.0002
0.01 0.006285714285709449 0.0002
0.01 0.007428571428569815 0.0002
2 25 0 13
1644
1645
1646
1647
1648
1649
1650
1651
1652
1653
1654
1655
1656
0 0.006857142857144358 0.0002
0 0.00742857142857218 0.0002
0 0.005714285714288693 0.0002
0 0.006285714285716525 0.0002
0 0.004571428571437335 0.0002
0 0.005142857142863014 0.0002
0 0.003428571428580264 0.0002
0 0.004000000000008799 0.0002
0 0.002285714285720484 0.0002
0 0.002857142857150374 0.0002
0 0.001142857142860242 0.0002
0 0.001714285714290363 0.0002
0 0.000571428571430121 0.0002
2 26 0 195
1657
1658
1659
1660
1661
1662
1663
1664
1665
1666
1667
1668
1669
1670
1671
1672
1673
1674
1675
1676
1677
1678
1679
1680
1681
1682
1683
1684
1685
1686
1687
1688
1689
1690
1691
1692
1693
1694
1695
1696
1697
1698
1699
1700
1701
1702
1703
1704
1705
1706
1707
1708
1709
1710
1711
1712
1713
1714
1715
1716
1717
1718
1719
1720
1721
1722
1723
1724
1725
1726
1727
1728
1729
1730
1731
1732
1733
1734
1735
1736
1737
1738
1739
1740
1741
1742
1743
1744
1745
1746
1747
1748
1749
1750
1751
1752
1753
1754
1755
1756
1757
1758
1759
1760
1761
1762
1763
1764
1765
1766
1767
1768
1769
1770
1771
1772
1773
1774
1775
1776
1777
1778
1779
1780
1781
1782
1783
1784
1785
1786
1787
1788
1789
1790
1791
1792
1793
1794
1795
1796
1797
1798
1799
1800
1801
1802
1803
1804
1805
1806
1807
1808
1809
1810
1811
1812
1813
1814
1815
1816
1817
1818
1819
1820
1821
1822
1823
1824
1825
1826
1827
1828
1829
1830
1831
1832
1833
1834
1835
1836
1837
1838
1839
1840
1841
1842
1843
1844
1845
1846
1847
1848
1849
1850
1851
0.001249999999998352 0.001142857142859607 0.0004
0.00124999999999917 0.002285714285719065 0.0004
0.001249999999999988 0.003428571428578106 0.0004
0.001250000000000806 0.004571428571435087 0.0004
0.001250000000001624 0.005714285714287514 0.0004
0.001250000000002442 0.006857142857143768 0.0004
0.002499999999995903 0.001142857142858972 0.0004
0.002499999999997673 0.002285714285717647 0.0004
0.002499999999999444 0.003428571428575946 0.0004
0.002500000000001214 0.004571428571432839 0.0004
0.002500000000002983 0.005714285714286337 0.0004
0.002500000000004754 0.006857142857143177 0.0004
0.003749999999993314 0.001142857142858337 0.0004
0.003749999999996059 0.002285714285716228 0.0004
0.003749999999998803 0.003428571428573788 0.0004
0.003750000000001548 0.004571428571430593 0.0004
0.003750000000004292 0.005714285714285158 0.0004
0.003750000000007039 0.006857142857142586 0.0004
0.004999999999990987 0.001142857142857701 0.0004
0.004999999999994635 0.002285714285714809 0.0004
0.004999999999998282 0.00342857142857163 0.0004
0.005000000000001932 0.004571428571428346 0.0004
0.005000000000005578 0.005714285714283979 0.0004
0.005000000000009228 0.006857142857141995 0.0004
0.006249999999993114 0.001142857142857066 0.0004
0.006249999999995849 0.00228571428571339 0.0004
0.006249999999998587 0.00342857142856947 0.0004
0.00625000000000132 0.004571428571426098 0.0004
0.006250000000004058 0.005714285714282801 0.0004
0.006250000000006792 0.006857142857141405 0.0004
0.007499999999995363 0.00114285714285643 0.0004
0.007499999999997136 0.002285714285711972 0.0004
0.007499999999998914 0.003428571428567313 0.0004
0.007500000000000688 0.004571428571423853 0.0004
0.007500000000002462 0.005714285714281623 0.0004
0.007500000000004237 0.006857142857140813 0.0004
0.008749999999997659 0.001142857142855795 0.0004
0.008749999999998523 0.002285714285710553 0.0004
0.008749999999999383 0.003428571428565153 0.0004
0.008750000000000247 0.004571428571421605 0.0004
0.008750000000001111 0.005714285714280443 0.0004
0.008750000000001975 0.006857142857140223 0.0004
0.001249999999997943 0.0005714285714298035 0.0004
0.000624999999999176 0.001142857142859925 0.0004
0.0006249999999989714 0.0005714285714299623 0.0004
0.001249999999998761 0.001714285714289336 0.0004
0.000624999999999585 0.002285714285719775 0.0004
0.0006249999999993805 0.001714285714289849 0.0004
0.001249999999999579 0.002857142857148586 0.0004
0.000624999999999994 0.003428571428579185 0.0004
0.0006249999999997896 0.00285714285714948 0.0004
0.001250000000000397 0.004000000000006597 0.0004
0.000625000000000403 0.004571428571436211 0.0004
0.0006250000000001985 0.004000000000007699 0.0004
0.001250000000001215 0.005142857142861301 0.0004
0.000625000000000812 0.005714285714288104 0.0004
0.0006250000000006075 0.005142857142862157 0.0004
0.001250000000002033 0.006285714285715642 0.0004
0.000625000000001221 0.006857142857144063 0.0004
0.0006250000000010165 0.006285714285716083 0.0004
0.001250000000002852 0.007428571428571885 0.0004
0.0006250000000014258 0.007428571428572032 0.0004
0.002499999999995018 0.000571428571429486 0.0004
0.001874999999997128 0.001142857142859289 0.0004
0.001874999999996481 0.0005714285714296447 0.0004
0.002499999999996788 0.001714285714288309 0.0004
0.001874999999998421 0.002285714285718356 0.0004
0.001874999999997774 0.001714285714288823 0.0004
0.002499999999998558 0.002857142857146796 0.0004
0.001874999999999716 0.003428571428577026 0.0004
0.001874999999999069 0.002857142857147691 0.0004
0.002500000000000329 0.004000000000004392 0.0004
0.00187500000000101 0.004571428571433963 0.0004
0.001875000000000363 0.004000000000005495 0.0004
0.002500000000002099 0.005142857142859588 0.0004
0.001875000000002303 0.005714285714286926 0.0004
0.001875000000001657 0.005142857142860445 0.0004
0.002500000000003868 0.006285714285714757 0.0004
0.001875000000003598 0.006857142857143473 0.0004
0.001875000000002951 0.006285714285715199 0.0004
0.002500000000005638 0.007428571428571588 0.0004
0.001875000000004245 0.007428571428571736 0.0004
0.003749999999991941 0.0005714285714291685 0.0004
0.003124999999994609 0.001142857142858655 0.0004
0.00312499999999348 0.0005714285714293273 0.0004
0.003749999999994686 0.001714285714287282 0.0004
0.003124999999996866 0.002285714285716937 0.0004
0.003124999999995737 0.001714285714287796 0.0004
0.003749999999997431 0.002857142857145008 0.0004
0.003124999999999123 0.003428571428574867 0.0004
0.003124999999997994 0.002857142857145902 0.0004
0.003750000000000176 0.00400000000000219 0.0004
0.003125000000001381 0.004571428571431716 0.0004
0.003125000000000253 0.004000000000003292 0.0004
0.00375000000000292 0.005142857142857876 0.0004
0.003125000000003637 0.005714285714285748 0.0004
0.003125000000002509 0.005142857142858732 0.0004
0.003750000000005665 0.006285714285713872 0.0004
0.003125000000005896 0.006857142857142881 0.0004
0.003125000000004767 0.006285714285714315 0.0004
0.003750000000008412 0.007428571428571293 0.0004
0.003125000000007025 0.007428571428571441 0.0004
0.004999999999989164 0.0005714285714288505 0.0004
0.004374999999992151 0.001142857142858019 0.0004
0.004374999999990553 0.0005714285714290095 0.0004
0.004999999999992811 0.001714285714286255 0.0004
0.004374999999995347 0.002285714285715518 0.0004
0.004374999999993748 0.001714285714286769 0.0004
0.004999999999996459 0.002857142857143219 0.0004
0.004374999999998542 0.003428571428572709 0.0004
0.004374999999996945 0.002857142857144114 0.0004
0.005000000000000107 0.003999999999999988 0.0004
0.00437500000000174 0.004571428571429469 0.0004
0.004375000000000142 0.004000000000001089 0.0004
0.005000000000003755 0.005142857142856162 0.0004
0.004375000000004935 0.005714285714284568 0.0004
0.004375000000003337 0.005142857142857019 0.0004
0.005000000000007403 0.006285714285712987 0.0004
0.004375000000008134 0.00685714285714229 0.0004
0.004375000000006534 0.00628571428571343 0.0004
0.005000000000011051 0.007428571428570997 0.0004
0.004375000000009731 0.007428571428571146 0.0004
0.006249999999991747 0.000571428571428533 0.0004
0.005624999999992051 0.001142857142857384 0.0004
0.005624999999990455 0.0005714285714286918 0.0004
0.006249999999994482 0.001714285714285228 0.0004
0.005624999999995241 0.002285714285714099 0.0004
0.005624999999993646 0.001714285714285742 0.0004
0.006249999999997218 0.00285714285714143 0.0004
0.005624999999998435 0.00342857142857055 0.0004
0.005624999999996839 0.002857142857142325 0.0004
0.006249999999999954 0.003999999999997784 0.0004
0.005625000000001625 0.004571428571427222 0.0004
0.005625000000000029 0.003999999999998886 0.0004
0.006250000000002689 0.005142857142854449 0.0004
0.005625000000004818 0.00571428571428339 0.0004
0.005625000000003223 0.005142857142855306 0.0004
0.006250000000005425 0.006285714285712103 0.0004
0.00562500000000801 0.0068571428571417 0.0004
0.005625000000006415 0.006285714285712544 0.0004
0.006250000000008159 0.007428571428570702 0.0004
0.005625000000009605 0.00742857142857085 0.0004
0.007499999999994475 0.000571428571428215 0.0004
0.006874999999994238 0.001142857142856748 0.0004
0.006874999999993111 0.0005714285714283739 0.0004
0.007499999999996249 0.001714285714284201 0.0004
0.006874999999996492 0.002285714285712681 0.0004
0.006874999999995366 0.001714285714284715 0.0004
0.007499999999998025 0.002857142857139643 0.0004
0.00687499999999875 0.003428571428568392 0.0004
0.006874999999997621 0.002857142857140537 0.0004
0.007499999999999801 0.003999999999995583 0.0004
0.006875000000001004 0.004571428571424976 0.0004
0.006874999999999878 0.003999999999996684 0.0004
0.007500000000001575 0.005142857142852738 0.0004
0.00687500000000326 0.005714285714282212 0.0004
0.006875000000002132 0.005142857142853593 0.0004
0.007500000000003349 0.006285714285711218 0.0004
0.006875000000005514 0.006857142857141109 0.0004
0.006875000000004387 0.00628571428571166 0.0004
0.007500000000005124 0.007428571428570407 0.0004
0.006875000000006641 0.007428571428570554 0.0004
0.008749999999997227 0.0005714285714278975 0.0004
0.00812499999999651 0.001142857142856113 0.0004
0.008124999999995851 0.0005714285714280563 0.0004
0.008749999999998091 0.001714285714283174 0.0004
0.008124999999997828 0.002285714285711263 0.0004
0.008124999999997169 0.001714285714283688 0.0004
0.008749999999998953 0.002857142857137853 0.0004
0.008124999999999149 0.003428571428566233 0.0004
0.008124999999998489 0.002857142857138748 0.0004
0.008749999999999815 0.003999999999993379 0.0004
0.008125000000000469 0.004571428571422729 0.0004
0.008124999999999809 0.003999999999994481 0.0004
0.008750000000000679 0.005142857142851024 0.0004
0.008125000000001787 0.005714285714281033 0.0004
0.008125000000001128 0.005142857142851881 0.0004
0.008750000000001543 0.006285714285710333 0.0004
0.008125000000003105 0.006857142857140518 0.0004
0.008125000000002446 0.006285714285710776 0.0004
0.008750000000002407 0.007428571428570112 0.0004
0.008125000000003766 0.007428571428570259 0.0004
0.009374999999998829 0.001142857142855478 0.0004
0.009374999999998614 0.0005714285714277388 0.0004
0.009374999999999262 0.002285714285709844 0.0004
0.009374999999999046 0.001714285714282661 0.0004
0.009374999999999693 0.003428571428564074 0.0004
0.009374999999999478 0.002857142857136959 0.0004
0.009375000000000123 0.004571428571420481 0.0004
0.009374999999999908 0.003999999999992278 0.0004
0.009375000000000556 0.005714285714279854 0.0004
0.00937500000000034 0.005142857142850168 0.0004
0.009375000000000987 0.006857142857139927 0.0004
0.009375000000000772 0.00628571428570989 0.0004
0.009375000000001204 0.007428571428569964 0.0004
2 39 0 13
1852
1853
1854
1855
1856
1857
1858
1859
1860
1861
1862
1863
1864
0.01 0.00114285714285516 0.0006000000000000001
0.01 0.00057142857142758 0.0006000000000000001
0.01 0.002285714285709134 0.0006000000000000001
0.01 0.001714285714282147 0.0006000000000000001
0.01 0.003428571428562995 0.0006000000000000001
0.01 0.002857142857136064 0.0006000000000000001
0.01 0.004571428571419358 0.0006000000000000001
0.01 0.003999999999991176 0.0006000000000000001
0.01 0.005714285714279265 0.0006000000000000001
0.01 0.005142857142849311 0.0006000000000000001
0.01 0.006857142857139632 0.0006000000000000001
0.01 0.006285714285709449 0.0006000000000000001
0.01 0.007428571428569815 0.0006000000000000001
2 47 0 13
1865
1866
1867
1868
1869
1870
1871
1872
1873
1874
1875
1876
1877
0 0.006857142857144358 0.0006000000000000001
0 0.00742857142857218 0.0006000000000000001
0 0.005714285714288693 0.0006000000000000001
0 0.006285714285716525 0.0006000000000000001
0 0.004571428571437335 0.0006000000000000001
0 0.005142857142863014 0.0006000000000000001
0 0.003428571428580264 0.0006000000000000001
0 0.004000000000008799 0.0006000000000000001
0 0.002285714285720484 0.0006000000000000001
0 0.002857142857150374 0.0006000000000000001
0 0.001142857142860242 0.0006000000000000001
0 0.001714285714290363 0.0006000000000000001
0 0.000571428571430121 0.0006000000000000001
2 48 0 195
1878
1879
1880
1881
1882
1883
1884
1885
1886
1887
1888
1889
1890
1891
1892
1893
1894
1895
1896
1897
1898
1899
1900
1901
1902
1903
1904
1905
1906
1907
1908
1909
1910
1911
1912
1913
1914
1915
1916
1917
1918
1919
1920
1921
1922
1923
1924
1925
1926
1927
1928
1929
1930
1931
1932
1933
1934
1935
1936
1937
1938
1939
1940
1941
1942
1943
1944
1945
1946
1947
1948
1949
1950
1951
1952
1953
1954
1955
1956
1957
1958
1959
1960
1961
1962
1963
1964
1965
1966
1967
1968
1969
1970
1971
1972
1973
1974
1975
1976
1977
1978
1979
1980
1981
1982
1983
1984
1985
1986
1987
1988
1989
1990
1991
1992
1993
1994
1995
1996
1997
1998
1999
2000
2001
2002
2003
2004
2005
2006
2007
2008
2009
2010
2011
2012
2013
2014
2015
2016
2017
2018
2019
2020
2021
2022
2023
2024
2025
2026
2027
2028
2029
2030
2031
2032
2033
2034
2035
2036
2037
2038
2039
2040
2041
2042
2043
2044
2045
2046
2047
2048
2049
2050
2051
2052
2053
2054
2055
2056
2057
2058
2059
2060
2061
2062
2063
2064
2065
2066
2067
2068
2069
2070
2071
2072
0.001249999999998352 0.001142857142859607 0.0008
0.00124999999999917 0.002285714285719065 0.0008
0.001249999999999988 0.003428571428578106 0.0008
0.001250000000000806 0.004571428571435087 0.0008
0.001250000000001624 0.005714285714287514 0.0008
0.001250000000002442 0.006857142857143768 0.0008
0.002499999999995903 0.001142857142858972 0.0008
0.002499999999997673 0.002285714285717647 0.0008
0.002499999999999444 0.003428571428575946 0.0008
0.002500000000001214 0.004571428571432839 0.0008
0.002500000000002983 0.005714285714286337 0.0008
0.002500000000004754 0.006857142857143177 0.0008
0.003749999999993314 0.001142857142858337 0.0008
0.003749999999996059 0.002285714285716228 0.0008
0.003749999999998803 0.003428571428573788 0.0008
0.003750000000001548 0.004571428571430593 0.0008
0.003750000000004292 0.005714285714285158 0.0008
0.003750000000007039 0.006857142857142586 0.0008
0.004999999999990987 0.001142857142857701 0.0008
0.004999999999994635 0.002285714285714809 0.0008
0.004999999999998282 0.00342857142857163 0.0008
0.005000000000001932 0.004571428571428346 0.0008
0.005000000000005578 0.005714285714283979 0.0008
0.005000000000009228 0.006857142857141995 0.0008
0.006249999999993114 0.001142857142857066 0.0008
0.006249999999995849 0.00228571428571339 0.0008
0.006249999999998587 0.00342857142856947 0.0008
0.00625000000000132 0.004571428571426098 0.0008
0.006250000000004058 0.005714285714282801 0.0008
0.006250000000006792 0.006857142857141405 0.0008
0.007499999999995363 0.00114285714285643 0.0008
0.007499999999997136 0.002285714285711972 0.0008
0.007499999999998914 0.003428571428567313 0.0008
0.007500000000000688 0.004571428571423853 0.0008
0.007500000000002462 0.005714285714281623 0.0008
0.007500000000004237 0.006857142857140813 0.0008
0.008749999999997659 0.001142857142855795 0.0008
0.008749999999998523 0.002285714285710553 0.0008
0.008749999999999383 0.003428571428565153 0.0008
0.008750000000000247 0.004571428571421605 0.0008
0.008750000000001111 0.005714285714280443 0.0008
0.008750000000001975 0.006857142857140223 0.0008
0.001249999999997943 0.0005714285714298035 0.0008
0.000624999999999176 0.001142857142859925 0.0008
0.0006249999999989714 0.0005714285714299623 0.0008
0.001249999999998761 0.001714285714289336 0.0008
0.000624999999999585 0.002285714285719775 0.0008
0.0006249999999993805 0.001714285714289849 0.0008
0.001249999999999579 0.002857142857148586 0.0008
0.000624999999999994 0.003428571428579185 0.0008
0.0006249999999997896 0.00285714285714948 0.0008
0.001250000000000397 0.004000000000006597 0.0008
0.000625000000000403 0.004571428571436211 0.0008
0.0006250000000001985 0.004000000000007699 0.0008
0.001250000000001215 0.005142857142861301 0.0008
0.000625000000000812 0.005714285714288104 0.0008
0.0006250000000006075 0.005142857142862157 0.0008
0.001250000000002033 0.006285714285715642 0.0008
0.000625000000001221 0.006857142857144063 0.0008
0.0006250000000010165 0.006285714285716083 0.0008
0.001250000000002852 0.007428571428571885 0.0008
0.0006250000000014258 0.007428571428572032 0.0008
0.002499999999995018 0.000571428571429486 0.0008
0.001874999999997128 0.001142857142859289 0.0008
0.001874999999996481 0.0005714285714296447 0.0008
0.002499999999996788 0.001714285714288309 0.0008
0.001874999999998421 0.002285714285718356 0.0008
0.001874999999997774 0.001714285714288823 0.0008
0.002499999999998558 0.002857142857146796 0.0008
0.001874999999999716 0.003428571428577026 0.0008
0.001874999999999069 0.002857142857147691 0.0008
0.002500000000000329 0.004000000000004392 0.0008
0.00187500000000101 0.004571428571433963 0.0008
0.001875000000000363 0.004000000000005495 0.0008
0.002500000000002099 0.005142857142859588 0.0008
0.001875000000002303 0.005714285714286926 0.0008
0.001875000000001657 0.005142857142860445 0.0008
0.002500000000003868 0.006285714285714757 0.0008
0.001875000000003598 0.006857142857143473 0.0008
0.001875000000002951 0.006285714285715199 0.0008
0.002500000000005638 0.007428571428571588 0.0008
0.001875000000004245 0.007428571428571736 0.0008
0.003749999999991941 0.0005714285714291685 0.0008
0.003124999999994609 0.001142857142858655 0.0008
0.00312499999999348 0.0005714285714293273 0.0008
0.003749999999994686 0.001714285714287282 0.0008
0.003124999999996866 0.002285714285716937 0.0008
0.003124999999995737 0.001714285714287796 0.0008
0.003749999999997431 0.002857142857145008 0.0008
0.003124999999999123 0.003428571428574867 0.0008
0.003124999999997994 0.002857142857145902 0.0008
0.003750000000000176 0.00400000000000219 0.0008
0.003125000000001381 0.004571428571431716 0.0008
0.003125000000000253 0.004000000000003292 0.0008
0.00375000000000292 0.005142857142857876 0.0008
0.003125000000003637 0.005714285714285748 0.0008
0.003125000000002509 0.005142857142858732 0.0008
0.003750000000005665 0.006285714285713872 0.0008
0.003125000000005896 0.006857142857142881 0.0008
0.003125000000004767 0.006285714285714315 0.0008
0.003750000000008412 0.007428571428571293 0.0008
0.003125000000007025 0.007428571428571441 0.0008
0.004999999999989164 0.0005714285714288505 0.0008
0.004374999999992151 0.001142857142858019 0.0008
0.004374999999990553 0.0005714285714290095 0.0008
0.004999999999992811 0.001714285714286255 0.0008
0.004374999999995347 0.002285714285715518 0.0008
0.004374999999993748 0.001714285714286769 0.0008
0.004999999999996459 0.002857142857143219 0.0008
0.004374999999998542 0.003428571428572709 0.0008
0.004374999999996945 0.002857142857144114 0.0008
0.005000000000000107 0.003999999999999988 0.0008
0.00437500000000174 0.004571428571429469 0.0008
0.004375000000000142 0.004000000000001089 0.0008
0.005000000000003755 0.005142857142856162 0.0008
0.004375000000004935 0.005714285714284568 0.0008
0.004375000000003337 0.005142857142857019 0.0008
0.005000000000007403 0.006285714285712987 0.0008
0.004375000000008134 0.00685714285714229 0.0008
0.004375000000006534 0.00628571428571343 0.0008
0.005000000000011051 0.007428571428570997 0.0008
0.004375000000009731 0.007428571428571146 0.0008
0.006249999999991747 0.000571428571428533 0.0008
0.005624999999992051 0.001142857142857384 0.0008
0.005624999999990455 0.0005714285714286918 0.0008
0.006249999999994482 0.001714285714285228 0.0008
0.005624999999995241 0.002285714285714099 0.0008
0.005624999999993646 0.001714285714285742 0.0008
0.006249999999997218 0.00285714285714143 0.0008
0.005624999999998435 0.00342857142857055 0.0008
0.005624999999996839 0.002857142857142325 0.0008
0.006249999999999954 0.003999999999997784 0.0008
0.005625000000001625 0.004571428571427222 0.0008
0.005625000000000029 0.003999999999998886 0.0008
0.006250000000002689 0.005142857142854449 0.0008
0.005625000000004818 0.00571428571428339 0.0008
0.005625000000003223 0.005142857142855306 0.0008
0.006250000000005425 0.006285714285712103 0.0008
0.00562500000000801 0.0068571428571417 0.0008
0.005625000000006415 0.006285714285712544 0.0008
0.006250000000008159 0.007428571428570702 0.0008
0.005625000000009605 0.00742857142857085 0.0008
0.007499999999994475 0.000571428571428215 0.0008
0.006874999999994238 0.001142857142856748 0.0008
0.006874999999993111 0.0005714285714283739 0.0008
0.007499999999996249 0.001714285714284201 0.0008
0.006874999999996492 0.002285714285712681 0.0008
0.006874999999995366 0.001714285714284715 0.0008
0.007499999999998025 0.002857142857139643 0.0008
0.00687499999999875 0.003428571428568392 0.0008
0.006874999999997621 0.002857142857140537 0.0008
0.007499999999999801 0.003999999999995583 0.0008
0.006875000000001004 0.004571428571424976 0.0008
0.006874999999999878 0.003999999999996684 0.0008
0.007500000000001575 0.005142857142852738 0.0008
0.00687500000000326 0.005714285714282212 0.0008
0.006875000000002132 0.005142857142853593 0.0008
0.007500000000003349 0.006285714285711218 0.0008
0.006875000000005514 0.006857142857141109 0.0008
0.006875000000004387 0.00628571428571166 0.0008
0.007500000000005124 0.007428571428570407 0.0008
0.006875000000006641 0.007428571428570554 0.0008
0.008749999999997227 0.0005714285714278975 0.0008
0.00812499999999651 0.001142857142856113 0.0008
0.008124999999995851 0.0005714285714280563 0.0008
0.008749999999998091 0.001714285714283174 0.0008
0.008124999999997828 0.002285714285711263 0.0008
0.008124999999997169 0.001714285714283688 0.0008
0.008749999999998953 0.002857142857137853 0.0008
0.008124999999999149 0.003428571428566233 0.0008
0.008124999999998489 0.002857142857138748 0.0008
0.008749999999999815 0.003999999999993379 0.0008
0.008125000000000469 0.004571428571422729 0.0008
0.008124999999999809 0.003999999999994481 0.0008
0.008750000000000679 0.005142857142851024 0.0008
0.008125000000001787 0.005714285714281033 0.0008
0.008125000000001128 0.005142857142851881 0.0008
0.008750000000001543 0.006285714285710333 0.0008
0.008125000000003105 0.006857142857140518 0.0008
0.008125000000002446 0.006285714285710776 0.0008
0.008750000000002407 0.007428571428570112 0.0008
0.008125000000003766 0.007428571428570259 0.0008
0.009374999999998829 0.001142857142855478 0.0008
0.009374999999998614 0.0005714285714277388 0.0008
0.009374999999999262 0.002285714285709844 0.0008
0.009374999999999046 0.001714285714282661 0.0008
0.009374999999999693 0.003428571428564074 0.0008
0.009374999999999478 0.002857142857136959 0.0008
0.009375000000000123 0.004571428571420481 0.0008
0.009374999999999908 0.003999999999992278 0.0008
0.009375000000000556 0.005714285714279854 0.0008
0.00937500000000034 0.005142857142850168 0.0008
0.009375000000000987 0.006857142857139927 0.0008
0.009375000000000772 0.00628571428570989 0.0008
0.009375000000001204 0.007428571428569964 0.0008
2 49 0 195
2073
2074
2075
2076
2077
2078
2079
2080
2081
2082
2083
2084
2085
2086
2087
2088
2089
2090
2091
2092
2093
2094
2095
2096
2097
2098
2099
2100
2101
2102
2103
2104
2105
2106
2107
2108
2109
2110
2111
2112
2113
2114
2115
2116
2117
2118
2119
2120
2121
2122
2123
2124
2125
2126
2127
2128
2129
2130
2131
2132
2133
2134
2135
2136
2137
2138
2139
2140
2141
2142
2143
2144
2145
2146
2147
2148
2149
2150
2151
2152
2153
2154
2155
2156
2157
2158
2159
2160
2161
2162
2163
2164
2165
2166
2167
2168
2169
2170
2171
2172
2173
2174
2175
2176
2177
2178
2179
2180
2181
2182
2183
2184
2185
2186
2187
2188
2189
2190
2191
2192
2193
2194
2195
2196
2197
2198
2199
2200
2201
2202
2203
2204
2205
2206
2207
2208
2209
2210
2211
2212
2213
2214
2215
2216
2217
2218
2219
2220
2221
2222
2223
2224
2225
2226
2227
2228
2229
2230
2231
2232
2233
2234
2235
2236
2237
2238
2239
2240
2241
2242
2243
2244
2245
2246
2247
2248
2249
2250
2251
2252
2253
2254
2255
2256
2257
2258
2259
2260
2261
2262
2263
2264
2265
2266
2267
0.01124999999999799 0.00114285714285516 0
0.01124999999999886 0.002285714285709134 0
0.01124999999999973 0.003428571428562995 0
0.0112500000000006 0.004571428571419357 0
0.01125000000000148 0.005714285714279265 0
0.01125000000000235 0.006857142857139632 0
0.0124999999999954 0.00114285714285516 0
0.01249999999999724 0.002285714285709134 0
0.01249999999999908 0.003428571428562995 0
0.01250000000000092 0.004571428571419357 0
0.01250000000000276 0.005714285714279265 0
0.0125000000000046 0.006857142857139631 0
0.01374999999999277 0.00114285714285516 0
0.01374999999999552 0.002285714285709134 0
0.01374999999999828 0.003428571428562995 0
0.01375000000000105 0.004571428571419357 0
0.01375000000000381 0.005714285714279265 0
0.01375000000000656 0.006857142857139631 0
0.01499999999999022 0.00114285714285516 0
0.014999999999994 0.002285714285709134 0
0.01499999999999778 0.003428571428562994 0
0.01500000000000156 0.004571428571419357 0
0.01500000000000533 0.005714285714279265 0
0.01500000000000911 0.006857142857139632 0
0.01624999999999339 0.00114285714285516 0
0.01624999999999611 0.002285714285709135 0
0.01624999999999882 0.003428571428562994 0
0.01625000000000153 0.004571428571419358 0
0.01625000000000424 0.005714285714279265 0
0.01625000000000695 0.006857142857139633 0
0.01749999999999472 0.00114285714285516 0
0.01749999999999656 0.002285714285709134 0
0.01749999999999841 0.003428571428562994 0
0.01750000000000025 0.004571428571419357 0
0.01750000000000209 0.005714285714279265 0
0.01750000000000393 0.006857142857139632 0
0.01874999999999663 0.00114285714285516 0
0.01874999999999751 0.002285714285709134 0
0.01874999999999838 0.003428571428562995 0
0.01874999999999926 0.004571428571419357 0
0.01875000000000012 0.005714285714279265 0
0.018750000000001 0.006857142857139632 0
0.01124999999999756 0.00057142857142758 0
0.010624999999999 0.00114285714285516 0
0.01062499999999878 0.00057142857142758 0
0.01124999999999842 0.001714285714282147 0
0.01062499999999943 0.002285714285709134 0
0.01062499999999921 0.001714285714282147 0
0.0112499999999993 0.002857142857136064 0
0.01062499999999987 0.003428571428562995 0
0.01062499999999965 0.002857142857136064 0
0.01125000000000017 0.003999999999991176 0
0.0106250000000003 0.004571428571419357 0
0.01062500000000008 0.003999999999991176 0
0.01125000000000104 0.005142857142849311 0
0.01062500000000074 0.005714285714279265 0
0.01062500000000052 0.005142857142849311 0
0.01125000000000191 0.006285714285709449 0
0.01062500000000118 0.006857142857139632 0
0.01062500000000096 0.006285714285709449 0
0.01125000000000279 0.007428571428569816 0
0.01062500000000139 0.007428571428569816 0
0.01249999999999448 0.00057142857142758 0
0.0118749999999967 0.00114285714285516 0
0.01187499999999602 0.00057142857142758 0
0.01249999999999632 0.001714285714282147 0
0.01187499999999805 0.002285714285709134 0
0.01187499999999737 0.001714285714282147 0
0.01249999999999816 0.002857142857136064 0
0.01187499999999941 0.003428571428562995 0
0.01187499999999873 0.002857142857136064 0
0.0125 0.003999999999991176 0
0.01187500000000076 0.004571428571419357 0
0.01187500000000008 0.003999999999991176 0
0.01250000000000184 0.005142857142849311 0
0.01187500000000212 0.005714285714279265 0
0.01187500000000144 0.005142857142849311 0
0.01250000000000368 0.006285714285709448 0
0.01187500000000347 0.006857142857139632 0
0.0118750000000028 0.006285714285709448 0
0.01250000000000552 0.007428571428569815 0
0.01187500000000415 0.007428571428569815 0
0.01374999999999138 0.00057142857142758 0
0.01312499999999409 0.00114285714285516 0
0.01312499999999293 0.00057142857142758 0
0.01374999999999415 0.001714285714282147 0
0.01312499999999638 0.002285714285709134 0
0.01312499999999523 0.001714285714282147 0
0.0137499999999969 0.002857142857136064 0
0.01312499999999868 0.003428571428562995 0
0.01312499999999753 0.002857142857136064 0
0.01374999999999967 0.003999999999991176 0
0.01312500000000098 0.004571428571419357 0
0.01312499999999983 0.003999999999991176 0
0.01375000000000243 0.005142857142849311 0
0.01312500000000329 0.005714285714279265 0
0.01312500000000213 0.005142857142849311 0
0.01375000000000519 0.006285714285709448 0
0.01312500000000558 0.006857142857139631 0
0.01312500000000443 0.006285714285709448 0
0.01375000000000795 0.007428571428569815 0
0.01312500000000673 0.007428571428569815 0
0.01499999999998833 0.00057142857142758 0
0.0143749999999915 0.00114285714285516 0
0.01437499999998986 0.00057142857142758 0
0.01499999999999211 0.001714285714282147 0
0.01437499999999476 0.002285714285709134 0
0.01437499999999313 0.001714285714282147 0
0.01499999999999589 0.002857142857136064 0
0.01437499999999803 0.003428571428562995 0
0.0143749999999964 0.002857142857136064 0
0.01499999999999967 0.003999999999991176 0
0.01437500000000131 0.004571428571419357 0
0.01437499999999967 0.003999999999991176 0
0.01500000000000344 0.005142857142849311 0
0.01437500000000457 0.005714285714279265 0
0.01437500000000294 0.005142857142849311 0
0.01500000000000722 0.006285714285709449 0
0.01437500000000784 0.006857142857139632 0
0.0143750000000062 0.006285714285709449 0
0.015000000000011 0.007428571428569816 0
0.01437500000000947 0.007428571428569815 0
0.01624999999999203 0.00057142857142758 0
0.01562499999999181 0.00114285714285516 0
0.01562499999999018 0.00057142857142758 0
0.01624999999999475 0.001714285714282148 0
0.01562499999999506 0.002285714285709135 0
0.01562499999999343 0.001714285714282147 0
0.01624999999999747 0.002857142857136064 0
0.0156249999999983 0.003428571428562994 0
0.01562499999999668 0.002857142857136064 0
0.01625000000000017 0.003999999999991176 0
0.01562500000000155 0.004571428571419357 0
0.01562499999999992 0.003999999999991176 0
0.01625000000000289 0.005142857142849311 0
0.01562500000000478 0.005714285714279265 0
0.01562500000000316 0.005142857142849311 0
0.01625000000000559 0.006285714285709449 0
0.01562500000000803 0.006857142857139632 0
0.01562500000000641 0.006285714285709449 0
0.01625000000000831 0.007428571428569817 0
0.01562500000000965 0.007428571428569817 0
0.0174999999999938 0.00057142857142758 0
0.01687499999999405 0.00114285714285516 0
0.01687499999999292 0.00057142857142758 0
0.01749999999999564 0.001714285714282147 0
0.01687499999999634 0.002285714285709135 0
0.0168749999999952 0.001714285714282147 0
0.01749999999999748 0.002857142857136064 0
0.01687499999999861 0.003428571428562994 0
0.01687499999999748 0.002857142857136064 0
0.01749999999999933 0.003999999999991176 0
0.01687500000000089 0.004571428571419357 0
0.01687499999999975 0.003999999999991176 0
0.01750000000000117 0.005142857142849311 0
0.01687500000000317 0.005714285714279265 0
0.01687500000000203 0.005142857142849311 0
0.01750000000000301 0.006285714285709449 0
0.01687500000000544 0.006857142857139632 0
0.0168750000000043 0.006285714285709449 0
0.01750000000000485 0.007428571428569816 0
0.01687500000000658 0.007428571428569817 0
0.0187499999999962 0.00057142857142758 0
0.01812499999999568 0.00114285714285516 0
0.018124999999995 0.00057142857142758 0
0.01874999999999707 0.001714285714282147 0
0.01812499999999704 0.002285714285709134 0
0.01812499999999636 0.001714285714282147 0
0.01874999999999795 0.002857142857136064 0
0.01812499999999839 0.003428571428562995 0
0.01812499999999771 0.002857142857136064 0
0.01874999999999882 0.003999999999991176 0
0.01812499999999976 0.004571428571419357 0
0.01812499999999908 0.003999999999991176 0
0.01874999999999969 0.005142857142849311 0
0.01812500000000111 0.005714285714279265 0
0.01812500000000043 0.005142857142849311 0
0.01875000000000056 0.006285714285709449 0
0.01812500000000247 0.006857142857139632 0
0.01812500000000179 0.006285714285709449 0
0.01875000000000143 0.007428571428569816 0
0.01812500000000314 0.007428571428569816 0
0.01937499999999832 0.00114285714285516 0
0.0193749999999981 0.00057142857142758 0
0.01937499999999875 0.002285714285709134 0
0.01937499999999853 0.001714285714282147 0
0.01937499999999919 0.003428571428562995 0
0.01937499999999897 0.002857142857136064 0
0.01937499999999963 0.004571428571419357 0
0.01937499999999941 0.003999999999991176 0
0.01937500000000006 0.005714285714279265 0
0.01937499999999984 0.005142857142849311 0
0.0193750000000005 0.006857142857139632 0
0.01937500000000028 0.006285714285709449 0
0.01937500000000071 0.007428571428569816 0
2 62 0 13
2268
2269
2270
2271
2272
2273
2274
2275
2276
2277
2278
2279
2280
0.02 0.00114285714285516 0.0002
0.02 0.00057142857142758 0.0002
0.02 0.002285714285709134 0.0002
0.02 0.001714285714282147 0.0002
0.02 0.003428571428562995 0.0002
0.02 0.002857142857136064 0.0002
0.02 0.004571428571419358 0.0002
0.02 0.003999999999991176 0.0002
0.02 0.005714285714279265 0.0002
0.02 0.005142857142849311 0.0002
0.02 0.006857142857139632 0.0002
0.02 0.006285714285709449 0.0002
0.02 0.007428571428569815 0.0002
2 71 0 195
2281
2282
2283
2284
2285
2286
2287
2288
2289
2290
2291
2292
2293
2294
2295
2296
2297
2298
2299
2300
2301
2302
2303
2304
2305
2306
2307
2308
2309
2310
2311
2312
2313
2314
2315
2316
2317
2318
2319
2320
2321
2322
2323
2324
2325
2326
2327
2328
2329
2330
2331
2332
2333
2334
2335
2336
2337
2338
2339
2340
2341
2342
2343
2344
2345
2346
2347
2348
2349
2350
2351
2352
2353
2354
2355
2356
2357
2358
2359
2360
2361
2362
2363
2364
2365
2366
2367
2368
2369
2370
2371
2372
2373
2374
2375
2376
2377
2378
2379
2380
2381
2382
2383
2384
2385
2386
2387
2388
2389
2390
2391
2392
2393
2394
2395
2396
2397
2398
2399
2400
2401
2402
2403
2404
2405
2406
2407
2408
2409
2410
2411
2412
2413
2414
2415
2416
2417
2418
2419
2420
2421
2422
2423
2424
2425
2426
2427
2428
2429
2430
2431
2432
2433
2434
2435
2436
2437
2438
2439
2440
2441
2442
2443
2444
2445
2446
2447
2448
2449
2450
2451
2452
2453
2454
2455
2456
2457
2458
2459
2460
2461
2462
2463
2464
2465
2466
2467
2468
2469
2470
2471
2472
2473
2474
2475
0.01124999999999799 0.00114285714285516 0.0004
0.01124999999999886 0.002285714285709134 0.0004
0.01124999999999973 0.003428571428562995 0.0004
0.0112500000000006 0.004571428571419357 0.0004
0.01125000000000148 0.005714285714279265 0.0004
0.01125000000000235 0.006857142857139632 0.0004
0.0124999999999954 0.00114285714285516 0.0004
0.01249999999999724 0.002285714285709134 0.0004
0.01249999999999908 0.003428571428562995 0.0004
0.01250000000000092 0.004571428571419357 0.0004
0.01250000000000276 0.005714285714279265 0.0004
0.0125000000000046 0.006857142857139631 0.0004
0.01374999999999277 0.00114285714285516 0.0004
0.01374999999999552 0.002285714285709134 0.0004
0.01374999999999828 0.003428571428562995 0.0004
0.01375000000000105 0.004571428571419357 0.0004
0.01375000000000381 0.005714285714279265 0.0004
0.01375000000000656 0.006857142857139631 0.0004
0.01499999999999022 0.00114285714285516 0.0004
0.014999999999994 0.002285714285709134 0.0004
0.01499999999999778 0.003428571428562994 0.0004
0.01500000000000156 0.004571428571419357 0.0004
0.01500000000000533 0.005714285714279265 0.0004
0.01500000000000911 0.006857142857139632 0.0004
0.01624999999999339 0.00114285714285516 0.0004
0.01624999999999611 0.002285714285709135 0.0004
0.01624999999999882 0.003428571428562994 0.0004
0.01625000000000153 0.004571428571419358 0.0004
0.01625000000000424 0.005714285714279265 0.0004
0.01625000000000695 0.006857142857139633 0.0004
0.01749999999999472 0.00114285714285516 0.0004
0.01749999999999656 0.002285714285709134 0.0004
0.01749999999999841 0.003428571428562994 0.0004
0.01750000000000025 0.004571428571419357 0.0004
0.01750000000000209 0.005714285714279265 0.0004
0.01750000000000393 0.006857142857139632 0.0004
0.01874999999999663 0.00114285714285516 0.0004
0.01874999999999751 0.002285714285709134 0.0004
0.01874999999999838 0.003428571428562995 0.0004
0.01874999999999926 0.004571428571419357 0.0004
0.01875000000000012 0.005714285714279265 0.0004
0.018750000000001 0.006857142857139632 0.0004
0.01124999999999756 0.00057142857142758 0.0004
0.010624999999999 0.00114285714285516 0.0004
0.01062499999999878 0.00057142857142758 0.0004
0.01124999999999842 0.001714285714282147 0.0004
0.01062499999999943 0.002285714285709134 0.0004
0.01062499999999921 0.001714285714282147 0.0004
0.0112499999999993 0.002857142857136064 0.0004
0.01062499999999987 0.003428571428562995 0.0004
0.01062499999999965 0.002857142857136064 0.0004
0.01125000000000017 0.003999999999991176 0.0004
0.0106250000000003 0.004571428571419357 0.0004
0.01062500000000008 0.003999999999991176 0.0004
0.01125000000000104 0.005142857142849311 0.0004
0.01062500000000074 0.005714285714279265 0.0004
0.01062500000000052 0.005142857142849311 0.0004
0.01125000000000191 0.006285714285709449 0.0004
0.01062500000000118 0.006857142857139632 0.0004
0.01062500000000096 0.006285714285709449 0.0004
0.01125000000000279 0.007428571428569816 0.0004
0.01062500000000139 0.007428571428569816 0.0004
0.01249999999999448 0.00057142857142758 0.0004
0.0118749999999967 0.00114285714285516 0.0004
0.01187499999999602 0.00057142857142758 0.0004
0.01249999999999632 0.001714285714282147 0.0004
0.01187499999999805 0.002285714285709134 0.0004
0.01187499999999737 0.001714285714282147 0.0004
0.01249999999999816 0.002857142857136064 0.0004
0.01187499999999941 0.003428571428562995 0.0004
0.01187499999999873 0.002857142857136064 0.0004
0.0125 0.003999999999991176 0.0004
0.01187500000000076 0.004571428571419357 0.0004
0.01187500000000008 0.003999999999991176 0.0004
0.01250000000000184 0.005142857142849311 0.0004
0.01187500000000212 0.005714285714279265 0.0004
0.01187500000000144 0.005142857142849311 0.0004
0.01250000000000368 0.006285714285709448 0.0004
0.01187500000000347 0.006857142857139632 0.0004
0.0118750000000028 0.006285714285709448 0.0004
0.01250000000000552 0.007428571428569815 0.0004
0.01187500000000415 0.007428571428569815 0.0004
0.01374999999999138 0.00057142857142758 0.0004
0.01312499999999409 0.00114285714285516 0.0004
0.01312499999999293 0.00057142857142758 0.0004
0.01374999999999415 0.001714285714282147 0.0004
0.01312499999999638 0.002285714285709134 0.0004
0.01312499999999523 0.001714285714282147 0.0004
0.0137499999999969 0.002857142857136064 0.0004
0.01312499999999868 0.003428571428562995 0.0004
0.01312499999999753 0.002857142857136064 0.0004
0.01374999999999967 0.003999999999991176 0.0004
0.01312500000000098 0.004571428571419357 0.0004
0.01312499999999983 0.003999999999991176 0.0004
0.01375000000000243 0.005142857142849311 0.0004
0.01312500000000329 0.005714285714279265 0.0004
0.01312500000000213 0.005142857142849311 0.0004
0.01375000000000519 0.006285714285709448 0.0004
0.01312500000000558 0.006857142857139631 0.0004
0.01312500000000443 0.006285714285709448 0.0004
0.01375000000000795 0.007428571428569815 0.0004
0.01312500000000673 0.007428571428569815 0.0004
0.01499999999998833 0.00057142857142758 0.0004
0.0143749999999915 0.00114285714285516 0.0004
0.01437499999998986 0.00057142857142758 0.0004
0.01499999999999211 0.001714285714282147 0.0004
0.01437499999999476 0.002285714285709134 0.0004
0.01437499999999313 0.001714285714282147 0.0004
0.01499999999999589 0.002857142857136064 0.0004
0.01437499999999803 0.003428571428562995 0.0004
0.0143749999999964 0.002857142857136064 0.0004
0.01499999999999967 0.003999999999991176 0.0004
0.01437500000000131 0.004571428571419357 0.0004
0.01437499999999967 0.003999999999991176 0.0004
0.01500000000000344 0.005142857142849311 0.0004
0.01437500000000457 0.005714285714279265 0.0004
0.01437500000000294 0.005142857142849311 0.0004
0.01500000000000722 0.006285714285709449 0.0004
0.01437500000000784 0.006857142857139632 0.0004
0.0143750000000062 0.006285714285709449 0.0004
0.015000000000011 0.007428571428569816 0.0004
0.01437500000000947 0.007428571428569815 0.0004
0.01624999999999203 0.00057142857142758 0.0004
0.01562499999999181 0.00114285714285516 0.0004
0.01562499999999018 0.00057142857142758 0.0004
0.01624999999999475 0.001714285714282148 0.0004
0.01562499999999506 0.002285714285709135 0.0004
0.01562499999999343 0.001714285714282147 0.0004
0.01624999999999747 0.002857142857136064 0.0004
0.0156249999999983 0.003428571428562994 0.0004
0.01562499999999668 0.002857142857136064 0.0004
0.01625000000000017 0.003999999999991176 0.0004
0.01562500000000155 0.004571428571419357 0.0004
0.01562499999999992 0.003999999999991176 0.0004
0.01625000000000289 0.005142857142849311 0.0004
0.01562500000000478 0.005714285714279265 0.0004
0.01562500000000316 0.005142857142849311 0.0004
0.01625000000000559 0.006285714285709449 0.0004
0.01562500000000803 0.006857142857139632 0.0004
0.01562500000000641 0.006285714285709449 0.0004
0.01625000000000831 0.007428571428569817 0.0004
0.01562500000000965 0.007428571428569817 0.0004
0.0174999999999938 0.00057142857142758 0.0004
0.01687499999999405 0.00114285714285516 0.0004
0.01687499999999292 0.00057142857142758 0.0004
0.01749999999999564 0.001714285714282147 0.0004
0.01687499999999634 0.002285714285709135 0.0004
0.0168749999999952 0.001714285714282147 0.0004
0.01749999999999748 0.002857142857136064 0.0004
0.01687499999999861 0.003428571428562994 0.0004
0.01687499999999748 0.002857142857136064 0.0004
0.01749999999999933 0.003999999999991176 0.0004
0.01687500000000089 0.004571428571419357 0.0004
0.01687499999999975 0.003999999999991176 0.0004
0.01750000000000117 0.005142857142849311 0.0004
0.01687500000000317 0.005714285714279265 0.0004
0.01687500000000203 0.005142857142849311 0.0004
0.01750000000000301 0.006285714285709449 0.0004
0.01687500000000544 0.006857142857139632 0.0004
0.0168750000000043 0.006285714285709449 0.0004
0.01750000000000485 0.007428571428569816 0.0004
0.01687500000000658 0.007428571428569817 0.0004
0.0187499999999962 0.00057142857142758 0.0004
0.01812499999999568 0.00114285714285516 0.0004
0.018124999999995 0.00057142857142758 0.0004
0.01874999999999707 0.001714285714282147 0.0004
0.01812499999999704 0.002285714285709134 0.0004
0.01812499999999636 0.001714285714282147 0.0004
0.01874999999999795 0.002857142857136064 0.0004
0.01812499999999839 0.003428571428562995 0.0004
0.01812499999999771 0.002857142857136064 0.0004
0.01874999999999882 0.003999999999991176 0.0004
0.01812499999999976 0.004571428571419357 0.0004
0.01812499999999908 0.003999999999991176 0.0004
0.01874999999999969 0.005142857142849311 0.0004
0.01812500000000111 0.005714285714279265 0.0004
0.01812500000000043 0.005142857142849311 0.0004
0.01875000000000056 0.006285714285709449 0.0004
0.01812500000000247 0.006857142857139632 0.0004
0.01812500000000179 0.006285714285709449 0.0004
0.01875000000000143 0.007428571428569816 0.0004
0.01812500000000314 0.007428571428569816 0.0004
0.01937499999999832 0.00114285714285516 0.0004
0.0193749999999981 0.00057142857142758 0.0004
0.01937499999999875 0.002285714285709134 0.0004
0.01937499999999853 0.001714285714282147 0.0004
0.01937499999999919 0.003428571428562995 0.0004
0.01937499999999897 0.002857142857136064 0.0004
0.01937499999999963 0.004571428571419357 0.0004
0.01937499999999941 0.003999999999991176 0.0004
0.01937500000000006 0.005714285714279265 0.0004
0.01937499999999984 0.005142857142849311 0.0004
0.0193750000000005 0.006857142857139632 0.0004
0.01937500000000028 0.006285714285709449 0.0004
0.01937500000000071 0.007428571428569816 0.0004
2 84 0 13
2476
2477
2478
2479
2480
2481
2482
2483
2484
2485
2486
2487
2488
0.02 0.00114285714285516 0.0006000000000000001
0.02 0.00057142857142758 0.0006000000000000001
0.02 0.002285714285709134 0.0006000000000000001
0.02 0.001714285714282147 0.0006000000000000001
0.02 0.003428571428562995 0.0006000000000000001
0.02 0.002857142857136064 0.0006000000000000001
0.02 0.004571428571419358 0.0006000000000000001
0.02 0.003999999999991176 0.0006000000000000001
0.02 0.005714285714279265 0.0006000000000000001
0.02 0.005142857142849311 0.0006000000000000001
0.02 0.006857142857139632 0.0006000000000000001
0.02 0.006285714285709449 0.0006000000000000001
0.02 0.007428571428569815 0.0006000000000000001
2 93 0 195
2489
2490
2491
2492
2493
2494
2495
2496
2497
2498
2499
2500
2501
2502
2503
2504
2505
2506
2507
2508
2509
2510
2511
2512
2513
2514
2515
2516
2517
2518
2519
2520
2521
2522
2523
2524
2525
2526
2527
2528
2529
2530
2531
2532
2533
2534
2535
2536
2537
2538
2539
2540
2541
2542
2543
2544
2545
2546
2547
2548
2549
2550
2551
2552
2553
2554
2555
2556
2557
2558
2559
2560
2561
2562
2563
2564
2565
2566
2567
2568
2569
2570
2571
2572
2573
2574
2575
2576
2577
2578
2579
2580
2581
2582
2583
2584
2585
2586
2587
2588
2589
2590
2591
2592
2593
2594
2595
2596
2597
2598
2599
2600
2601
2602
2603
2604
2605
2606
2607
2608
2609
2610
2611
2612
2613
2614
2615
2616
2617
2618
2619
2620
2621
2622
2623
2624
2625
2626
2627
2628
2629
2630
2631
2632
2633
2634
2635
2636
2637
2638
2639
2640
2641
2642
2643
2644
2645
2646
2647
2648
2649
2650
2651
2652
2653
2654
2655
2656
2657
2658
2659
2660
2661
2662
2663
2664
2665
2666
2667
2668
2669
2670
2671
2672
2673
2674
2675
2676
2677
2678
2679
2680
2681
2682
2683
0.01124999999999799 0.00114285714285516 0.0008
0.01124999999999886 0.002285714285709134 0.0008
0.01124999999999973 0.003428571428562995 0.0008
0.0112500000000006 0.004571428571419357 0.0008
0.01125000000000148 0.005714285714279265 0.0008
0.01125000000000235 0.006857142857139632 0.0008
0.0124999999999954 0.00114285714285516 0.0008
0.01249999999999724 0.002285714285709134 0.0008
0.01249999999999908 0.003428571428562995 0.0008
0.01250000000000092 0.004571428571419357 0.0008
0.01250000000000276 0.005714285714279265 0.0008
0.0125000000000046 0.006857142857139631 0.0008
0.01374999999999277 0.00114285714285516 0.0008
0.01374999999999552 0.002285714285709134 0.0008
0.01374999999999828 0.003428571428562995 0.0008
0.01375000000000105 0.004571428571419357 0.0008
0.01375000000000381 0.005714285714279265 0.0008
0.01375000000000656 0.006857142857139631 0.0008
0.01499999999999022 0.00114285714285516 0.0008
0.014999999999994 0.002285714285709134 0.0008
0.01499999999999778 0.003428571428562994 0.0008
0.01500000000000156 0.004571428571419357 0.0008
0.01500000000000533 0.005714285714279265 0.0008
0.01500000000000911 0.006857142857139632 0.0008
0.01624999999999339 0.00114285714285516 0.0008
0.01624999999999611 0.002285714285709135 0.0008
0.01624999999999882 0.003428571428562994 0.0008
0.01625000000000153 0.004571428571419358 0.0008
0.01625000000000424 0.005714285714279265 0.0008
0.01625000000000695 0.006857142857139633 0.0008
0.01749999999999472 0.00114285714285516 0.0008
0.01749999999999656 0.002285714285709134 0.0008
0.01749999999999841 0.003428571428562994 0.0008
0.01750000000000025 0.004571428571419357 0.0008
0.01750000000000209 0.005714285714279265 0.0008
0.01750000000000393 0.006857142857139632 0.0008
0.01874999999999663 0.00114285714285516 0.0008
0.01874999999999751 0.002285714285709134 0.0008
0.01874999999999838 0.003428571428562995 0.0008
0.01874999999999926 0.004571428571419357 0.0008
0.01875000000000012 0.005714285714279265 0.0008
0.018750000000001 0.006857142857139632 0.0008
0.01124999999999756 0.00057142857142758 0.0008
0.010624999999999 0.00114285714285516 0.0008
0.01062499999999878 0.00057142857142758 0.0008
0.01124999999999842 0.001714285714282147 0.0008
0.01062499999999943 0.002285714285709134 0.0008
0.01062499999999921 0.001714285714282147 0.0008
0.0112499999999993 0.002857142857136064 0.0008
0.01062499999999987 0.003428571428562995 0.0008
0.01062499999999965 0.002857142857136064 0.0008
0.01125000000000017 0.003999999999991176 0.0008
0.0106250000000003 0.004571428571419357 0.0008
0.01062500000000008 0.003999999999991176 0.0008
0.01125000000000104 0.005142857142849311 0.0008
0.01062500000000074 0.005714285714279265 0.0008
0.01062500000000052 0.005142857142849311 0.0008
0.01125000000000191 0.006285714285709449 0.0008
0.01062500000000118 0.006857142857139632 0.0008
0.01062500000000096 0.006285714285709449 0.0008
0.01125000000000279 0.007428571428569816 0.0008
0.01062500000000139 0.007428571428569816 0.0008
0.01249999999999448 0.00057142857142758 0.0008
0.0118749999999967 0.00114285714285516 0.0008
0.01187499999999602 0.00057142857142758 0.0008
0.01249999999999632 0.001714285714282147 0.0008
0.01187499999999805 0.002285714285709134 0.0008
0.01187499999999737 0.001714285714282147 0.0008
0.01249999999999816 0.002857142857136064 0.0008
0.01187499999999941 0.003428571428562995 0.0008
0.01187499999999873 0.002857142857136064 0.0008
0.0125 0.003999999999991176 0.0008
0.01187500000000076 0.004571428571419357 0.0008
0.01187500000000008 0.003999999999991176 0.0008
0.01250000000000184 0.005142857142849311 0.0008
0.01187500000000212 0.005714285714279265 0.0008
0.01187500000000144 0.005142857142849311 0.0008
0.01250000000000368 0.006285714285709448 0.0008
0.01187500000000347 0.006857142857139632 0.0008
0.0118750000000028 0.006285714285709448 0.0008
0.01250000000000552 0.007428571428569815 0.0008
0.01187500000000415 0.007428571428569815 0.0008
0.01374999999999138 0.00057142857142758 0.0008
0.01312499999999409 0.00114285714285516 0.0008
0.01312499999999293 0.00057142857142758 0.0008
0.01374999999999415 0.001714285714282147 0.0008
0.01312499999999638 0.002285714285709134 0.0008
0.01312499999999523 0.001714285714282147 0.0008
0.0137499999999969 0.002857142857136064 0.0008
0.01312499999999868 0.003428571428562995 0.0008
0.01312499999999753 0.002857142857136064 0.0008
0.01374999999999967 0.003999999999991176 0.0008
0.01312500000000098 0.004571428571419357 0.0008
0.01312499999999983 0.003999999999991176 0.0008
0.01375000000000243 0.005142857142849311 0.0008
0.01312500000000329 0.005714285714279265 0.0008
0.01312500000000213 0.005142857142849311 0.0008
0.01375000000000519 0.006285714285709448 0.0008
0.01312500000000558 0.006857142857139631 0.0008
0.01312500000000443 0.006285714285709448 0.0008
0.01375000000000795 0.007428571428569815 0.0008
0.01312500000000673 0.007428571428569815 0.0008
0.01499999999998833 0.00057142857142758 0.0008
0.0143749999999915 0.00114285714285516 0.0008
0.01437499999998986 0.00057142857142758 0.0008
0.01499999999999211 0.001714285714282147 0.0008
0.01437499999999476 0.002285714285709134 0.0008
0.01437499999999313 0.001714285714282147 0.0008
0.01499999999999589 0.002857142857136064 0.0008
0.01437499999999803 0.003428571428562995 0.0008
0.0143749999999964 0.002857142857136064 0.0008
0.01499999999999967 0.003999999999991176 0.0008
0.01437500000000131 0.004571428571419357 0.0008
0.01437499999999967 0.003999999999991176 0.0008
0.01500000000000344 0.005142857142849311 0.0008
0.01437500000000457 0.005714285714279265 0.0008
0.01437500000000294 0.005142857142849311 0.0008
0.01500000000000722 0.006285714285709449 0.0008
0.01437500000000784 0.006857142857139632 0.0008
0.0143750000000062 0.006285714285709449 0.0008
0.015000000000011 0.007428571428569816 0.0008
0.01437500000000947 0.007428571428569815 0.0008
0.01624999999999203 0.00057142857142758 0.0008
0.01562499999999181 0.00114285714285516 0.0008
0.01562499999999018 0.00057142857142758 0.0008
0.01624999999999475 0.001714285714282148 0.0008
0.01562499999999506 0.002285714285709135 0.0008
0.01562499999999343 0.001714285714282147 0.0008
0.01624999999999747 0.002857142857136064 0.0008
0.0156249999999983 0.003428571428562994 0.0008
0.01562499999999668 0.002857142857136064 0.0008
0.01625000000000017 0.003999999999991176 0.0008
0.01562500000000155 0.004571428571419357 0.0008
0.01562499999999992 0.003999999999991176 0.0008
0.01625000000000289 0.005142857142849311 0.0008
0.01562500000000478 0.005714285714279265 0.0008
0.01562500000000316 0.005142857142849311 0.0008
0.01625000000000559 0.006285714285709449 0.0008
0.01562500000000803 0.006857142857139632 0.0008
0.01562500000000641 0.006285714285709449 0.0008
0.01625000000000831 0.007428571428569817 0.0008
0.01562500000000965 0.007428571428569817 0.0008
0.0174999999999938 0.00057142857142758 0.0008
0.01687499999999405 0.00114285714285516 0.0008
0.01687499999999292 0.00057142857142758 0.0008
0.01749999999999564 0.001714285714282147 0.0008
0.01687499999999634 0.002285714285709135 0.0008
0.0168749999999952 0.001714285714282147 0.0008
0.01749999999999748 0.002857142857136064 0.0008
0.01687499999999861 0.003428571428562994 0.0008
0.01687499999999748 0.002857142857136064 0.0008
0.01749999999999933 0.003999999999991176 0.0008
0.01687500000000089 0.004571428571419357 0.0008
0.01687499999999975 0.003999999999991176 0.0008
0.01750000000000117 0.005142857142849311 0.0008
0.01687500000000317 0.005714285714279265 0.0008
0.01687500000000203 0.005142857142849311 0.0008
0.01750000000000301 0.006285714285709449 0.0008
0.01687500000000544 0.006857142857139632 0.0008
0.0168750000000043 0.006285714285709449 0.0008
0.01750000000000485 0.007428571428569816 0.0008
0.01687500000000658 0.007428571428569817 0.0008
0.0187499999999962 0.00057142857142758 0.0008
0.01812499999999568 0.00114285714285516 0.0008
0.018124999999995 0.00057142857142758 0.0008
0.01874999999999707 0.001714285714282147 0.0008
0.01812499999999704 0.002285714285709134 0.0008
0.01812499999999636 0.001714285714282147 0.0008
0.01874999999999795 0.002857142857136064 0.0008
0.01812499999999839 0.003428571428562995 0.0008
0.01812499999999771 0.002857142857136064 0.0008
0.01874999999999882 0.003999999999991176 0.0008
0.01812499999999976 0.004571428571419357 0.0008
0.01812499999999908 0.003999999999991176 0.0008
0.01874999999999969 0.005142857142849311 0.0008
0.01812500000000111 0.005714285714279265 0.0008
0.01812500000000043 0.005142857142849311 0.0008
0.01875000000000056 0.006285714285709449 0.0008
0.01812500000000247 0.006857142857139632 0.0008
0.01812500000000179 0.006285714285709449 0.0008
0.01875000000000143 0.007428571428569816 0.0008
0.01812500000000314 0.007428571428569816 0.0008
0.01937499999999832 0.00114285714285516 0.0008
0.0193749999999981 0.00057142857142758 0.0008
0.01937499999999875 0.002285714285709134 0.0008
0.01937499999999853 0.001714285714282147 0.0008
0.01937499999999919 0.003428571428562995 0.0008
0.01937499999999897 0.002857142857136064 0.0008
0.01937499999999963 0.004571428571419357 0.0008
0.01937499999999941 0.003999999999991176 0.0008
0.01937500000000006 0.005714285714279265 0.0008
0.01937499999999984 0.005142857142849311 0.0008
0.0193750000000005 0.006857142857139632 0.0008
0.01937500000000028 0.006285714285709449 0.0008
0.01937500000000071 0.007428571428569816 0.0008
2 94 0 195
2684
2685
2686
2687
2688
2689
2690
2691
2692
2693
2694
2695
2696
2697
2698
2699
2700
2701
2702
2703
2704
2705
2706
2707
2708
2709
2710
2711
2712
2713
2714
2715
2716
2717
2718
2719
2720
2721
2722
2723
2724
2725
2726
2727
2728
2729
2730
2731
2732
2733
2734
2735
2736
2737
2738
2739
2740
2741
2742
2743
2744
2745
2746
2747
2748
2749
2750
2751
2752
2753
2754
2755
2756
2757
2758
2759
2760
2761
2762
2763
2764
2765
2766
2767
2768
2769
2770
2771
2772
2773
2774
2775
2776
2777
2778
2779
2780
2781
2782
2783
2784
2785
2786
2787
2788
2789
2790
2791
2792
2793
2794
2795
2796
2797
2798
2799
2800
2801
2802
2803
2804
2805
2806
2807
2808
2809
2810
2811
2812
2813
2814
2815
2816
2817
2818
2819
2820
2821
2822
2823
2824
2825
2826
2827
2828
2829
2830
2831
2832
2833
2834
2835
2836
2837
2838
2839
2840
2841
2842
2843
2844
2845
2846
2847
2848
2849
2850
2851
2852
2853
2854
2855
2856
2857
2858
2859
2860
2861
2862
2863
2864
2865
2866
2867
2868
2869
2870
2871
2872
2873
2874
2875
2876
2877
2878
0.02124999999999901 0.00114285714285516 0
0.02124999999999988 0.002285714285709134 0
0.02125000000000076 0.003428571428562995 0
0.02125000000000162 0.004571428571419357 0
0.0212500000000025 0.005714285714279265 0
0.02125000000000337 0.006857142857139632 0
0.02249999999999608 0.00114285714285516 0
0.02249999999999792 0.002285714285709134 0
0.02249999999999977 0.003428571428562994 0
0.02250000000000161 0.004571428571419357 0
0.02250000000000344 0.005714285714279265 0
0.02250000000000528 0.006857142857139632 0
0.02374999999999305 0.00114285714285516 0
0.02374999999999577 0.002285714285709135 0
0.02374999999999847 0.003428571428562994 0
0.02375000000000119 0.004571428571419358 0
0.0237500000000039 0.005714285714279265 0
0.02375000000000662 0.006857142857139633 0
0.0249999999999908 0.00114285714285516 0
0.02499999999999448 0.002285714285709134 0
0.02499999999999817 0.003428571428562995 0
0.02500000000000184 0.004571428571419358 0
0.02500000000000552 0.005714285714279265 0
0.02500000000000921 0.006857142857139632 0
0.0262499999999934 0.00114285714285516 0
0.0262499999999961 0.002285714285709135 0
0.02624999999999882 0.003428571428562994 0
0.02625000000000154 0.004571428571419358 0
0.02625000000000424 0.005714285714279265 0
0.02625000000000696 0.006857142857139633 0
0.02749999999999473 0.00114285714285516 0
0.02749999999999657 0.002285714285709134 0
0.0274999999999984 0.003428571428562994 0
0.02750000000000025 0.004571428571419357 0
0.02750000000000209 0.005714285714279265 0
0.02750000000000392 0.006857142857139632 0
0.02874999999999664 0.00114285714285516 0
0.02874999999999751 0.002285714285709134 0
0.02874999999999838 0.003428571428562995 0
0.02874999999999926 0.004571428571419357 0
0.02875000000000013 0.005714285714279265 0
0.028750000000001 0.006857142857139632 0
0.02124999999999858 0.00057142857142758 0
0.0206249999999995 0.00114285714285516 0
0.02062499999999929 0.00057142857142758 0
0.02124999999999944 0.001714285714282147 0
0.02062499999999994 0.002285714285709134 0
0.02062499999999972 0.001714285714282147 0
0.02125000000000032 0.002857142857136064 0
0.02062500000000038 0.003428571428562995 0
0.02062500000000016 0.002857142857136064 0
0.02125000000000119 0.003999999999991176 0
0.02062500000000081 0.004571428571419357 0
0.02062500000000059 0.003999999999991176 0
0.02125000000000206 0.005142857142849311 0
0.02062500000000125 0.005714285714279265 0
0.02062500000000103 0.005142857142849311 0
0.02125000000000293 0.006285714285709449 0
0.02062500000000168 0.006857142857139632 0
0.02062500000000147 0.006285714285709449 0
0.02125000000000381 0.007428571428569816 0
0.02062500000000191 0.007428571428569816 0
0.02249999999999516 0.00057142857142758 0
0.02187499999999754 0.00114285714285516 0
0.02187499999999687 0.00057142857142758 0
0.022499999999997 0.001714285714282147 0
0.0218749999999989 0.002285714285709134 0
0.02187499999999822 0.001714285714282147 0
0.02249999999999885 0.002857142857136064 0
0.02187500000000027 0.003428571428562995 0
0.02187499999999959 0.002857142857136064 0
0.02250000000000069 0.003999999999991176 0
0.02187500000000162 0.004571428571419357 0
0.02187500000000094 0.003999999999991176 0
0.02250000000000252 0.005142857142849311 0
0.02187500000000297 0.005714285714279265 0
0.02187500000000229 0.005142857142849311 0
0.02250000000000436 0.006285714285709449 0
0.02187500000000433 0.006857142857139632 0
0.02187500000000365 0.006285714285709449 0
0.0225000000000062 0.007428571428569816 0
0.02187500000000501 0.007428571428569816 0
0.02374999999999169 0.00057142857142758 0
0.02312499999999457 0.00114285714285516 0
0.02312499999999343 0.00057142857142758 0
0.02374999999999441 0.001714285714282148 0
0.02312499999999685 0.002285714285709135 0
0.0231249999999957 0.001714285714282147 0
0.02374999999999712 0.002857142857136064 0
0.02312499999999912 0.003428571428562994 0
0.02312499999999798 0.002857142857136064 0
0.02374999999999983 0.003999999999991176 0
0.0231250000000014 0.004571428571419357 0
0.02312500000000026 0.003999999999991176 0
0.02375000000000255 0.005142857142849311 0
0.02312500000000367 0.005714285714279265 0
0.02312500000000254 0.005142857142849311 0
0.02375000000000526 0.006285714285709449 0
0.02312500000000595 0.006857142857139632 0
0.02312500000000481 0.006285714285709449 0
0.02375000000000797 0.007428571428569817 0
0.02312500000000709 0.007428571428569817 0
0.02499999999998896 0.00057142857142758 0
0.02437499999999192 0.00114285714285516 0
0.02437499999999033 0.00057142857142758 0
0.02499999999999264 0.001714285714282147 0
0.02437499999999513 0.002285714285709135 0
0.02437499999999352 0.001714285714282147 0
0.02499999999999632 0.002857142857136064 0
0.02437499999999832 0.003428571428562995 0
0.02437499999999673 0.002857142857136064 0
0.025 0.003999999999991176 0
0.02437500000000151 0.004571428571419358 0
0.02437499999999992 0.003999999999991176 0
0.02500000000000368 0.005142857142849311 0
0.02437500000000471 0.005714285714279265 0
0.02437500000000312 0.005142857142849311 0
0.02500000000000736 0.006285714285709449 0
0.02437500000000791 0.006857142857139632 0
0.02437500000000631 0.006285714285709449 0
0.02500000000001105 0.007428571428569816 0
0.02437500000000951 0.007428571428569817 0
0.02624999999999204 0.00057142857142758 0
0.0256249999999921 0.00114285714285516 0
0.0256249999999905 0.00057142857142758 0
0.02624999999999475 0.001714285714282148 0
0.02562499999999529 0.002285714285709135 0
0.02562499999999369 0.001714285714282147 0
0.02624999999999746 0.002857142857136064 0
0.0256249999999985 0.003428571428562995 0
0.02562499999999689 0.002857142857136064 0
0.02625000000000018 0.003999999999991176 0
0.02562500000000169 0.004571428571419358 0
0.02562500000000009 0.003999999999991176 0
0.02625000000000289 0.005142857142849311 0
0.02562500000000488 0.005714285714279265 0
0.02562500000000328 0.005142857142849311 0
0.0262500000000056 0.006285714285709449 0
0.02562500000000809 0.006857142857139632 0
0.02562500000000648 0.006285714285709449 0
0.02625000000000832 0.007428571428569817 0
0.02562500000000968 0.007428571428569817 0
0.02749999999999381 0.00057142857142758 0
0.02687499999999406 0.00114285714285516 0
0.02687499999999293 0.00057142857142758 0
0.02749999999999565 0.001714285714282147 0
0.02687499999999633 0.002285714285709135 0
0.0268749999999952 0.001714285714282147 0
0.02749999999999748 0.002857142857136064 0
0.02687499999999861 0.003428571428562994 0
0.02687499999999747 0.002857142857136064 0
0.02749999999999932 0.003999999999991176 0
0.02687500000000089 0.004571428571419357 0
0.02687499999999975 0.003999999999991176 0
0.02750000000000117 0.005142857142849311 0
0.02687500000000316 0.005714285714279265 0
0.02687500000000203 0.005142857142849311 0
0.027500000000003 0.006285714285709449 0
0.02687500000000544 0.006857142857139632 0
0.0268750000000043 0.006285714285709449 0
0.02750000000000485 0.007428571428569816 0
0.02687500000000658 0.007428571428569817 0
0.0287499999999962 0.00057142857142758 0
0.02812499999999568 0.00114285714285516 0
0.02812499999999501 0.00057142857142758 0
0.02874999999999708 0.001714285714282147 0
0.02812499999999704 0.002285714285709134 0
0.02812499999999636 0.001714285714282147 0
0.02874999999999794 0.002857142857136064 0
0.02812499999999839 0.003428571428562995 0
0.02812499999999771 0.002857142857136064 0
0.02874999999999882 0.003999999999991176 0
0.02812499999999975 0.004571428571419357 0
0.02812499999999907 0.003999999999991176 0
0.02874999999999969 0.005142857142849311 0
0.02812500000000111 0.005714285714279265 0
0.02812500000000043 0.005142857142849311 0
0.02875000000000057 0.006285714285709449 0
0.02812500000000246 0.006857142857139632 0
0.02812500000000179 0.006285714285709449 0
0.02875000000000143 0.007428571428569816 0
0.02812500000000314 0.007428571428569816 0
0.02937499999999833 0.00114285714285516 0
0.0293749999999981 0.00057142857142758 0
0.02937499999999876 0.002285714285709134 0
0.02937499999999854 0.001714285714282147 0
0.02937499999999919 0.003428571428562995 0
0.02937499999999897 0.002857142857136064 0
0.02937499999999963 0.004571428571419357 0
0.02937499999999941 0.003999999999991176 0
0.02937500000000007 0.005714285714279265 0
0.02937499999999985 0.005142857142849311 0
0.0293750000000005 0.006857142857139632 0
0.02937500000000029 0.006285714285709449 0
0.02937500000000072 0.007428571428569816 0
2 107 0 13
2879
2880
2881
2882
2883
2884
2885
2886
2887
2888
2889
2890
2891
0.03000000000000001 0.00114285714285516 0.0002
0.03000000000000001 0.00057142857142758 0.0002
0.03000000000000001 0.002285714285709134 0.0002
0.03000000000000001 0.001714285714282147 0.0002
0.03000000000000001 0.003428571428562995 0.0002
0.03000000000000001 0.002857142857136064 0.0002
0.03000000000000001 0.004571428571419358 0.0002
0.03000000000000001 0.003999999999991176 0.0002
0.03000000000000001 0.005714285714279265 0.0002
0.03000000000000001 0.005142857142849311 0.0002
0.03000000000000001 0.006857142857139632 0.0002
0.03000000000000001 0.006285714285709449 0.0002
0.03000000000000001 0.007428571428569815 0.0002
2 116 0 195
2892
2893
2894
2895
2896
2897
2898
2899
2900
2901
2902
2903
2904
2905
2906
2907
2908
2909
2910
2911
2912
2913
2914
2915
2916
2917
2918
2919
2920
2921
2922
2923
2924
2925
2926
2927
2928
2929
2930
2931
2932
2933
2934
2935
2936
2937
2938
2939
2940
2941
2942
2943
2944
2945
2946
2947
2948
2949
2950
2951
2952
2953
2954
2955
2956
2957
2958
2959
2960
2961
2962
2963
2964
2965
2966
2967
2968
2969
2970
2971
2972
2973
2974
2975
2976
2977
2978
2979
2980
2981
2982
2983
2984
2985
2986
2987
2988
2989
2990
2991
2992
2993
2994
2995
2996
2997
2998
2999
3000
3001
3002
3003
3004
3005
3006
3007
3008
3009
3010
3011
3012
3013
3014
3015
3016
3017
3018
3019
3020
3021
3022
3023
3024
3025
3026
3027
3028
3029
3030
3031
3032
3033
3034
3035
3036
3037
3038
3039
3040
3041
3042
3043
3044
3045
3046
3047
3048
3049
3050
3051
3052
3053
3054
3055
3056
3057
3058
3059
3060
3061
3062
3063
3064
3065
3066
3067
3068
3069
3070
3071
3072
3073
3074
3075
3076
3077
3078
3079
3080
3081
3082
3083
3084
3085
3086
0.02124999999999901 0.00114285714285516 0.0004
0.02124999999999988 0.002285714285709134 0.0004
0.02125000000000076 0.003428571428562995 0.0004
0.02125000000000162 0.004571428571419357 0.0004
0.0212500000000025 0.005714285714279265 0.0004
0.02125000000000337 0.006857142857139632 0.0004
0.02249999999999608 0.00114285714285516 0.0004
0.02249999999999792 0.002285714285709134 0.0004
0.02249999999999977 0.003428571428562994 0.0004
0.02250000000000161 0.004571428571419357 0.0004
0.02250000000000344 0.005714285714279265 0.0004
0.02250000000000528 0.006857142857139632 0.0004
0.02374999999999305 0.00114285714285516 0.0004
0.02374999999999577 0.002285714285709135 0.0004
0.02374999999999847 0.003428571428562994 0.0004
0.02375000000000119 0.004571428571419358 0.0004
0.0237500000000039 0.005714285714279265 0.0004
0.02375000000000662 0.006857142857139633 0.0004
0.0249999999999908 0.00114285714285516 0.0004
0.02499999999999448 0.002285714285709134 0.0004
0.02499999999999817 0.003428571428562995 0.0004
0.02500000000000184 0.004571428571419358 0.0004
0.02500000000000552 0.005714285714279265 0.0004
0.02500000000000921 0.006857142857139632 0.0004
0.0262499999999934 0.00114285714285516 0.0004
0.0262499999999961 0.002285714285709135 0.0004
0.02624999999999882 0.003428571428562994 0.0004
0.02625000000000154 0.004571428571419358 0.0004
0.02625000000000424 0.005714285714279265 0.0004
0.02625000000000696 0.006857142857139633 0.0004
0.02749999999999473 0.00114285714285516 0.0004
0.02749999999999657 0.002285714285709134 0.0004
0.0274999999999984 0.003428571428562994 0.0004
0.02750000000000025 0.004571428571419357 0.0004
0.02750000000000209 0.005714285714279265 0.0004
0.02750000000000392 0.006857142857139632 0.0004
0.02874999999999664 0.00114285714285516 0.0004
0.02874999999999751 0.002285714285709134 0.0004
0.02874999999999838 0.003428571428562995 0.0004
0.02874999999999926 0.004571428571419357 0.0004
0.02875000000000013 0.005714285714279265 0.0004
0.028750000000001 0.006857142857139632 0.0004
0.02124999999999858 0.00057142857142758 0.0004
0.0206249999999995 0.00114285714285516 0.0004
0.02062499999999929 0.00057142857142758 0.0004
0.02124999999999944 0.001714285714282147 0.0004
0.02062499999999994 0.002285714285709134 0.0004
0.02062499999999972 0.001714285714282147 0.0004
0.02125000000000032 0.002857142857136064 0.0004
0.02062500000000038 0.003428571428562995 0.0004
0.02062500000000016 0.002857142857136064 0.0004
0.02125000000000119 0.003999999999991176 0.0004
0.02062500000000081 0.004571428571419357 0.0004
0.02062500000000059 0.003999999999991176 0.0004
0.02125000000000206 0.005142857142849311 0.0004
0.02062500000000125 0.005714285714279265 0.0004
0.02062500000000103 0.005142857142849311 0.0004
0.02125000000000293 0.006285714285709449 0.0004
0.02062500000000168 0.006857142857139632 0.0004
0.02062500000000147 0.006285714285709449 0.0004
0.02125000000000381 0.007428571428569816 0.0004
0.02062500000000191 0.007428571428569816 0.0004
0.02249999999999516 0.00057142857142758 0.0004
0.02187499999999754 0.00114285714285516 0.0004
0.02187499999999687 0.00057142857142758 0.0004
0.022499999999997 0.001714285714282147 0.0004
0.0218749999999989 0.002285714285709134 0.0004
0.02187499999999822 0.001714285714282147 0.0004
0.02249999999999885 0.002857142857136064 0.0004
0.02187500000000027 0.003428571428562995 0.0004
0.02187499999999959 0.002857142857136064 0.0004
0.02250000000000069 0.003999999999991176 0.0004
0.02187500000000162 0.004571428571419357 0.0004
0.02187500000000094 0.003999999999991176 0.0004
0.02250000000000252 0.005142857142849311 0.0004
0.02187500000000297 0.005714285714279265 0.0004
0.02187500000000229 0.005142857142849311 0.0004
0.02250000000000436 0.006285714285709449 0.0004
0.02187500000000433 0.006857142857139632 0.0004
0.02187500000000365 0.006285714285709449 0.0004
0.0225000000000062 0.007428571428569816 0.0004
0.02187500000000501 0.007428571428569816 0.0004
0.02374999999999169 0.00057142857142758 0.0004
0.02312499999999457 0.00114285714285516 0.0004
0.02312499999999343 0.00057142857142758 0.0004
0.02374999999999441 0.001714285714282148 0.0004
0.02312499999999685 0.002285714285709135 0.0004
0.0231249999999957 0.001714285714282147 0.0004
0.02374999999999712 0.002857142857136064 0.0004
0.02312499999999912 0.003428571428562994 0.0004
0.02312499999999798 0.002857142857136064 0.0004
0.02374999999999983 0.003999999999991176 0.0004
0.0231250000000014 0.004571428571419357 0.0004
0.02312500000000026 0.003999999999991176 0.0004
0.02375000000000255 0.005142857142849311 0.0004
0.02312500000000367 0.005714285714279265 0.0004
0.02312500000000254 0.005142857142849311 0.0004
0.02375000000000526 0.006285714285709449 0.0004
0.02312500000000595 0.006857142857139632 0.0004
0.02312500000000481 0.006285714285709449 0.0004
0.02375000000000797 0.007428571428569817 0.0004
0.02312500000000709 0.007428571428569817 0.0004
0.02499999999998896 0.00057142857142758 0.0004
0.02437499999999192 0.00114285714285516 0.0004
0.02437499999999033 0.00057142857142758 0.0004
0.02499999999999264 0.001714285714282147 0.0004
0.02437499999999513 0.002285714285709135 0.0004
0.02437499999999352 0.001714285714282147 0.0004
0.02499999999999632 0.002857142857136064 0.0004
0.02437499999999832 0.003428571428562995 0.0004
0.02437499999999673 0.002857142857136064 0.0004
0.025 0.003999999999991176 0.0004
0.02437500000000151 0.004571428571419358 0.0004
0.02437499999999992 0.003999999999991176 0.0004
0.02500000000000368 0.005142857142849311 0.0004
0.02437500000000471 0.005714285714279265 0.0004
0.02437500000000312 0.005142857142849311 0.0004
0.02500000000000736 0.006285714285709449 0.0004
0.02437500000000791 0.006857142857139632 0.0004
0.02437500000000631 0.006285714285709449 0.0004
0.02500000000001105 0.007428571428569816 0.0004
0.02437500000000951 0.007428571428569817 0.0004
0.02624999999999204 0.00057142857142758 0.0004
0.0256249999999921 0.00114285714285516 0.0004
0.0256249999999905 0.00057142857142758 0.0004
0.02624999999999475 0.001714285714282148 0.0004
0.02562499999999529 0.002285714285709135 0.0004
0.02562499999999369 0.001714285714282147 0.0004
0.02624999999999746 0.002857142857136064 0.0004
0.0256249999999985 0.003428571428562995 0.0004
0.02562499999999689 0.002857142857136064 0.0004
0.02625000000000018 0.003999999999991176 0.0004
0.02562500000000169 0.004571428571419358 0.0004
0.02562500000000009 0.003999999999991176 0.0004
0.02625000000000289 0.005142857142849311 0.0004
0.02562500000000488 0.005714285714279265 0.0004
0.02562500000000328 0.005142857142849311 0.0004
0.0262500000000056 0.006285714285709449 0.0004
0.02562500000000809 0.006857142857139632 0.0004
0.02562500000000648 0.006285714285709449 0.0004
0.02625000000000832 0.007428571428569817 0.0004
0.02562500000000968 0.007428571428569817 0.0004
0.02749999999999381 0.00057142857142758 0.0004
0.02687499999999406 0.00114285714285516 0.0004
0.02687499999999293 0.00057142857142758 0.0004
0.02749999999999565 0.001714285714282147 0.0004
0.02687499999999633 0.002285714285709135 0.0004
0.0268749999999952 0.001714285714282147 0.0004
0.02749999999999748 0.002857142857136064 0.0004
0.02687499999999861 0.003428571428562994 0.0004
0.02687499999999747 0.002857142857136064 0.0004
0.02749999999999932 0.003999999999991176 0.0004
0.02687500000000089 0.004571428571419357 0.0004
0.02687499999999975 0.003999999999991176 0.0004
0.02750000000000117 0.005142857142849311 0.0004
0.02687500000000316 0.005714285714279265 0.0004
0.02687500000000203 0.005142857142849311 0.0004
0.027500000000003 0.006285714285709449 0.0004
0.02687500000000544 0.006857142857139632 0.0004
0.0268750000000043 0.006285714285709449 0.0004
0.02750000000000485 0.007428571428569816 0.0004
0.02687500000000658 0.007428571428569817 0.0004
0.0287499999999962 0.00057142857142758 0.0004
0.02812499999999568 0.00114285714285516 0.0004
0.02812499999999501 0.00057142857142758 0.0004
0.02874999999999708 0.001714285714282147 0.0004
0.02812499999999704 0.002285714285709134 0.0004
0.02812499999999636 0.001714285714282147 0.0004
0.02874999999999794 0.002857142857136064 0.0004
0.02812499999999839 0.003428571428562995 0.0004
0.02812499999999771 0.002857142857136064 0.0004
0.02874999999999882 0.003999999999991176 0.0004
0.02812499999999975 0.004571428571419357 0.0004
0.02812499999999907 0.003999999999991176 0.0004
0.02874999999999969 0.005142857142849311 0.0004
0.02812500000000111 0.005714285714279265 0.0004
0.02812500000000043 0.005142857142849311 0.0004
0.02875000000000057 0.006285714285709449 0.0004
0.02812500000000246 0.006857142857139632 0.0004
0.02812500000000179 0.006285714285709449 0.0004
0.02875000000000143 0.007428571428569816 0.0004
0.02812500000000314 0.007428571428569816 0.0004
0.02937499999999833 0.00114285714285516 0.0004
0.0293749999999981 0.00057142857142758 0.0004
0.02937499999999876 0.002285714285709134 0.0004
0.02937499999999854 0.001714285714282147 0.0004
0.02937499999999919 0.003428571428562995 0.0004
0.02937499999999897 0.002857142857136064 0.0004
0.02937499999999963 0.004571428571419357 0.0004
0.02937499999999941 0.003999999999991176 0.0004
0.02937500000000007 0.005714285714279265 0.0004
0.02937499999999985 0.005142857142849311 0.0004
0.0293750000000005 0.006857142857139632 0.0004
0.02937500000000029 0.006285714285709449 0.0004
0.02937500000000072 0.007428571428569816 0.0004
2 129 0 13
3087
3088
3089
3090
3091
3092
3093
3094
3095
3096
3097
3098
3099
0.03000000000000001 0.00114285714285516 0.0006000000000000001
0.03000000000000001 0.00057142857142758 0.0006000000000000001
0.03000000000000001 0.002285714285709134 0.0006000000000000001
0.03000000000000001 0.001714285714282147 0.0006000000000000001
0.03000000000000001 0.003428571428562995 0.0006000000000000001
0.03000000000000001 0.002857142857136064 0.0006000000000000001
0.03000000000000001 0.004571428571419358 0.0006000000000000001
0.03000000000000001 0.003999999999991176 0.0006000000000000001
0.03000000000000001 0.005714285714279265 0.0006000000000000001
0.03000000000000001 0.005142857142849311 0.0006000000000000001
0.03000000000000001 0.006857142857139632 0.0006000000000000001
0.03000000000000001 0.006285714285709449 0.0006000000000000001
0.03000000000000001 0.007428571428569815 0.0006000000000000001
2 138 0 195
3100
3101
3102
3103
3104
3105
3106
3107
3108
3109
3110
3111
3112
3113
3114
3115
3116
3117
3118
3119
3120
3121
3122
3123
3124
3125
3126
3127
3128
3129
3130
3131
3132
3133
3134
3135
3136
3137
3138
3139
3140
3141
3142
3143
3144
3145
3146
3147
3148
3149
3150
3151
3152
3153
3154
3155
3156
3157
3158
3159
3160
3161
3162
3163
3164
3165
3166
3167
3168
3169
3170
3171
3172
3173
3174
3175
3176
3177
3178
3179
3180
3181
3182
3183
3184
3185
3186
3187
3188
3189
3190
3191
3192
3193
3194
3195
3196
3197
3198
3199
3200
3201
3202
3203
3204
3205
3206
3207
3208
3209
3210
3211
3212
3213
3214
3215
3216
3217
3218
3219
3220
3221
3222
3223
3224
3225
3226
3227
3228
3229
3230
3231
3232
3233
3234
3235
3236
3237
3238
3239
3240
3241
3242
3243
3244
3245
3246
3247
3248
3249
3250
3251
3252
3253
3254
3255
3256
3257
3258
3259
3260
3261
3262
3263
3264
3265
3266
3267
3268
3269
3270
3271
3272
3273
3274
3275
3276
3277
3278
3279
3280
3281
3282
3283
3284
3285
3286
3287
3288
3289
3290
3291
3292
3293
3294
0.02124999999999901 0.00114285714285516 0.0008
0.02124999999999988 0.002285714285709134 0.0008
0.02125000000000076 0.003428571428562995 0.0008
0.02125000000000162 0.004571428571419357 0.0008
0.0212500000000025 0.005714285714279265 0.0008
0.02125000000000337 0.006857142857139632 0.0008
0.02249999999999608 0.00114285714285516 0.0008
0.02249999999999792 0.002285714285709134 0.0008
0.02249999999999977 0.003428571428562994 0.0008
0.02250000000000161 0.004571428571419357 0.0008
0.02250000000000344 0.005714285714279265 0.0008
0.02250000000000528 0.006857142857139632 0.0008
0.02374999999999305 0.00114285714285516 0.0008
0.02374999999999577 0.002285714285709135 0.0008
0.02374999999999847 0.003428571428562994 0.0008
0.02375000000000119 0.004571428571419358 0.0008
0.0237500000000039 0.005714285714279265 0.0008
0.02375000000000662 0.006857142857139633 0.0008
0.0249999999999908 0.00114285714285516 0.0008
0.02499999999999448 0.002285714285709134 0.0008
0.02499999999999817 0.003428571428562995 0.0008
0.02500000000000184 0.004571428571419358 0.0008
0.02500000000000552 0.005714285714279265 0.0008
0.02500000000000921 0.006857142857139632 0.0008
0.0262499999999934 0.00114285714285516 0.0008
0.0262499999999961 0.002285714285709135 0.0008
0.02624999999999882 0.003428571428562994 0.0008
0.02625000000000154 0.004571428571419358 0.0008
0.02625000000000424 0.005714285714279265 0.0008
0.02625000000000696 0.006857142857139633 0.0008
0.02749999999999473 0.00114285714285516 0.0008
0.02749999999999657 0.002285714285709134 0.0008
0.0274999999999984 0.003428571428562994 0.0008
0.02750000000000025 0.004571428571419357 0.0008
0.02750000000000209 0.005714285714279265 0.0008
0.02750000000000392 0.006857142857139632 0.0008
0.02874999999999664 0.00114285714285516 0.0008
0.02874999999999751 0.002285714285709134 0.0008
0.02874999999999838 0.003428571428562995 0.0008
0.02874999999999926 0.004571428571419357 0.0008
0.02875000000000013 0.005714285714279265 0.0008
0.028750000000001 0.006857142857139632 0.0008
0.02124999999999858 0.00057142857142758 0.0008
0.0206249999999995 0.00114285714285516 0.0008
0.02062499999999929 0.00057142857142758 0.0008
0.02124999999999944 0.001714285714282147 0.0008
0.02062499999999994 0.002285714285709134 0.0008
0.02062499999999972 0.001714285714282147 0.0008
0.02125000000000032 0.002857142857136064 0.0008
0.02062500000000038 0.003428571428562995 0.0008
0.02062500000000016 0.002857142857136064 0.0008
0.02125000000000119 0.003999999999991176 0.0008
0.02062500000000081 0.004571428571419357 0.0008
0.02062500000000059 0.003999999999991176 0.0008
0.02125000000000206 0.005142857142849311 0.0008
0.02062500000000125 0.005714285714279265 0.0008
0.02062500000000103 0.005142857142849311 0.0008
0.02125000000000293 0.006285714285709449 0.0008
0.02062500000000168 0.006857142857139632 0.0008
0.02062500000000147 0.006285714285709449 0.0008
0.02125000000000381 0.007428571428569816 0.0008
0.02062500000000191 0.007428571428569816 0.0008
0.02249999999999516 0.00057142857142758 0.0008
0.02187499999999754 0.00114285714285516 0.0008
0.02187499999999687 0.00057142857142758 0.0008
0.022499999999997 0.001714285714282147 0.0008
0.0218749999999989 0.002285714285709134 0.0008
0.02187499999999822 0.001714285714282147 0.0008
0.02249999999999885 0.002857142857136064 0.0008
0.02187500000000027 0.003428571428562995 0.0008
0.02187499999999959 0.002857142857136064 0.0008
0.02250000000000069 0.003999999999991176 0.0008
0.02187500000000162 0.004571428571419357 0.0008
0.02187500000000094 0.003999999999991176 0.0008
0.02250000000000252 0.005142857142849311 0.0008
0.02187500000000297 0.005714285714279265 0.0008
0.02187500000000229 0.005142857142849311 0.0008
0.02250000000000436 0.006285714285709449 0.0008
0.02187500000000433 0.006857142857139632 0.0008
0.02187500000000365 0.006285714285709449 0.0008
0.0225000000000062 0.007428571428569816 0.0008
0.02187500000000501 0.007428571428569816 0.0008
0.02374999999999169 0.00057142857142758 0.0008
0.02312499999999457 0.00114285714285516 0.0008
0.02312499999999343 0.00057142857142758 0.0008
0.02374999999999441 0.001714285714282148 0.0008
0.02312499999999685 0.002285714285709135 0.0008
0.0231249999999957 0.001714285714282147 0.0008
0.02374999999999712 0.002857142857136064 0.0008
0.02312499999999912 0.003428571428562994 0.0008
0.02312499999999798 0.002857142857136064 0.0008
0.02374999999999983 0.003999999999991176 0.0008
0.0231250000000014 0.004571428571419357 0.0008
0.02312500000000026 0.003999999999991176 0.0008
0.02375000000000255 0.005142857142849311 0.0008
0.02312500000000367 0.005714285714279265 0.0008
0.02312500000000254 0.005142857142849311 0.0008
0.02375000000000526 0.006285714285709449 0.0008
0.02312500000000595 0.006857142857139632 0.0008
0.02312500000000481 0.006285714285709449 0.0008
0.02375000000000797 0.007428571428569817 0.0008
0.02312500000000709 0.007428571428569817 0.0008
0.02499999999998896 0.00057142857142758 0.0008
0.02437499999999192 0.00114285714285516 0.0008
0.02437499999999033 0.00057142857142758 0.0008
0.02499999999999264 0.001714285714282147 0.0008
0.02437499999999513 0.002285714285709135 0.0008
0.02437499999999352 0.001714285714282147 0.0008
0.02499999999999632 0.002857142857136064 0.0008
0.02437499999999832 0.003428571428562995 0.0008
0.02437499999999673 0.002857142857136064 0.0008
0.025 0.003999999999991176 0.0008
0.02437500000000151 0.004571428571419358 0.0008
0.02437499999999992 0.003999999999991176 0.0008
0.02500000000000368 0.005142857142849311 0.0008
0.02437500000000471 0.005714285714279265 0.0008
0.02437500000000312 0.005142857142849311 0.0008
0.02500000000000736 0.006285714285709449 0.0008
0.02437500000000791 0.006857142857139632 0.0008
0.02437500000000631 0.006285714285709449 0.0008
0.02500000000001105 0.007428571428569816 0.0008
0.02437500000000951 0.007428571428569817 0.0008
0.02624999999999204 0.00057142857142758 0.0008
0.0256249999999921 0.00114285714285516 0.0008
0.0256249999999905 0.00057142857142758 0.0008
0.02624999999999475 0.001714285714282148 0.0008
0.02562499999999529 0.002285714285709135 0.0008
0.02562499999999369 0.001714285714282147 0.0008
0.02624999999999746 0.002857142857136064 0.0008
0.0256249999999985 0.003428571428562995 0.0008
0.02562499999999689 0.002857142857136064 0.0008
0.02625000000000018 0.003999999999991176 0.0008
0.02562500000000169 0.004571428571419358 0.0008
0.02562500000000009 0.003999999999991176 0.0008
0.02625000000000289 0.005142857142849311 0.0008
0.02562500000000488 0.005714285714279265 0.0008
0.02562500000000328 0.005142857142849311 0.0008
0.0262500000000056 0.006285714285709449 0.0008
0.02562500000000809 0.006857142857139632 0.0008
0.02562500000000648 0.006285714285709449 0.0008
0.02625000000000832 0.007428571428569817 0.0008
0.02562500000000968 0.007428571428569817 0.0008
0.02749999999999381 0.00057142857142758 0.0008
0.02687499999999406 0.00114285714285516 0.0008
0.02687499999999293 0.00057142857142758 0.0008
0.02749999999999565 0.001714285714282147 0.0008
0.02687499999999633 0.002285714285709135 0.0008
0.0268749999999952 0.001714285714282147 0.0008
0.02749999999999748 0.002857142857136064 0.0008
0.02687499999999861 0.003428571428562994 0.0008
0.02687499999999747 0.002857142857136064 0.0008
0.02749999999999932 0.003999999999991176 0.0008
0.02687500000000089 0.004571428571419357 0.0008
0.02687499999999975 0.003999999999991176 0.0008
0.02750000000000117 0.005142857142849311 0.0008
0.02687500000000316 0.005714285714279265 0.0008
0.02687500000000203 0.005142857142849311 0.0008
0.027500000000003 0.006285714285709449 0.0008
0.02687500000000544 0.006857142857139632 0.0008
0.0268750000000043 0.006285714285709449 0.0008
0.02750000000000485 0.007428571428569816 0.0008
0.02687500000000658 0.007428571428569817 0.0008
0.0287499999999962 0.00057142857142758 0.0008
0.02812499999999568 0.00114285714285516 0.0008
0.02812499999999501 0.00057142857142758 0.0008
0.02874999999999708 0.001714285714282147 0.0008
0.02812499999999704 0.002285714285709134 0.0008
0.02812499999999636 0.001714285714282147 0.0008
0.02874999999999794 0.002857142857136064 0.0008
0.02812499999999839 0.003428571428562995 0.0008
0.02812499999999771 0.002857142857136064 0.0008
0.02874999999999882 0.003999999999991176 0.0008
0.02812499999999975 0.004571428571419357 0.0008
0.02812499999999907 0.003999999999991176 0.0008
0.02874999999999969 0.005142857142849311 0.0008
0.02812500000000111 0.005714285714279265 0.0008
0.02812500000000043 0.005142857142849311 0.0008
0.02875000000000057 0.006285714285709449 0.0008
0.02812500000000246 0.006857142857139632 0.0008
0.02812500000000179 0.006285714285709449 0.0008
0.02875000000000143 0.007428571428569816 0.0008
0.02812500000000314 0.007428571428569816 0.0008
0.02937499999999833 0.00114285714285516 0.0008
0.0293749999999981 0.00057142857142758 0.0008
0.02937499999999876 0.002285714285709134 0.0008
0.02937499999999854 0.001714285714282147 0.0008
0.02937499999999919 0.003428571428562995 0.0008
0.02937499999999897 0.002857142857136064 0.0008
0.02937499999999963 0.004571428571419357 0.0008
0.02937499999999941 0.003999999999991176 0.0008
0.02937500000000007 0.005714285714279265 0.0008
0.02937499999999985 0.005142857142849311 0.0008
0.0293750000000005 0.006857142857139632 0.0008
0.02937500000000029 0.006285714285709449 0.0008
0.02937500000000072 0.007428571428569816 0.0008
2 139 0 195
3295
3296
3297
3298
3299
3300
3301
3302
3303
3304
3305
3306
3307
3308
3309
3310
3311
3312
3313
3314
3315
3316
3317
3318
3319
3320
3321
3322
3323
3324
3325
3326
3327
3328
3329
3330
3331
3332
3333
3334
3335
3336
3337
3338
3339
3340
3341
3342
3343
3344
3345
3346
3347
3348
3349
3350
3351
3352
3353
3354
3355
3356
3357
3358
3359
3360
3361
3362
3363
3364
3365
3366
3367
3368
3369
3370
3371
3372
3373
3374
3375
3376
3377
3378
3379
3380
3381
3382
3383
3384
3385
3386
3387
3388
3389
3390
3391
3392
3393
3394
3395
3396
3397
3398
3399
3400
3401
3402
3403
3404
3405
3406
3407
3408
3409
3410
3411
3412
3413
3414
3415
3416
3417
3418
3419
3420
3421
3422
3423
3424
3425
3426
3427
3428
3429
3430
3431
3432
3433
3434
3435
3436
3437
3438
3439
3440
3441
3442
3443
3444
3445
3446
3447
3448
3449
3450
3451
3452
3453
3454
3455
3456
3457
3458
3459
3460
3461
3462
3463
3464
3465
3466
3467
3468
3469
3470
3471
3472
3473
3474
3475
3476
3477
3478
3479
3480
3481
3482
3483
3484
3485
3486
3487
3488
3489
0.03124999999999876 0.00114285714285516 0
0.03124999999999975 0.002285714285709134 0
0.03125000000000071 0.003428571428562994 0
0.03125000000000168 0.004571428571419357 0
0.03125000000000264 0.005714285714279265 0
0.03125000000000362 0.006857142857139631 0
0.03249999999999599 0.00114285714285516 0
0.03249999999999774 0.002285714285709134 0
0.03249999999999947 0.003428571428562993 0
0.03250000000000122 0.004571428571419357 0
0.03250000000000296 0.005714285714279265 0
0.03250000000000471 0.006857142857139632 0
0.03374999999999302 0.00114285714285516 0
0.03374999999999602 0.002285714285709134 0
0.03374999999999902 0.003428571428562995 0
0.03375000000000201 0.004571428571419358 0
0.03375000000000501 0.005714285714279265 0
0.03375000000000802 0.006857142857139632 0
0.03499999999999159 0.00114285714285516 0
0.0349999999999947 0.002285714285709134 0
0.03499999999999779 0.003428571428562994 0
0.03500000000000089 0.004571428571419357 0
0.03500000000000399 0.005714285714279265 0
0.03500000000000708 0.006857142857139632 0
0.03624999999999442 0.00114285714285516 0
0.03624999999999645 0.002285714285709134 0
0.03624999999999848 0.003428571428562994 0
0.03625000000000052 0.004571428571419357 0
0.03625000000000256 0.005714285714279265 0
0.03625000000000458 0.006857142857139632 0
0.03749999999999493 0.00114285714285516 0
0.03749999999999629 0.002285714285709134 0
0.03749999999999765 0.003428571428562994 0
0.03749999999999901 0.004571428571419357 0
0.03750000000000035 0.005714285714279265 0
0.03750000000000169 0.006857142857139632 0
0.03874999999999697 0.00114285714285516 0
0.03874999999999786 0.002285714285709135 0
0.03874999999999873 0.003428571428562994 0
0.03874999999999959 0.004571428571419357 0
0.03875000000000046 0.005714285714279265 0
0.03875000000000135 0.006857142857139632 0
0.03124999999999828 0.00057142857142758 0
0.03062499999999939 0.00114285714285516 0
0.03062499999999914 0.00057142857142758 0
0.03124999999999926 0.001714285714282147 0
0.03062499999999988 0.002285714285709134 0
0.03062499999999963 0.001714285714282147 0
0.03125000000000023 0.002857142857136064 0
0.03062500000000036 0.003428571428562995 0
0.03062500000000012 0.002857142857136064 0
0.03125000000000119 0.003999999999991176 0
0.03062500000000085 0.004571428571419357 0
0.0306250000000006 0.003999999999991176 0
0.03125000000000216 0.005142857142849311 0
0.03062500000000132 0.005714285714279265 0
0.03062500000000108 0.005142857142849311 0
0.03125000000000313 0.006285714285709448 0
0.03062500000000182 0.006857142857139632 0
0.03062500000000157 0.006285714285709448 0
0.03125000000000411 0.007428571428569815 0
0.03062500000000206 0.007428571428569815 0
0.03249999999999512 0.00057142857142758 0
0.03187499999999738 0.00114285714285516 0
0.0318749999999967 0.00057142857142758 0
0.03249999999999686 0.001714285714282147 0
0.03187499999999874 0.002285714285709134 0
0.03187499999999806 0.001714285714282147 0
0.0324999999999986 0.002857142857136064 0
0.03187500000000008 0.003428571428562993 0
0.03187499999999941 0.002857142857136064 0
0.03250000000000035 0.003999999999991175 0
0.03187500000000145 0.004571428571419357 0
0.03187500000000078 0.003999999999991175 0
0.03250000000000209 0.005142857142849311 0
0.0318750000000028 0.005714285714279265 0
0.03187500000000212 0.005142857142849311 0
0.03250000000000383 0.006285714285709449 0
0.03187500000000416 0.006857142857139632 0
0.03187500000000348 0.006285714285709449 0
0.03250000000000558 0.007428571428569816 0
0.03187500000000484 0.007428571428569815 0
0.03374999999999152 0.00057142857142758 0
0.03312499999999451 0.00114285714285516 0
0.03312499999999332 0.00057142857142758 0
0.03374999999999452 0.001714285714282147 0
0.03312499999999688 0.002285714285709134 0
0.03312499999999569 0.001714285714282147 0
0.03374999999999752 0.002857142857136064 0
0.03312499999999924 0.003428571428562994 0
0.03312499999999806 0.002857142857136064 0
0.03375000000000052 0.003999999999991176 0
0.03312500000000161 0.004571428571419357 0
0.03312500000000043 0.003999999999991176 0
0.03375000000000351 0.005142857142849311 0
0.03312500000000398 0.005714285714279265 0
0.0331250000000028 0.005142857142849311 0
0.03375000000000651 0.006285714285709449 0
0.03312500000000636 0.006857142857139632 0
0.03312500000000516 0.006285714285709449 0
0.03375000000000952 0.007428571428569816 0
0.03312500000000755 0.007428571428569816 0
0.03499999999999005 0.00057142857142758 0
0.03437499999999231 0.00114285714285516 0
0.03437499999999078 0.00057142857142758 0
0.03499999999999315 0.001714285714282147 0
0.03437499999999536 0.002285714285709134 0
0.03437499999999383 0.001714285714282147 0
0.03499999999999624 0.002857142857136064 0
0.03437499999999841 0.003428571428562995 0
0.03437499999999688 0.002857142857136064 0
0.03499999999999934 0.003999999999991176 0
0.03437500000000145 0.004571428571419357 0
0.03437499999999993 0.003999999999991176 0
0.03500000000000245 0.005142857142849311 0
0.0343750000000045 0.005714285714279265 0
0.03437500000000298 0.005142857142849311 0
0.03500000000000554 0.006285714285709449 0
0.03437500000000755 0.006857142857139632 0
0.03437500000000603 0.006285714285709449 0
0.03500000000000864 0.007428571428569816 0
0.03437500000000908 0.007428571428569816 0
0.03624999999999341 0.00057142857142758 0
0.03562499999999301 0.00114285714285516 0
0.03562499999999173 0.00057142857142758 0
0.03624999999999544 0.001714285714282147 0
0.03562499999999558 0.002285714285709134 0
0.03562499999999429 0.001714285714282147 0
0.03624999999999746 0.002857142857136064 0
0.03562499999999813 0.003428571428562994 0
0.03562499999999685 0.002857142857136064 0
0.0362499999999995 0.003999999999991176 0
0.0356250000000007 0.004571428571419357 0
0.03562499999999941 0.003999999999991176 0
0.03625000000000154 0.005142857142849311 0
0.03562500000000328 0.005714285714279265 0
0.035625000000002 0.005142857142849311 0
0.03625000000000357 0.006285714285709449 0
0.03562500000000583 0.006857142857139632 0
0.03562500000000456 0.006285714285709449 0
0.0362500000000056 0.007428571428569816 0
0.03562500000000712 0.007428571428569816 0
0.03749999999999425 0.00057142857142758 0
0.03687499999999468 0.00114285714285516 0
0.03687499999999383 0.00057142857142758 0
0.03749999999999561 0.001714285714282147 0
0.03687499999999637 0.002285714285709134 0
0.03687499999999552 0.001714285714282147 0
0.03749999999999697 0.002857142857136064 0
0.03687499999999806 0.003428571428562994 0
0.03687499999999722 0.002857142857136064 0
0.03749999999999833 0.003999999999991176 0
0.03687499999999977 0.004571428571419357 0
0.03687499999999892 0.003999999999991176 0
0.03749999999999969 0.005142857142849311 0
0.03687500000000146 0.005714285714279265 0
0.03687500000000061 0.005142857142849311 0
0.03750000000000102 0.006285714285709449 0
0.03687500000000313 0.006857142857139632 0
0.03687500000000229 0.006285714285709449 0
0.03750000000000238 0.007428571428569816 0
0.03687500000000399 0.007428571428569816 0
0.03874999999999654 0.00057142857142758 0
0.03812499999999595 0.00114285714285516 0
0.0381249999999954 0.00057142857142758 0
0.03874999999999741 0.001714285714282148 0
0.03812499999999708 0.002285714285709135 0
0.03812499999999651 0.001714285714282147 0
0.0387499999999983 0.002857142857136064 0
0.03812499999999819 0.003428571428562994 0
0.03812499999999763 0.002857142857136064 0
0.03874999999999916 0.003999999999991176 0
0.0381249999999993 0.004571428571419357 0
0.03812499999999874 0.003999999999991176 0
0.03875000000000002 0.005142857142849311 0
0.03812500000000041 0.005714285714279265 0
0.03812499999999985 0.005142857142849311 0
0.03875000000000091 0.006285714285709449 0
0.03812500000000152 0.006857142857139632 0
0.03812500000000096 0.006285714285709449 0
0.03875000000000178 0.007428571428569816 0
0.03812500000000209 0.007428571428569816 0
0.03937499999999849 0.00114285714285516 0
0.03937499999999827 0.00057142857142758 0
0.03937499999999894 0.002285714285709135 0
0.03937499999999872 0.001714285714282147 0
0.03937499999999937 0.003428571428562995 0
0.03937499999999915 0.002857142857136064 0
0.0393749999999998 0.004571428571419357 0
0.03937499999999958 0.003999999999991176 0
0.03937500000000023 0.005714285714279265 0
0.03937500000000001 0.005142857142849311 0
0.03937500000000068 0.006857142857139632 0
0.03937500000000047 0.006285714285709449 0
0.0393750000000009 0.007428571428569816 0
2 152 0 13
3490
3491
3492
3493
3494
3495
3496
3497
3498
3499
3500
3501
3502
0.04000000000000001 0.00114285714285516 0.0002
0.04000000000000001 0.00057142857142758 0.0002
0.04000000000000001 0.002285714285709134 0.0002
0.04000000000000001 0.001714285714282147 0.0002
0.04000000000000001 0.003428571428562995 0.0002
0.04000000000000001 0.002857142857136064 0.0002
0.04000000000000001 0.004571428571419358 0.0002
0.04000000000000001 0.003999999999991176 0.0002
0.04000000000000001 0.005714285714279265 0.0002
0.04000000000000001 0.005142857142849311 0.0002
0.04000000000000001 0.006857142857139632 0.0002
0.04000000000000001 0.006285714285709449 0.0002
0.04000000000000001 0.007428571428569815 0.0002
2 161 0 195
3503
3504
3505
3506
3507
3508
3509
3510
3511
3512
3513
3514
3515
3516
3517
3518
3519
3520
3521
3522
3523
3524
3525
3526
3527
3528
3529
3530
3531
3532
3533
3534
3535
3536
3537
3538
3539
3540
3541
3542
3543
3544
3545
3546
3547
3548
3549
3550
3551
3552
3553
3554
3555
3556
3557
3558
3559
3560
3561
3562
3563
3564
3565
3566
3567
3568
3569
3570
3571
3572
3573
3574
3575
3576
3577
3578
3579
3580
3581
3582
3583
3584
3585
3586
3587
3588
3589
3590
3591
3592
3593
3594
3595
3596
3597
3598
3599
3600
3601
3602
3603
3604
3605
3606
3607
3608
3609
3610
3611
3612
3613
3614
3615
3616
3617
3618
3619
3620
3621
3622
3623
3624
3625
3626
3627
3628
3629
3630
3631
3632
3633
3634
3635
3636
3637
3638
3639
3640
3641
3642
3643
3644
3645
3646
3647
3648
3649
3650
3651
3652
3653
3654
3655
3656
3657
3658
3659
3660
3661
3662
3663
3664
3665
3666
3667
3668
3669
3670
3671
3672
3673
3674
3675
3676
3677
3678
3679
3680
3681
3682
3683
3684
3685
3686
3687
3688
3689
3690
3691
3692
3693
3694
3695
3696
3697
0.03124999999999876 0.00114285714285516 0.0004
0.03124999999999975 0.002285714285709134 0.0004
0.03125000000000071 0.003428571428562994 0.0004
0.03125000000000168 0.004571428571419357 0.0004
0.03125000000000264 0.005714285714279265 0.0004
0.03125000000000362 0.006857142857139631 0.0004
0.03249999999999599 0.00114285714285516 0.0004
0.03249999999999774 0.002285714285709134 0.0004
0.03249999999999947 0.003428571428562993 0.0004
0.03250000000000122 0.004571428571419357 0.0004
0.03250000000000296 0.005714285714279265 0.0004
0.03250000000000471 0.006857142857139632 0.0004
0.03374999999999302 0.00114285714285516 0.0004
0.03374999999999602 0.002285714285709134 0.0004
0.03374999999999902 0.003428571428562995 0.0004
0.03375000000000201 0.004571428571419358 0.0004
0.03375000000000501 0.005714285714279265 0.0004
0.03375000000000802 0.006857142857139632 0.0004
0.03499999999999159 0.00114285714285516 0.0004
0.0349999999999947 0.002285714285709134 0.0004
0.03499999999999779 0.003428571428562994 0.0004
0.03500000000000089 0.004571428571419357 0.0004
0.03500000000000399 0.005714285714279265 0.0004
0.03500000000000708 0.006857142857139632 0.0004
0.03624999999999442 0.00114285714285516 0.0004
0.03624999999999645 0.002285714285709134 0.0004
0.03624999999999848 0.003428571428562994 0.0004
0.03625000000000052 0.004571428571419357 0.0004
0.03625000000000256 0.005714285714279265 0.0004
0.03625000000000458 0.006857142857139632 0.0004
0.03749999999999493 0.00114285714285516 0.0004
0.03749999999999629 0.002285714285709134 0.0004
0.03749999999999765 0.003428571428562994 0.0004
0.03749999999999901 0.004571428571419357 0.0004
0.03750000000000035 0.005714285714279265 0.0004
0.03750000000000169 0.006857142857139632 0.0004
0.03874999999999697 0.00114285714285516 0.0004
0.03874999999999786 0.002285714285709135 0.0004
0.03874999999999873 0.003428571428562994 0.0004
0.03874999999999959 0.004571428571419357 0.0004
0.03875000000000046 0.005714285714279265 0.0004
0.03875000000000135 0.006857142857139632 0.0004
0.03124999999999828 0.00057142857142758 0.0004
0.03062499999999939 0.00114285714285516 0.0004
0.03062499999999914 0.00057142857142758 0.0004
0.03124999999999926 0.001714285714282147 0.0004
0.03062499999999988 0.002285714285709134 0.0004
0.03062499999999963 0.001714285714282147 0.0004
0.03125000000000023 0.002857142857136064 0.0004
0.03062500000000036 0.003428571428562995 0.0004
0.03062500000000012 0.002857142857136064 0.0004
0.03125000000000119 0.003999999999991176 0.0004
0.03062500000000085 0.004571428571419357 0.0004
0.0306250000000006 0.003999999999991176 0.0004
0.03125000000000216 0.005142857142849311 0.0004
0.03062500000000132 0.005714285714279265 0.0004
0.03062500000000108 0.005142857142849311 0.0004
0.03125000000000313 0.006285714285709448 0.0004
0.03062500000000182 0.006857142857139632 0.0004
0.03062500000000157 0.006285714285709448 0.0004
0.03125000000000411 0.007428571428569815 0.0004
0.03062500000000206 0.007428571428569815 0.0004
0.03249999999999512 0.00057142857142758 0.0004
0.03187499999999738 0.00114285714285516 0.0004
0.0318749999999967 0.00057142857142758 0.0004
0.03249999999999686 0.001714285714282147 0.0004
0.03187499999999874 0.002285714285709134 0.0004
0.03187499999999806 0.001714285714282147 0.0004
0.0324999999999986 0.002857142857136064 0.0004
0.03187500000000008 0.003428571428562993 0.0004
0.03187499999999941 0.002857142857136064 0.0004
0.03250000000000035 0.003999999999991175 0.0004
0.03187500000000145 0.004571428571419357 0.0004
0.03187500000000078 0.003999999999991175 0.0004
0.03250000000000209 0.005142857142849311 0.0004
0.0318750000000028 0.005714285714279265 0.0004
0.03187500000000212 0.005142857142849311 0.0004
0.03250000000000383 0.006285714285709449 0.0004
0.03187500000000416 0.006857142857139632 0.0004
0.03187500000000348 0.006285714285709449 0.0004
0.03250000000000558 0.007428571428569816 0.0004
0.03187500000000484 0.007428571428569815 0.0004
0.03374999999999152 0.00057142857142758 0.0004
0.03312499999999451 0.00114285714285516 0.0004
0.03312499999999332 0.00057142857142758 0.0004
0.03374999999999452 0.001714285714282147 0.0004
0.03312499999999688 0.002285714285709134 0.0004
0.03312499999999569 0.001714285714282147 0.0004
0.03374999999999752 0.002857142857136064 0.0004
0.03312499999999924 0.003428571428562994 0.0004
0.03312499999999806 0.002857142857136064 0.0004
0.03375000000000052 0.003999999999991176 0.0004
0.03312500000000161 0.004571428571419357 0.0004
0.03312500000000043 0.003999999999991176 0.0004
0.03375000000000351 0.005142857142849311 0.0004
0.03312500000000398 0.005714285714279265 0.0004
0.0331250000000028 0.005142857142849311 0.0004
0.03375000000000651 0.006285714285709449 0.0004
0.03312500000000636 0.006857142857139632 0.0004
0.03312500000000516 0.006285714285709449 0.0004
0.03375000000000952 0.007428571428569816 0.0004
0.03312500000000755 0.007428571428569816 0.0004
0.03499999999999005 0.00057142857142758 0.0004
0.03437499999999231 0.00114285714285516 0.0004
0.03437499999999078 0.00057142857142758 0.0004
0.03499999999999315 0.001714285714282147 0.0004
0.03437499999999536 0.002285714285709134 0.0004
0.03437499999999383 0.001714285714282147 0.0004
0.03499999999999624 0.002857142857136064 0.0004
0.03437499999999841 0.003428571428562995 0.0004
0.03437499999999688 0.002857142857136064 0.0004
0.03499999999999934 0.003999999999991176 0.0004
0.03437500000000145 0.004571428571419357 0.0004
0.03437499999999993 0.003999999999991176 0.0004
0.03500000000000245 0.005142857142849311 0.0004
0.0343750000000045 0.005714285714279265 0.0004
0.03437500000000298 0.005142857142849311 0.0004
0.03500000000000554 0.006285714285709449 0.0004
0.03437500000000755 0.006857142857139632 0.0004
0.03437500000000603 0.006285714285709449 0.0004
0.03500000000000864 0.007428571428569816 0.0004
0.03437500000000908 0.007428571428569816 0.0004
0.03624999999999341 0.00057142857142758 0.0004
0.03562499999999301 0.00114285714285516 0.0004
0.03562499999999173 0.00057142857142758 0.0004
0.03624999999999544 0.001714285714282147 0.0004
0.03562499999999558 0.002285714285709134 0.0004
0.03562499999999429 0.001714285714282147 0.0004
0.03624999999999746 0.002857142857136064 0.0004
0.03562499999999813 0.003428571428562994 0.0004
0.03562499999999685 0.002857142857136064 0.0004
0.0362499999999995 0.003999999999991176 0.0004
0.0356250000000007 0.004571428571419357 0.0004
0.03562499999999941 0.003999999999991176 0.0004
0.03625000000000154 0.005142857142849311 0.0004
0.03562500000000328 0.005714285714279265 0.0004
0.035625000000002 0.005142857142849311 0.0004
0.03625000000000357 0.006285714285709449 0.0004
0.03562500000000583 0.006857142857139632 0.0004
0.03562500000000456 0.006285714285709449 0.0004
0.0362500000000056 0.007428571428569816 0.0004
0.03562500000000712 0.007428571428569816 0.0004
0.03749999999999425 0.00057142857142758 0.0004
0.03687499999999468 0.00114285714285516 0.0004
0.03687499999999383 0.00057142857142758 0.0004
0.03749999999999561 0.001714285714282147 0.0004
0.03687499999999637 0.002285714285709134 0.0004
0.03687499999999552 0.001714285714282147 0.0004
0.03749999999999697 0.002857142857136064 0.0004
0.03687499999999806 0.003428571428562994 0.0004
0.03687499999999722 0.002857142857136064 0.0004
0.03749999999999833 0.003999999999991176 0.0004
0.03687499999999977 0.004571428571419357 0.0004
0.03687499999999892 0.003999999999991176 0.0004
0.03749999999999969 0.005142857142849311 0.0004
0.03687500000000146 0.005714285714279265 0.0004
0.03687500000000061 0.005142857142849311 0.0004
0.03750000000000102 0.006285714285709449 0.0004
0.03687500000000313 0.006857142857139632 0.0004
0.03687500000000229 0.006285714285709449 0.0004
0.03750000000000238 0.007428571428569816 0.0004
0.03687500000000399 0.007428571428569816 0.0004
0.03874999999999654 0.00057142857142758 0.0004
0.03812499999999595 0.00114285714285516 0.0004
0.0381249999999954 0.00057142857142758 0.0004
0.03874999999999741 0.001714285714282148 0.0004
0.03812499999999708 0.002285714285709135 0.0004
0.03812499999999651 0.001714285714282147 0.0004
0.0387499999999983 0.002857142857136064 0.0004
0.03812499999999819 0.003428571428562994 0.0004
0.03812499999999763 0.002857142857136064 0.0004
0.03874999999999916 0.003999999999991176 0.0004
0.0381249999999993 0.004571428571419357 0.0004
0.03812499999999874 0.003999999999991176 0.0004
0.03875000000000002 0.005142857142849311 0.0004
0.03812500000000041 0.005714285714279265 0.0004
0.03812499999999985 0.005142857142849311 0.0004
0.03875000000000091 0.006285714285709449 0.0004
0.03812500000000152 0.006857142857139632 0.0004
0.03812500000000096 0.006285714285709449 0.0004
0.03875000000000178 0.007428571428569816 0.0004
0.03812500000000209 0.007428571428569816 0.0004
0.03937499999999849 0.00114285714285516 0.0004
0.03937499999999827 0.00057142857142758 0.0004
0.03937499999999894 0.002285714285709135 0.0004
0.03937499999999872 0.001714285714282147 0.0004
0.03937499999999937 0.003428571428562995 0.0004
0.03937499999999915 0.002857142857136064 0.0004
0.0393749999999998 0.004571428571419357 0.0004
0.03937499999999958 0.003999999999991176 0.0004
0.03937500000000023 0.005714285714279265 0.0004
0.03937500000000001 0.005142857142849311 0.0004
0.03937500000000068 0.006857142857139632 0.0004
0.03937500000000047 0.006285714285709449 0.0004
0.0393750000000009 0.007428571428569816 0.0004
2 174 0 13
3698
3699
3700
3701
3702
3703
3704
3705
3706
3707
3708
3709
3710
0.04000000000000001 0.00114285714285516 0.0006000000000000001
0.04000000000000001 0.00057142857142758 0.0006000000000000001
0.04000000000000001 0.002285714285709134 0.0006000000000000001
0.04000000000000001 0.001714285714282147 0.0006000000000000001
0.04000000000000001 0.003428571428562995 0.0006000000000000001
0.04000000000000001 0.002857142857136064 0.0006000000000000001
0.04000000000000001 0.004571428571419358 0.0006000000000000001
0.04000000000000001 0.003999999999991176 0.0006000000000000001
0.04000000000000001 0.005714285714279265 0.0006000000000000001
0.04000000000000001 0.005142857142849311 0.0006000000000000001
0.04000000000000001 0.006857142857139632 0.0006000000000000001
0.04000000000000001 0.006285714285709449 0.0006000000000000001
0.04000000000000001 0.007428571428569815 0.0006000000000000001
2 183 0 195
3711
3712
3713
3714
3715
3716
3717
3718
3719
3720
3721
3722
3723
3724
3725
3726
3727
3728
3729
3730
3731
3732
3733
3734
3735
3736
3737
3738
3739
3740
3741
3742
3743
3744
3745
3746
3747
3748
3749
3750
3751
3752
3753
3754
3755
3756
3757
3758
3759
3760
3761
3762
3763
3764
3765
3766
3767
3768
3769
3770
3771
3772
3773
3774
3775
3776
3777
3778
3779
3780
3781
3782
3783
3784
3785
3786
3787
3788
3789
3790
3791
3792
3793
3794
3795
3796
3797
3798
3799
3800
3801
3802
3803
3804
3805
3806
3807
3808
3809
3810
3811
3812
3813
3814
3815
3816
3817
3818
3819
3820
3821
3822
3823
3824
3825
3826
3827
3828
3829
3830
3831
3832
3833
3834
3835
3836
3837
3838
3839
3840
3841
3842
3843
3844
3845
3846
3847
3848
3849
3850
3851
3852
3853
3854
3855
3856
3857
3858
3859
3860
3861
3862
3863
3864
3865
3866
3867
3868
3869
3870
3871
3872
3873
3874
3875
3876
3877
3878
3879
3880
3881
3882
3883
3884
3885
3886
3887
3888
3889
3890
3891
3892
3893
3894
3895
3896
3897
3898
3899
3900
3901
3902
3903
3904
3905
0.03124999999999876 0.00114285714285516 0.0008
0.03124999999999975 0.002285714285709134 0.0008
0.03125000000000071 0.003428571428562994 0.0008
0.03125000000000168 0.004571428571419357 0.0008
0.03125000000000264 0.005714285714279265 0.0008
0.03125000000000362 0.006857142857139631 0.0008
0.03249999999999599 0.00114285714285516 0.0008
0.03249999999999774 0.002285714285709134 0.0008
0.03249999999999947 0.003428571428562993 0.0008
0.03250000000000122 0.004571428571419357 0.0008
0.03250000000000296 0.005714285714279265 0.0008
0.03250000000000471 0.006857142857139632 0.0008
0.03374999999999302 0.00114285714285516 0.0008
0.03374999999999602 0.002285714285709134 0.0008
0.03374999999999902 0.003428571428562995 0.0008
0.03375000000000201 0.004571428571419358 0.0008
0.03375000000000501 0.005714285714279265 0.0008
0.03375000000000802 0.006857142857139632 0.0008
0.03499999999999159 0.00114285714285516 0.0008
0.0349999999999947 0.002285714285709134 0.0008
0.03499999999999779 0.003428571428562994 0.0008
0.03500000000000089 0.004571428571419357 0.0008
0.03500000000000399 0.005714285714279265 0.0008
0.03500000000000708 0.006857142857139632 0.0008
0.03624999999999442 0.00114285714285516 0.0008
0.03624999999999645 0.002285714285709134 0.0008
0.03624999999999848 0.003428571428562994 0.0008
0.03625000000000052 0.004571428571419357 0.0008
0.03625000000000256 0.005714285714279265 0.0008
0.03625000000000458 0.006857142857139632 0.0008
0.03749999999999493 0.00114285714285516 0.0008
0.03749999999999629 0.002285714285709134 0.0008
0.03749999999999765 0.003428571428562994 0.0008
0.03749999999999901 0.004571428571419357 0.0008
0.03750000000000035 0.005714285714279265 0.0008
0.03750000000000169 0.006857142857139632 0.0008
0.03874999999999697 0.00114285714285516 0.0008
0.03874999999999786 0.002285714285709135 0.0008
0.03874999999999873 0.003428571428562994 0.0008
0.03874999999999959 0.004571428571419357 0.0008
0.03875000000000046 0.005714285714279265 0.0008
0.03875000000000135 0.006857142857139632 0.0008
0.03124999999999828 0.00057142857142758 0.0008
0.03062499999999939 0.00114285714285516 0.0008
0.03062499999999914 0.00057142857142758 0.0008
0.03124999999999926 0.001714285714282147 0.0008
0.03062499999999988 0.002285714285709134 0.0008
0.03062499999999963 0.001714285714282147 0.0008
0.03125000000000023 0.002857142857136064 0.0008
0.03062500000000036 0.003428571428562995 0.0008
0.03062500000000012 0.002857142857136064 0.0008
0.03125000000000119 0.003999999999991176 0.0008
0.03062500000000085 0.004571428571419357 0.0008
0.0306250000000006 0.003999999999991176 0.0008
0.03125000000000216 0.005142857142849311 0.0008
0.03062500000000132 0.005714285714279265 0.0008
0.03062500000000108 0.005142857142849311 0.0008
0.03125000000000313 0.006285714285709448 0.0008
0.03062500000000182 0.006857142857139632 0.0008
0.03062500000000157 0.006285714285709448 0.0008
0.03125000000000411 0.007428571428569815 0.0008
0.03062500000000206 0.007428571428569815 0.0008
0.03249999999999512 0.00057142857142758 0.0008
0.03187499999999738 0.00114285714285516 0.0008
0.0318749999999967 0.00057142857142758 0.0008
0.03249999999999686 0.001714285714282147 0.0008
0.03187499999999874 0.002285714285709134 0.0008
0.03187499999999806 0.001714285714282147 0.0008
0.0324999999999986 0.002857142857136064 0.0008
0.03187500000000008 0.003428571428562993 0.0008
0.03187499999999941 0.002857142857136064 0.0008
0.03250000000000035 0.003999999999991175 0.0008
0.03187500000000145 0.004571428571419357 0.0008
0.03187500000000078 0.003999999999991175 0.0008
0.03250000000000209 0.005142857142849311 0.0008
0.0318750000000028 0.005714285714279265 0.0008
0.03187500000000212 0.005142857142849311 0.0008
0.03250000000000383 0.006285714285709449 0.0008
0.03187500000000416 0.006857142857139632 0.0008
0.03187500000000348 0.006285714285709449 0.0008
0.03250000000000558 0.007428571428569816 0.0008
0.03187500000000484 0.007428571428569815 0.0008
0.03374999999999152 0.00057142857142758 0.0008
0.03312499999999451 0.00114285714285516 0.0008
0.03312499999999332 0.00057142857142758 0.0008
0.03374999999999452 0.001714285714282147 0.0008
0.03312499999999688 0.002285714285709134 0.0008
0.03312499999999569 0.001714285714282147 0.0008
0.03374999999999752 0.002857142857136064 0.0008
0.03312499999999924 0.003428571428562994 0.0008
0.03312499999999806 0.002857142857136064 0.0008
0.03375000000000052 0.003999999999991176 0.0008
0.03312500000000161 0.004571428571419357 0.0008
0.03312500000000043 0.003999999999991176 0.0008
0.03375000000000351 0.005142857142849311 0.0008
0.03312500000000398 0.005714285714279265 0.0008
0.0331250000000028 0.005142857142849311 0.0008
0.03375000000000651 0.006285714285709449 0.0008
0.03312500000000636 0.006857142857139632 0.0008
0.03312500000000516 0.006285714285709449 0.0008
0.03375000000000952 0.007428571428569816 0.0008
0.03312500000000755 0.007428571428569816 0.0008
0.03499999999999005 0.00057142857142758 0.0008
0.03437499999999231 0.00114285714285516 0.0008
0.03437499999999078 0.00057142857142758 0.0008
0.03499999999999315 0.001714285714282147 0.0008
0.03437499999999536 0.002285714285709134 0.0008
0.03437499999999383 0.001714285714282147 0.0008
0.03499999999999624 0.002857142857136064 0.0008
0.03437499999999841 0.003428571428562995 0.0008
0.03437499999999688 0.002857142857136064 0.0008
0.03499999999999934 0.003999999999991176 0.0008
0.03437500000000145 0.004571428571419357 0.0008
0.03437499999999993 0.003999999999991176 0.0008
0.03500000000000245 0.005142857142849311 0.0008
0.0343750000000045 0.005714285714279265 0.0008
0.03437500000000298 0.005142857142849311 0.0008
0.03500000000000554 0.006285714285709449 0.0008
0.03437500000000755 0.006857142857139632 0.0008
0.03437500000000603 0.006285714285709449 0.0008
0.03500000000000864 0.007428571428569816 0.0008
0.03437500000000908 0.007428571428569816 0.0008
0.03624999999999341 0.00057142857142758 0.0008
0.03562499999999301 0.00114285714285516 0.0008
0.03562499999999173 0.00057142857142758 0.0008
0.03624999999999544 0.001714285714282147 0.0008
0.03562499999999558 0.002285714285709134 0.0008
0.03562499999999429 0.001714285714282147 0.0008
0.03624999999999746 0.002857142857136064 0.0008
0.03562499999999813 0.003428571428562994 0.0008
0.03562499999999685 0.002857142857136064 0.0008
0.0362499999999995 0.003999999999991176 0.0008
0.0356250000000007 0.004571428571419357 0.0008
0.03562499999999941 0.003999999999991176 0.0008
0.03625000000000154 0.005142857142849311 0.0008
0.03562500000000328 0.005714285714279265 0.0008
0.035625000000002 0.005142857142849311 0.0008
0.03625000000000357 0.006285714285709449 0.0008
0.03562500000000583 0.006857142857139632 0.0008
0.03562500000000456 0.006285714285709449 0.0008
0.0362500000000056 0.007428571428569816 0.0008
0.03562500000000712 0.007428571428569816 0.0008
0.03749999999999425 0.00057142857142758 0.0008
0.03687499999999468 0.00114285714285516 0.0008
0.03687499999999383 0.00057142857142758 0.0008
0.03749999999999561 0.001714285714282147 0.0008
0.03687499999999637 0.002285714285709134 0.0008
0.03687499999999552 0.001714285714282147 0.0008
0.03749999999999697 0.002857142857136064 0.0008
0.03687499999999806 0.003428571428562994 0.0008
0.03687499999999722 0.002857142857136064 0.0008
0.03749999999999833 0.003999999999991176 0.0008
0.03687499999999977 0.004571428571419357 0.0008
0.03687499999999892 0.003999999999991176 0.0008
0.03749999999999969 0.005142857142849311 0.0008
0.03687500000000146 0.005714285714279265 0.0008
0.03687500000000061 0.005142857142849311 0.0008
0.03750000000000102 0.006285714285709449 0.0008
0.03687500000000313 0.006857142857139632 0.0008
0.03687500000000229 0.006285714285709449 0.0008
0.03750000000000238 0.007428571428569816 0.0008
0.03687500000000399 0.007428571428569816 0.0008
0.03874999999999654 0.00057142857142758 0.0008
0.03812499999999595 0.00114285714285516 0.0008
0.0381249999999954 0.00057142857142758 0.0008
0.03874999999999741 0.001714285714282148 0.0008
0.03812499999999708 0.002285714285709135 0.0008
0.03812499999999651 0.001714285714282147 0.0008
0.0387499999999983 0.002857142857136064 0.0008
0.03812499999999819 0.003428571428562994 0.0008
0.03812499999999763 0.002857142857136064 0.0008
0.03874999999999916 0.003999999999991176 0.0008
0.0381249999999993 0.004571428571419357 0.0008
0.03812499999999874 0.003999999999991176 0.0008
0.03875000000000002 0.005142857142849311 0.0008
0.03812500000000041 0.005714285714279265 0.0008
0.03812499999999985 0.005142857142849311 0.0008
0.03875000000000091 0.006285714285709449 0.0008
0.03812500000000152 0.006857142857139632 0.0008
0.03812500000000096 0.006285714285709449 0.0008
0.03875000000000178 0.007428571428569816 0.0008
0.03812500000000209 0.007428571428569816 0.0008
0.03937499999999849 0.00114285714285516 0.0008
0.03937499999999827 0.00057142857142758 0.0008
0.03937499999999894 0.002285714285709135 0.0008
0.03937499999999872 0.001714285714282147 0.0008
0.03937499999999937 0.003428571428562995 0.0008
0.03937499999999915 0.002857142857136064 0.0008
0.0393749999999998 0.004571428571419357 0.0008
0.03937499999999958 0.003999999999991176 0.0008
0.03937500000000023 0.005714285714279265 0.0008
0.03937500000000001 0.005142857142849311 0.0008
0.03937500000000068 0.006857142857139632 0.0008
0.03937500000000047 0.006285714285709449 0.0008
0.0393750000000009 0.007428571428569816 0.0008
2 184 0 195
3906
3907
3908
3909
3910
3911
3912
3913
3914
3915
3916
3917
3918
3919
3920
3921
3922
3923
3924
3925
3926
3927
3928
3929
3930
3931
3932
3933
3934
3935
3936
3937
3938
3939
3940
3941
3942
3943
3944
3945
3946
3947
3948
3949
3950
3951
3952
3953
3954
3955
3956
3957
3958
3959
3960
3961
3962
3963
3964
3965
3966
3967
3968
3969
3970
3971
3972
3973
3974
3975
3976
3977
3978
3979
3980
3981
3982
3983
3984
3985
3986
3987
3988
3989
3990
3991
3992
3993
3994
3995
3996
3997
3998
3999
4000
4001
4002
4003
4004
4005
4006
4007
4008
4009
4010
4011
4012
4013
4014
4015
4016
4017
4018
4019
4020
4021
4022
4023
4024
4025
4026
4027
4028
4029
4030
4031
4032
4033
4034
4035
4036
4037
4038
4039
4040
4041
4042
4043
4044
4045
4046
4047
4048
4049
4050
4051
4052
4053
4054
4055
4056
4057
4058
4059
4060
4061
4062
4063
4064
4065
4066
4067
4068
4069
4070
4071
4072
4073
4074
4075
4076
4077
4078
4079
4080
4081
4082
4083
4084
4085
4086
4087
4088
4089
4090
4091
4092
4093
4094
4095
4096
4097
4098
4099
4100
0.04124999999999884 0.00114285714285516 0
0.04124999999999973 0.002285714285709134 0
0.04125000000000059 0.003428571428562995 0
0.04125000000000147 0.004571428571419357 0
0.04125000000000234 0.005714285714279265 0
0.04125000000000321 0.006857142857139632 0
0.04249999999999866 0.00114285714285516 0
0.04250000000000002 0.002285714285709134 0
0.04250000000000136 0.003428571428562995 0
0.04250000000000272 0.004571428571419357 0
0.04250000000000407 0.005714285714279265 0
0.04250000000000541 0.006857142857139632 0
0.04374999999999594 0.00114285714285516 0
0.04374999999999798 0.002285714285709134 0
0.04375000000000002 0.003428571428562994 0
0.04375000000000204 0.004571428571419357 0
0.04375000000000408 0.005714285714279265 0
0.04375000000000611 0.006857142857139632 0
0.04499999999999361 0.00114285714285516 0
0.04499999999999672 0.002285714285709134 0
0.04499999999999982 0.003428571428562994 0
0.04500000000000292 0.004571428571419357 0
0.04500000000000601 0.005714285714279265 0
0.04500000000000911 0.006857142857139632 0
0.04624999999999285 0.00114285714285516 0
0.04624999999999585 0.002285714285709134 0
0.04624999999999885 0.003428571428562995 0
0.04625000000000185 0.004571428571419357 0
0.04625000000000484 0.005714285714279265 0
0.04625000000000785 0.006857142857139631 0
0.04749999999999634 0.00114285714285516 0
0.04749999999999807 0.002285714285709135 0
0.04749999999999981 0.003428571428562994 0
0.04750000000000156 0.004571428571419358 0
0.04750000000000331 0.005714285714279265 0
0.04750000000000505 0.006857142857139632 0
0.04874999999999748 0.001142857142855159 0
0.04874999999999836 0.002285714285709134 0
0.04874999999999924 0.003428571428562995 0
0.04875000000000011 0.004571428571419358 0
0.04875000000000097 0.005714285714279265 0
0.04875000000000184 0.006857142857139632 0
0.04124999999999841 0.00057142857142758 0
0.04062499999999943 0.00114285714285516 0
0.04062499999999921 0.00057142857142758 0
0.04124999999999929 0.001714285714282147 0
0.04062499999999987 0.002285714285709134 0
0.04062499999999965 0.001714285714282147 0
0.04125000000000016 0.002857142857136064 0
0.0406250000000003 0.003428571428562995 0
0.04062500000000008 0.002857142857136064 0
0.04125000000000104 0.003999999999991176 0
0.04062500000000074 0.004571428571419357 0
0.04062500000000052 0.003999999999991176 0
0.04125000000000191 0.005142857142849311 0
0.04062500000000117 0.005714285714279265 0
0.04062500000000096 0.005142857142849311 0
0.04125000000000277 0.006285714285709449 0
0.0406250000000016 0.006857142857139632 0
0.04062500000000139 0.006285714285709449 0
0.04125000000000364 0.007428571428569816 0
0.04062500000000183 0.007428571428569816 0
0.04249999999999798 0.00057142857142758 0
0.04187499999999875 0.00114285714285516 0
0.04187499999999819 0.00057142857142758 0
0.04249999999999934 0.001714285714282147 0
0.04187499999999987 0.002285714285709134 0
0.04187499999999932 0.001714285714282147 0
0.04250000000000069 0.002857142857136064 0
0.04187500000000098 0.003428571428562995 0
0.04187500000000043 0.002857142857136064 0
0.04250000000000204 0.003999999999991176 0
0.0418750000000021 0.004571428571419357 0
0.04187500000000154 0.003999999999991176 0
0.0425000000000034 0.005142857142849311 0
0.0418750000000032 0.005714285714279265 0
0.04187500000000265 0.005142857142849311 0
0.04250000000000474 0.006285714285709449 0
0.04187500000000431 0.006857142857139632 0
0.04187500000000376 0.006285714285709449 0
0.0425000000000061 0.007428571428569816 0
0.04187500000000487 0.007428571428569816 0
0.04374999999999493 0.00057142857142758 0
0.0431249999999973 0.00114285714285516 0
0.04312499999999646 0.00057142857142758 0
0.04374999999999696 0.001714285714282147 0
0.043124999999999 0.002285714285709134 0
0.04312499999999815 0.001714285714282147 0
0.043749999999999 0.002857142857136064 0
0.04312500000000069 0.003428571428562995 0
0.04312499999999984 0.002857142857136064 0
0.04375000000000102 0.003999999999991176 0
0.04312500000000238 0.004571428571419357 0
0.04312500000000154 0.003999999999991176 0
0.04375000000000306 0.005142857142849311 0
0.04312500000000408 0.005714285714279265 0
0.04312500000000323 0.005142857142849311 0
0.04375000000000509 0.006285714285709449 0
0.04312500000000576 0.006857142857139632 0
0.04312500000000491 0.006285714285709449 0
0.04375000000000712 0.007428571428569816 0
0.04312500000000661 0.007428571428569816 0
0.04499999999999207 0.00057142857142758 0
0.04437499999999477 0.00114285714285516 0
0.0443749999999935 0.00057142857142758 0
0.04499999999999517 0.001714285714282147 0
0.04437499999999735 0.002285714285709134 0
0.04437499999999606 0.001714285714282147 0
0.04499999999999827 0.002857142857136064 0
0.04437499999999991 0.003428571428562994 0
0.04437499999999864 0.002857142857136064 0
0.04500000000000137 0.003999999999991176 0
0.04437500000000248 0.004571428571419357 0
0.0443750000000012 0.003999999999991176 0
0.04500000000000447 0.005142857142849311 0
0.04437500000000504 0.005714285714279265 0
0.04437500000000377 0.005142857142849311 0
0.04500000000000756 0.006285714285709449 0
0.04437500000000761 0.006857142857139632 0
0.04437500000000633 0.006285714285709449 0
0.04500000000001066 0.007428571428569816 0
0.04437500000000889 0.007428571428569816 0
0.04624999999999135 0.00057142857142758 0
0.04562499999999323 0.00114285714285516 0
0.04562499999999171 0.00057142857142758 0
0.04624999999999435 0.001714285714282147 0
0.04562499999999629 0.002285714285709134 0
0.04562499999999477 0.001714285714282147 0
0.04624999999999735 0.002857142857136064 0
0.04562499999999933 0.003428571428562995 0
0.04562499999999781 0.002857142857136064 0
0.04625000000000035 0.003999999999991176 0
0.04562500000000239 0.004571428571419357 0
0.04562500000000086 0.003999999999991176 0
0.04625000000000334 0.005142857142849311 0
0.04562500000000543 0.005714285714279265 0
0.04562500000000391 0.005142857142849311 0
0.04625000000000634 0.006285714285709448 0
0.04562500000000848 0.006857142857139632 0
0.04562500000000695 0.006285714285709448 0
0.04625000000000935 0.007428571428569815 0
0.04562500000001 0.007428571428569815 0
0.04749999999999546 0.00057142857142758 0
0.04687499999999459 0.00114285714285516 0
0.04687499999999341 0.00057142857142758 0
0.0474999999999972 0.001714285714282148 0
0.04687499999999696 0.002285714285709135 0
0.04687499999999577 0.001714285714282147 0
0.04749999999999895 0.002857142857136064 0
0.04687499999999933 0.003428571428562995 0
0.04687499999999815 0.002857142857136064 0
0.04750000000000069 0.003999999999991176 0
0.04687500000000171 0.004571428571419357 0
0.04687500000000051 0.003999999999991176 0
0.04750000000000244 0.005142857142849311 0
0.04687500000000408 0.005714285714279265 0
0.04687500000000289 0.005142857142849311 0
0.04750000000000418 0.006285714285709449 0
0.04687500000000645 0.006857142857139632 0
0.04687500000000527 0.006285714285709449 0
0.04750000000000592 0.007428571428569816 0
0.04687500000000764 0.007428571428569815 0
0.04874999999999705 0.0005714285714275795 0
0.04812499999999691 0.00114285714285516 0
0.04812499999999625 0.0005714285714275798 0
0.04874999999999792 0.001714285714282147 0
0.04812499999999821 0.002285714285709135 0
0.04812499999999756 0.001714285714282147 0
0.04874999999999879 0.002857142857136064 0
0.04812499999999953 0.003428571428562995 0
0.04812499999999887 0.002857142857136064 0
0.04874999999999968 0.003999999999991176 0
0.04812500000000083 0.004571428571419358 0
0.04812500000000017 0.003999999999991176 0
0.04875000000000054 0.005142857142849311 0
0.04812500000000214 0.005714285714279265 0
0.04812500000000149 0.005142857142849311 0
0.0487500000000014 0.006285714285709449 0
0.04812500000000344 0.006857142857139632 0
0.04812500000000279 0.006285714285709449 0
0.04875000000000228 0.007428571428569816 0
0.0481250000000041 0.007428571428569816 0
0.04937499999999875 0.00114285714285516 0
0.04937499999999853 0.0005714285714275798 0
0.04937499999999918 0.002285714285709134 0
0.04937499999999897 0.001714285714282147 0
0.04937499999999963 0.003428571428562995 0
0.04937499999999941 0.002857142857136064 0
0.04937500000000006 0.004571428571419358 0
0.04937499999999984 0.003999999999991176 0
0.04937500000000049 0.005714285714279265 0
0.04937500000000027 0.005142857142849311 0
0.04937500000000093 0.006857142857139632 0
0.0493750000000007 0.006285714285709449 0
0.04937500000000115 0.007428571428569816 0
2 197 0 13
4101
4102
4103
4104
4105
4106
4107
4108
4109
4110
4111
4112
4113
0.05000000000000001 0.00114285714285516 0.0002
0.05000000000000001 0.00057142857142758 0.0002
0.05000000000000001 0.002285714285709134 0.0002
0.05000000000000001 0.001714285714282147 0.0002
0.05000000000000001 0.003428571428562995 0.0002
0.05000000000000001 0.002857142857136064 0.0002
0.05000000000000001 0.004571428571419358 0.0002
0.05000000000000001 0.003999999999991176 0.0002
0.05000000000000001 0.005714285714279265 0.0002
0.05000000000000001 0.005142857142849311 0.0002
0.05000000000000001 0.006857142857139632 0.0002
0.05000000000000001 0.006285714285709449 0.0002
0.05000000000000001 0.007428571428569815 0.0002
2 206 0 195
4114
4115
4116
4117
4118
4119
4120
4121
4122
4123
4124
4125
4126
4127
4128
4129
4130
4131
4132
4133
4134
4135
4136
4137
4138
4139
4140
4141
4142
4143
4144
4145
4146
4147
4148
4149
4150
4151
4152
4153
4154
4155
4156
4157
4158
4159
4160
4161
4162
4163
4164
4165
4166
4167
4168
4169
4170
4171
4172
4173
4174
4175
4176
4177
4178
4179
4180
4181
4182
4183
4184
4185
4186
4187
4188
4189
4190
4191
4192
4193
4194
4195
4196
4197
4198
4199
4200
4201
4202
4203
4204
4205
4206
4207
4208
4209
4210
4211
4212
4213
4214
4215
4216
4217
4218
4219
4220
4221
4222
4223
4224
4225
4226
4227
4228
4229
4230
4231
4232
4233
4234
4235
4236
4237
4238
4239
4240
4241
4242
4243
4244
4245
4246
4247
4248
4249
4250
4251
4252
4253
4254
4255
4256
4257
4258
4259
4260
4261
4262
4263
4264
4265
4266
4267
4268
4269
4270
4271
4272
4273
4274
4275
4276
4277
4278
4279
4280
4281
4282
4283
4284
4285
4286
4287
4288
4289
4290
4291
4292
4293
4294
4295
4296
4297
4298
4299
4300
4301
4302
4303
4304
4305
4306
4307
4308
0.04124999999999884 0.00114285714285516 0.0004
0.04124999999999973 0.002285714285709134 0.0004
0.04125000000000059 0.003428571428562995 0.0004
0.04125000000000147 0.004571428571419357 0.0004
0.04125000000000234 0.005714285714279265 0.0004
0.04125000000000321 0.006857142857139632 0.0004
0.04249999999999866 0.00114285714285516 0.0004
0.04250000000000002 0.002285714285709134 0.0004
0.04250000000000136 0.003428571428562995 0.0004
0.04250000000000272 0.004571428571419357 0.0004
0.04250000000000407 0.005714285714279265 0.0004
0.04250000000000541 0.006857142857139632 0.0004
0.04374999999999594 0.00114285714285516 0.0004
0.04374999999999798 0.002285714285709134 0.0004
0.04375000000000002 0.003428571428562994 0.0004
0.04375000000000204 0.004571428571419357 0.0004
0.04375000000000408 0.005714285714279265 0.0004
0.04375000000000611 0.006857142857139632 0.0004
0.04499999999999361 0.00114285714285516 0.0004
0.04499999999999672 0.002285714285709134 0.0004
0.04499999999999982 0.003428571428562994 0.0004
0.04500000000000292 0.004571428571419357 0.0004
0.04500000000000601 0.005714285714279265 0.0004
0.04500000000000911 0.006857142857139632 0.0004
0.04624999999999285 0.00114285714285516 0.0004
0.04624999999999585 0.002285714285709134 0.0004
0.04624999999999885 0.003428571428562995 0.0004
0.04625000000000185 0.004571428571419357 0.0004
0.04625000000000484 0.005714285714279265 0.0004
0.04625000000000785 0.006857142857139631 0.0004
0.04749999999999634 0.00114285714285516 0.0004
0.04749999999999807 0.002285714285709135 0.0004
0.04749999999999981 0.003428571428562994 0.0004
0.04750000000000156 0.004571428571419358 0.0004
0.04750000000000331 0.005714285714279265 0.0004
0.04750000000000505 0.006857142857139632 0.0004
0.04874999999999748 0.001142857142855159 0.0004
0.04874999999999836 0.002285714285709134 0.0004
0.04874999999999924 0.003428571428562995 0.0004
0.04875000000000011 0.004571428571419358 0.0004
0.04875000000000097 0.005714285714279265 0.0004
0.04875000000000184 0.006857142857139632 0.0004
0.04124999999999841 0.00057142857142758 0.0004
0.04062499999999943 0.00114285714285516 0.0004
0.04062499999999921 0.00057142857142758 0.0004
0.04124999999999929 0.001714285714282147 0.0004
0.04062499999999987 0.002285714285709134 0.0004
0.04062499999999965 0.001714285714282147 0.0004
0.04125000000000016 0.002857142857136064 0.0004
0.0406250000000003 0.003428571428562995 0.0004
0.04062500000000008 0.002857142857136064 0.0004
0.04125000000000104 0.003999999999991176 0.0004
0.04062500000000074 0.004571428571419357 0.0004
0.04062500000000052 0.003999999999991176 0.0004
0.04125000000000191 0.005142857142849311 0.0004
0.04062500000000117 0.005714285714279265 0.0004
0.04062500000000096 0.005142857142849311 0.0004
0.04125000000000277 0.006285714285709449 0.0004
0.0406250000000016 0.006857142857139632 0.0004
0.04062500000000139 0.006285714285709449 0.0004
0.04125000000000364 0.007428571428569816 0.0004
0.04062500000000183 0.007428571428569816 0.0004
0.04249999999999798 0.00057142857142758 0.0004
0.04187499999999875 0.00114285714285516 0.0004
0.04187499999999819 0.00057142857142758 0.0004
0.04249999999999934 0.001714285714282147 0.0004
0.04187499999999987 0.002285714285709134 0.0004
0.04187499999999932 0.001714285714282147 0.0004
0.04250000000000069 0.002857142857136064 0.0004
0.04187500000000098 0.003428571428562995 0.0004
0.04187500000000043 0.002857142857136064 0.0004
0.04250000000000204 0.003999999999991176 0.0004
0.0418750000000021 0.004571428571419357 0.0004
0.04187500000000154 0.003999999999991176 0.0004
0.0425000000000034 0.005142857142849311 0.0004
0.0418750000000032 0.005714285714279265 0.0004
0.04187500000000265 0.005142857142849311 0.0004
0.04250000000000474 0.006285714285709449 0.0004
0.04187500000000431 0.006857142857139632 0.0004
0.04187500000000376 0.006285714285709449 0.0004
0.0425000000000061 0.007428571428569816 0.0004
0.04187500000000487 0.007428571428569816 0.0004
0.04374999999999493 0.00057142857142758 0.0004
0.0431249999999973 0.00114285714285516 0.0004
0.04312499999999646 0.00057142857142758 0.0004
0.04374999999999696 0.001714285714282147 0.0004
0.043124999999999 0.002285714285709134 0.0004
0.04312499999999815 0.001714285714282147 0.0004
0.043749999999999 0.002857142857136064 0.0004
0.04312500000000069 0.003428571428562995 0.0004
0.04312499999999984 0.002857142857136064 0.0004
0.04375000000000102 0.003999999999991176 0.0004
0.04312500000000238 0.004571428571419357 0.0004
0.04312500000000154 0.003999999999991176 0.0004
0.04375000000000306 0.005142857142849311 0.0004
0.04312500000000408 0.005714285714279265 0.0004
0.04312500000000323 0.005142857142849311 0.0004
0.04375000000000509 0.006285714285709449 0.0004
0.04312500000000576 0.006857142857139632 0.0004
0.04312500000000491 0.006285714285709449 0.0004
0.04375000000000712 0.007428571428569816 0.0004
0.04312500000000661 0.007428571428569816 0.0004
0.04499999999999207 0.00057142857142758 0.0004
0.04437499999999477 0.00114285714285516 0.0004
0.0443749999999935 0.00057142857142758 0.0004
0.04499999999999517 0.001714285714282147 0.0004
0.04437499999999735 0.002285714285709134 0.0004
0.04437499999999606 0.001714285714282147 0.0004
0.04499999999999827 0.002857142857136064 0.0004
0.04437499999999991 0.003428571428562994 0.0004
0.04437499999999864 0.002857142857136064 0.0004
0.04500000000000137 0.003999999999991176 0.0004
0.04437500000000248 0.004571428571419357 0.0004
0.0443750000000012 0.003999999999991176 0.0004
0.04500000000000447 0.005142857142849311 0.0004
0.04437500000000504 0.005714285714279265 0.0004
0.04437500000000377 0.005142857142849311 0.0004
0.04500000000000756 0.006285714285709449 0.0004
0.04437500000000761 0.006857142857139632 0.0004
0.04437500000000633 0.006285714285709449 0.0004
0.04500000000001066 0.007428571428569816 0.0004
0.04437500000000889 0.007428571428569816 0.0004
0.04624999999999135 0.00057142857142758 0.0004
0.04562499999999323 0.00114285714285516 0.0004
0.04562499999999171 0.00057142857142758 0.0004
0.04624999999999435 0.001714285714282147 0.0004
0.04562499999999629 0.002285714285709134 0.0004
0.04562499999999477 0.001714285714282147 0.0004
0.04624999999999735 0.002857142857136064 0.0004
0.04562499999999933 0.003428571428562995 0.0004
0.04562499999999781 0.002857142857136064 0.0004
0.04625000000000035 0.003999999999991176 0.0004
0.04562500000000239 0.004571428571419357 0.0004
0.04562500000000086 0.003999999999991176 0.0004
0.04625000000000334 0.005142857142849311 0.0004
0.04562500000000543 0.005714285714279265 0.0004
0.04562500000000391 0.005142857142849311 0.0004
0.04625000000000634 0.006285714285709448 0.0004
0.04562500000000848 0.006857142857139632 0.0004
0.04562500000000695 0.006285714285709448 0.0004
0.04625000000000935 0.007428571428569815 0.0004
0.04562500000001 0.007428571428569815 0.0004
0.04749999999999546 0.00057142857142758 0.0004
0.04687499999999459 0.00114285714285516 0.0004
0.04687499999999341 0.00057142857142758 0.0004
0.0474999999999972 0.001714285714282148 0.0004
0.04687499999999696 0.002285714285709135 0.0004
0.04687499999999577 0.001714285714282147 0.0004
0.04749999999999895 0.002857142857136064 0.0004
0.04687499999999933 0.003428571428562995 0.0004
0.04687499999999815 0.002857142857136064 0.0004
0.04750000000000069 0.003999999999991176 0.0004
0.04687500000000171 0.004571428571419357 0.0004
0.04687500000000051 0.003999999999991176 0.0004
0.04750000000000244 0.005142857142849311 0.0004
0.04687500000000408 0.005714285714279265 0.0004
0.04687500000000289 0.005142857142849311 0.0004
0.04750000000000418 0.006285714285709449 0.0004
0.04687500000000645 0.006857142857139632 0.0004
0.04687500000000527 0.006285714285709449 0.0004
0.04750000000000592 0.007428571428569816 0.0004
0.04687500000000764 0.007428571428569815 0.0004
0.04874999999999705 0.0005714285714275795 0.0004
0.04812499999999691 0.00114285714285516 0.0004
0.04812499999999625 0.0005714285714275798 0.0004
0.04874999999999792 0.001714285714282147 0.0004
0.04812499999999821 0.002285714285709135 0.0004
0.04812499999999756 0.001714285714282147 0.0004
0.04874999999999879 0.002857142857136064 0.0004
0.04812499999999953 0.003428571428562995 0.0004
0.04812499999999887 0.002857142857136064 0.0004
0.04874999999999968 0.003999999999991176 0.0004
0.04812500000000083 0.004571428571419358 0.0004
0.04812500000000017 0.003999999999991176 0.0004
0.04875000000000054 0.005142857142849311 0.0004
0.04812500000000214 0.005714285714279265 0.0004
0.04812500000000149 0.005142857142849311 0.0004
0.0487500000000014 0.006285714285709449 0.0004
0.04812500000000344 0.006857142857139632 0.0004
0.04812500000000279 0.006285714285709449 0.0004
0.04875000000000228 0.007428571428569816 0.0004
0.0481250000000041 0.007428571428569816 0.0004
0.04937499999999875 0.00114285714285516 0.0004
0.04937499999999853 0.0005714285714275798 0.0004
0.04937499999999918 0.002285714285709134 0.0004
0.04937499999999897 0.001714285714282147 0.0004
0.04937499999999963 0.003428571428562995 0.0004
0.04937499999999941 0.002857142857136064 0.0004
0.04937500000000006 0.004571428571419358 0.0004
0.04937499999999984 0.003999999999991176 0.0004
0.04937500000000049 0.005714285714279265 0.0004
0.04937500000000027 0.005142857142849311 0.0004
0.04937500000000093 0.006857142857139632 0.0004
0.0493750000000007 0.006285714285709449 0.0004
0.04937500000000115 0.007428571428569816 0.0004
2 219 0 13
4309
4310
4311
4312
4313
4314
4315
4316
4317
4318
4319
4320
4321
0.05000000000000001 0.00114285714285516 0.0006000000000000001
0.05000000000000001 0.00057142857142758 0.0006000000000000001
0.05000000000000001 0.002285714285709134 0.0006000000000000001
0.05000000000000001 0.001714285714282147 0.0006000000000000001
0.05000000000000001 0.003428571428562995 0.0006000000000000001
0.05000000000000001 0.002857142857136064 0.0006000000000000001
0.05000000000000001 0.004571428571419358 0.0006000000000000001
0.05000000000000001 0.003999999999991176 0.0006000000000000001
0.05000000000000001 0.005714285714279265 0.0006000000000000001
0.05000000000000001 0.005142857142849311 0.0006000000000000001
0.05000000000000001 0.006857142857139632 0.0006000000000000001
0.05000000000000001 0.006285714285709449 0.0006000000000000001
0.05000000000000001 0.007428571428569815 0.0006000000000000001
2 228 0 195
4322
4323
4324
4325
4326
4327
4328
4329
4330
4331
4332
4333
4334
4335
4336
4337
4338
4339
4340
4341
4342
4343
4344
4345
4346
4347
4348
4349
4350
4351
4352
4353
4354
4355
4356
4357
4358
4359
4360
4361
4362
4363
4364
4365
4366
4367
4368
4369
4370
4371
4372
4373
4374
4375
4376
4377
4378
4379
4380
4381
4382
4383
4384
4385
4386
4387
4388
4389
4390
4391
4392
4393
4394
4395
4396
4397
4398
4399
4400
4401
4402
4403
4404
4405
4406
4407
4408
4409
4410
4411
4412
4413
4414
4415
4416
4417
4418
4419
4420
4421
4422
4423
4424
4425
4426
4427
4428
4429
4430
4431
4432
4433
4434
4435
4436
4437
4438
4439
4440
4441
4442
4443
4444
4445
4446
4447
4448
4449
4450
4451
4452
4453
4454
4455
4456
4457
4458
4459
4460
4461
4462
4463
4464
4465
4466
4467
4468
4469
4470
4471
4472
4473
4474
4475
4476
4477
4478
4479
4480
4481
4482
4483
4484
4485
4486
4487
4488
4489
4490
4491
4492
4493
4494
4495
4496
4497
4498
4499
4500
4501
4502
4503
4504
4505
4506
4507
4508
4509
4510
4511
4512
4513
4514
4515
4516
0.04124999999999884 0.00114285714285516 0.0008
0.04124999999999973 0.002285714285709134 0.0008
0.04125000000000059 0.003428571428562995 0.0008
0.04125000000000147 0.004571428571419357 0.0008
0.04125000000000234 0.005714285714279265 0.0008
0.04125000000000321 0.006857142857139632 0.0008
0.04249999999999866 0.00114285714285516 0.0008
0.04250000000000002 0.002285714285709134 0.0008
0.04250000000000136 0.003428571428562995 0.0008
0.04250000000000272 0.004571428571419357 0.0008
0.04250000000000407 0.005714285714279265 0.0008
0.04250000000000541 0.006857142857139632 0.0008
0.04374999999999594 0.00114285714285516 0.0008
0.04374999999999798 0.002285714285709134 0.0008
0.04375000000000002 0.003428571428562994 0.0008
0.04375000000000204 0.004571428571419357 0.0008
0.04375000000000408 0.005714285714279265 0.0008
0.04375000000000611 0.006857142857139632 0.0008
0.04499999999999361 0.00114285714285516 0.0008
0.04499999999999672 0.002285714285709134 0.0008
0.04499999999999982 0.003428571428562994 0.0008
0.04500000000000292 0.004571428571419357 0.0008
0.04500000000000601 0.005714285714279265 0.0008
0.04500000000000911 0.006857142857139632 0.0008
0.04624999999999285 0.00114285714285516 0.0008
0.04624999999999585 0.002285714285709134 0.0008
0.04624999999999885 0.003428571428562995 0.0008
0.04625000000000185 0.004571428571419357 0.0008
0.04625000000000484 0.005714285714279265 0.0008
0.04625000000000785 0.006857142857139631 0.0008
0.04749999999999634 0.00114285714285516 0.0008
0.04749999999999807 0.002285714285709135 0.0008
0.04749999999999981 0.003428571428562994 0.0008
0.04750000000000156 0.004571428571419358 0.0008
0.04750000000000331 0.005714285714279265 0.0008
0.04750000000000505 0.006857142857139632 0.0008
0.04874999999999748 0.001142857142855159 0.0008
0.04874999999999836 0.002285714285709134 0.0008
0.04874999999999924 0.003428571428562995 0.0008
0.04875000000000011 0.004571428571419358 0.0008
0.04875000000000097 0.005714285714279265 0.0008
0.04875000000000184 0.006857142857139632 0.0008
0.04124999999999841 0.00057142857142758 0.0008
0.04062499999999943 0.00114285714285516 0.0008
0.04062499999999921 0.00057142857142758 0.0008
0.04124999999999929 0.001714285714282147 0.0008
0.04062499999999987 0.002285714285709134 0.0008
0.04062499999999965 0.001714285714282147 0.0008
0.04125000000000016 0.002857142857136064 0.0008
0.0406250000000003 0.003428571428562995 0.0008
0.04062500000000008 0.002857142857136064 0.0008
0.04125000000000104 0.003999999999991176 0.0008
0.04062500000000074 0.004571428571419357 0.0008
0.04062500000000052 0.003999999999991176 0.0008
0.04125000000000191 0.005142857142849311 0.0008
0.04062500000000117 0.005714285714279265 0.0008
0.04062500000000096 0.005142857142849311 0.0008
0.04125000000000277 0.006285714285709449 0.0008
0.0406250000000016 0.006857142857139632 0.0008
0.04062500000000139 0.006285714285709449 0.0008
0.04125000000000364 0.007428571428569816 0.0008
0.04062500000000183 0.007428571428569816 0.0008
0.04249999999999798 0.00057142857142758 0.0008
0.04187499999999875 0.00114285714285516 0.0008
0.04187499999999819 0.00057142857142758 0.0008
0.04249999999999934 0.001714285714282147 0.0008
0.04187499999999987 0.002285714285709134 0.0008
0.04187499999999932 0.001714285714282147 0.0008
0.04250000000000069 0.002857142857136064 0.0008
0.04187500000000098 0.003428571428562995 0.0008
0.04187500000000043 0.002857142857136064 0.0008
0.04250000000000204 0.003999999999991176 0.0008
0.0418750000000021 0.004571428571419357 0.0008
0.04187500000000154 0.003999999999991176 0.0008
0.0425000000000034 0.005142857142849311 0.0008
0.0418750000000032 0.005714285714279265 0.0008
0.04187500000000265 0.005142857142849311 0.0008
0.04250000000000474 0.006285714285709449 0.0008
0.04187500000000431 0.006857142857139632 0.0008
0.04187500000000376 0.006285714285709449 0.0008
0.0425000000000061 0.007428571428569816 0.0008
0.04187500000000487 0.007428571428569816 0.0008
0.04374999999999493 0.00057142857142758 0.0008
0.0431249999999973 0.00114285714285516 0.0008
0.04312499999999646 0.00057142857142758 0.0008
0.04374999999999696 0.001714285714282147 0.0008
0.043124999999999 0.002285714285709134 0.0008
0.04312499999999815 0.001714285714282147 0.0008
0.043749999999999 0.002857142857136064 0.0008
0.04312500000000069 0.003428571428562995 0.0008
0.04312499999999984 0.002857142857136064 0.0008
0.04375000000000102 0.003999999999991176 0.0008
0.04312500000000238 0.004571428571419357 0.0008
0.04312500000000154 0.003999999999991176 0.0008
0.04375000000000306 0.005142857142849311 0.0008
0.04312500000000408 0.005714285714279265 0.0008
0.04312500000000323 0.005142857142849311 0.0008
0.04375000000000509 0.006285714285709449 0.0008
0.04312500000000576 0.006857142857139632 0.0008
0.04312500000000491 0.006285714285709449 0.0008
0.04375000000000712 0.007428571428569816 0.0008
0.04312500000000661 0.007428571428569816 0.0008
0.04499999999999207 0.00057142857142758 0.0008
0.04437499999999477 0.00114285714285516 0.0008
0.0443749999999935 0.00057142857142758 0.0008
0.04499999999999517 0.001714285714282147 0.0008
0.04437499999999735 0.002285714285709134 0.0008
0.04437499999999606 0.001714285714282147 0.0008
0.04499999999999827 0.002857142857136064 0.0008
0.04437499999999991 0.003428571428562994 0.0008
0.04437499999999864 0.002857142857136064 0.0008
0.04500000000000137 0.003999999999991176 0.0008
0.04437500000000248 0.004571428571419357 0.0008
0.0443750000000012 0.003999999999991176 0.0008
0.04500000000000447 0.005142857142849311 0.0008
0.04437500000000504 0.005714285714279265 0.0008
0.04437500000000377 0.005142857142849311 0.0008
0.04500000000000756 0.006285714285709449 0.0008
0.04437500000000761 0.006857142857139632 0.0008
0.04437500000000633 0.006285714285709449 0.0008
0.04500000000001066 0.007428571428569816 0.0008
0.04437500000000889 0.007428571428569816 0.0008
0.04624999999999135 0.00057142857142758 0.0008
0.04562499999999323 0.00114285714285516 0.0008
0.04562499999999171 0.00057142857142758 0.0008
0.04624999999999435 0.001714285714282147 0.0008
0.04562499999999629 0.002285714285709134 0.0008
0.04562499999999477 0.001714285714282147 0.0008
0.04624999999999735 0.002857142857136064 0.0008
0.04562499999999933 0.003428571428562995 0.0008
0.04562499999999781 0.002857142857136064 0.0008
0.04625000000000035 0.003999999999991176 0.0008
0.04562500000000239 0.004571428571419357 0.0008
0.04562500000000086 0.003999999999991176 0.0008
0.04625000000000334 0.005142857142849311 0.0008
0.04562500000000543 0.005714285714279265 0.0008
0.04562500000000391 0.005142857142849311 0.0008
0.04625000000000634 0.006285714285709448 0.0008
0.04562500000000848 0.006857142857139632 0.0008
0.04562500000000695 0.006285714285709448 0.0008
0.04625000000000935 0.007428571428569815 0.0008
0.04562500000001 0.007428571428569815 0.0008
0.04749999999999546 0.00057142857142758 0.0008
0.04687499999999459 0.00114285714285516 0.0008
0.04687499999999341 0.00057142857142758 0.0008
0.0474999999999972 0.001714285714282148 0.0008
0.04687499999999696 0.002285714285709135 0.0008
0.04687499999999577 0.001714285714282147 0.0008
0.04749999999999895 0.002857142857136064 0.0008
0.04687499999999933 0.003428571428562995 0.0008
0.04687499999999815 0.002857142857136064 0.0008
0.04750000000000069 0.003999999999991176 0.0008
0.04687500000000171 0.004571428571419357 0.0008
0.04687500000000051 0.003999999999991176 0.0008
0.04750000000000244 0.005142857142849311 0.0008
0.04687500000000408 0.005714285714279265 0.0008
0.04687500000000289 0.005142857142849311 0.0008
0.04750000000000418 0.006285714285709449 0.0008
0.04687500000000645 0.006857142857139632 0.0008
0.04687500000000527 0.006285714285709449 0.0008
0.04750000000000592 0.007428571428569816 0.0008
0.04687500000000764 0.007428571428569815 0.0008
0.04874999999999705 0.0005714285714275795 0.0008
0.04812499999999691 0.00114285714285516 0.0008
0.04812499999999625 0.0005714285714275798 0.0008
0.04874999999999792 0.001714285714282147 0.0008
0.04812499999999821 0.002285714285709135 0.0008
0.04812499999999756 0.001714285714282147 0.0008
0.04874999999999879 0.002857142857136064 0.0008
0.04812499999999953 0.003428571428562995 0.0008
0.04812499999999887 0.002857142857136064 0.0008
0.04874999999999968 0.003999999999991176 0.0008
0.04812500000000083 0.004571428571419358 0.0008
0.04812500000000017 0.003999999999991176 0.0008
0.04875000000000054 0.005142857142849311 0.0008
0.04812500000000214 0.005714285714279265 0.0008
0.04812500000000149 0.005142857142849311 0.0008
0.0487500000000014 0.006285714285709449 0.0008
0.04812500000000344 0.006857142857139632 0.0008
0.04812500000000279 0.006285714285709449 0.0008
0.04875000000000228 0.007428571428569816 0.0008
0.0481250000000041 0.007428571428569816 0.0008
0.04937499999999875 0.00114285714285516 0.0008
0.04937499999999853 0.0005714285714275798 0.0008
0.04937499999999918 0.002285714285709134 0.0008
0.04937499999999897 0.001714285714282147 0.0008
0.04937499999999963 0.003428571428562995 0.0008
0.04937499999999941 0.002857142857136064 0.0008
0.04937500000000006 0.004571428571419358 0.0008
0.04937499999999984 0.003999999999991176 0.0008
0.04937500000000049 0.005714285714279265 0.0008
0.04937500000000027 0.005142857142849311 0.0008
0.04937500000000093 0.006857142857139632 0.0008
0.0493750000000007 0.006285714285709449 0.0008
0.04937500000000115 0.007428571428569816 0.0008
2 229 0 195
4517
4518
4519
4520
4521
4522
4523
4524
4525
4526
4527
4528
4529
4530
4531
4532
4533
4534
4535
4536
4537
4538
4539
4540
4541
4542
4543
4544
4545
4546
4547
4548
4549
4550
4551
4552
4553
4554
4555
4556
4557
4558
4559
4560
4561
4562
4563
4564
4565
4566
4567
4568
4569
4570
4571
4572
4573
4574
4575
4576
4577
4578
4579
4580
4581
4582
4583
4584
4585
4586
4587
4588
4589
4590
4591
4592
4593
4594
4595
4596
4597
4598
4599
4600
4601
4602
4603
4604
4605
4606
4607
4608
4609
4610
4611
4612
4613
4614
4615
4616
4617
4618
4619
4620
4621
4622
4623
4624
4625
4626
4627
4628
4629
4630
4631
4632
4633
4634
4635
4636
4637
4638
4639
4640
4641
4642
4643
4644
4645
4646
4647
4648
4649
4650
4651
4652
4653
4654
4655
4656
4657
4658
4659
4660
4661
4662
4663
4664
4665
4666
4667
4668
4669
4670
4671
4672
4673
4674
4675
4676
4677
4678
4679
4680
4681
4682
4683
4684
4685
4686
4687
4688
4689
4690
4691
4692
4693
4694
4695
4696
4697
4698
4699
4700
4701
4702
4703
4704
4705
4706
4707
4708
4709
4710
4711
0.05124999999999816 0.001142857142855159 0
0.05124999999999904 0.002285714285709134 0
0.05124999999999991 0.003428571428562995 0
0.05125000000000077 0.004571428571419358 0
0.05125000000000166 0.005714285714279265 0
0.05125000000000252 0.006857142857139632 0
0.05249999999999499 0.00114285714285516 0
0.05249999999999672 0.002285714285709135 0
0.05249999999999846 0.003428571428562994 0
0.05250000000000021 0.004571428571419358 0
0.05250000000000195 0.005714285714279265 0
0.05250000000000369 0.006857142857139632 0
0.05374999999999217 0.00114285714285516 0
0.05374999999999516 0.002285714285709134 0
0.05374999999999817 0.003428571428562995 0
0.05375000000000117 0.004571428571419357 0
0.05375000000000416 0.005714285714279265 0
0.05375000000000717 0.006857142857139631 0
0.05499999999999091 0.00114285714285516 0
0.05499999999999401 0.002285714285709134 0
0.05499999999999712 0.003428571428562994 0
0.05500000000000019 0.004571428571419357 0
0.0550000000000033 0.005714285714279265 0
0.05500000000000638 0.006857142857139632 0
0.0562499999999939 0.00114285714285516 0
0.05624999999999596 0.002285714285709134 0
0.05624999999999797 0.003428571428562994 0
0.05625 0.004571428571419357 0
0.05625000000000204 0.005714285714279265 0
0.05625000000000407 0.006857142857139632 0
0.05749999999999459 0.00114285714285516 0
0.05749999999999595 0.002285714285709134 0
0.0574999999999973 0.003428571428562995 0
0.05749999999999866 0.004571428571419357 0
0.05750000000000002 0.005714285714279265 0
0.05750000000000134 0.006857142857139632 0
0.05874999999999681 0.00114285714285516 0
0.0587499999999977 0.002285714285709134 0
0.05874999999999854 0.003428571428562995 0
0.05874999999999942 0.004571428571419357 0
0.0587500000000003 0.005714285714279265 0
0.05875000000000116 0.006857142857139632 0
0.05124999999999773 0.0005714285714275795 0
0.05062499999999909 0.00114285714285516 0
0.05062499999999887 0.0005714285714275798 0
0.0512499999999986 0.001714285714282147 0
0.05062499999999952 0.002285714285709134 0
0.0506249999999993 0.001714285714282147 0
0.05124999999999948 0.002857142857136064 0
0.05062499999999996 0.003428571428562995 0
0.05062499999999974 0.002857142857136064 0
0.05125000000000034 0.003999999999991176 0
0.05062500000000039 0.004571428571419358 0
0.05062500000000017 0.003999999999991176 0
0.05125000000000121 0.005142857142849311 0
0.05062500000000084 0.005714285714279265 0
0.05062500000000061 0.005142857142849311 0
0.05125000000000209 0.006285714285709449 0
0.05062500000000127 0.006857142857139632 0
0.05062500000000105 0.006285714285709449 0
0.05125000000000296 0.007428571428569816 0
0.05062500000000148 0.007428571428569816 0
0.05249999999999411 0.00057142857142758 0
0.05187499999999658 0.00114285714285516 0
0.05187499999999592 0.0005714285714275798 0
0.05249999999999586 0.001714285714282148 0
0.05187499999999788 0.002285714285709135 0
0.05187499999999723 0.001714285714282147 0
0.05249999999999759 0.002857142857136064 0
0.05187499999999919 0.003428571428562995 0
0.05187499999999853 0.002857142857136064 0
0.05249999999999934 0.003999999999991176 0
0.05187500000000049 0.004571428571419358 0
0.05187499999999984 0.003999999999991176 0
0.05250000000000108 0.005142857142849311 0
0.05187500000000181 0.005714285714279265 0
0.05187500000000114 0.005142857142849311 0
0.05250000000000282 0.006285714285709449 0
0.05187500000000311 0.006857142857139632 0
0.05187500000000246 0.006285714285709449 0
0.05250000000000456 0.007428571428569816 0
0.05187500000000375 0.007428571428569816 0
0.05374999999999067 0.00057142857142758 0
0.05312499999999358 0.00114285714285516 0
0.05312499999999239 0.00057142857142758 0
0.05374999999999366 0.001714285714282147 0
0.05312499999999594 0.002285714285709135 0
0.05312499999999476 0.001714285714282147 0
0.05374999999999666 0.002857142857136064 0
0.05312499999999831 0.003428571428562995 0
0.05312499999999713 0.002857142857136064 0
0.05374999999999967 0.003999999999991176 0
0.05312500000000069 0.004571428571419357 0
0.05312499999999951 0.003999999999991175 0
0.05375000000000267 0.005142857142849311 0
0.05312500000000306 0.005714285714279265 0
0.05312500000000187 0.005142857142849311 0
0.05375000000000567 0.006285714285709448 0
0.05312500000000543 0.006857142857139632 0
0.05312500000000425 0.006285714285709448 0
0.05375000000000867 0.007428571428569815 0
0.05312500000000661 0.007428571428569815 0
0.05499999999998936 0.00057142857142758 0
0.05437499999999154 0.00114285714285516 0
0.05437499999999001 0.00057142857142758 0
0.05499999999999246 0.001714285714282147 0
0.05437499999999459 0.002285714285709134 0
0.05437499999999307 0.001714285714282147 0
0.05499999999999557 0.002857142857136064 0
0.05437499999999765 0.003428571428562995 0
0.05437499999999612 0.002857142857136064 0
0.05499999999999865 0.003999999999991176 0
0.05437500000000068 0.004571428571419357 0
0.05437499999999917 0.003999999999991176 0
0.05500000000000174 0.005142857142849311 0
0.05437500000000373 0.005714285714279265 0
0.05437500000000221 0.005142857142849311 0
0.05500000000000484 0.006285714285709449 0
0.05437500000000677 0.006857142857139632 0
0.05437500000000525 0.006285714285709449 0
0.05500000000000793 0.007428571428569816 0
0.05437500000000829 0.007428571428569815 0
0.05624999999999289 0.00057142857142758 0
0.0556249999999924 0.00114285714285516 0
0.05562499999999112 0.00057142857142758 0
0.05624999999999493 0.001714285714282147 0
0.05562499999999498 0.002285714285709134 0
0.05562499999999369 0.001714285714282147 0
0.05624999999999697 0.002857142857136064 0
0.05562499999999754 0.003428571428562994 0
0.05562499999999627 0.002857142857136064 0
0.05624999999999898 0.003999999999991176 0
0.05562500000000009 0.004571428571419357 0
0.05562499999999881 0.003999999999991176 0
0.05625000000000102 0.005142857142849311 0
0.05562500000000267 0.005714285714279265 0
0.05562500000000138 0.005142857142849311 0
0.05625000000000305 0.006285714285709449 0
0.05562500000000523 0.006857142857139632 0
0.05562500000000395 0.006285714285709449 0
0.05625000000000509 0.007428571428569816 0
0.05562500000000651 0.007428571428569816 0
0.05749999999999392 0.00057142857142758 0
0.05687499999999425 0.00114285714285516 0
0.0568749999999934 0.00057142857142758 0
0.05749999999999527 0.001714285714282147 0
0.05687499999999596 0.002285714285709134 0
0.0568749999999951 0.001714285714282147 0
0.05749999999999662 0.002857142857136064 0
0.05687499999999764 0.003428571428562995 0
0.0568749999999968 0.002857142857136064 0
0.05749999999999798 0.003999999999991176 0
0.05687499999999933 0.004571428571419357 0
0.05687499999999848 0.003999999999991176 0
0.05749999999999934 0.005142857142849311 0
0.05687500000000104 0.005714285714279265 0
0.05687500000000018 0.005142857142849311 0
0.05750000000000068 0.006285714285709449 0
0.0568750000000027 0.006857142857139632 0
0.05687500000000187 0.006285714285709449 0
0.05750000000000204 0.007428571428569816 0
0.05687500000000356 0.007428571428569816 0
0.05874999999999637 0.00057142857142758 0
0.0581249999999957 0.00114285714285516 0
0.05812499999999515 0.00057142857142758 0
0.05874999999999726 0.001714285714282147 0
0.05812499999999683 0.002285714285709134 0
0.05812499999999626 0.001714285714282147 0
0.05874999999999812 0.002857142857136064 0
0.05812499999999792 0.003428571428562995 0
0.05812499999999737 0.002857142857136064 0
0.05874999999999898 0.003999999999991176 0
0.05812499999999904 0.004571428571419357 0
0.05812499999999848 0.003999999999991176 0
0.05874999999999986 0.005142857142849311 0
0.05812500000000016 0.005714285714279265 0
0.0581249999999996 0.005142857142849311 0
0.05875000000000073 0.006285714285709449 0
0.05812500000000125 0.006857142857139632 0
0.05812500000000071 0.006285714285709449 0
0.0587500000000016 0.007428571428569816 0
0.05812500000000182 0.007428571428569816 0
0.05937499999999842 0.00114285714285516 0
0.05937499999999819 0.00057142857142758 0
0.05937499999999886 0.002285714285709134 0
0.05937499999999864 0.001714285714282147 0
0.05937499999999928 0.003428571428562995 0
0.05937499999999907 0.002857142857136064 0
0.05937499999999972 0.004571428571419357 0
0.0593749999999995 0.003999999999991176 0
0.05937500000000016 0.005714285714279265 0
0.05937499999999993 0.005142857142849311 0
0.05937500000000059 0.006857142857139632 0
0.05937500000000037 0.006285714285709449 0
0.05937500000000081 0.007428571428569816 0
2 242 0 13
4712
4713
4714
4715
4716
4717
4718
4719
4720
4721
4722
4723
4724
0.06000000000000001 0.00114285714285516 0.0002
0.06000000000000001 0.00057142857142758 0.0002
0.06000000000000001 0.002285714285709134 0.0002
0.06000000000000001 0.001714285714282147 0.0002
0.06000000000000001 0.003428571428562995 0.0002
0.06000000000000001 0.002857142857136064 0.0002
0.06000000000000001 0.004571428571419358 0.0002
0.06000000000000001 0.003999999999991176 0.0002
0.06000000000000001 0.005714285714279265 0.0002
0.06000000000000001 0.005142857142849311 0.0002
0.06000000000000001 0.006857142857139632 0.0002
0.06000000000000001 0.006285714285709449 0.0002
0.06000000000000001 0.007428571428569815 0.0002
2 251 0 195
4725
4726
4727
4728
4729
4730
4731
4732
4733
4734
4735
4736
4737
4738
4739
4740
4741
4742
4743
4744
4745
4746
4747
4748
4749
4750
4751
4752
4753
4754
4755
4756
4757
4758
4759
4760
4761
4762
4763
4764
4765
4766
4767
4768
4769
4770
4771
4772
4773
4774
4775
4776
4777
4778
4779
4780
4781
4782
4783
4784
4785
4786
4787
4788
4789
4790
4791
4792
4793
4794
4795
4796
4797
4798
4799
4800
4801
4802
4803
4804
4805
4806
4807
4808
4809
4810
4811
4812
4813
4814
4815
4816
4817
4818
4819
4820
4821
4822
4823
4824
4825
4826
4827
4828
4829
4830
4831
4832
4833
4834
4835
4836
4837
4838
4839
4840
4841
4842
4843
4844
4845
4846
4847
4848
4849
4850
4851
4852
4853
4854
4855
4856
4857
4858
4859
4860
4861
4862
4863
4864
4865
4866
4867
4868
4869
4870
4871
4872
4873
4874
4875
4876
4877
4878
4879
4880
4881
4882
4883
4884
4885
4886
4887
4888
4889
4890
4891
4892
4893
4894
4895
4896
4897
4898
4899
4900
4901
4902
4903
4904
4905
4906
4907
4908
4909
4910
4911
4912
4913
4914
4915
4916
4917
4918
4919
0.05124999999999816 0.001142857142855159 0.0004
0.05124999999999904 0.002285714285709134 0.0004
0.05124999999999991 0.003428571428562995 0.0004
0.05125000000000077 0.004571428571419358 0.0004
0.05125000000000166 0.005714285714279265 0.0004
0.05125000000000252 0.006857142857139632 0.0004
0.05249999999999499 0.00114285714285516 0.0004
0.05249999999999672 0.002285714285709135 0.0004
0.05249999999999846 0.003428571428562994 0.0004
0.05250000000000021 0.004571428571419358 0.0004
0.05250000000000195 0.005714285714279265 0.0004
0.05250000000000369 0.006857142857139632 0.0004
0.05374999999999217 0.00114285714285516 0.0004
0.05374999999999516 0.002285714285709134 0.0004
0.05374999999999817 0.003428571428562995 0.0004
0.05375000000000117 0.004571428571419357 0.0004
0.05375000000000416 0.005714285714279265 0.0004
0.05375000000000717 0.006857142857139631 0.0004
0.05499999999999091 0.00114285714285516 0.0004
0.05499999999999401 0.002285714285709134 0.0004
0.05499999999999712 0.003428571428562994 0.0004
0.05500000000000019 0.004571428571419357 0.0004
0.0550000000000033 0.005714285714279265 0.0004
0.05500000000000638 0.006857142857139632 0.0004
0.0562499999999939 0.00114285714285516 0.0004
0.05624999999999596 0.002285714285709134 0.0004
0.05624999999999797 0.003428571428562994 0.0004
0.05625 0.004571428571419357 0.0004
0.05625000000000204 0.005714285714279265 0.0004
0.05625000000000407 0.006857142857139632 0.0004
0.05749999999999459 0.00114285714285516 0.0004
0.05749999999999595 0.002285714285709134 0.0004
0.0574999999999973 0.003428571428562995 0.0004
0.05749999999999866 0.004571428571419357 0.0004
0.05750000000000002 0.005714285714279265 0.0004
0.05750000000000134 0.006857142857139632 0.0004
0.05874999999999681 0.00114285714285516 0.0004
0.0587499999999977 0.002285714285709134 0.0004
0.05874999999999854 0.003428571428562995 0.0004
0.05874999999999942 0.004571428571419357 0.0004
0.0587500000000003 0.005714285714279265 0.0004
0.05875000000000116 0.006857142857139632 0.0004
0.05124999999999773 0.0005714285714275795 0.0004
0.05062499999999909 0.00114285714285516 0.0004
0.05062499999999887 0.0005714285714275798 0.0004
0.0512499999999986 0.001714285714282147 0.0004
0.05062499999999952 0.002285714285709134 0.0004
0.0506249999999993 0.001714285714282147 0.0004
0.05124999999999948 0.002857142857136064 0.0004
0.05062499999999996 0.003428571428562995 0.0004
0.05062499999999974 0.002857142857136064 0.0004
0.05125000000000034 0.003999999999991176 0.0004
0.05062500000000039 0.004571428571419358 0.0004
0.05062500000000017 0.003999999999991176 0.0004
0.05125000000000121 0.005142857142849311 0.0004
0.05062500000000084 0.005714285714279265 0.0004
0.05062500000000061 0.005142857142849311 0.0004
0.05125000000000209 0.006285714285709449 0.0004
0.05062500000000127 0.006857142857139632 0.0004
0.05062500000000105 0.006285714285709449 0.0004
0.05125000000000296 0.007428571428569816 0.0004
0.05062500000000148 0.007428571428569816 0.0004
0.05249999999999411 0.00057142857142758 0.0004
0.05187499999999658 0.00114285714285516 0.0004
0.05187499999999592 0.0005714285714275798 0.0004
0.05249999999999586 0.001714285714282148 0.0004
0.05187499999999788 0.002285714285709135 0.0004
0.05187499999999723 0.001714285714282147 0.0004
0.05249999999999759 0.002857142857136064 0.0004
0.05187499999999919 0.003428571428562995 0.0004
0.05187499999999853 0.002857142857136064 0.0004
0.05249999999999934 0.003999999999991176 0.0004
0.05187500000000049 0.004571428571419358 0.0004
0.05187499999999984 0.003999999999991176 0.0004
0.05250000000000108 0.005142857142849311 0.0004
0.05187500000000181 0.005714285714279265 0.0004
0.05187500000000114 0.005142857142849311 0.0004
0.05250000000000282 0.006285714285709449 0.0004
0.05187500000000311 0.006857142857139632 0.0004
0.05187500000000246 0.006285714285709449 0.0004
0.05250000000000456 0.007428571428569816 0.0004
0.05187500000000375 0.007428571428569816 0.0004
0.05374999999999067 0.00057142857142758 0.0004
0.05312499999999358 0.00114285714285516 0.0004
0.05312499999999239 0.00057142857142758 0.0004
0.05374999999999366 0.001714285714282147 0.0004
0.05312499999999594 0.002285714285709135 0.0004
0.05312499999999476 0.001714285714282147 0.0004
0.05374999999999666 0.002857142857136064 0.0004
0.05312499999999831 0.003428571428562995 0.0004
0.05312499999999713 0.002857142857136064 0.0004
0.05374999999999967 0.003999999999991176 0.0004
0.05312500000000069 0.004571428571419357 0.0004
0.05312499999999951 0.003999999999991175 0.0004
0.05375000000000267 0.005142857142849311 0.0004
0.05312500000000306 0.005714285714279265 0.0004
0.05312500000000187 0.005142857142849311 0.0004
0.05375000000000567 0.006285714285709448 0.0004
0.05312500000000543 0.006857142857139632 0.0004
0.05312500000000425 0.006285714285709448 0.0004
0.05375000000000867 0.007428571428569815 0.0004
0.05312500000000661 0.007428571428569815 0.0004
0.05499999999998936 0.00057142857142758 0.0004
0.05437499999999154 0.00114285714285516 0.0004
0.05437499999999001 0.00057142857142758 0.0004
0.05499999999999246 0.001714285714282147 0.0004
0.05437499999999459 0.002285714285709134 0.0004
0.05437499999999307 0.001714285714282147 0.0004
0.05499999999999557 0.002857142857136064 0.0004
0.05437499999999765 0.003428571428562995 0.0004
0.05437499999999612 0.002857142857136064 0.0004
0.05499999999999865 0.003999999999991176 0.0004
0.05437500000000068 0.004571428571419357 0.0004
0.05437499999999917 0.003999999999991176 0.0004
0.05500000000000174 0.005142857142849311 0.0004
0.05437500000000373 0.005714285714279265 0.0004
0.05437500000000221 0.005142857142849311 0.0004
0.05500000000000484 0.006285714285709449 0.0004
0.05437500000000677 0.006857142857139632 0.0004
0.05437500000000525 0.006285714285709449 0.0004
0.05500000000000793 0.007428571428569816 0.0004
0.05437500000000829 0.007428571428569815 0.0004
0.05624999999999289 0.00057142857142758 0.0004
0.0556249999999924 0.00114285714285516 0.0004
0.05562499999999112 0.00057142857142758 0.0004
0.05624999999999493 0.001714285714282147 0.0004
0.05562499999999498 0.002285714285709134 0.0004
0.05562499999999369 0.001714285714282147 0.0004
0.05624999999999697 0.002857142857136064 0.0004
0.05562499999999754 0.003428571428562994 0.0004
0.05562499999999627 0.002857142857136064 0.0004
0.05624999999999898 0.003999999999991176 0.0004
0.05562500000000009 0.004571428571419357 0.0004
0.05562499999999881 0.003999999999991176 0.0004
0.05625000000000102 0.005142857142849311 0.0004
0.05562500000000267 0.005714285714279265 0.0004
0.05562500000000138 0.005142857142849311 0.0004
0.05625000000000305 0.006285714285709449 0.0004
0.05562500000000523 0.006857142857139632 0.0004
0.05562500000000395 0.006285714285709449 0.0004
0.05625000000000509 0.007428571428569816 0.0004
0.05562500000000651 0.007428571428569816 0.0004
0.05749999999999392 0.00057142857142758 0.0004
0.05687499999999425 0.00114285714285516 0.0004
0.0568749999999934 0.00057142857142758 0.0004
0.05749999999999527 0.001714285714282147 0.0004
0.05687499999999596 0.002285714285709134 0.0004
0.0568749999999951 0.001714285714282147 0.0004
0.05749999999999662 0.002857142857136064 0.0004
0.05687499999999764 0.003428571428562995 0.0004
0.0568749999999968 0.002857142857136064 0.0004
0.05749999999999798 0.003999999999991176 0.0004
0.05687499999999933 0.004571428571419357 0.0004
0.05687499999999848 0.003999999999991176 0.0004
0.05749999999999934 0.005142857142849311 0.0004
0.05687500000000104 0.005714285714279265 0.0004
0.05687500000000018 0.005142857142849311 0.0004
0.05750000000000068 0.006285714285709449 0.0004
0.0568750000000027 0.006857142857139632 0.0004
0.05687500000000187 0.006285714285709449 0.0004
0.05750000000000204 0.007428571428569816 0.0004
0.05687500000000356 0.007428571428569816 0.0004
0.05874999999999637 0.00057142857142758 0.0004
0.0581249999999957 0.00114285714285516 0.0004
0.05812499999999515 0.00057142857142758 0.0004
0.05874999999999726 0.001714285714282147 0.0004
0.05812499999999683 0.002285714285709134 0.0004
0.05812499999999626 0.001714285714282147 0.0004
0.05874999999999812 0.002857142857136064 0.0004
0.05812499999999792 0.003428571428562995 0.0004
0.05812499999999737 0.002857142857136064 0.0004
0.05874999999999898 0.003999999999991176 0.0004
0.05812499999999904 0.004571428571419357 0.0004
0.05812499999999848 0.003999999999991176 0.0004
0.05874999999999986 0.005142857142849311 0.0004
0.05812500000000016 0.005714285714279265 0.0004
0.0581249999999996 0.005142857142849311 0.0004
0.05875000000000073 0.006285714285709449 0.0004
0.05812500000000125 0.006857142857139632 0.0004
0.05812500000000071 0.006285714285709449 0.0004
0.0587500000000016 0.007428571428569816 0.0004
0.05812500000000182 0.007428571428569816 0.0004
0.05937499999999842 0.00114285714285516 0.0004
0.05937499999999819 0.00057142857142758 0.0004
0.05937499999999886 0.002285714285709134 0.0004
0.05937499999999864 0.001714285714282147 0.0004
0.05937499999999928 0.003428571428562995 0.0004
0.05937499999999907 0.002857142857136064 0.0004
0.05937499999999972 0.004571428571419357 0.0004
0.0593749999999995 0.003999999999991176 0.0004
0.05937500000000016 0.005714285714279265 0.0004
0.05937499999999993 0.005142857142849311 0.0004
0.05937500000000059 0.006857142857139632 0.0004
0.05937500000000037 0.006285714285709449 0.0004
0.05937500000000081 0.007428571428569816 0.0004
2 264 0 13
4920
4921
4922
4923
4924
4925
4926
4927
4928
4929
4930
4931
4932
0.06000000000000001 0.00114285714285516 0.0006000000000000001
0.06000000000000001 0.00057142857142758 0.0006000000000000001
0.06000000000000001 0.002285714285709134 0.0006000000000000001
0.06000000000000001 0.001714285714282147 0.0006000000000000001
0.06000000000000001 0.003428571428562995 0.0006000000000000001
0.06000000000000001 0.002857142857136064 0.0006000000000000001
0.06000000000000001 0.004571428571419358 0.0006000000000000001
0.06000000000000001 0.003999999999991176 0.0006000000000000001
0.06000000000000001 0.005714285714279265 0.0006000000000000001
0.06000000000000001 0.005142857142849311 0.0006000000000000001
0.06000000000000001 0.006857142857139632 0.0006000000000000001
0.06000000000000001 0.006285714285709449 0.0006000000000000001
0.06000000000000001 0.007428571428569815 0.0006000000000000001
2 273 0 195
4933
4934
4935
4936
4937
4938
4939
4940
4941
4942
4943
4944
4945
4946
4947
4948
4949
4950
4951
4952
4953
4954
4955
4956
4957
4958
4959
4960
4961
4962
4963
4964
4965
4966
4967
4968
4969
4970
4971
4972
4973
4974
4975
4976
4977
4978
4979
4980
4981
4982
4983
4984
4985
4986
4987
4988
4989
4990
4991
4992
4993
4994
4995
4996
4997
4998
4999
5000
5001
5002
5003
5004
5005
5006
5007
5008
5009
5010
5011
5012
5013
5014
5015
5016
5017
5018
5019
5020
5021
5022
5023
5024
5025
5026
5027
5028
5029
5030
5031
5032
5033
5034
5035
5036
5037
5038
5039
5040
5041
5042
5043
5044
5045
5046
5047
5048
5049
5050
5051
5052
5053
5054
5055
5056
5057
5058
5059
5060
5061
5062
5063
5064
5065
5066
5067
5068
5069
5070
5071
5072
5073
5074
5075
5076
5077
5078
5079
5080
5081
5082
5083
5084
5085
5086
5087
5088
5089
5090
5091
5092
5093
5094
5095
5096
5097
5098
5099
5100
5101
5102
5103
5104
5105
5106
5107
5108
5109
5110
5111
5112
5113
5114
5115
5116
5117
5118
5119
5120
5121
5122
5123
5124
5125
5126
5127
0.05124999999999816 0.001142857142855159 0.0008
0.05124999999999904 0.002285714285709134 0.0008
0.05124999999999991 0.003428571428562995 0.0008
0.05125000000000077 0.004571428571419358 0.0008
0.05125000000000166 0.005714285714279265 0.0008
0.05125000000000252 0.006857142857139632 0.0008
0.05249999999999499 0.00114285714285516 0.0008
0.05249999999999672 0.002285714285709135 0.0008
0.05249999999999846 0.003428571428562994 0.0008
0.05250000000000021 0.004571428571419358 0.0008
0.05250000000000195 0.005714285714279265 0.0008
0.05250000000000369 0.006857142857139632 0.0008
0.05374999999999217 0.00114285714285516 0.0008
0.05374999999999516 0.002285714285709134 0.0008
0.05374999999999817 0.003428571428562995 0.0008
0.05375000000000117 0.004571428571419357 0.0008
0.05375000000000416 0.005714285714279265 0.0008
0.05375000000000717 0.006857142857139631 0.0008
0.05499999999999091 0.00114285714285516 0.0008
0.05499999999999401 0.002285714285709134 0.0008
0.05499999999999712 0.003428571428562994 0.0008
0.05500000000000019 0.004571428571419357 0.0008
0.0550000000000033 0.005714285714279265 0.0008
0.05500000000000638 0.006857142857139632 0.0008
0.0562499999999939 0.00114285714285516 0.0008
0.05624999999999596 0.002285714285709134 0.0008
0.05624999999999797 0.003428571428562994 0.0008
0.05625 0.004571428571419357 0.0008
0.05625000000000204 0.005714285714279265 0.0008
0.05625000000000407 0.006857142857139632 0.0008
0.05749999999999459 0.00114285714285516 0.0008
0.05749999999999595 0.002285714285709134 0.0008
0.0574999999999973 0.003428571428562995 0.0008
0.05749999999999866 0.004571428571419357 0.0008
0.05750000000000002 0.005714285714279265 0.0008
0.05750000000000134 0.006857142857139632 0.0008
0.05874999999999681 0.00114285714285516 0.0008
0.0587499999999977 0.002285714285709134 0.0008
0.05874999999999854 0.003428571428562995 0.0008
0.05874999999999942 0.004571428571419357 0.0008
0.0587500000000003 0.005714285714279265 0.0008
0.05875000000000116 0.006857142857139632 0.0008
0.05124999999999773 0.0005714285714275795 0.0008
0.05062499999999909 0.00114285714285516 0.0008
0.05062499999999887 0.0005714285714275798 0.0008
0.0512499999999986 0.001714285714282147 0.0008
0.05062499999999952 0.002285714285709134 0.0008
0.0506249999999993 0.001714285714282147 0.0008
0.05124999999999948 0.002857142857136064 0.0008
0.05062499999999996 0.003428571428562995 0.0008
0.05062499999999974 0.002857142857136064 0.0008
0.05125000000000034 0.003999999999991176 0.0008
0.05062500000000039 0.004571428571419358 0.0008
0.05062500000000017 0.003999999999991176 0.0008
0.05125000000000121 0.005142857142849311 0.0008
0.05062500000000084 0.005714285714279265 0.0008
0.05062500000000061 0.005142857142849311 0.0008
0.05125000000000209 0.006285714285709449 0.0008
0.05062500000000127 0.006857142857139632 0.0008
0.05062500000000105 0.006285714285709449 0.0008
0.05125000000000296 0.007428571428569816 0.0008
0.05062500000000148 0.007428571428569816 0.0008
0.05249999999999411 0.00057142857142758 0.0008
0.05187499999999658 0.00114285714285516 0.0008
0.05187499999999592 0.0005714285714275798 0.0008
0.05249999999999586 0.001714285714282148 0.0008
0.05187499999999788 0.002285714285709135 0.0008
0.05187499999999723 0.001714285714282147 0.0008
0.05249999999999759 0.002857142857136064 0.0008
0.05187499999999919 0.003428571428562995 0.0008
0.05187499999999853 0.002857142857136064 0.0008
0.05249999999999934 0.003999999999991176 0.0008
0.05187500000000049 0.004571428571419358 0.0008
0.05187499999999984 0.003999999999991176 0.0008
0.05250000000000108 0.005142857142849311 0.0008
0.05187500000000181 0.005714285714279265 0.0008
0.05187500000000114 0.005142857142849311 0.0008
0.05250000000000282 0.006285714285709449 0.0008
0.05187500000000311 0.006857142857139632 0.0008
0.05187500000000246 0.006285714285709449 0.0008
0.05250000000000456 0.007428571428569816 0.0008
0.05187500000000375 0.007428571428569816 0.0008
0.05374999999999067 0.00057142857142758 0.0008
0.05312499999999358 0.00114285714285516 0.0008
0.05312499999999239 0.00057142857142758 0.0008
0.05374999999999366 0.001714285714282147 0.0008
0.05312499999999594 0.002285714285709135 0.0008
0.05312499999999476 0.001714285714282147 0.0008
0.05374999999999666 0.002857142857136064 0.0008
0.05312499999999831 0.003428571428562995 0.0008
0.05312499999999713 0.002857142857136064 0.0008
0.05374999999999967 0.003999999999991176 0.0008
0.05312500000000069 0.004571428571419357 0.0008
0.05312499999999951 0.003999999999991175 0.0008
0.05375000000000267 0.005142857142849311 0.0008
0.05312500000000306 0.005714285714279265 0.0008
0.05312500000000187 0.005142857142849311 0.0008
0.05375000000000567 0.006285714285709448 0.0008
0.05312500000000543 0.006857142857139632 0.0008
0.05312500000000425 0.006285714285709448 0.0008
0.05375000000000867 0.007428571428569815 0.0008
0.05312500000000661 0.007428571428569815 0.0008
0.05499999999998936 0.00057142857142758 0.0008
0.05437499999999154 0.00114285714285516 0.0008
0.05437499999999001 0.00057142857142758 0.0008
0.05499999999999246 0.001714285714282147 0.0008
0.05437499999999459 0.002285714285709134 0.0008
0.05437499999999307 0.001714285714282147 0.0008
0.05499999999999557 0.002857142857136064 0.0008
0.05437499999999765 0.003428571428562995 0.0008
0.05437499999999612 0.002857142857136064 0.0008
0.05499999999999865 0.003999999999991176 0.0008
0.05437500000000068 0.004571428571419357 0.0008
0.05437499999999917 0.003999999999991176 0.0008
0.05500000000000174 0.005142857142849311 0.0008
0.05437500000000373 0.005714285714279265 0.0008
0.05437500000000221 0.005142857142849311 0.0008
0.05500000000000484 0.006285714285709449 0.0008
0.05437500000000677 0.006857142857139632 0.0008
0.05437500000000525 0.006285714285709449 0.0008
0.05500000000000793 0.007428571428569816 0.0008
0.05437500000000829 0.007428571428569815 0.0008
0.05624999999999289 0.00057142857142758 0.0008
0.0556249999999924 0.00114285714285516 0.0008
0.05562499999999112 0.00057142857142758 0.0008
0.05624999999999493 0.001714285714282147 0.0008
0.05562499999999498 0.002285714285709134 0.0008
0.05562499999999369 0.001714285714282147 0.0008
0.05624999999999697 0.002857142857136064 0.0008
0.05562499999999754 0.003428571428562994 0.0008
0.05562499999999627 0.002857142857136064 0.0008
0.05624999999999898 0.003999999999991176 0.0008
0.05562500000000009 0.004571428571419357 0.0008
0.05562499999999881 0.003999999999991176 0.0008
0.05625000000000102 0.005142857142849311 0.0008
0.05562500000000267 0.005714285714279265 0.0008
0.05562500000000138 0.005142857142849311 0.0008
0.05625000000000305 0.006285714285709449 0.0008
0.05562500000000523 0.006857142857139632 0.0008
0.05562500000000395 0.006285714285709449 0.0008
0.05625000000000509 0.007428571428569816 0.0008
0.05562500000000651 0.007428571428569816 0.0008
0.05749999999999392 0.00057142857142758 0.0008
0.05687499999999425 0.00114285714285516 0.0008
0.0568749999999934 0.00057142857142758 0.0008
0.05749999999999527 0.001714285714282147 0.0008
0.05687499999999596 0.002285714285709134 0.0008
0.0568749999999951 0.001714285714282147 0.0008
0.05749999999999662 0.002857142857136064 0.0008
0.05687499999999764 0.003428571428562995 0.0008
0.0568749999999968 0.002857142857136064 0.0008
0.05749999999999798 0.003999999999991176 0.0008
0.05687499999999933 0.004571428571419357 0.0008
0.05687499999999848 0.003999999999991176 0.0008
0.05749999999999934 0.005142857142849311 0.0008
0.05687500000000104 0.005714285714279265 0.0008
0.05687500000000018 0.005142857142849311 0.0008
0.05750000000000068 0.006285714285709449 0.0008
0.0568750000000027 0.006857142857139632 0.0008
0.05687500000000187 0.006285714285709449 0.0008
0.05750000000000204 0.007428571428569816 0.0008
0.05687500000000356 0.007428571428569816 0.0008
0.05874999999999637 0.00057142857142758 0.0008
0.0581249999999957 0.00114285714285516 0.0008
0.05812499999999515 0.00057142857142758 0.0008
0.05874999999999726 0.001714285714282147 0.0008
0.05812499999999683 0.002285714285709134 0.0008
0.05812499999999626 0.001714285714282147 0.0008
0.05874999999999812 0.002857142857136064 0.0008
0.05812499999999792 0.003428571428562995 0.0008
0.05812499999999737 0.002857142857136064 0.0008
0.05874999999999898 0.003999999999991176 0.0008
0.05812499999999904 0.004571428571419357 0.0008
0.05812499999999848 0.003999999999991176 0.0008
0.05874999999999986 0.005142857142849311 0.0008
0.05812500000000016 0.005714285714279265 0.0008
0.0581249999999996 0.005142857142849311 0.0008
0.05875000000000073 0.006285714285709449 0.0008
0.05812500000000125 0.006857142857139632 0.0008
0.05812500000000071 0.006285714285709449 0.0008
0.0587500000000016 0.007428571428569816 0.0008
0.05812500000000182 0.007428571428569816 0.0008
0.05937499999999842 0.00114285714285516 0.0008
0.05937499999999819 0.00057142857142758 0.0008
0.05937499999999886 0.002285714285709134 0.0008
0.05937499999999864 0.001714285714282147 0.0008
0.05937499999999928 0.003428571428562995 0.0008
0.05937499999999907 0.002857142857136064 0.0008
0.05937499999999972 0.004571428571419357 0.0008
0.0593749999999995 0.003999999999991176 0.0008
0.05937500000000016 0.005714285714279265 0.0008
0.05937499999999993 0.005142857142849311 0.0008
0.05937500000000059 0.006857142857139632 0.0008
0.05937500000000037 0.006285714285709449 0.0008
0.05937500000000081 0.007428571428569816 0.0008
2 274 0 195
5128
5129
5130
5131
5132
5133
5134
5135
5136
5137
5138
5139
5140
5141
5142
5143
5144
5145
5146
5147
5148
5149
5150
5151
5152
5153
5154
5155
5156
5157
5158
5159
5160
5161
5162
5163
5164
5165
5166
5167
5168
5169
5170
5171
5172
5173
5174
5175
5176
5177
5178
5179
5180
5181
5182
5183
5184
5185
5186
5187
5188
5189
5190
5191
5192
5193
5194
5195
5196
5197
5198
5199
5200
5201
5202
5203
5204
5205
5206
5207
5208
5209
5210
5211
5212
5213
5214
5215
5216
5217
5218
5219
5220
5221
5222
5223
5224
5225
5226
5227
5228
5229
5230
5231
5232
5233
5234
5235
5236
5237
5238
5239
5240
5241
5242
5243
5244
5245
5246
5247
5248
5249
5250
5251
5252
5253
5254
5255
5256
5257
5258
5259
5260
5261
5262
5263
5264
5265
5266
5267
5268
5269
5270
5271
5272
5273
5274
5275
5276
5277
5278
5279
5280
5281
5282
5283
5284
5285
5286
5287
5288
5289
5290
5291
5292
5293
5294
5295
5296
5297
5298
5299
5300
5301
5302
5303
5304
5305
5306
5307
5308
5309
5310
5311
5312
5313
5314
5315
5316
5317
5318
5319
5320
5321
5322
0.0612500000000006 0.00114285714285516 0
0.06125000000000153 0.002285714285709135 0
0.06125000000000243 0.003428571428562995 0
0.06125000000000335 0.004571428571419359 0
0.06125000000000427 0.005714285714279265 0
0.06125000000000518 0.006857142857139632 0
0.06249999999999652 0.00114285714285516 0
0.06249999999999914 0.002285714285709134 0
0.06250000000000175 0.003428571428562995 0
0.06250000000000439 0.004571428571419357 0
0.06250000000000698 0.005714285714279265 0
0.06250000000000959 0.006857142857139632 0
0.06374999999999149 0.00114285714285516 0
0.0637499999999962 0.002285714285709134 0
0.06375000000000086 0.003428571428562994 0
0.06375000000000559 0.004571428571419358 0
0.06375000000001026 0.005714285714279265 0
0.06375000000001496 0.006857142857139632 0
0.06499999999998722 0.00114285714285516 0
0.06499999999999205 0.002285714285709134 0
0.06499999999999689 0.003428571428562994 0
0.06500000000000175 0.004571428571419356 0
0.06500000000000659 0.005714285714279265 0
0.06500000000001142 0.006857142857139632 0
0.06624999999999071 0.00114285714285516 0
0.06624999999999261 0.002285714285709135 0
0.06624999999999449 0.003428571428562995 0
0.06624999999999638 0.004571428571419357 0
0.06624999999999827 0.005714285714279265 0
0.06625000000000016 0.006857142857139631 0
0.06749999999998918 0.00114285714285516 0
0.06749999999999122 0.002285714285709135 0
0.06749999999999323 0.003428571428562994 0
0.06749999999999529 0.004571428571419357 0
0.06749999999999731 0.005714285714279265 0
0.06749999999999934 0.006857142857139631 0
0.06874999999999419 0.00114285714285516 0
0.06874999999999483 0.002285714285709134 0
0.06874999999999548 0.003428571428562995 0
0.06874999999999608 0.004571428571419357 0
0.06874999999999672 0.005714285714279266 0
0.06874999999999735 0.006857142857139633 0
0.06125000000000014 0.00057142857142758 0
0.0606250000000003 0.00114285714285516 0
0.06062500000000007 0.00057142857142758 0
0.06125000000000107 0.001714285714282148 0
0.06062500000000078 0.002285714285709135 0
0.06062500000000054 0.001714285714282147 0
0.06125000000000198 0.002857142857136065 0
0.06062500000000122 0.003428571428562995 0
0.060625000000001 0.002857142857136064 0
0.06125000000000289 0.003999999999991177 0
0.06062500000000168 0.004571428571419359 0
0.06062500000000144 0.003999999999991177 0
0.06125000000000382 0.005142857142849311 0
0.06062500000000214 0.005714285714279265 0
0.06062500000000191 0.005142857142849311 0
0.06125000000000473 0.006285714285709449 0
0.06062500000000259 0.006857142857139632 0
0.06062500000000237 0.006285714285709449 0
0.06125000000000565 0.007428571428569816 0
0.06062500000000283 0.007428571428569816 0
0.06249999999999521 0.00057142857142758 0
0.06187499999999856 0.00114285714285516 0
0.06187499999999767 0.00057142857142758 0
0.06249999999999783 0.001714285714282147 0
0.06187500000000033 0.002285714285709135 0
0.06187499999999944 0.001714285714282147 0
0.06250000000000044 0.002857142857136064 0
0.06187500000000209 0.003428571428562995 0
0.06187500000000121 0.002857142857136064 0
0.06250000000000307 0.003999999999991176 0
0.06187500000000387 0.004571428571419358 0
0.06187500000000297 0.003999999999991176 0
0.06250000000000569 0.005142857142849311 0
0.06187500000000563 0.005714285714279265 0
0.06187500000000475 0.005142857142849311 0
0.06250000000000829 0.006285714285709449 0
0.06187500000000738 0.006857142857139632 0
0.0618750000000065 0.006285714285709449 0
0.06250000000001091 0.007428571428569816 0
0.06187500000000828 0.007428571428569816 0
0.06374999999998915 0.00057142857142758 0
0.06312499999999401 0.00114285714285516 0
0.06312499999999219 0.00057142857142758 0
0.06374999999999384 0.001714285714282147 0
0.06312499999999767 0.002285714285709134 0
0.06312499999999584 0.001714285714282147 0
0.06374999999999853 0.002857142857136064 0
0.06312500000000131 0.003428571428562995 0
0.06312499999999949 0.002857142857136064 0
0.06375000000000322 0.003999999999991176 0
0.06312500000000498 0.004571428571419357 0
0.06312500000000314 0.003999999999991176 0
0.06375000000000793 0.005142857142849311 0
0.06312500000000862 0.005714285714279265 0
0.06312500000000681 0.005142857142849311 0
0.0637500000000126 0.006285714285709449 0
0.06312500000001228 0.006857142857139632 0
0.06312500000001045 0.006285714285709449 0
0.06375000000001732 0.007428571428569816 0
0.06312500000001411 0.007428571428569816 0
0.06499999999998481 0.00057142857142758 0
0.06437499999998936 0.00114285714285516 0
0.06437499999998698 0.00057142857142758 0
0.06499999999998964 0.001714285714282147 0
0.06437499999999413 0.002285714285709134 0
0.06437499999999174 0.001714285714282147 0
0.06499999999999448 0.002857142857136064 0
0.06437499999999888 0.003428571428562994 0
0.0643749999999965 0.002857142857136064 0
0.06499999999999932 0.003999999999991176 0
0.06437500000000368 0.004571428571419357 0
0.06437500000000126 0.003999999999991176 0
0.06500000000000417 0.00514285714284931 0
0.06437500000000843 0.005714285714279265 0
0.06437500000000604 0.005142857142849311 0
0.06500000000000901 0.006285714285709449 0
0.0643750000000132 0.006857142857139632 0
0.06437500000001081 0.006285714285709449 0
0.06500000000001385 0.007428571428569816 0
0.06437500000001559 0.007428571428569816 0
0.06624999999998976 0.00057142857142758 0
0.06562499999998897 0.00114285714285516 0
0.06562499999998728 0.00057142857142758 0
0.06624999999999165 0.001714285714282148 0
0.06562499999999233 0.002285714285709135 0
0.06562499999999064 0.001714285714282147 0
0.06624999999999355 0.002857142857136065 0
0.06562499999999569 0.003428571428562995 0
0.06562499999999402 0.002857142857136064 0
0.06624999999999544 0.003999999999991176 0
0.06562499999999907 0.004571428571419357 0
0.06562499999999738 0.003999999999991176 0
0.06624999999999732 0.005142857142849311 0
0.06562500000000243 0.005714285714279265 0
0.06562500000000074 0.005142857142849311 0
0.06624999999999921 0.006285714285709448 0
0.06562500000000579 0.006857142857139632 0
0.06562500000000411 0.006285714285709448 0
0.0662500000000011 0.007428571428569815 0
0.06562500000000748 0.007428571428569815 0
0.06749999999998815 0.00057142857142758 0
0.06687499999998994 0.00114285714285516 0
0.06687499999998894 0.00057142857142758 0
0.06749999999999021 0.001714285714282148 0
0.06687499999999191 0.002285714285709135 0
0.06687499999999093 0.001714285714282147 0
0.06749999999999223 0.002857142857136064 0
0.06687499999999386 0.003428571428562995 0
0.06687499999999288 0.002857142857136064 0
0.06749999999999426 0.003999999999991176 0
0.06687499999999583 0.004571428571419357 0
0.06687499999999486 0.003999999999991176 0
0.0674999999999963 0.005142857142849311 0
0.0668749999999978 0.005714285714279265 0
0.06687499999999681 0.005142857142849311 0
0.06749999999999833 0.006285714285709448 0
0.06687499999999974 0.006857142857139631 0
0.06687499999999877 0.006285714285709448 0
0.06750000000000035 0.007428571428569815 0
0.06687500000000073 0.007428571428569815 0
0.06874999999999387 0.00057142857142758 0
0.06812499999999169 0.00114285714285516 0
0.06812499999999101 0.00057142857142758 0
0.06874999999999451 0.001714285714282147 0
0.06812499999999302 0.002285714285709135 0
0.06812499999999236 0.001714285714282147 0
0.06874999999999515 0.002857142857136064 0
0.06812499999999436 0.003428571428562995 0
0.06812499999999369 0.002857142857136064 0
0.06874999999999579 0.003999999999991176 0
0.06812499999999569 0.004571428571419357 0
0.06812499999999502 0.003999999999991176 0
0.0687499999999964 0.005142857142849311 0
0.06812499999999702 0.005714285714279265 0
0.06812499999999636 0.005142857142849311 0
0.06874999999999704 0.00628571428570945 0
0.06812499999999835 0.006857142857139632 0
0.06812499999999769 0.006285714285709449 0
0.06874999999999767 0.007428571428569817 0
0.06812499999999901 0.007428571428569816 0
0.06937499999999711 0.00114285714285516 0
0.06937499999999694 0.00057142857142758 0
0.06937499999999741 0.002285714285709134 0
0.06937499999999726 0.001714285714282147 0
0.06937499999999774 0.003428571428562995 0
0.06937499999999758 0.002857142857136064 0
0.06937499999999805 0.004571428571419357 0
0.0693749999999979 0.003999999999991176 0
0.06937499999999835 0.005714285714279265 0
0.0693749999999982 0.005142857142849311 0
0.06937499999999869 0.006857142857139632 0
0.06937499999999852 0.006285714285709449 0
0.06937499999999884 0.007428571428569817 0
2 287 0 13
5323
5324
5325
5326
5327
5328
5329
5330
5331
5332
5333
5334
5335
0.07000000000000001 0.00114285714285516 0.0002
0.07000000000000001 0.00057142857142758 0.0002
0.07000000000000001 0.002285714285709134 0.0002
0.07000000000000001 0.001714285714282147 0.0002
0.07000000000000001 0.003428571428562995 0.0002
0.07000000000000001 0.002857142857136064 0.0002
0.07000000000000001 0.004571428571419358 0.0002
0.07000000000000001 0.003999999999991176 0.0002
0.07000000000000001 0.005714285714279265 0.0002
0.07000000000000001 0.005142857142849311 0.0002
0.07000000000000001 0.006857142857139632 0.0002
0.07000000000000001 0.006285714285709449 0.0002
0.07000000000000001 0.007428571428569815 0.0002
2 296 0 195
5336
5337
5338
5339
5340
5341
5342
5343
5344
5345
5346
5347
5348
5349
5350
5351
5352
5353
5354
5355
5356
5357
5358
5359
5360
5361
5362
5363
5364
5365
5366
5367
5368
5369
5370
5371
5372
5373
5374
5375
5376
5377
5378
5379
5380
5381
5382
5383
5384
5385
5386
5387
5388
5389
5390
5391
5392
5393
5394
5395
5396
5397
5398
5399
5400
5401
5402
5403
5404
5405
5406
5407
5408
5409
5410
5411
5412
5413
5414
5415
5416
5417
5418
5419
5420
5421
5422
5423
5424
5425
5426
5427
5428
5429
5430
5431
5432
5433
5434
5435
5436
5437
5438
5439
5440
5441
5442
5443
5444
5445
5446
5447
5448
5449
5450
5451
5452
5453
5454
5455
5456
5457
5458
5459
5460
5461
5462
5463
5464
5465
5466
5467
5468
5469
5470
5471
5472
5473
5474
5475
5476
5477
5478
5479
5480
5481
5482
5483
5484
5485
5486
5487
5488
5489
5490
5491
5492
5493
5494
5495
5496
5497
5498
5499
5500
5501
5502
5503
5504
5505
5506
5507
5508
5509
5510
5511
5512
5513
5514
5515
5516
5517
5518
5519
5520
5521
5522
5523
5524
5525
5526
5527
5528
5529
5530
0.0612500000000006 0.00114285714285516 0.0004
0.06125000000000153 0.002285714285709135 0.0004
0.06125000000000243 0.003428571428562995 0.0004
0.06125000000000335 0.004571428571419359 0.0004
0.06125000000000427 0.005714285714279265 0.0004
0.06125000000000518 0.006857142857139632 0.0004
0.06249999999999652 0.00114285714285516 0.0004
0.06249999999999914 0.002285714285709134 0.0004
0.06250000000000175 0.003428571428562995 0.0004
0.06250000000000439 0.004571428571419357 0.0004
0.06250000000000698 0.005714285714279265 0.0004
0.06250000000000959 0.006857142857139632 0.0004
0.06374999999999149 0.00114285714285516 0.0004
0.0637499999999962 0.002285714285709134 0.0004
0.06375000000000086 0.003428571428562994 0.0004
0.06375000000000559 0.004571428571419358 0.0004
0.06375000000001026 0.005714285714279265 0.0004
0.06375000000001496 0.006857142857139632 0.0004
0.06499999999998722 0.00114285714285516 0.0004
0.06499999999999205 0.002285714285709134 0.0004
0.06499999999999689 0.003428571428562994 0.0004
0.06500000000000175 0.004571428571419356 0.0004
0.06500000000000659 0.005714285714279265 0.0004
0.06500000000001142 0.006857142857139632 0.0004
0.06624999999999071 0.00114285714285516 0.0004
0.06624999999999261 0.002285714285709135 0.0004
0.06624999999999449 0.003428571428562995 0.0004
0.06624999999999638 0.004571428571419357 0.0004
0.06624999999999827 0.005714285714279265 0.0004
0.06625000000000016 0.006857142857139631 0.0004
0.06749999999998918 0.00114285714285516 0.0004
0.06749999999999122 0.002285714285709135 0.0004
0.06749999999999323 0.003428571428562994 0.0004
0.06749999999999529 0.004571428571419357 0.0004
0.06749999999999731 0.005714285714279265 0.0004
0.06749999999999934 0.006857142857139631 0.0004
0.06874999999999419 0.00114285714285516 0.0004
0.06874999999999483 0.002285714285709134 0.0004
0.06874999999999548 0.003428571428562995 0.0004
0.06874999999999608 0.004571428571419357 0.0004
0.06874999999999672 0.005714285714279266 0.0004
0.06874999999999735 0.006857142857139633 0.0004
0.06125000000000014 0.00057142857142758 0.0004
0.0606250000000003 0.00114285714285516 0.0004
0.06062500000000007 0.00057142857142758 0.0004
0.06125000000000107 0.001714285714282148 0.0004
0.06062500000000078 0.002285714285709135 0.0004
0.06062500000000054 0.001714285714282147 0.0004
0.06125000000000198 0.002857142857136065 0.0004
0.06062500000000122 0.003428571428562995 0.0004
0.060625000000001 0.002857142857136064 0.0004
0.06125000000000289 0.003999999999991177 0.0004
0.06062500000000168 0.004571428571419359 0.0004
0.06062500000000144 0.003999999999991177 0.0004
0.06125000000000382 0.005142857142849311 0.0004
0.06062500000000214 0.005714285714279265 0.0004
0.06062500000000191 0.005142857142849311 0.0004
0.06125000000000473 0.006285714285709449 0.0004
0.06062500000000259 0.006857142857139632 0.0004
0.06062500000000237 0.006285714285709449 0.0004
0.06125000000000565 0.007428571428569816 0.0004
0.06062500000000283 0.007428571428569816 0.0004
0.06249999999999521 0.00057142857142758 0.0004
0.06187499999999856 0.00114285714285516 0.0004
0.06187499999999767 0.00057142857142758 0.0004
0.06249999999999783 0.001714285714282147 0.0004
0.06187500000000033 0.002285714285709135 0.0004
0.06187499999999944 0.001714285714282147 0.0004
0.06250000000000044 0.002857142857136064 0.0004
0.06187500000000209 0.003428571428562995 0.0004
0.06187500000000121 0.002857142857136064 0.0004
0.06250000000000307 0.003999999999991176 0.0004
0.06187500000000387 0.004571428571419358 0.0004
0.06187500000000297 0.003999999999991176 0.0004
0.06250000000000569 0.005142857142849311 0.0004
0.06187500000000563 0.005714285714279265 0.0004
0.06187500000000475 0.005142857142849311 0.0004
0.06250000000000829 0.006285714285709449 0.0004
0.06187500000000738 0.006857142857139632 0.0004
0.0618750000000065 0.006285714285709449 0.0004
0.06250000000001091 0.007428571428569816 0.0004
0.06187500000000828 0.007428571428569816 0.0004
0.06374999999998915 0.00057142857142758 0.0004
0.06312499999999401 0.00114285714285516 0.0004
0.06312499999999219 0.00057142857142758 0.0004
0.06374999999999384 0.001714285714282147 0.0004
0.06312499999999767 0.002285714285709134 0.0004
0.06312499999999584 0.001714285714282147 0.0004
0.06374999999999853 0.002857142857136064 0.0004
0.06312500000000131 0.003428571428562995 0.0004
0.06312499999999949 0.002857142857136064 0.0004
0.06375000000000322 0.003999999999991176 0.0004
0.06312500000000498 0.004571428571419357 0.0004
0.06312500000000314 0.003999999999991176 0.0004
0.06375000000000793 0.005142857142849311 0.0004
0.06312500000000862 0.005714285714279265 0.0004
0.06312500000000681 0.005142857142849311 0.0004
0.0637500000000126 0.006285714285709449 0.0004
0.06312500000001228 0.006857142857139632 0.0004
0.06312500000001045 0.006285714285709449 0.0004
0.06375000000001732 0.007428571428569816 0.0004
0.06312500000001411 0.007428571428569816 0.0004
0.06499999999998481 0.00057142857142758 0.0004
0.06437499999998936 0.00114285714285516 0.0004
0.06437499999998698 0.00057142857142758 0.0004
0.06499999999998964 0.001714285714282147 0.0004
0.06437499999999413 0.002285714285709134 0.0004
0.06437499999999174 0.001714285714282147 0.0004
0.06499999999999448 0.002857142857136064 0.0004
0.06437499999999888 0.003428571428562994 0.0004
0.0643749999999965 0.002857142857136064 0.0004
0.06499999999999932 0.003999999999991176 0.0004
0.06437500000000368 0.004571428571419357 0.0004
0.06437500000000126 0.003999999999991176 0.0004
0.06500000000000417 0.00514285714284931 0.0004
0.06437500000000843 0.005714285714279265 0.0004
0.06437500000000604 0.005142857142849311 0.0004
0.06500000000000901 0.006285714285709449 0.0004
0.0643750000000132 0.006857142857139632 0.0004
0.06437500000001081 0.006285714285709449 0.0004
0.06500000000001385 0.007428571428569816 0.0004
0.06437500000001559 0.007428571428569816 0.0004
0.06624999999998976 0.00057142857142758 0.0004
0.06562499999998897 0.00114285714285516 0.0004
0.06562499999998728 0.00057142857142758 0.0004
0.06624999999999165 0.001714285714282148 0.0004
0.06562499999999233 0.002285714285709135 0.0004
0.06562499999999064 0.001714285714282147 0.0004
0.06624999999999355 0.002857142857136065 0.0004
0.06562499999999569 0.003428571428562995 0.0004
0.06562499999999402 0.002857142857136064 0.0004
0.06624999999999544 0.003999999999991176 0.0004
0.06562499999999907 0.004571428571419357 0.0004
0.06562499999999738 0.003999999999991176 0.0004
0.06624999999999732 0.005142857142849311 0.0004
0.06562500000000243 0.005714285714279265 0.0004
0.06562500000000074 0.005142857142849311 0.0004
0.06624999999999921 0.006285714285709448 0.0004
0.06562500000000579 0.006857142857139632 0.0004
0.06562500000000411 0.006285714285709448 0.0004
0.0662500000000011 0.007428571428569815 0.0004
0.06562500000000748 0.007428571428569815 0.0004
0.06749999999998815 0.00057142857142758 0.0004
0.06687499999998994 0.00114285714285516 0.0004
0.06687499999998894 0.00057142857142758 0.0004
0.06749999999999021 0.001714285714282148 0.0004
0.06687499999999191 0.002285714285709135 0.0004
0.06687499999999093 0.001714285714282147 0.0004
0.06749999999999223 0.002857142857136064 0.0004
0.06687499999999386 0.003428571428562995 0.0004
0.06687499999999288 0.002857142857136064 0.0004
0.06749999999999426 0.003999999999991176 0.0004
0.06687499999999583 0.004571428571419357 0.0004
0.06687499999999486 0.003999999999991176 0.0004
0.0674999999999963 0.005142857142849311 0.0004
0.0668749999999978 0.005714285714279265 0.0004
0.06687499999999681 0.005142857142849311 0.0004
0.06749999999999833 0.006285714285709448 0.0004
0.06687499999999974 0.006857142857139631 0.0004
0.06687499999999877 0.006285714285709448 0.0004
0.06750000000000035 0.007428571428569815 0.0004
0.06687500000000073 0.007428571428569815 0.0004
0.06874999999999387 0.00057142857142758 0.0004
0.06812499999999169 0.00114285714285516 0.0004
0.06812499999999101 0.00057142857142758 0.0004
0.06874999999999451 0.001714285714282147 0.0004
0.06812499999999302 0.002285714285709135 0.0004
0.06812499999999236 0.001714285714282147 0.0004
0.06874999999999515 0.002857142857136064 0.0004
0.06812499999999436 0.003428571428562995 0.0004
0.06812499999999369 0.002857142857136064 0.0004
0.06874999999999579 0.003999999999991176 0.0004
0.06812499999999569 0.004571428571419357 0.0004
0.06812499999999502 0.003999999999991176 0.0004
0.0687499999999964 0.005142857142849311 0.0004
0.06812499999999702 0.005714285714279265 0.0004
0.06812499999999636 0.005142857142849311 0.0004
0.06874999999999704 0.00628571428570945 0.0004
0.06812499999999835 0.006857142857139632 0.0004
0.06812499999999769 0.006285714285709449 0.0004
0.06874999999999767 0.007428571428569817 0.0004
0.06812499999999901 0.007428571428569816 0.0004
0.06937499999999711 0.00114285714285516 0.0004
0.06937499999999694 0.00057142857142758 0.0004
0.06937499999999741 0.002285714285709134 0.0004
0.06937499999999726 0.001714285714282147 0.0004
0.06937499999999774 0.003428571428562995 0.0004
0.06937499999999758 0.002857142857136064 0.0004
0.06937499999999805 0.004571428571419357 0.0004
0.0693749999999979 0.003999999999991176 0.0004
0.06937499999999835 0.005714285714279265 0.0004
0.0693749999999982 0.005142857142849311 0.0004
0.06937499999999869 0.006857142857139632 0.0004
0.06937499999999852 0.006285714285709449 0.0004
0.06937499999999884 0.007428571428569817 0.0004
2 309 0 13
5531
5532
5533
5534
5535
5536
5537
5538
5539
5540
5541
5542
5543
0.07000000000000001 0.00114285714285516 0.0006000000000000001
0.07000000000000001 0.00057142857142758 0.0006000000000000001
0.07000000000000001 0.002285714285709134 0.0006000000000000001
0.07000000000000001 0.001714285714282147 0.0006000000000000001
0.07000000000000001 0.003428571428562995 0.0006000000000000001
0.07000000000000001 0.002857142857136064 0.0006000000000000001
0.07000000000000001 0.004571428571419358 0.0006000000000000001
0.07000000000000001 0.003999999999991176 0.0006000000000000001
0.07000000000000001 0.005714285714279265 0.0006000000000000001
0.07000000000000001 0.005142857142849311 0.0006000000000000001
0.07000000000000001 0.006857142857139632 0.0006000000000000001
0.07000000000000001 0.006285714285709449 0.0006000000000000001
0.07000000000000001 0.007428571428569815 0.0006000000000000001
2 318 0 195
5544
5545
5546
5547
5548
5549
5550
5551
5552
5553
5554
5555
5556
5557
5558
5559
5560
5561
5562
5563
5564
5565
5566
5567
5568
5569
5570
5571
5572
5573
5574
5575
5576
5577
5578
5579
5580
5581
5582
5583
5584
5585
5586
5587
5588
5589
5590
5591
5592
5593
5594
5595
5596
5597
5598
5599
5600
5601
5602
5603
5604
5605
5606
5607
5608
5609
5610
5611
5612
5613
5614
5615
5616
5617
5618
5619
5620
5621
5622
5623
5624
5625
5626
5627
5628
5629
5630
5631
5632
5633
5634
5635
5636
5637
5638
5639
5640
5641
5642
5643
5644
5645
5646
5647
5648
5649
5650
5651
5652
5653
5654
5655
5656
5657
5658
5659
5660
5661
5662
5663
5664
5665
5666
5667
5668
5669
5670
5671
5672
5673
5674
5675
5676
5677
5678
5679
5680
5681
5682
5683
5684
5685
5686
5687
5688
5689
5690
5691
5692
5693
5694
5695
5696
5697
5698
5699
5700
5701
5702
5703
5704
5705
5706
5707
5708
5709
5710
5711
5712
5713
5714
5715
5716
5717
5718
5719
5720
5721
5722
5723
5724
5725
5726
5727
5728
5729
5730
5731
5732
5733
5734
5735
5736
5737
5738
0.0612500000000006 0.00114285714285516 0.0008
0.06125000000000153 0.002285714285709135 0.0008
0.06125000000000243 0.003428571428562995 0.0008
0.06125000000000335 0.004571428571419359 0.0008
0.06125000000000427 0.005714285714279265 0.0008
0.06125000000000518 0.006857142857139632 0.0008
0.06249999999999652 0.00114285714285516 0.0008
0.06249999999999914 0.002285714285709134 0.0008
0.06250000000000175 0.003428571428562995 0.0008
0.06250000000000439 0.004571428571419357 0.0008
0.06250000000000698 0.005714285714279265 0.0008
0.06250000000000959 0.006857142857139632 0.0008
0.06374999999999149 0.00114285714285516 0.0008
0.0637499999999962 0.002285714285709134 0.0008
0.06375000000000086 0.003428571428562994 0.0008
0.06375000000000559 0.004571428571419358 0.0008
0.06375000000001026 0.005714285714279265 0.0008
0.06375000000001496 0.006857142857139632 0.0008
0.06499999999998722 0.00114285714285516 0.0008
0.06499999999999205 0.002285714285709134 0.0008
0.06499999999999689 0.003428571428562994 0.0008
0.06500000000000175 0.004571428571419356 0.0008
0.06500000000000659 0.005714285714279265 0.0008
0.06500000000001142 0.006857142857139632 0.0008
0.06624999999999071 0.00114285714285516 0.0008
0.06624999999999261 0.002285714285709135 0.0008
0.06624999999999449 0.003428571428562995 0.0008
0.06624999999999638 0.004571428571419357 0.0008
0.06624999999999827 0.005714285714279265 0.0008
0.06625000000000016 0.006857142857139631 0.0008
0.06749999999998918 0.00114285714285516 0.0008
0.06749999999999122 0.002285714285709135 0.0008
0.06749999999999323 0.003428571428562994 0.0008
0.06749999999999529 0.004571428571419357 0.0008
0.06749999999999731 0.005714285714279265 0.0008
0.06749999999999934 0.006857142857139631 0.0008
0.06874999999999419 0.00114285714285516 0.0008
0.06874999999999483 0.002285714285709134 0.0008
0.06874999999999548 0.003428571428562995 0.0008
0.06874999999999608 0.004571428571419357 0.0008
0.06874999999999672 0.005714285714279266 0.0008
0.06874999999999735 0.006857142857139633 0.0008
0.06125000000000014 0.00057142857142758 0.0008
0.0606250000000003 0.00114285714285516 0.0008
0.06062500000000007 0.00057142857142758 0.0008
0.06125000000000107 0.001714285714282148 0.0008
0.06062500000000078 0.002285714285709135 0.0008
0.06062500000000054 0.001714285714282147 0.0008
0.06125000000000198 0.002857142857136065 0.0008
0.06062500000000122 0.003428571428562995 0.0008
0.060625000000001 0.002857142857136064 0.0008
0.06125000000000289 0.003999999999991177 0.0008
0.06062500000000168 0.004571428571419359 0.0008
0.06062500000000144 0.003999999999991177 0.0008
0.06125000000000382 0.005142857142849311 0.0008
0.06062500000000214 0.005714285714279265 0.0008
0.06062500000000191 0.005142857142849311 0.0008
0.06125000000000473 0.006285714285709449 0.0008
0.06062500000000259 0.006857142857139632 0.0008
0.06062500000000237 0.006285714285709449 0.0008
0.06125000000000565 0.007428571428569816 0.0008
0.06062500000000283 0.007428571428569816 0.0008
0.06249999999999521 0.00057142857142758 0.0008
0.06187499999999856 0.00114285714285516 0.0008
0.06187499999999767 0.00057142857142758 0.0008
0.06249999999999783 0.001714285714282147 0.0008
0.06187500000000033 0.002285714285709135 0.0008
0.06187499999999944 0.001714285714282147 0.0008
0.06250000000000044 0.002857142857136064 0.0008
0.06187500000000209 0.003428571428562995 0.0008
0.06187500000000121 0.002857142857136064 0.0008
0.06250000000000307 0.003999999999991176 0.0008
0.06187500000000387 0.004571428571419358 0.0008
0.06187500000000297 0.003999999999991176 0.0008
0.06250000000000569 0.005142857142849311 0.0008
0.06187500000000563 0.005714285714279265 0.0008
0.06187500000000475 0.005142857142849311 0.0008
0.06250000000000829 0.006285714285709449 0.0008
0.06187500000000738 0.006857142857139632 0.0008
0.0618750000000065 0.006285714285709449 0.0008
0.06250000000001091 0.007428571428569816 0.0008
0.06187500000000828 0.007428571428569816 0.0008
0.06374999999998915 0.00057142857142758 0.0008
0.06312499999999401 0.00114285714285516 0.0008
0.06312499999999219 0.00057142857142758 0.0008
0.06374999999999384 0.001714285714282147 0.0008
0.06312499999999767 0.002285714285709134 0.0008
0.06312499999999584 0.001714285714282147 0.0008
0.06374999999999853 0.002857142857136064 0.0008
0.06312500000000131 0.003428571428562995 0.0008
0.06312499999999949 0.002857142857136064 0.0008
0.06375000000000322 0.003999999999991176 0.0008
0.06312500000000498 0.004571428571419357 0.0008
0.06312500000000314 0.003999999999991176 0.0008
0.06375000000000793 0.005142857142849311 0.0008
0.06312500000000862 0.005714285714279265 0.0008
0.06312500000000681 0.005142857142849311 0.0008
0.0637500000000126 0.006285714285709449 0.0008
0.06312500000001228 0.006857142857139632 0.0008
0.06312500000001045 0.006285714285709449 0.0008
0.06375000000001732 0.007428571428569816 0.0008
0.06312500000001411 0.007428571428569816 0.0008
0.06499999999998481 0.00057142857142758 0.0008
0.06437499999998936 0.00114285714285516 0.0008
0.06437499999998698 0.00057142857142758 0.0008
0.06499999999998964 0.001714285714282147 0.0008
0.06437499999999413 0.002285714285709134 0.0008
0.06437499999999174 0.001714285714282147 0.0008
0.06499999999999448 0.002857142857136064 0.0008
0.06437499999999888 0.003428571428562994 0.0008
0.0643749999999965 0.002857142857136064 0.0008
0.06499999999999932 0.003999999999991176 0.0008
0.06437500000000368 0.004571428571419357 0.0008
0.06437500000000126 0.003999999999991176 0.0008
0.06500000000000417 0.00514285714284931 0.0008
0.06437500000000843 0.005714285714279265 0.0008
0.06437500000000604 0.005142857142849311 0.0008
0.06500000000000901 0.006285714285709449 0.0008
0.0643750000000132 0.006857142857139632 0.0008
0.06437500000001081 0.006285714285709449 0.0008
0.06500000000001385 0.007428571428569816 0.0008
0.06437500000001559 0.007428571428569816 0.0008
0.06624999999998976 0.00057142857142758 0.0008
0.06562499999998897 0.00114285714285516 0.0008
0.06562499999998728 0.00057142857142758 0.0008
0.06624999999999165 0.001714285714282148 0.0008
0.06562499999999233 0.002285714285709135 0.0008
0.06562499999999064 0.001714285714282147 0.0008
0.06624999999999355 0.002857142857136065 0.0008
0.06562499999999569 0.003428571428562995 0.0008
0.06562499999999402 0.002857142857136064 0.0008
0.06624999999999544 0.003999999999991176 0.0008
0.06562499999999907 0.004571428571419357 0.0008
0.06562499999999738 0.003999999999991176 0.0008
0.06624999999999732 0.005142857142849311 0.0008
0.06562500000000243 0.005714285714279265 0.0008
0.06562500000000074 0.005142857142849311 0.0008
0.06624999999999921 0.006285714285709448 0.0008
0.06562500000000579 0.006857142857139632 0.0008
0.06562500000000411 0.006285714285709448 0.0008
0.0662500000000011 0.007428571428569815 0.0008
0.06562500000000748 0.007428571428569815 0.0008
0.06749999999998815 0.00057142857142758 0.0008
0.06687499999998994 0.00114285714285516 0.0008
0.06687499999998894 0.00057142857142758 0.0008
0.06749999999999021 0.001714285714282148 0.0008
0.06687499999999191 0.002285714285709135 0.0008
0.06687499999999093 0.001714285714282147 0.0008
0.06749999999999223 0.002857142857136064 0.0008
0.06687499999999386 0.003428571428562995 0.0008
0.06687499999999288 0.002857142857136064 0.0008
0.06749999999999426 0.003999999999991176 0.0008
0.06687499999999583 0.004571428571419357 0.0008
0.06687499999999486 0.003999999999991176 0.0008
0.0674999999999963 0.005142857142849311 0.0008
0.0668749999999978 0.005714285714279265 0.0008
0.06687499999999681 0.005142857142849311 0.0008
0.06749999999999833 0.006285714285709448 0.0008
0.06687499999999974 0.006857142857139631 0.0008
0.06687499999999877 0.006285714285709448 0.0008
0.06750000000000035 0.007428571428569815 0.0008
0.06687500000000073 0.007428571428569815 0.0008
0.06874999999999387 0.00057142857142758 0.0008
0.06812499999999169 0.00114285714285516 0.0008
0.06812499999999101 0.00057142857142758 0.0008
0.06874999999999451 0.001714285714282147 0.0008
0.06812499999999302 0.002285714285709135 0.0008
0.06812499999999236 0.001714285714282147 0.0008
0.06874999999999515 0.002857142857136064 0.0008
0.06812499999999436 0.003428571428562995 0.0008
0.06812499999999369 0.002857142857136064 0.0008
0.06874999999999579 0.003999999999991176 0.0008
0.06812499999999569 0.004571428571419357 0.0008
0.06812499999999502 0.003999999999991176 0.0008
0.0687499999999964 0.005142857142849311 0.0008
0.06812499999999702 0.005714285714279265 0.0008
0.06812499999999636 0.005142857142849311 0.0008
0.06874999999999704 0.00628571428570945 0.0008
0.06812499999999835 0.006857142857139632 0.0008
0.06812499999999769 0.006285714285709449 0.0008
0.06874999999999767 0.007428571428569817 0.0008
0.06812499999999901 0.007428571428569816 0.0008
0.06937499999999711 0.00114285714285516 0.0008
0.06937499999999694 0.00057142857142758 0.0008
0.06937499999999741 0.002285714285709134 0.0008
0.06937499999999726 0.001714285714282147 0.0008
0.06937499999999774 0.003428571428562995 0.0008
0.06937499999999758 0.002857142857136064 0.0008
0.06937499999999805 0.004571428571419357 0.0008
0.0693749999999979 0.003999999999991176 0.0008
0.06937499999999835 0.005714285714279265 0.0008
0.0693749999999982 0.005142857142849311 0.0008
0.06937499999999869 0.006857142857139632 0.0008
0.06937499999999852 0.006285714285709449 0.0008
0.06937499999999884 0.007428571428569817 0.0008
2 319 0 195
5739
5740
5741
5742
5743
5744
5745
5746
5747
5748
5749
5750
5751
5752
5753
5754
5755
5756
5757
5758
5759
5760
5761
5762
5763
5764
5765
5766
5767
5768
5769
5770
5771
5772
5773
5774
5775
5776
5777
5778
5779
5780
5781
5782
5783
5784
5785
5786
5787
5788
5789
5790
5791
5792
5793
5794
5795
5796
5797
5798
5799
5800
5801
5802
5803
5804
5805
5806
5807
5808
5809
5810
5811
5812
5813
5814
5815
5816
5817
5818
5819
5820
5821
5822
5823
5824
5825
5826
5827
5828
5829
5830
5831
5832
5833
5834
5835
5836
5837
5838
5839
5840
5841
5842
5843
5844
5845
5846
5847
5848
5849
5850
5851
5852
5853
5854
5855
5856
5857
5858
5859
5860
5861
5862
5863
5864
5865
5866
5867
5868
5869
5870
5871
5872
5873
5874
5875
5876
5877
5878
5879
5880
5881
5882
5883
5884
5885
5886
5887
5888
5889
5890
5891
5892
5893
5894
5895
5896
5897
5898
5899
5900
5901
5902
5903
5904
5905
5906
5907
5908
5909
5910
5911
5912
5913
5914
5915
5916
5917
5918
5919
5920
5921
5922
5923
5924
5925
5926
5927
5928
5929
5930
5931
5932
5933
0.07124999999999612 0.00114285714285516 0
0.07124999999999768 0.002285714285709134 0
0.07124999999999923 0.003428571428562995 0
0.07125000000000078 0.004571428571419357 0
0.07125000000000234 0.005714285714279265 0
0.07125000000000389 0.006857142857139632 0
0.07249999999999228 0.00114285714285516 0
0.07249999999999535 0.002285714285709134 0
0.07249999999999845 0.003428571428562995 0
0.07250000000000158 0.004571428571419358 0
0.07250000000000464 0.005714285714279265 0
0.07250000000000777 0.006857142857139632 0
0.07374999999998841 0.00114285714285516 0
0.07374999999999302 0.002285714285709134 0
0.07374999999999768 0.003428571428562994 0
0.07375000000000234 0.004571428571419357 0
0.07375000000000698 0.005714285714279265 0
0.07375000000001161 0.006857142857139632 0
0.07499999999998448 0.00114285714285516 0
0.07499999999999073 0.002285714285709134 0
0.0749999999999969 0.003428571428562995 0
0.07500000000000309 0.004571428571419358 0
0.07500000000000931 0.005714285714279265 0
0.0750000000000155 0.006857142857139632 0
0.07624999999998841 0.00114285714285516 0
0.07624999999999303 0.002285714285709134 0
0.07624999999999768 0.003428571428562994 0
0.07625000000000234 0.004571428571419357 0
0.07625000000000698 0.005714285714279265 0
0.07625000000001164 0.006857142857139632 0
0.07749999999999228 0.00114285714285516 0
0.07749999999999536 0.002285714285709134 0
0.07749999999999847 0.003428571428562995 0
0.07750000000000158 0.004571428571419358 0
0.07750000000000468 0.005714285714279265 0
0.07750000000000777 0.006857142857139632 0
0.07874999999999613 0.00114285714285516 0
0.07874999999999768 0.002285714285709134 0
0.07874999999999924 0.003428571428562995 0
0.07875000000000079 0.004571428571419357 0
0.07875000000000236 0.005714285714279265 0
0.07875000000000391 0.006857142857139632 0
0.07124999999999534 0.00057142857142758 0
0.07062499999999806 0.00114285714285516 0
0.07062499999999766 0.00057142857142758 0
0.0712499999999969 0.001714285714282147 0
0.07062499999999884 0.002285714285709134 0
0.07062499999999845 0.001714285714282147 0
0.07124999999999845 0.002857142857136064 0
0.07062499999999962 0.003428571428562995 0
0.07062499999999923 0.002857142857136064 0
0.07125000000000001 0.003999999999991176 0
0.0706250000000004 0.004571428571419357 0
0.07062500000000001 0.003999999999991176 0
0.07125000000000156 0.005142857142849311 0
0.07062500000000117 0.005714285714279265 0
0.07062500000000078 0.005142857142849311 0
0.07125000000000312 0.006285714285709449 0
0.07062500000000195 0.006857142857139632 0
0.07062500000000156 0.006285714285709449 0
0.07125000000000467 0.007428571428569816 0
0.07062500000000232 0.007428571428569816 0
0.07249999999999071 0.00057142857142758 0
0.07187499999999419 0.00114285714285516 0
0.07187499999999303 0.00057142857142758 0
0.07249999999999382 0.001714285714282147 0
0.07187499999999651 0.002285714285709134 0
0.07187499999999536 0.001714285714282147 0
0.0724999999999969 0.002857142857136064 0
0.07187499999999884 0.003428571428562995 0
0.07187499999999768 0.002857142857136064 0
0.07250000000000001 0.003999999999991176 0
0.07187500000000119 0.004571428571419357 0
0.07187499999999999 0.003999999999991176 0
0.07250000000000312 0.005142857142849311 0
0.07187500000000349 0.005714285714279265 0
0.07187500000000234 0.005142857142849311 0
0.0725000000000062 0.006285714285709449 0
0.07187500000000582 0.006857142857139632 0
0.07187500000000466 0.006285714285709449 0
0.07250000000000931 0.007428571428569816 0
0.07187500000000699 0.007428571428569816 0
0.07374999999998608 0.00057142857142758 0
0.07312499999999034 0.00114285714285516 0
0.07312499999998839 0.00057142857142758 0
0.07374999999999071 0.001714285714282147 0
0.07312499999999418 0.002285714285709134 0
0.07312499999999228 0.001714285714282147 0
0.07374999999999535 0.002857142857136064 0
0.07312499999999807 0.003428571428562995 0
0.07312499999999612 0.002857142857136064 0
0.07375000000000001 0.003999999999991176 0
0.07312500000000197 0.004571428571419357 0
0.07312500000000002 0.003999999999991176 0
0.07375000000000466 0.005142857142849311 0
0.07312500000000581 0.005714285714279265 0
0.0731250000000039 0.005142857142849311 0
0.07375000000000929 0.006285714285709449 0
0.07312500000000968 0.006857142857139632 0
0.07312500000000774 0.006285714285709449 0
0.07375000000001394 0.007428571428569816 0
0.07312500000001163 0.007428571428569816 0
0.0749999999999814 0.00057142857142758 0
0.07437499999998645 0.00114285714285516 0
0.07437499999998376 0.00057142857142758 0
0.0749999999999876 0.001714285714282147 0
0.07437499999999186 0.002285714285709134 0
0.07437499999998914 0.001714285714282147 0
0.07499999999999382 0.002857142857136064 0
0.07437499999999729 0.003428571428562995 0
0.07437499999999458 0.002857142857136064 0
0.075 0.003999999999991176 0
0.07437500000000272 0.004571428571419357 0
0.07437500000000001 0.003999999999991176 0
0.0750000000000062 0.005142857142849311 0
0.07437500000000814 0.005714285714279265 0
0.07437500000000542 0.005142857142849311 0
0.0750000000000124 0.006285714285709449 0
0.07437500000001356 0.006857142857139632 0
0.07437500000001085 0.006285714285709449 0
0.07500000000001861 0.007428571428569816 0
0.07437500000001629 0.007428571428569816 0
0.07624999999998608 0.00057142857142758 0
0.07562499999998645 0.00114285714285516 0
0.07562499999998373 0.00057142857142758 0
0.07624999999999071 0.001714285714282147 0
0.07562499999999188 0.002285714285709134 0
0.07562499999998915 0.001714285714282147 0
0.07624999999999535 0.002857142857136064 0
0.07562499999999729 0.003428571428562995 0
0.07562499999999459 0.002857142857136064 0
0.07625000000000001 0.003999999999991176 0
0.07562500000000272 0.004571428571419357 0
0.07562500000000001 0.003999999999991176 0
0.07625000000000466 0.005142857142849311 0
0.07562500000000814 0.005714285714279265 0
0.07562500000000542 0.005142857142849311 0
0.07625000000000931 0.006285714285709449 0
0.07562500000001357 0.006857142857139632 0
0.07562500000001086 0.006285714285709449 0
0.07625000000001396 0.007428571428569816 0
0.07562500000001629 0.007428571428569816 0
0.07749999999999073 0.00057142857142758 0
0.07687499999999034 0.00114285714285516 0
0.0768749999999884 0.00057142857142758 0
0.07749999999999382 0.001714285714282147 0
0.0768749999999942 0.002285714285709134 0
0.07687499999999227 0.001714285714282147 0
0.07749999999999692 0.002857142857136064 0
0.07687499999999808 0.003428571428562995 0
0.07687499999999614 0.002857142857136064 0
0.07750000000000003 0.003999999999991176 0
0.07687500000000197 0.004571428571419357 0
0.07687500000000003 0.003999999999991176 0
0.07750000000000312 0.005142857142849311 0
0.07687500000000583 0.005714285714279265 0
0.07687500000000388 0.005142857142849311 0
0.07750000000000623 0.006285714285709449 0
0.07687500000000971 0.006857142857139632 0
0.07687500000000777 0.006285714285709449 0
0.07750000000000931 0.007428571428569816 0
0.07687500000001163 0.007428571428569816 0
0.07874999999999535 0.00057142857142758 0
0.0781249999999942 0.00114285714285516 0
0.07812499999999303 0.00057142857142758 0
0.07874999999999691 0.001714285714282147 0
0.07812499999999653 0.002285714285709134 0
0.07812499999999536 0.001714285714282147 0
0.07874999999999846 0.002857142857136064 0
0.07812499999999886 0.003428571428562995 0
0.0781249999999977 0.002857142857136064 0
0.07875000000000001 0.003999999999991176 0
0.07812500000000119 0.004571428571419357 0
0.07812500000000003 0.003999999999991176 0
0.07875000000000157 0.005142857142849311 0
0.07812500000000352 0.005714285714279265 0
0.07812500000000235 0.005142857142849311 0
0.07875000000000314 0.006285714285709449 0
0.07812500000000584 0.006857142857139632 0
0.07812500000000468 0.006285714285709449 0
0.07875000000000468 0.007428571428569816 0
0.07812500000000699 0.007428571428569816 0
0.07937499999999807 0.00114285714285516 0
0.07937499999999767 0.00057142857142758 0
0.07937499999999885 0.002285714285709134 0
0.07937499999999846 0.001714285714282147 0
0.07937499999999963 0.003428571428562995 0
0.07937499999999924 0.002857142857136064 0
0.0793750000000004 0.004571428571419357 0
0.07937500000000001 0.003999999999991176 0
0.07937500000000119 0.005714285714279265 0
0.07937500000000081 0.005142857142849311 0
0.07937500000000197 0.006857142857139632 0
0.07937500000000158 0.006285714285709449 0
0.07937500000000235 0.007428571428569816 0
2 332 0 13
5934
5935
5936
5937
5938
5939
5940
5941
5942
5943
5944
5945
5946
0.08000000000000002 0.00114285714285516 0.0002
0.08000000000000002 0.00057142857142758 0.0002
0.08000000000000002 0.002285714285709134 0.0002
0.08000000000000002 0.001714285714282147 0.0002
0.08000000000000002 0.003428571428562995 0.0002
0.08000000000000002 0.002857142857136064 0.0002
0.08000000000000002 0.004571428571419358 0.0002
0.08000000000000002 0.003999999999991176 0.0002
0.08000000000000002 0.005714285714279265 0.0002
0.08000000000000002 0.005142857142849311 0.0002
0.08000000000000002 0.006857142857139632 0.0002
0.08000000000000002 0.006285714285709449 0.0002
0.08000000000000002 0.007428571428569815 0.0002
2 341 0 195
5947
5948
5949
5950
5951
5952
5953
5954
5955
5956
5957
5958
5959
5960
5961
5962
5963
5964
5965
5966
5967
5968
5969
5970
5971
5972
5973
5974
5975
5976
5977
5978
5979
5980
5981
5982
5983
5984
5985
5986
5987
5988
5989
5990
5991
5992
5993
5994
5995
5996
5997
5998
5999
6000
6001
6002
6003
6004
6005
6006
6007
6008
6009
6010
6011
6012
6013
6014
6015
6016
6017
6018
6019
6020
6021
6022
6023
6024
6025
6026
6027
6028
6029
6030
6031
6032
6033
6034
6035
6036
6037
6038
6039
6040
6041
6042
6043
6044
6045
6046
6047
6048
6049
6050
6051
6052
6053
6054
6055
6056
6057
6058
6059
6060
6061
6062
6063
6064
6065
6066
6067
6068
6069
6070
6071
6072
6073
6074
6075
6076
6077
6078
6079
6080
6081
6082
6083
6084
6085
6086
6087
6088
6089
6090
6091
6092
6093
6094
6095
6096
6097
6098
6099
6100
6101
6102
6103
6104
6105
6106
6107
6108
6109
6110
6111
6112
6113
6114
6115
6116
6117
6118
6119
6120
6121
6122
6123
6124
6125
6126
6127
6128
6129
6130
6131
6132
6133
6134
6135
6136
6137
6138
6139
6140
6141
0.07124999999999612 0.00114285714285516 0.0004
0.07124999999999768 0.002285714285709134 0.0004
0.07124999999999923 0.003428571428562995 0.0004
0.07125000000000078 0.004571428571419357 0.0004
0.07125000000000234 0.005714285714279265 0.0004
0.07125000000000389 0.006857142857139632 0.0004
0.07249999999999228 0.00114285714285516 0.0004
0.07249999999999535 0.002285714285709134 0.0004
0.07249999999999845 0.003428571428562995 0.0004
0.07250000000000158 0.004571428571419358 0.0004
0.07250000000000464 0.005714285714279265 0.0004
0.07250000000000777 0.006857142857139632 0.0004
0.07374999999998841 0.00114285714285516 0.0004
0.07374999999999302 0.002285714285709134 0.0004
0.07374999999999768 0.003428571428562994 0.0004
0.07375000000000234 0.004571428571419357 0.0004
0.07375000000000698 0.005714285714279265 0.0004
0.07375000000001161 0.006857142857139632 0.0004
0.07499999999998448 0.00114285714285516 0.0004
0.07499999999999073 0.002285714285709134 0.0004
0.0749999999999969 0.003428571428562995 0.0004
0.07500000000000309 0.004571428571419358 0.0004
0.07500000000000931 0.005714285714279265 0.0004
0.0750000000000155 0.006857142857139632 0.0004
0.07624999999998841 0.00114285714285516 0.0004
0.07624999999999303 0.002285714285709134 0.0004
0.07624999999999768 0.003428571428562994 0.0004
0.07625000000000234 0.004571428571419357 0.0004
0.07625000000000698 0.005714285714279265 0.0004
0.07625000000001164 0.006857142857139632 0.0004
0.07749999999999228 0.00114285714285516 0.0004
0.07749999999999536 0.002285714285709134 0.0004
0.07749999999999847 0.003428571428562995 0.0004
0.07750000000000158 0.004571428571419358 0.0004
0.07750000000000468 0.005714285714279265 0.0004
0.07750000000000777 0.006857142857139632 0.0004
0.07874999999999613 0.00114285714285516 0.0004
0.07874999999999768 0.002285714285709134 0.0004
0.07874999999999924 0.003428571428562995 0.0004
0.07875000000000079 0.004571428571419357 0.0004
0.07875000000000236 0.005714285714279265 0.0004
0.07875000000000391 0.006857142857139632 0.0004
0.07124999999999534 0.00057142857142758 0.0004
0.07062499999999806 0.00114285714285516 0.0004
0.07062499999999766 0.00057142857142758 0.0004
0.0712499999999969 0.001714285714282147 0.0004
0.07062499999999884 0.002285714285709134 0.0004
0.07062499999999845 0.001714285714282147 0.0004
0.07124999999999845 0.002857142857136064 0.0004
0.07062499999999962 0.003428571428562995 0.0004
0.07062499999999923 0.002857142857136064 0.0004
0.07125000000000001 0.003999999999991176 0.0004
0.0706250000000004 0.004571428571419357 0.0004
0.07062500000000001 0.003999999999991176 0.0004
0.07125000000000156 0.005142857142849311 0.0004
0.07062500000000117 0.005714285714279265 0.0004
0.07062500000000078 0.005142857142849311 0.0004
0.07125000000000312 0.006285714285709449 0.0004
0.07062500000000195 0.006857142857139632 0.0004
0.07062500000000156 0.006285714285709449 0.0004
0.07125000000000467 0.007428571428569816 0.0004
0.07062500000000232 0.007428571428569816 0.0004
0.07249999999999071 0.00057142857142758 0.0004
0.07187499999999419 0.00114285714285516 0.0004
0.07187499999999303 0.00057142857142758 0.0004
0.07249999999999382 0.001714285714282147 0.0004
0.07187499999999651 0.002285714285709134 0.0004
0.07187499999999536 0.001714285714282147 0.0004
0.0724999999999969 0.002857142857136064 0.0004
0.07187499999999884 0.003428571428562995 0.0004
0.07187499999999768 0.002857142857136064 0.0004
0.07250000000000001 0.003999999999991176 0.0004
0.07187500000000119 0.004571428571419357 0.0004
0.07187499999999999 0.003999999999991176 0.0004
0.07250000000000312 0.005142857142849311 0.0004
0.07187500000000349 0.005714285714279265 0.0004
0.07187500000000234 0.005142857142849311 0.0004
0.0725000000000062 0.006285714285709449 0.0004
0.07187500000000582 0.006857142857139632 0.0004
0.07187500000000466 0.006285714285709449 0.0004
0.07250000000000931 0.007428571428569816 0.0004
0.07187500000000699 0.007428571428569816 0.0004
0.07374999999998608 0.00057142857142758 0.0004
0.07312499999999034 0.00114285714285516 0.0004
0.07312499999998839 0.00057142857142758 0.0004
0.07374999999999071 0.001714285714282147 0.0004
0.07312499999999418 0.002285714285709134 0.0004
0.07312499999999228 0.001714285714282147 0.0004
0.07374999999999535 0.002857142857136064 0.0004
0.07312499999999807 0.003428571428562995 0.0004
0.07312499999999612 0.002857142857136064 0.0004
0.07375000000000001 0.003999999999991176 0.0004
0.07312500000000197 0.004571428571419357 0.0004
0.07312500000000002 0.003999999999991176 0.0004
0.07375000000000466 0.005142857142849311 0.0004
0.07312500000000581 0.005714285714279265 0.0004
0.0731250000000039 0.005142857142849311 0.0004
0.07375000000000929 0.006285714285709449 0.0004
0.07312500000000968 0.006857142857139632 0.0004
0.07312500000000774 0.006285714285709449 0.0004
0.07375000000001394 0.007428571428569816 0.0004
0.07312500000001163 0.007428571428569816 0.0004
0.0749999999999814 0.00057142857142758 0.0004
0.07437499999998645 0.00114285714285516 0.0004
0.07437499999998376 0.00057142857142758 0.0004
0.0749999999999876 0.001714285714282147 0.0004
0.07437499999999186 0.002285714285709134 0.0004
0.07437499999998914 0.001714285714282147 0.0004
0.07499999999999382 0.002857142857136064 0.0004
0.07437499999999729 0.003428571428562995 0.0004
0.07437499999999458 0.002857142857136064 0.0004
0.075 0.003999999999991176 0.0004
0.07437500000000272 0.004571428571419357 0.0004
0.07437500000000001 0.003999999999991176 0.0004
0.0750000000000062 0.005142857142849311 0.0004
0.07437500000000814 0.005714285714279265 0.0004
0.07437500000000542 0.005142857142849311 0.0004
0.0750000000000124 0.006285714285709449 0.0004
0.07437500000001356 0.006857142857139632 0.0004
0.07437500000001085 0.006285714285709449 0.0004
0.07500000000001861 0.007428571428569816 0.0004
0.07437500000001629 0.007428571428569816 0.0004
0.07624999999998608 0.00057142857142758 0.0004
0.07562499999998645 0.00114285714285516 0.0004
0.07562499999998373 0.00057142857142758 0.0004
0.07624999999999071 0.001714285714282147 0.0004
0.07562499999999188 0.002285714285709134 0.0004
0.07562499999998915 0.001714285714282147 0.0004
0.07624999999999535 0.002857142857136064 0.0004
0.07562499999999729 0.003428571428562995 0.0004
0.07562499999999459 0.002857142857136064 0.0004
0.07625000000000001 0.003999999999991176 0.0004
0.07562500000000272 0.004571428571419357 0.0004
0.07562500000000001 0.003999999999991176 0.0004
0.07625000000000466 0.005142857142849311 0.0004
0.07562500000000814 0.005714285714279265 0.0004
0.07562500000000542 0.005142857142849311 0.0004
0.07625000000000931 0.006285714285709449 0.0004
0.07562500000001357 0.006857142857139632 0.0004
0.07562500000001086 0.006285714285709449 0.0004
0.07625000000001396 0.007428571428569816 0.0004
0.07562500000001629 0.007428571428569816 0.0004
0.07749999999999073 0.00057142857142758 0.0004
0.07687499999999034 0.00114285714285516 0.0004
0.0768749999999884 0.00057142857142758 0.0004
0.07749999999999382 0.001714285714282147 0.0004
0.0768749999999942 0.002285714285709134 0.0004
0.07687499999999227 0.001714285714282147 0.0004
0.07749999999999692 0.002857142857136064 0.0004
0.07687499999999808 0.003428571428562995 0.0004
0.07687499999999614 0.002857142857136064 0.0004
0.07750000000000003 0.003999999999991176 0.0004
0.07687500000000197 0.004571428571419357 0.0004
0.07687500000000003 0.003999999999991176 0.0004
0.07750000000000312 0.005142857142849311 0.0004
0.07687500000000583 0.005714285714279265 0.0004
0.07687500000000388 0.005142857142849311 0.0004
0.07750000000000623 0.006285714285709449 0.0004
0.07687500000000971 0.006857142857139632 0.0004
0.07687500000000777 0.006285714285709449 0.0004
0.07750000000000931 0.007428571428569816 0.0004
0.07687500000001163 0.007428571428569816 0.0004
0.07874999999999535 0.00057142857142758 0.0004
0.0781249999999942 0.00114285714285516 0.0004
0.07812499999999303 0.00057142857142758 0.0004
0.07874999999999691 0.001714285714282147 0.0004
0.07812499999999653 0.002285714285709134 0.0004
0.07812499999999536 0.001714285714282147 0.0004
0.07874999999999846 0.002857142857136064 0.0004
0.07812499999999886 0.003428571428562995 0.0004
0.0781249999999977 0.002857142857136064 0.0004
0.07875000000000001 0.003999999999991176 0.0004
0.07812500000000119 0.004571428571419357 0.0004
0.07812500000000003 0.003999999999991176 0.0004
0.07875000000000157 0.005142857142849311 0.0004
0.07812500000000352 0.005714285714279265 0.0004
0.07812500000000235 0.005142857142849311 0.0004
0.07875000000000314 0.006285714285709449 0.0004
0.07812500000000584 0.006857142857139632 0.0004
0.07812500000000468 0.006285714285709449 0.0004
0.07875000000000468 0.007428571428569816 0.0004
0.07812500000000699 0.007428571428569816 0.0004
0.07937499999999807 0.00114285714285516 0.0004
0.07937499999999767 0.00057142857142758 0.0004
0.07937499999999885 0.002285714285709134 0.0004
0.07937499999999846 0.001714285714282147 0.0004
0.07937499999999963 0.003428571428562995 0.0004
0.07937499999999924 0.002857142857136064 0.0004
0.0793750000000004 0.004571428571419357 0.0004
0.07937500000000001 0.003999999999991176 0.0004
0.07937500000000119 0.005714285714279265 0.0004
0.07937500000000081 0.005142857142849311 0.0004
0.07937500000000197 0.006857142857139632 0.0004
0.07937500000000158 0.006285714285709449 0.0004
0.07937500000000235 0.007428571428569816 0.0004
2 354 0 13
6142
6143
6144
6145
6146
6147
6148
6149
6150
6151
6152
6153
6154
0.08000000000000002 0.00114285714285516 0.0006000000000000001
0.08000000000000002 0.00057142857142758 0.0006000000000000001
0.08000000000000002 0.002285714285709134 0.0006000000000000001
0.08000000000000002 0.001714285714282147 0.0006000000000000001
0.08000000000000002 0.003428571428562995 0.0006000000000000001
0.08000000000000002 0.002857142857136064 0.0006000000000000001
0.08000000000000002 0.004571428571419358 0.0006000000000000001
0.08000000000000002 0.003999999999991176 0.0006000000000000001
0.08000000000000002 0.005714285714279265 0.0006000000000000001
0.08000000000000002 0.005142857142849311 0.0006000000000000001
0.08000000000000002 0.006857142857139632 0.0006000000000000001
0.08000000000000002 0.006285714285709449 0.0006000000000000001
0.08000000000000002 0.007428571428569815 0.0006000000000000001
2 363 0 195
6155
6156
6157
6158
6159
6160
6161
6162
6163
6164
6165
6166
6167
6168
6169
6170
6171
6172
6173
6174
6175
6176
6177
6178
6179
6180
6181
6182
6183
6184
6185
6186
6187
6188
6189
6190
6191
6192
6193
6194
6195
6196
6197
6198
6199
6200
6201
6202
6203
6204
6205
6206
6207
6208
6209
6210
6211
6212
6213
6214
6215
6216
6217
6218
6219
6220
6221
6222
6223
6224
6225
6226
6227
6228
6229
6230
6231
6232
6233
6234
6235
6236
6237
6238
6239
6240
6241
6242
6243
6244
6245
6246
6247
6248
6249
6250
6251
6252
6253
6254
6255
6256
6257
6258
6259
6260
6261
6262
6263
6264
6265
6266
6267
6268
6269
6270
6271
6272
6273
6274
6275
6276
6277
6278
6279
6280
6281
6282
6283
6284
6285
6286
6287
6288
6289
6290
6291
6292
6293
6294
6295
6296
6297
6298
6299
6300
6301
6302
6303
6304
6305
6306
6307
6308
6309
6310
6311
6312
6313
6314
6315
6316
6317
6318
6319
6320
6321
6322
6323
6324
6325
6326
6327
6328
6329
6330
6331
6332
6333
6334
6335
6336
6337
6338
6339
6340
6341
6342
6343
6344
6345
6346
6347
6348
6349
0.07124999999999612 0.00114285714285516 0.0008
0.07124999999999768 0.002285714285709134 0.0008
0.07124999999999923 0.003428571428562995 0.0008
0.07125000000000078 0.004571428571419357 0.0008
0.07125000000000234 0.005714285714279265 0.0008
0.07125000000000389 0.006857142857139632 0.0008
0.07249999999999228 0.00114285714285516 0.0008
0.07249999999999535 0.002285714285709134 0.0008
0.07249999999999845 0.003428571428562995 0.0008
0.07250000000000158 0.004571428571419358 0.0008
0.07250000000000464 0.005714285714279265 0.0008
0.07250000000000777 0.006857142857139632 0.0008
0.07374999999998841 0.00114285714285516 0.0008
0.07374999999999302 0.002285714285709134 0.0008
0.07374999999999768 0.003428571428562994 0.0008
0.07375000000000234 0.004571428571419357 0.0008
0.07375000000000698 0.005714285714279265 0.0008
0.07375000000001161 0.006857142857139632 0.0008
0.07499999999998448 0.00114285714285516 0.0008
0.07499999999999073 0.002285714285709134 0.0008
0.0749999999999969 0.003428571428562995 0.0008
0.07500000000000309 0.004571428571419358 0.0008
0.07500000000000931 0.005714285714279265 0.0008
0.0750000000000155 0.006857142857139632 0.0008
0.07624999999998841 0.00114285714285516 0.0008
0.07624999999999303 0.002285714285709134 0.0008
0.07624999999999768 0.003428571428562994 0.0008
0.07625000000000234 0.004571428571419357 0.0008
0.07625000000000698 0.005714285714279265 0.0008
0.07625000000001164 0.006857142857139632 0.0008
0.07749999999999228 0.00114285714285516 0.0008
0.07749999999999536 0.002285714285709134 0.0008
0.07749999999999847 0.003428571428562995 0.0008
0.07750000000000158 0.004571428571419358 0.0008
0.07750000000000468 0.005714285714279265 0.0008
0.07750000000000777 0.006857142857139632 0.0008
0.07874999999999613 0.00114285714285516 0.0008
0.07874999999999768 0.002285714285709134 0.0008
0.07874999999999924 0.003428571428562995 0.0008
0.07875000000000079 0.004571428571419357 0.0008
0.07875000000000236 0.005714285714279265 0.0008
0.07875000000000391 0.006857142857139632 0.0008
0.07124999999999534 0.00057142857142758 0.0008
0.07062499999999806 0.00114285714285516 0.0008
0.07062499999999766 0.00057142857142758 0.0008
0.0712499999999969 0.001714285714282147 0.0008
0.07062499999999884 0.002285714285709134 0.0008
0.07062499999999845 0.001714285714282147 0.0008
0.07124999999999845 0.002857142857136064 0.0008
0.07062499999999962 0.003428571428562995 0.0008
0.07062499999999923 0.002857142857136064 0.0008
0.07125000000000001 0.003999999999991176 0.0008
0.0706250000000004 0.004571428571419357 0.0008
0.07062500000000001 0.003999999999991176 0.0008
0.07125000000000156 0.005142857142849311 0.0008
0.07062500000000117 0.005714285714279265 0.0008
0.07062500000000078 0.005142857142849311 0.0008
0.07125000000000312 0.006285714285709449 0.0008
0.07062500000000195 0.006857142857139632 0.0008
0.07062500000000156 0.006285714285709449 0.0008
0.07125000000000467 0.007428571428569816 0.0008
0.07062500000000232 0.007428571428569816 0.0008
0.07249999999999071 0.00057142857142758 0.0008
0.07187499999999419 0.00114285714285516 0.0008
0.07187499999999303 0.00057142857142758 0.0008
0.07249999999999382 0.001714285714282147 0.0008
0.07187499999999651 0.002285714285709134 0.0008
0.07187499999999536 0.001714285714282147 0.0008
0.0724999999999969 0.002857142857136064 0.0008
0.07187499999999884 0.003428571428562995 0.0008
0.07187499999999768 0.002857142857136064 0.0008
0.07250000000000001 0.003999999999991176 0.0008
0.07187500000000119 0.004571428571419357 0.0008
0.07187499999999999 0.003999999999991176 0.0008
0.07250000000000312 0.005142857142849311 0.0008
0.07187500000000349 0.005714285714279265 0.0008
0.07187500000000234 0.005142857142849311 0.0008
0.0725000000000062 0.006285714285709449 0.0008
0.07187500000000582 0.006857142857139632 0.0008
0.07187500000000466 0.006285714285709449 0.0008
0.07250000000000931 0.007428571428569816 0.0008
0.07187500000000699 0.007428571428569816 0.0008
0.07374999999998608 0.00057142857142758 0.0008
0.07312499999999034 0.00114285714285516 0.0008
0.07312499999998839 0.00057142857142758 0.0008
0.07374999999999071 0.001714285714282147 0.0008
0.07312499999999418 0.002285714285709134 0.0008
0.07312499999999228 0.001714285714282147 0.0008
0.07374999999999535 0.002857142857136064 0.0008
0.07312499999999807 0.003428571428562995 0.0008
0.07312499999999612 0.002857142857136064 0.0008
0.07375000000000001 0.003999999999991176 0.0008
0.07312500000000197 0.004571428571419357 0.0008
0.07312500000000002 0.003999999999991176 0.0008
0.07375000000000466 0.005142857142849311 0.0008
0.07312500000000581 0.005714285714279265 0.0008
0.0731250000000039 0.005142857142849311 0.0008
0.07375000000000929 0.006285714285709449 0.0008
0.07312500000000968 0.006857142857139632 0.0008
0.07312500000000774 0.006285714285709449 0.0008
0.07375000000001394 0.007428571428569816 0.0008
0.07312500000001163 0.007428571428569816 0.0008
0.0749999999999814 0.00057142857142758 0.0008
0.07437499999998645 0.00114285714285516 0.0008
0.07437499999998376 0.00057142857142758 0.0008
0.0749999999999876 0.001714285714282147 0.0008
0.07437499999999186 0.002285714285709134 0.0008
0.07437499999998914 0.001714285714282147 0.0008
0.07499999999999382 0.002857142857136064 0.0008
0.07437499999999729 0.003428571428562995 0.0008
0.07437499999999458 0.002857142857136064 0.0008
0.075 0.003999999999991176 0.0008
0.07437500000000272 0.004571428571419357 0.0008
0.07437500000000001 0.003999999999991176 0.0008
0.0750000000000062 0.005142857142849311 0.0008
0.07437500000000814 0.005714285714279265 0.0008
0.07437500000000542 0.005142857142849311 0.0008
0.0750000000000124 0.006285714285709449 0.0008
0.07437500000001356 0.006857142857139632 0.0008
0.07437500000001085 0.006285714285709449 0.0008
0.07500000000001861 0.007428571428569816 0.0008
0.07437500000001629 0.007428571428569816 0.0008
0.07624999999998608 0.00057142857142758 0.0008
0.07562499999998645 0.00114285714285516 0.0008
0.07562499999998373 0.00057142857142758 0.0008
0.07624999999999071 0.001714285714282147 0.0008
0.07562499999999188 0.002285714285709134 0.0008
0.07562499999998915 0.001714285714282147 0.0008
0.07624999999999535 0.002857142857136064 0.0008
0.07562499999999729 0.003428571428562995 0.0008
0.07562499999999459 0.002857142857136064 0.0008
0.07625000000000001 0.003999999999991176 0.0008
0.07562500000000272 0.004571428571419357 0.0008
0.07562500000000001 0.003999999999991176 0.0008
0.07625000000000466 0.005142857142849311 0.0008
0.07562500000000814 0.005714285714279265 0.0008
0.07562500000000542 0.005142857142849311 0.0008
0.07625000000000931 0.006285714285709449 0.0008
0.07562500000001357 0.006857142857139632 0.0008
0.07562500000001086 0.006285714285709449 0.0008
0.07625000000001396 0.007428571428569816 0.0008
0.07562500000001629 0.007428571428569816 0.0008
0.07749999999999073 0.00057142857142758 0.0008
0.07687499999999034 0.00114285714285516 0.0008
0.0768749999999884 0.00057142857142758 0.0008
0.07749999999999382 0.001714285714282147 0.0008
0.0768749999999942 0.002285714285709134 0.0008
0.07687499999999227 0.001714285714282147 0.0008
0.07749999999999692 0.002857142857136064 0.0008
0.07687499999999808 0.003428571428562995 0.0008
0.07687499999999614 0.002857142857136064 0.0008
0.07750000000000003 0.003999999999991176 0.0008
0.07687500000000197 0.004571428571419357 0.0008
0.07687500000000003 0.003999999999991176 0.0008
0.07750000000000312 0.005142857142849311 0.0008
0.07687500000000583 0.005714285714279265 0.0008
0.07687500000000388 0.005142857142849311 0.0008
0.07750000000000623 0.006285714285709449 0.0008
0.07687500000000971 0.006857142857139632 0.0008
0.07687500000000777 0.006285714285709449 0.0008
0.07750000000000931 0.007428571428569816 0.0008
0.07687500000001163 0.007428571428569816 0.0008
0.07874999999999535 0.00057142857142758 0.0008
0.0781249999999942 0.00114285714285516 0.0008
0.07812499999999303 0.00057142857142758 0.0008
0.07874999999999691 0.001714285714282147 0.0008
0.07812499999999653 0.002285714285709134 0.0008
0.07812499999999536 0.001714285714282147 0.0008
0.07874999999999846 0.002857142857136064 0.0008
0.07812499999999886 0.003428571428562995 0.0008
0.0781249999999977 0.002857142857136064 0.0008
0.07875000000000001 0.003999999999991176 0.0008
0.07812500000000119 0.004571428571419357 0.0008
0.07812500000000003 0.003999999999991176 0.0008
0.07875000000000157 0.005142857142849311 0.0008
0.07812500000000352 0.005714285714279265 0.0008
0.07812500000000235 0.005142857142849311 0.0008
0.07875000000000314 0.006285714285709449 0.0008
0.07812500000000584 0.006857142857139632 0.0008
0.07812500000000468 0.006285714285709449 0.0008
0.07875000000000468 0.007428571428569816 0.0008
0.07812500000000699 0.007428571428569816 0.0008
0.07937499999999807 0.00114285714285516 0.0008
0.07937499999999767 0.00057142857142758 0.0008
0.07937499999999885 0.002285714285709134 0.0008
0.07937499999999846 0.001714285714282147 0.0008
0.07937499999999963 0.003428571428562995 0.0008
0.07937499999999924 0.002857142857136064 0.0008
0.0793750000000004 0.004571428571419357 0.0008
0.07937500000000001 0.003999999999991176 0.0008
0.07937500000000119 0.005714285714279265 0.0008
0.07937500000000081 0.005142857142849311 0.0008
0.07937500000000197 0.006857142857139632 0.0008
0.07937500000000158 0.006285714285709449 0.0008
0.07937500000000235 0.007428571428569816 0.0008
2 364 0 195
6350
6351
6352
6353
6354
6355
6356
6357
6358
6359
6360
6361
6362
6363
6364
6365
6366
6367
6368
6369
6370
6371
6372
6373
6374
6375
6376
6377
6378
6379
6380
6381
6382
6383
6384
6385
6386
6387
6388
6389
6390
6391
6392
6393
6394
6395
6396
6397
6398
6399
6400
6401
6402
6403
6404
6405
6406
6407
6408
6409
6410
6411
6412
6413
6414
6415
6416
6417
6418
6419
6420
6421
6422
6423
6424
6425
6426
6427
6428
6429
6430
6431
6432
6433
6434
6435
6436
6437
6438
6439
6440
6441
6442
6443
6444
6445
6446
6447
6448
6449
6450
6451
6452
6453
6454
6455
6456
6457
6458
6459
6460
6461
6462
6463
6464
6465
6466
6467
6468
6469
6470
6471
6472
6473
6474
6475
6476
6477
6478
6479
6480
6481
6482
6483
6484
6485
6486
6487
6488
6489
6490
6491
6492
6493
6494
6495
6496
6497
6498
6499
6500
6501
6502
6503
6504
6505
6506
6507
6508
6509
6510
6511
6512
6513
6514
6515
6516
6517
6518
6519
6520
6521
6522
6523
6524
6525
6526
6527
6528
6529
6530
6531
6532
6533
6534
6535
6536
6537
6538
6539
6540
6541
6542
6543
6544
0.08124999999999613 0.00114285714285516 0
0.08124999999999769 0.002285714285709134 0
0.08124999999999924 0.003428571428562995 0
0.08125000000000079 0.004571428571419357 0
0.08125000000000235 0.005714285714279265 0
0.0812500000000039 0.006857142857139632 0
0.08249999999999227 0.00114285714285516 0
0.08249999999999535 0.002285714285709134 0
0.08249999999999846 0.003428571428562995 0
0.08250000000000157 0.004571428571419358 0
0.08250000000000467 0.005714285714279265 0
0.08250000000000776 0.006857142857139632 0
0.08374999999998839 0.00114285714285516 0
0.08374999999999305 0.002285714285709134 0
0.08374999999999769 0.003428571428562994 0
0.08375000000000235 0.004571428571419357 0
0.08375000000000699 0.005714285714279265 0
0.08375000000001162 0.006857142857139632 0
0.0849999999999845 0.00114285714285516 0
0.08499999999999072 0.002285714285709134 0
0.08499999999999694 0.003428571428562995 0
0.08500000000000313 0.004571428571419358 0
0.08500000000000932 0.005714285714279265 0
0.08500000000001551 0.006857142857139632 0
0.08624999999998838 0.00114285714285516 0
0.08624999999999305 0.002285714285709134 0
0.08624999999999769 0.003428571428562994 0
0.08625000000000235 0.004571428571419357 0
0.086250000000007 0.005714285714279265 0
0.08625000000001162 0.006857142857139632 0
0.08749999999999226 0.00114285714285516 0
0.08749999999999537 0.002285714285709134 0
0.08749999999999845 0.003428571428562995 0
0.08750000000000158 0.004571428571419358 0
0.08750000000000469 0.005714285714279265 0
0.08750000000000778 0.006857142857139632 0
0.08874999999999614 0.00114285714285516 0
0.08874999999999769 0.002285714285709134 0
0.08874999999999923 0.003428571428562995 0
0.0887500000000008 0.004571428571419357 0
0.08875000000000235 0.005714285714279265 0
0.08875000000000391 0.006857142857139632 0
0.08124999999999535 0.00057142857142758 0
0.08062499999999807 0.00114285714285516 0
0.08062499999999767 0.00057142857142758 0
0.08124999999999691 0.001714285714282147 0
0.08062499999999885 0.002285714285709134 0
0.08062499999999846 0.001714285714282147 0
0.08124999999999846 0.002857142857136064 0
0.08062499999999963 0.003428571428562995 0
0.08062499999999924 0.002857142857136064 0
0.08125000000000002 0.003999999999991176 0
0.0806250000000004 0.004571428571419357 0
0.08062500000000002 0.003999999999991176 0
0.08125000000000157 0.005142857142849311 0
0.08062500000000118 0.005714285714279265 0
0.08062500000000079 0.005142857142849311 0
0.08125000000000313 0.006285714285709449 0
0.08062500000000196 0.006857142857139632 0
0.08062500000000157 0.006285714285709449 0
0.08125000000000468 0.007428571428569816 0
0.08062500000000233 0.007428571428569816 0
0.08249999999999072 0.00057142857142758 0
0.0818749999999942 0.00114285714285516 0
0.08187499999999304 0.00057142857142758 0
0.08249999999999381 0.001714285714282147 0
0.08187499999999652 0.002285714285709134 0
0.08187499999999535 0.001714285714282147 0
0.08249999999999691 0.002857142857136064 0
0.08187499999999885 0.003428571428562995 0
0.08187499999999769 0.002857142857136064 0
0.08250000000000002 0.003999999999991176 0
0.08187500000000118 0.004571428571419357 0
0.08187500000000002 0.003999999999991176 0
0.08250000000000313 0.005142857142849311 0
0.0818750000000035 0.005714285714279265 0
0.08187500000000236 0.005142857142849311 0
0.08250000000000621 0.006285714285709449 0
0.08187500000000583 0.006857142857139632 0
0.08187500000000467 0.006285714285709449 0
0.08250000000000932 0.007428571428569816 0
0.081875000000007 0.007428571428569816 0
0.08374999999998607 0.00057142857142758 0
0.08312499999999033 0.00114285714285516 0
0.08312499999998839 0.00057142857142758 0
0.08374999999999072 0.001714285714282147 0
0.0831249999999942 0.002285714285709134 0
0.08312499999999227 0.001714285714282147 0
0.08374999999999537 0.002857142857136064 0
0.08312499999999808 0.003428571428562995 0
0.08312499999999613 0.002857142857136064 0
0.08375000000000002 0.003999999999991176 0
0.08312500000000196 0.004571428571419357 0
0.08312500000000002 0.003999999999991176 0
0.08375000000000467 0.005142857142849311 0
0.08312500000000583 0.005714285714279265 0
0.0831250000000039 0.005142857142849311 0
0.0837500000000093 0.006285714285709449 0
0.08312500000000969 0.006857142857139632 0
0.08312500000000775 0.006285714285709449 0
0.08375000000001395 0.007428571428569816 0
0.08312500000001165 0.007428571428569816 0
0.08499999999998142 0.00057142857142758 0
0.08437499999998645 0.00114285714285516 0
0.08437499999998374 0.00057142857142758 0
0.08499999999998761 0.001714285714282147 0
0.08437499999999189 0.002285714285709134 0
0.08437499999998917 0.001714285714282147 0
0.08499999999999383 0.002857142857136064 0
0.08437499999999731 0.003428571428562995 0
0.08437499999999461 0.002857142857136064 0
0.08500000000000003 0.003999999999991176 0
0.08437500000000274 0.004571428571419357 0
0.08437500000000002 0.003999999999991176 0
0.08500000000000622 0.005142857142849311 0
0.08437500000000815 0.005714285714279265 0
0.08437500000000545 0.005142857142849311 0
0.08500000000001241 0.006285714285709449 0
0.08437500000001356 0.006857142857139632 0
0.08437500000001086 0.006285714285709449 0
0.08500000000001862 0.007428571428569816 0
0.0843750000000163 0.007428571428569816 0
0.08624999999998606 0.00057142857142758 0
0.08562499999998643 0.00114285714285516 0
0.08562499999998374 0.00057142857142758 0
0.08624999999999072 0.001714285714282147 0
0.08562499999999189 0.002285714285709134 0
0.08562499999998918 0.001714285714282147 0
0.08624999999999537 0.002857142857136064 0
0.08562499999999731 0.003428571428562995 0
0.08562499999999461 0.002857142857136064 0
0.08625000000000002 0.003999999999991176 0
0.08562500000000274 0.004571428571419357 0
0.08562500000000003 0.003999999999991176 0
0.08625000000000468 0.005142857142849311 0
0.08562500000000817 0.005714285714279265 0
0.08562500000000546 0.005142857142849311 0
0.08625000000000932 0.006285714285709449 0
0.08562500000001357 0.006857142857139632 0
0.08562500000001087 0.006285714285709449 0
0.08625000000001395 0.007428571428569816 0
0.08562500000001627 0.007428571428569816 0
0.08749999999999072 0.00057142857142758 0
0.08687499999999032 0.00114285714285516 0
0.08687499999998839 0.00057142857142758 0
0.08749999999999382 0.001714285714282147 0
0.08687499999999421 0.002285714285709134 0
0.08687499999999226 0.001714285714282147 0
0.08749999999999691 0.002857142857136064 0
0.08687499999999806 0.003428571428562995 0
0.08687499999999612 0.002857142857136064 0
0.08750000000000002 0.003999999999991176 0
0.08687500000000196 0.004571428571419357 0
0.08687500000000004 0.003999999999991176 0
0.08750000000000313 0.005142857142849311 0
0.08687500000000584 0.005714285714279265 0
0.08687500000000389 0.005142857142849311 0
0.08750000000000624 0.006285714285709449 0
0.08687500000000969 0.006857142857139632 0
0.08687500000000777 0.006285714285709449 0
0.08750000000000932 0.007428571428569816 0
0.08687500000001164 0.007428571428569816 0
0.08874999999999536 0.00057142857142758 0
0.08812499999999421 0.00114285714285516 0
0.08812499999999304 0.00057142857142758 0
0.08874999999999691 0.001714285714282147 0
0.08812499999999654 0.002285714285709134 0
0.08812499999999537 0.001714285714282147 0
0.08874999999999847 0.002857142857136064 0
0.08812499999999884 0.003428571428562995 0
0.08812499999999769 0.002857142857136064 0
0.08875000000000002 0.003999999999991176 0
0.08812500000000119 0.004571428571419357 0
0.08812500000000004 0.003999999999991176 0
0.08875000000000158 0.005142857142849311 0
0.08812500000000352 0.005714285714279265 0
0.08812500000000235 0.005142857142849311 0
0.08875000000000313 0.006285714285709449 0
0.08812500000000584 0.006857142857139632 0
0.08812500000000467 0.006285714285709449 0
0.08875000000000469 0.007428571428569816 0
0.088125000000007 0.007428571428569816 0
0.08937499999999808 0.00114285714285516 0
0.08937499999999768 0.00057142857142758 0
0.08937499999999886 0.002285714285709134 0
0.08937499999999848 0.001714285714282147 0
0.08937499999999962 0.003428571428562995 0
0.08937499999999926 0.002857142857136064 0
0.08937500000000041 0.004571428571419357 0
0.08937500000000004 0.003999999999991176 0
0.08937500000000119 0.005714285714279265 0
0.08937500000000081 0.005142857142849311 0
0.08937500000000197 0.006857142857139632 0
0.08937500000000159 0.006285714285709449 0
0.08937500000000237 0.007428571428569816 0
2 377 0 13
6545
6546
6547
6548
6549
6550
6551
6552
6553
6554
6555
6556
6557
0.09000000000000002 0.00114285714285516 0.0002
0.09000000000000002 0.00057142857142758 0.0002
0.09000000000000002 0.002285714285709134 0.0002
0.09000000000000002 0.001714285714282147 0.0002
0.09000000000000002 0.003428571428562995 0.0002
0.09000000000000002 0.002857142857136064 0.0002
0.09000000000000002 0.004571428571419358 0.0002
0.09000000000000002 0.003999999999991176 0.0002
0.09000000000000002 0.005714285714279265 0.0002
0.09000000000000002 0.005142857142849311 0.0002
0.09000000000000002 0.006857142857139632 0.0002
0.09000000000000002 0.006285714285709449 0.0002
0.09000000000000002 0.007428571428569815 0.0002
2 386 0 195
6558
6559
6560
6561
6562
6563
6564
6565
6566
6567
6568
6569
6570
6571
6572
6573
6574
6575
6576
6577
6578
6579
6580
6581
6582
6583
6584
6585
6586
6587
6588
6589
6590
6591
6592
6593
6594
6595
6596
6597
6598
6599
6600
6601
6602
6603
6604
6605
6606
6607
6608
6609
6610
6611
6612
6613
6614
6615
6616
6617
6618
6619
6620
6621
6622
6623
6624
6625
6626
6627
6628
6629
6630
6631
6632
6633
6634
6635
6636
6637
6638
6639
6640
6641
6642
6643
6644
6645
6646
6647
6648
6649
6650
6651
6652
6653
6654
6655
6656
6657
6658
6659
6660
6661
6662
6663
6664
6665
6666
6667
6668
6669
6670
6671
6672
6673
6674
6675
6676
6677
6678
6679
6680
6681
6682
6683
6684
6685
6686
6687
6688
6689
6690
6691
6692
6693
6694
6695
6696
6697
6698
6699
6700
6701
6702
6703
6704
6705
6706
6707
6708
6709
6710
6711
6712
6713
6714
6715
6716
6717
6718
6719
6720
6721
6722
6723
6724
6725
6726
6727
6728
6729
6730
6731
6732
6733
6734
6735
6736
6737
6738
6739
6740
6741
6742
6743
6744
6745
6746
6747
6748
6749
6750
6751
6752
0.08124999999999613 0.00114285714285516 0.0004
0.08124999999999769 0.002285714285709134 0.0004
0.08124999999999924 0.003428571428562995 0.0004
0.08125000000000079 0.004571428571419357 0.0004
0.08125000000000235 0.005714285714279265 0.0004
0.0812500000000039 0.006857142857139632 0.0004
0.08249999999999227 0.00114285714285516 0.0004
0.08249999999999535 0.002285714285709134 0.0004
0.08249999999999846 0.003428571428562995 0.0004
0.08250000000000157 0.004571428571419358 0.0004
0.08250000000000467 0.005714285714279265 0.0004
0.08250000000000776 0.006857142857139632 0.0004
0.08374999999998839 0.00114285714285516 0.0004
0.08374999999999305 0.002285714285709134 0.0004
0.08374999999999769 0.003428571428562994 0.0004
0.08375000000000235 0.004571428571419357 0.0004
0.08375000000000699 0.005714285714279265 0.0004
0.08375000000001162 0.006857142857139632 0.0004
0.0849999999999845 0.00114285714285516 0.0004
0.08499999999999072 0.002285714285709134 0.0004
0.08499999999999694 0.003428571428562995 0.0004
0.08500000000000313 0.004571428571419358 0.0004
0.08500000000000932 0.005714285714279265 0.0004
0.08500000000001551 0.006857142857139632 0.0004
0.08624999999998838 0.00114285714285516 0.0004
0.08624999999999305 0.002285714285709134 0.0004
0.08624999999999769 0.003428571428562994 0.0004
0.08625000000000235 0.004571428571419357 0.0004
0.086250000000007 0.005714285714279265 0.0004
0.08625000000001162 0.006857142857139632 0.0004
0.08749999999999226 0.00114285714285516 0.0004
0.08749999999999537 0.002285714285709134 0.0004
0.08749999999999845 0.003428571428562995 0.0004
0.08750000000000158 0.004571428571419358 0.0004
0.08750000000000469 0.005714285714279265 0.0004
0.08750000000000778 0.006857142857139632 0.0004
0.08874999999999614 0.00114285714285516 0.0004
0.08874999999999769 0.002285714285709134 0.0004
0.08874999999999923 0.003428571428562995 0.0004
0.0887500000000008 0.004571428571419357 0.0004
0.08875000000000235 0.005714285714279265 0.0004
0.08875000000000391 0.006857142857139632 0.0004
0.08124999999999535 0.00057142857142758 0.0004
0.08062499999999807 0.00114285714285516 0.0004
0.08062499999999767 0.00057142857142758 0.0004
0.08124999999999691 0.001714285714282147 0.0004
0.08062499999999885 0.002285714285709134 0.0004
0.08062499999999846 0.001714285714282147 0.0004
0.08124999999999846 0.002857142857136064 0.0004
0.08062499999999963 0.003428571428562995 0.0004
0.08062499999999924 0.002857142857136064 0.0004
0.08125000000000002 0.003999999999991176 0.0004
0.0806250000000004 0.004571428571419357 0.0004
0.08062500000000002 0.003999999999991176 0.0004
0.08125000000000157 0.005142857142849311 0.0004
0.08062500000000118 0.005714285714279265 0.0004
0.08062500000000079 0.005142857142849311 0.0004
0.08125000000000313 0.006285714285709449 0.0004
0.08062500000000196 0.006857142857139632 0.0004
0.08062500000000157 0.006285714285709449 0.0004
0.08125000000000468 0.007428571428569816 0.0004
0.08062500000000233 0.007428571428569816 0.0004
0.08249999999999072 0.00057142857142758 0.0004
0.0818749999999942 0.00114285714285516 0.0004
0.08187499999999304 0.00057142857142758 0.0004
0.08249999999999381 0.001714285714282147 0.0004
0.08187499999999652 0.002285714285709134 0.0004
0.08187499999999535 0.001714285714282147 0.0004
0.08249999999999691 0.002857142857136064 0.0004
0.08187499999999885 0.003428571428562995 0.0004
0.08187499999999769 0.002857142857136064 0.0004
0.08250000000000002 0.003999999999991176 0.0004
0.08187500000000118 0.004571428571419357 0.0004
0.08187500000000002 0.003999999999991176 0.0004
0.08250000000000313 0.005142857142849311 0.0004
0.0818750000000035 0.005714285714279265 0.0004
0.08187500000000236 0.005142857142849311 0.0004
0.08250000000000621 0.006285714285709449 0.0004
0.08187500000000583 0.006857142857139632 0.0004
0.08187500000000467 0.006285714285709449 0.0004
0.08250000000000932 0.007428571428569816 0.0004
0.081875000000007 0.007428571428569816 0.0004
0.08374999999998607 0.00057142857142758 0.0004
0.08312499999999033 0.00114285714285516 0.0004
0.08312499999998839 0.00057142857142758 0.0004
0.08374999999999072 0.001714285714282147 0.0004
0.0831249999999942 0.002285714285709134 0.0004
0.08312499999999227 0.001714285714282147 0.0004
0.08374999999999537 0.002857142857136064 0.0004
0.08312499999999808 0.003428571428562995 0.0004
0.08312499999999613 0.002857142857136064 0.0004
0.08375000000000002 0.003999999999991176 0.0004
0.08312500000000196 0.004571428571419357 0.0004
0.08312500000000002 0.003999999999991176 0.0004
0.08375000000000467 0.005142857142849311 0.0004
0.08312500000000583 0.005714285714279265 0.0004
0.0831250000000039 0.005142857142849311 0.0004
0.0837500000000093 0.006285714285709449 0.0004
0.08312500000000969 0.006857142857139632 0.0004
0.08312500000000775 0.006285714285709449 0.0004
0.08375000000001395 0.007428571428569816 0.0004
0.08312500000001165 0.007428571428569816 0.0004
0.08499999999998142 0.00057142857142758 0.0004
0.08437499999998645 0.00114285714285516 0.0004
0.08437499999998374 0.00057142857142758 0.0004
0.08499999999998761 0.001714285714282147 0.0004
0.08437499999999189 0.002285714285709134 0.0004
0.08437499999998917 0.001714285714282147 0.0004
0.08499999999999383 0.002857142857136064 0.0004
0.08437499999999731 0.003428571428562995 0.0004
0.08437499999999461 0.002857142857136064 0.0004
0.08500000000000003 0.003999999999991176 0.0004
0.08437500000000274 0.004571428571419357 0.0004
0.08437500000000002 0.003999999999991176 0.0004
0.08500000000000622 0.005142857142849311 0.0004
0.08437500000000815 0.005714285714279265 0.0004
0.08437500000000545 0.005142857142849311 0.0004
0.08500000000001241 0.006285714285709449 0.0004
0.08437500000001356 0.006857142857139632 0.0004
0.08437500000001086 0.006285714285709449 0.0004
0.08500000000001862 0.007428571428569816 0.0004
0.0843750000000163 0.007428571428569816 0.0004
0.08624999999998606 0.00057142857142758 0.0004
0.08562499999998643 0.00114285714285516 0.0004
0.08562499999998374 0.00057142857142758 0.0004
0.08624999999999072 0.001714285714282147 0.0004
0.08562499999999189 0.002285714285709134 0.0004
0.08562499999998918 0.001714285714282147 0.0004
0.08624999999999537 0.002857142857136064 0.0004
0.08562499999999731 0.003428571428562995 0.0004
0.08562499999999461 0.002857142857136064 0.0004
0.08625000000000002 0.003999999999991176 0.0004
0.08562500000000274 0.004571428571419357 0.0004
0.08562500000000003 0.003999999999991176 0.0004
0.08625000000000468 0.005142857142849311 0.0004
0.08562500000000817 0.005714285714279265 0.0004
0.08562500000000546 0.005142857142849311 0.0004
0.08625000000000932 0.006285714285709449 0.0004
0.08562500000001357 0.006857142857139632 0.0004
0.08562500000001087 0.006285714285709449 0.0004
0.08625000000001395 0.007428571428569816 0.0004
0.08562500000001627 0.007428571428569816 0.0004
0.08749999999999072 0.00057142857142758 0.0004
0.08687499999999032 0.00114285714285516 0.0004
0.08687499999998839 0.00057142857142758 0.0004
0.08749999999999382 0.001714285714282147 0.0004
0.08687499999999421 0.002285714285709134 0.0004
0.08687499999999226 0.001714285714282147 0.0004
0.08749999999999691 0.002857142857136064 0.0004
0.08687499999999806 0.003428571428562995 0.0004
0.08687499999999612 0.002857142857136064 0.0004
0.08750000000000002 0.003999999999991176 0.0004
0.08687500000000196 0.004571428571419357 0.0004
0.08687500000000004 0.003999999999991176 0.0004
0.08750000000000313 0.005142857142849311 0.0004
0.08687500000000584 0.005714285714279265 0.0004
0.08687500000000389 0.005142857142849311 0.0004
0.08750000000000624 0.006285714285709449 0.0004
0.08687500000000969 0.006857142857139632 0.0004
0.08687500000000777 0.006285714285709449 0.0004
0.08750000000000932 0.007428571428569816 0.0004
0.08687500000001164 0.007428571428569816 0.0004
0.08874999999999536 0.00057142857142758 0.0004
0.08812499999999421 0.00114285714285516 0.0004
0.08812499999999304 0.00057142857142758 0.0004
0.08874999999999691 0.001714285714282147 0.0004
0.08812499999999654 0.002285714285709134 0.0004
0.08812499999999537 0.001714285714282147 0.0004
0.08874999999999847 0.002857142857136064 0.0004
0.08812499999999884 0.003428571428562995 0.0004
0.08812499999999769 0.002857142857136064 0.0004
0.08875000000000002 0.003999999999991176 0.0004
0.08812500000000119 0.004571428571419357 0.0004
0.08812500000000004 0.003999999999991176 0.0004
0.08875000000000158 0.005142857142849311 0.0004
0.08812500000000352 0.005714285714279265 0.0004
0.08812500000000235 0.005142857142849311 0.0004
0.08875000000000313 0.006285714285709449 0.0004
0.08812500000000584 0.006857142857139632 0.0004
0.08812500000000467 0.006285714285709449 0.0004
0.08875000000000469 0.007428571428569816 0.0004
0.088125000000007 0.007428571428569816 0.0004
0.08937499999999808 0.00114285714285516 0.0004
0.08937499999999768 0.00057142857142758 0.0004
0.08937499999999886 0.002285714285709134 0.0004
0.08937499999999848 0.001714285714282147 0.0004
0.08937499999999962 0.003428571428562995 0.0004
0.08937499999999926 0.002857142857136064 0.0004
0.08937500000000041 0.004571428571419357 0.0004
0.08937500000000004 0.003999999999991176 0.0004
0.08937500000000119 0.005714285714279265 0.0004
0.08937500000000081 0.005142857142849311 0.0004
0.08937500000000197 0.006857142857139632 0.0004
0.08937500000000159 0.006285714285709449 0.0004
0.08937500000000237 0.007428571428569816 0.0004
2 399 0 13
6753
6754
6755
6756
6757
6758
6759
6760
6761
6762
6763
6764
6765
0.09000000000000002 0.00114285714285516 0.0006000000000000001
0.09000000000000002 0.00057142857142758 0.0006000000000000001
0.09000000000000002 0.002285714285709134 0.0006000000000000001
0.09000000000000002 0.001714285714282147 0.0006000000000000001
0.09000000000000002 0.003428571428562995 0.0006000000000000001
0.09000000000000002 0.002857142857136064 0.0006000000000000001
0.09000000000000002 0.004571428571419358 0.0006000000000000001
0.09000000000000002 0.003999999999991176 0.0006000000000000001
0.09000000000000002 0.005714285714279265 0.0006000000000000001
0.09000000000000002 0.005142857142849311 0.0006000000000000001
0.09000000000000002 0.006857142857139632 0.0006000000000000001
0.09000000000000002 0.006285714285709449 0.0006000000000000001
0.09000000000000002 0.007428571428569815 0.0006000000000000001
2 408 0 195
6766
6767
6768
6769
6770
6771
6772
6773
6774
6775
6776
6777
6778
6779
6780
6781
6782
6783
6784
6785
6786
6787
6788
6789
6790
6791
6792
6793
6794
6795
6796
6797
6798
6799
6800
6801
6802
6803
6804
6805
6806
6807
6808
6809
6810
6811
6812
6813
6814
6815
6816
6817
6818
6819
6820
6821
6822
6823
6824
6825
6826
6827
6828
6829
6830
6831
6832
6833
6834
6835
6836
6837
6838
6839
6840
6841
6842
6843
6844
6845
6846
6847
6848
6849
6850
6851
6852
6853
6854
6855
6856
6857
6858
6859
6860
6861
6862
6863
6864
6865
6866
6867
6868
6869
6870
6871
6872
6873
6874
6875
6876
6877
6878
6879
6880
6881
6882
6883
6884
6885
6886
6887
6888
6889
6890
6891
6892
6893
6894
6895
6896
6897
6898
6899
6900
6901
6902
6903
6904
6905
6906
6907
6908
6909
6910
6911
6912
6913
6914
6915
6916
6917
6918
6919
6920
6921
6922
6923
6924
6925
6926
6927
6928
6929
6930
6931
6932
6933
6934
6935
6936
6937
6938
6939
6940
6941
6942
6943
6944
6945
6946
6947
6948
6949
6950
6951
6952
6953
6954
6955
6956
6957
6958
6959
6960
0.08124999999999613 0.00114285714285516 0.0008
0.08124999999999769 0.002285714285709134 0.0008
0.08124999999999924 0.003428571428562995 0.0008
0.08125000000000079 0.004571428571419357 0.0008
0.08125000000000235 0.005714285714279265 0.0008
0.0812500000000039 0.006857142857139632 0.0008
0.08249999999999227 0.00114285714285516 0.0008
0.08249999999999535 0.002285714285709134 0.0008
0.08249999999999846 0.003428571428562995 0.0008
0.08250000000000157 0.004571428571419358 0.0008
0.08250000000000467 0.005714285714279265 0.0008
0.08250000000000776 0.006857142857139632 0.0008
0.08374999999998839 0.00114285714285516 0.0008
0.08374999999999305 0.002285714285709134 0.0008
0.08374999999999769 0.003428571428562994 0.0008
0.08375000000000235 0.004571428571419357 0.0008
0.08375000000000699 0.005714285714279265 0.0008
0.08375000000001162 0.006857142857139632 0.0008
0.0849999999999845 0.00114285714285516 0.0008
0.08499999999999072 0.002285714285709134 0.0008
0.08499999999999694 0.003428571428562995 0.0008
0.08500000000000313 0.004571428571419358 0.0008
0.08500000000000932 0.005714285714279265 0.0008
0.08500000000001551 0.006857142857139632 0.0008
0.08624999999998838 0.00114285714285516 0.0008
0.08624999999999305 0.002285714285709134 0.0008
0.08624999999999769 0.003428571428562994 0.0008
0.08625000000000235 0.004571428571419357 0.0008
0.086250000000007 0.005714285714279265 0.0008
0.08625000000001162 0.006857142857139632 0.0008
0.08749999999999226 0.00114285714285516 0.0008
0.08749999999999537 0.002285714285709134 0.0008
0.08749999999999845 0.003428571428562995 0.0008
0.08750000000000158 0.004571428571419358 0.0008
0.08750000000000469 0.005714285714279265 0.0008
0.08750000000000778 0.006857142857139632 0.0008
0.08874999999999614 0.00114285714285516 0.0008
0.08874999999999769 0.002285714285709134 0.0008
0.08874999999999923 0.003428571428562995 0.0008
0.0887500000000008 0.004571428571419357 0.0008
0.08875000000000235 0.005714285714279265 0.0008
0.08875000000000391 0.006857142857139632 0.0008
0.08124999999999535 0.00057142857142758 0.0008
0.08062499999999807 0.00114285714285516 0.0008
0.08062499999999767 0.00057142857142758 0.0008
0.08124999999999691 0.001714285714282147 0.0008
0.08062499999999885 0.002285714285709134 0.0008
0.08062499999999846 0.001714285714282147 0.0008
0.08124999999999846 0.002857142857136064 0.0008
0.08062499999999963 0.003428571428562995 0.0008
0.08062499999999924 0.002857142857136064 0.0008
0.08125000000000002 0.003999999999991176 0.0008
0.0806250000000004 0.004571428571419357 0.0008
0.08062500000000002 0.003999999999991176 0.0008
0.08125000000000157 0.005142857142849311 0.0008
0.08062500000000118 0.005714285714279265 0.0008
0.08062500000000079 0.005142857142849311 0.0008
0.08125000000000313 0.006285714285709449 0.0008
0.08062500000000196 0.006857142857139632 0.0008
0.08062500000000157 0.006285714285709449 0.0008
0.08125000000000468 0.007428571428569816 0.0008
0.08062500000000233 0.007428571428569816 0.0008
0.08249999999999072 0.00057142857142758 0.0008
0.0818749999999942 0.00114285714285516 0.0008
0.08187499999999304 0.00057142857142758 0.0008
0.08249999999999381 0.001714285714282147 0.0008
0.08187499999999652 0.002285714285709134 0.0008
0.08187499999999535 0.001714285714282147 0.0008
0.08249999999999691 0.002857142857136064 0.0008
0.08187499999999885 0.003428571428562995 0.0008
0.08187499999999769 0.002857142857136064 0.0008
0.08250000000000002 0.003999999999991176 0.0008
0.08187500000000118 0.004571428571419357 0.0008
0.08187500000000002 0.003999999999991176 0.0008
0.08250000000000313 0.005142857142849311 0.0008
0.0818750000000035 0.005714285714279265 0.0008
0.08187500000000236 0.005142857142849311 0.0008
0.08250000000000621 0.006285714285709449 0.0008
0.08187500000000583 0.006857142857139632 0.0008
0.08187500000000467 0.006285714285709449 0.0008
0.08250000000000932 0.007428571428569816 0.0008
0.081875000000007 0.007428571428569816 0.0008
0.08374999999998607 0.00057142857142758 0.0008
0.08312499999999033 0.00114285714285516 0.0008
0.08312499999998839 0.00057142857142758 0.0008
0.08374999999999072 0.001714285714282147 0.0008
0.0831249999999942 0.002285714285709134 0.0008
0.08312499999999227 0.001714285714282147 0.0008
0.08374999999999537 0.002857142857136064 0.0008
0.08312499999999808 0.003428571428562995 0.0008
0.08312499999999613 0.002857142857136064 0.0008
0.08375000000000002 0.003999999999991176 0.0008
0.08312500000000196 0.004571428571419357 0.0008
0.08312500000000002 0.003999999999991176 0.0008
0.08375000000000467 0.005142857142849311 0.0008
0.08312500000000583 0.005714285714279265 0.0008
0.0831250000000039 0.005142857142849311 0.0008
0.0837500000000093 0.006285714285709449 0.0008
0.08312500000000969 0.006857142857139632 0.0008
0.08312500000000775 0.006285714285709449 0.0008
0.08375000000001395 0.007428571428569816 0.0008
0.08312500000001165 0.007428571428569816 0.0008
0.08499999999998142 0.00057142857142758 0.0008
0.08437499999998645 0.00114285714285516 0.0008
0.08437499999998374 0.00057142857142758 0.0008
0.08499999999998761 0.001714285714282147 0.0008
0.08437499999999189 0.002285714285709134 0.0008
0.08437499999998917 0.001714285714282147 0.0008
0.08499999999999383 0.002857142857136064 0.0008
0.08437499999999731 0.003428571428562995 0.0008
0.08437499999999461 0.002857142857136064 0.0008
0.08500000000000003 0.003999999999991176 0.0008
0.08437500000000274 0.004571428571419357 0.0008
0.08437500000000002 0.003999999999991176 0.0008
0.08500000000000622 0.005142857142849311 0.0008
0.08437500000000815 0.005714285714279265 0.0008
0.08437500000000545 0.005142857142849311 0.0008
0.08500000000001241 0.006285714285709449 0.0008
0.08437500000001356 0.006857142857139632 0.0008
0.08437500000001086 0.006285714285709449 0.0008
0.08500000000001862 0.007428571428569816 0.0008
0.0843750000000163 0.007428571428569816 0.0008
0.08624999999998606 0.00057142857142758 0.0008
0.08562499999998643 0.00114285714285516 0.0008
0.08562499999998374 0.00057142857142758 0.0008
0.08624999999999072 0.001714285714282147 0.0008
0.08562499999999189 0.002285714285709134 0.0008
0.08562499999998918 0.001714285714282147 0.0008
0.08624999999999537 0.002857142857136064 0.0008
0.08562499999999731 0.003428571428562995 0.0008
0.08562499999999461 0.002857142857136064 0.0008
0.08625000000000002 0.003999999999991176 0.0008
0.08562500000000274 0.004571428571419357 0.0008
0.08562500000000003 0.003999999999991176 0.0008
0.08625000000000468 0.005142857142849311 0.0008
0.08562500000000817 0.005714285714279265 0.0008
0.08562500000000546 0.005142857142849311 0.0008
0.08625000000000932 0.006285714285709449 0.0008
0.08562500000001357 0.006857142857139632 0.0008
0.08562500000001087 0.006285714285709449 0.0008
0.08625000000001395 0.007428571428569816 0.0008
0.08562500000001627 0.007428571428569816 0.0008
0.08749999999999072 0.00057142857142758 0.0008
0.08687499999999032 0.00114285714285516 0.0008
0.08687499999998839 0.00057142857142758 0.0008
0.08749999999999382 0.001714285714282147 0.0008
0.08687499999999421 0.002285714285709134 0.0008
0.08687499999999226 0.001714285714282147 0.0008
0.08749999999999691 0.002857142857136064 0.0008
0.08687499999999806 0.003428571428562995 0.0008
0.08687499999999612 0.002857142857136064 0.0008
0.08750000000000002 0.003999999999991176 0.0008
0.08687500000000196 0.004571428571419357 0.0008
0.08687500000000004 0.003999999999991176 0.0008
0.08750000000000313 0.005142857142849311 0.0008
0.08687500000000584 0.005714285714279265 0.0008
0.08687500000000389 0.005142857142849311 0.0008
0.08750000000000624 0.006285714285709449 0.0008
0.08687500000000969 0.006857142857139632 0.0008
0.08687500000000777 0.006285714285709449 0.0008
0.08750000000000932 0.007428571428569816 0.0008
0.08687500000001164 0.007428571428569816 0.0008
0.08874999999999536 0.00057142857142758 0.0008
0.08812499999999421 0.00114285714285516 0.0008
0.08812499999999304 0.00057142857142758 0.0008
0.08874999999999691 0.001714285714282147 0.0008
0.08812499999999654 0.002285714285709134 0.0008
0.08812499999999537 0.001714285714282147 0.0008
0.08874999999999847 0.002857142857136064 0.0008
0.08812499999999884 0.003428571428562995 0.0008
0.08812499999999769 0.002857142857136064 0.0008
0.08875000000000002 0.003999999999991176 0.0008
0.08812500000000119 0.004571428571419357 0.0008
0.08812500000000004 0.003999999999991176 0.0008
0.08875000000000158 0.005142857142849311 0.0008
0.08812500000000352 0.005714285714279265 0.0008
0.08812500000000235 0.005142857142849311 0.0008
0.08875000000000313 0.006285714285709449 0.0008
0.08812500000000584 0.006857142857139632 0.0008
0.08812500000000467 0.006285714285709449 0.0008
0.08875000000000469 0.007428571428569816 0.0008
0.088125000000007 0.007428571428569816 0.0008
0.08937499999999808 0.00114285714285516 0.0008
0.08937499999999768 0.00057142857142758 0.0008
0.08937499999999886 0.002285714285709134 0.0008
0.08937499999999848 0.001714285714282147 0.0008
0.08937499999999962 0.003428571428562995 0.0008
0.08937499999999926 0.002857142857136064 0.0008
0.08937500000000041 0.004571428571419357 0.0008
0.08937500000000004 0.003999999999991176 0.0008
0.08937500000000119 0.005714285714279265 0.0008
0.08937500000000081 0.005142857142849311 0.0008
0.08937500000000197 0.006857142857139632 0.0008
0.08937500000000159 0.006285714285709449 0.0008
0.08937500000000237 0.007428571428569816 0.0008
2 409 0 195
6961
6962
6963
6964
6965
6966
6967
6968
6969
6970
6971
6972
6973
6974
6975
6976
6977
6978
6979
6980
6981
6982
6983
6984
6985
6986
6987
6988
6989
6990
6991
6992
6993
6994
6995
6996
6997
6998
6999
7000
7001
7002
7003
7004
7005
7006
7007
7008
7009
7010
7011
7012
7013
7014
7015
7016
7017
7018
7019
7020
7021
7022
7023
7024
7025
7026
7027
7028
7029
7030
7031
7032
7033
7034
7035
7036
7037
7038
7039
7040
7041
7042
7043
7044
7045
7046
7047
7048
7049
7050
7051
7052
7053
7054
7055
7056
7057
7058
7059
7060
7061
7062
7063
7064
7065
7066
7067
7068
7069
7070
7071
7072
7073
7074
7075
7076
7077
7078
7079
7080
7081
7082
7083
7084
7085
7086
7087
7088
7089
7090
7091
7092
7093
7094
7095
7096
7097
7098
7099
7100
7101
7102
7103
7104
7105
7106
7107
7108
7109
7110
7111
7112
7113
7114
7115
7116
7117
7118
7119
7120
7121
7122
7123
7124
7125
7126
7127
7128
7129
7130
7131
7132
7133
7134
7135
7136
7137
7138
7139
7140
7141
7142
7143
7144
7145
7146
7147
7148
7149
7150
7151
7152
7153
7154
7155
0.09124999999999614 0.00114285714285516 0
0.09124999999999772 0.002285714285709134 0
0.09124999999999925 0.003428571428562995 0
0.0912500000000008 0.004571428571419357 0
0.09125000000000236 0.005714285714279265 0
0.09125000000000391 0.006857142857139632 0
0.09249999999999226 0.00114285714285516 0
0.09249999999999536 0.002285714285709134 0
0.09249999999999844 0.003428571428562995 0
0.09250000000000155 0.004571428571419358 0
0.09250000000000463 0.005714285714279265 0
0.09250000000000774 0.006857142857139632 0
0.0937499999999884 0.00114285714285516 0
0.09374999999999307 0.002285714285709134 0
0.0937499999999977 0.003428571428562994 0
0.09375000000000236 0.004571428571419357 0
0.09375000000000699 0.005714285714279265 0
0.09375000000001163 0.006857142857139632 0
0.09499999999998454 0.00114285714285516 0
0.09499999999999076 0.002285714285709134 0
0.09499999999999692 0.003428571428562995 0
0.09500000000000314 0.004571428571419358 0
0.09500000000000933 0.005714285714279265 0
0.09500000000001552 0.006857142857139632 0
0.09624999999998841 0.00114285714285516 0
0.09624999999999306 0.002285714285709134 0
0.0962499999999977 0.003428571428562994 0
0.09625000000000235 0.004571428571419357 0
0.096250000000007 0.005714285714279265 0
0.09625000000001163 0.006857142857139632 0
0.0974999999999923 0.00114285714285516 0
0.09749999999999542 0.002285714285709134 0
0.09749999999999849 0.003428571428562995 0
0.0975000000000016 0.004571428571419358 0
0.09750000000000469 0.005714285714279265 0
0.0975000000000078 0.006857142857139632 0
0.09874999999999613 0.00114285714285516 0
0.0987499999999977 0.002285714285709134 0
0.09874999999999926 0.003428571428562995 0
0.09875000000000081 0.004571428571419357 0
0.09875000000000236 0.005714285714279265 0
0.09875000000000392 0.006857142857139632 0
0.09124999999999536 0.00057142857142758 0
0.09062499999999808 0.00114285714285516 0
0.09062499999999771 0.00057142857142758 0
0.09124999999999693 0.001714285714282147 0
0.09062499999999887 0.002285714285709134 0
0.09062499999999848 0.001714285714282147 0
0.09124999999999849 0.002857142857136064 0
0.09062499999999964 0.003428571428562995 0
0.09062499999999926 0.002857142857136064 0
0.09125000000000003 0.003999999999991176 0
0.09062500000000041 0.004571428571419357 0
0.09062500000000002 0.003999999999991176 0
0.09125000000000158 0.005142857142849311 0
0.09062500000000119 0.005714285714279265 0
0.0906250000000008 0.005142857142849311 0
0.09125000000000313 0.006285714285709449 0
0.09062500000000197 0.006857142857139632 0
0.09062500000000158 0.006285714285709449 0
0.09125000000000469 0.007428571428569816 0
0.09062500000000234 0.007428571428569816 0
0.09249999999999071 0.00057142857142758 0
0.0918749999999942 0.00114285714285516 0
0.09187499999999303 0.00057142857142758 0
0.09249999999999381 0.001714285714282147 0
0.09187499999999654 0.002285714285709134 0
0.09187499999999536 0.001714285714282147 0
0.0924999999999969 0.002857142857136064 0
0.09187499999999885 0.003428571428562995 0
0.09187499999999768 0.002857142857136064 0
0.0925 0.003999999999991176 0
0.09187500000000118 0.004571428571419357 0
0.09187500000000001 0.003999999999991176 0
0.09250000000000309 0.005142857142849311 0
0.0918750000000035 0.005714285714279265 0
0.09187500000000233 0.005142857142849311 0
0.09250000000000619 0.006285714285709449 0
0.09187500000000583 0.006857142857139632 0
0.09187500000000465 0.006285714285709449 0
0.0925000000000093 0.007428571428569816 0
0.09187500000000699 0.007428571428569816 0
0.09374999999998608 0.00057142857142758 0
0.09312499999999033 0.00114285714285516 0
0.0931249999999884 0.00057142857142758 0
0.09374999999999073 0.001714285714282147 0
0.09312499999999421 0.002285714285709134 0
0.09312499999999227 0.001714285714282147 0
0.09374999999999539 0.002857142857136064 0
0.09312499999999807 0.003428571428562995 0
0.09312499999999613 0.002857142857136064 0
0.09375000000000003 0.003999999999991176 0
0.09312500000000196 0.004571428571419357 0
0.09312500000000001 0.003999999999991176 0
0.09375000000000468 0.005142857142849311 0
0.09312500000000581 0.005714285714279265 0
0.09312500000000389 0.005142857142849311 0
0.09375000000000931 0.006285714285709449 0
0.09312500000000969 0.006857142857139632 0
0.09312500000000776 0.006285714285709449 0
0.09375000000001396 0.007428571428569816 0
0.09312500000001164 0.007428571428569816 0
0.09499999999998143 0.00057142857142758 0
0.09437499999998647 0.00114285714285516 0
0.09437499999998375 0.00057142857142758 0
0.09499999999998765 0.001714285714282147 0
0.09437499999999191 0.002285714285709134 0
0.09437499999998919 0.001714285714282147 0
0.09499999999999384 0.002857142857136064 0
0.09437499999999731 0.003428571428562995 0
0.09437499999999463 0.002857142857136064 0
0.09500000000000003 0.003999999999991176 0
0.09437500000000275 0.004571428571419357 0
0.09437500000000004 0.003999999999991176 0
0.09500000000000623 0.005142857142849311 0
0.09437500000000816 0.005714285714279265 0
0.09437500000000545 0.005142857142849311 0
0.09500000000001242 0.006285714285709449 0
0.09437500000001357 0.006857142857139632 0
0.09437500000001087 0.006285714285709449 0
0.09500000000001863 0.007428571428569816 0
0.09437500000001631 0.007428571428569816 0
0.0962499999999861 0.00057142857142758 0
0.09562499999998647 0.00114285714285516 0
0.09562499999998376 0.00057142857142758 0
0.09624999999999073 0.001714285714282147 0
0.09562499999999191 0.002285714285709134 0
0.09562499999998919 0.001714285714282147 0
0.09624999999999538 0.002857142857136064 0
0.09562499999999731 0.003428571428562995 0
0.0956249999999946 0.002857142857136064 0
0.09625000000000003 0.003999999999991176 0
0.09562500000000274 0.004571428571419357 0
0.09562500000000002 0.003999999999991176 0
0.09625000000000467 0.005142857142849311 0
0.09562500000000816 0.005714285714279265 0
0.09562500000000544 0.005142857142849311 0
0.09625000000000931 0.006285714285709449 0
0.09562500000001357 0.006857142857139632 0
0.09562500000001087 0.006285714285709449 0
0.09625000000001396 0.007428571428569816 0
0.09562500000001628 0.007428571428569816 0
0.09749999999999075 0.00057142857142758 0
0.09687499999999036 0.00114285714285516 0
0.09687499999998841 0.00057142857142758 0
0.09749999999999387 0.001714285714282147 0
0.09687499999999424 0.002285714285709134 0
0.0968749999999923 0.001714285714282147 0
0.09749999999999695 0.002857142857136064 0
0.0968749999999981 0.003428571428562995 0
0.09687499999999619 0.002857142857136064 0
0.09750000000000004 0.003999999999991176 0
0.09687500000000197 0.004571428571419357 0
0.09687500000000004 0.003999999999991176 0
0.09750000000000314 0.005142857142849311 0
0.09687500000000585 0.005714285714279265 0
0.0968750000000039 0.005142857142849311 0
0.09750000000000625 0.006285714285709449 0
0.09687500000000972 0.006857142857139632 0
0.09687500000000777 0.006285714285709449 0
0.09750000000000934 0.007428571428569816 0
0.09687500000001166 0.007428571428569816 0
0.09874999999999537 0.00057142857142758 0
0.09812499999999422 0.00114285714285516 0
0.09812499999999305 0.00057142857142758 0
0.09874999999999692 0.001714285714282147 0
0.09812499999999656 0.002285714285709134 0
0.09812499999999538 0.001714285714282147 0
0.09874999999999848 0.002857142857136064 0
0.09812499999999888 0.003428571428562995 0
0.09812499999999771 0.002857142857136064 0
0.09875000000000003 0.003999999999991176 0
0.09812500000000121 0.004571428571419357 0
0.09812500000000005 0.003999999999991176 0
0.09875000000000159 0.005142857142849311 0
0.09812500000000353 0.005714285714279265 0
0.09812500000000235 0.005142857142849311 0
0.09875000000000314 0.006285714285709449 0
0.09812500000000586 0.006857142857139632 0
0.09812500000000469 0.006285714285709449 0
0.0987500000000047 0.007428571428569816 0
0.09812500000000703 0.007428571428569816 0
0.09937499999999808 0.00114285714285516 0
0.09937499999999769 0.00057142857142758 0
0.09937499999999885 0.002285714285709134 0
0.09937499999999846 0.001714285714282147 0
0.09937499999999963 0.003428571428562995 0
0.09937499999999924 0.002857142857136064 0
0.09937500000000041 0.004571428571419357 0
0.09937500000000002 0.003999999999991176 0
0.09937500000000118 0.005714285714279265 0
0.0993750000000008 0.005142857142849311 0
0.09937500000000196 0.006857142857139632 0
0.09937500000000157 0.006285714285709449 0
0.09937500000000235 0.007428571428569816 0
2 431 0 195
7156
7157
7158
7159
7160
7161
7162
7163
7164
7165
7166
7167
7168
7169
7170
7171
7172
7173
7174
7175
7176
7177
7178
7179
7180
7181
7182
7183
7184
7185
7186
7187
7188
7189
7190
7191
7192
7193
7194
7195
7196
7197
7198
7199
7200
7201
7202
7203
7204
7205
7206
7207
7208
7209
7210
7211
7212
7213
7214
7215
7216
7217
7218
7219
7220
7221
7222
7223
7224
7225
7226
7227
7228
7229
7230
7231
7232
7233
7234
7235
7236
7237
7238
7239
7240
7241
7242
7243
7244
7245
7246
7247
7248
7249
7250
7251
7252
7253
7254
7255
7256
7257
7258
7259
7260
7261
7262
7263
7264
7265
7266
7267
7268
7269
7270
7271
7272
7273
7274
7275
7276
7277
7278
7279
7280
7281
7282
7283
7284
7285
7286
7287
7288
7289
7290
7291
7292
7293
7294
7295
7296
7297
7298
7299
7300
7301
7302
7303
7304
7305
7306
7307
7308
7309
7310
7311
7312
7313
7314
7315
7316
7317
7318
7319
7320
7321
7322
7323
7324
7325
7326
7327
7328
7329
7330
7331
7332
7333
7334
7335
7336
7337
7338
7339
7340
7341
7342
7343
7344
7345
7346
7347
7348
7349
7350
0.09124999999999614 0.00114285714285516 0.0004
0.09124999999999772 0.002285714285709134 0.0004
0.09124999999999925 0.003428571428562995 0.0004
0.0912500000000008 0.004571428571419357 0.0004
0.09125000000000236 0.005714285714279265 0.0004
0.09125000000000391 0.006857142857139632 0.0004
0.09249999999999226 0.00114285714285516 0.0004
0.09249999999999536 0.002285714285709134 0.0004
0.09249999999999844 0.003428571428562995 0.0004
0.09250000000000155 0.004571428571419358 0.0004
0.09250000000000463 0.005714285714279265 0.0004
0.09250000000000774 0.006857142857139632 0.0004
0.0937499999999884 0.00114285714285516 0.0004
0.09374999999999307 0.002285714285709134 0.0004
0.0937499999999977 0.003428571428562994 0.0004
0.09375000000000236 0.004571428571419357 0.0004
0.09375000000000699 0.005714285714279265 0.0004
0.09375000000001163 0.006857142857139632 0.0004
0.09499999999998454 0.00114285714285516 0.0004
0.09499999999999076 0.002285714285709134 0.0004
0.09499999999999692 0.003428571428562995 0.0004
0.09500000000000314 0.004571428571419358 0.0004
0.09500000000000933 0.005714285714279265 0.0004
0.09500000000001552 0.006857142857139632 0.0004
0.09624999999998841 0.00114285714285516 0.0004
0.09624999999999306 0.002285714285709134 0.0004
0.0962499999999977 0.003428571428562994 0.0004
0.09625000000000235 0.004571428571419357 0.0004
0.096250000000007 0.005714285714279265 0.0004
0.09625000000001163 0.006857142857139632 0.0004
0.0974999999999923 0.00114285714285516 0.0004
0.09749999999999542 0.002285714285709134 0.0004
0.09749999999999849 0.003428571428562995 0.0004
0.0975000000000016 0.004571428571419358 0.0004
0.09750000000000469 0.005714285714279265 0.0004
0.0975000000000078 0.006857142857139632 0.0004
0.09874999999999613 0.00114285714285516 0.0004
0.0987499999999977 0.002285714285709134 0.0004
0.09874999999999926 0.003428571428562995 0.0004
0.09875000000000081 0.004571428571419357 0.0004
0.09875000000000236 0.005714285714279265 0.0004
0.09875000000000392 0.006857142857139632 0.0004
0.09124999999999536 0.00057142857142758 0.0004
0.09062499999999808 0.00114285714285516 0.0004
0.09062499999999771 0.00057142857142758 0.0004
0.09124999999999693 0.001714285714282147 0.0004
0.09062499999999887 0.002285714285709134 0.0004
0.09062499999999848 0.001714285714282147 0.0004
0.09124999999999849 0.002857142857136064 0.0004
0.09062499999999964 0.003428571428562995 0.0004
0.09062499999999926 0.002857142857136064 0.0004
0.09125000000000003 0.003999999999991176 0.0004
0.09062500000000041 0.004571428571419357 0.0004
0.09062500000000002 0.003999999999991176 0.0004
0.09125000000000158 0.005142857142849311 0.0004
0.09062500000000119 0.005714285714279265 0.0004
0.0906250000000008 0.005142857142849311 0.0004
0.09125000000000313 0.006285714285709449 0.0004
0.09062500000000197 0.006857142857139632 0.0004
0.09062500000000158 0.006285714285709449 0.0004
0.09125000000000469 0.007428571428569816 0.0004
0.09062500000000234 0.007428571428569816 0.0004
0.09249999999999071 0.00057142857142758 0.0004
0.0918749999999942 0.00114285714285516 0.0004
0.09187499999999303 0.00057142857142758 0.0004
0.09249999999999381 0.001714285714282147 0.0004
0.09187499999999654 0.002285714285709134 0.0004
0.09187499999999536 0.001714285714282147 0.0004
0.0924999999999969 0.002857142857136064 0.0004
0.09187499999999885 0.003428571428562995 0.0004
0.09187499999999768 0.002857142857136064 0.0004
0.0925 0.003999999999991176 0.0004
0.09187500000000118 0.004571428571419357 0.0004
0.09187500000000001 0.003999999999991176 0.0004
0.09250000000000309 0.005142857142849311 0.0004
0.0918750000000035 0.005714285714279265 0.0004
0.09187500000000233 0.005142857142849311 0.0004
0.09250000000000619 0.006285714285709449 0.0004
0.09187500000000583 0.006857142857139632 0.0004
0.09187500000000465 0.006285714285709449 0.0004
0.0925000000000093 0.007428571428569816 0.0004
0.09187500000000699 0.007428571428569816 0.0004
0.09374999999998608 0.00057142857142758 0.0004
0.09312499999999033 0.00114285714285516 0.0004
0.0931249999999884 0.00057142857142758 0.0004
0.09374999999999073 0.001714285714282147 0.0004
0.09312499999999421 0.002285714285709134 0.0004
0.09312499999999227 0.001714285714282147 0.0004
0.09374999999999539 0.002857142857136064 0.0004
0.09312499999999807 0.003428571428562995 0.0004
0.09312499999999613 0.002857142857136064 0.0004
0.09375000000000003 0.003999999999991176 0.0004
0.09312500000000196 0.004571428571419357 0.0004
0.09312500000000001 0.003999999999991176 0.0004
0.09375000000000468 0.005142857142849311 0.0004
0.09312500000000581 0.005714285714279265 0.0004
0.09312500000000389 0.005142857142849311 0.0004
0.09375000000000931 0.006285714285709449 0.0004
0.09312500000000969 0.006857142857139632 0.0004
0.09312500000000776 0.006285714285709449 0.0004
0.09375000000001396 0.007428571428569816 0.0004
0.09312500000001164 0.007428571428569816 0.0004
0.09499999999998143 0.00057142857142758 0.0004
0.09437499999998647 0.00114285714285516 0.0004
0.09437499999998375 0.00057142857142758 0.0004
0.09499999999998765 0.001714285714282147 0.0004
0.09437499999999191 0.002285714285709134 0.0004
0.09437499999998919 0.001714285714282147 0.0004
0.09499999999999384 0.002857142857136064 0.0004
0.09437499999999731 0.003428571428562995 0.0004
0.09437499999999463 0.002857142857136064 0.0004
0.09500000000000003 0.003999999999991176 0.0004
0.09437500000000275 0.004571428571419357 0.0004
0.09437500000000004 0.003999999999991176 0.0004
0.09500000000000623 0.005142857142849311 0.0004
0.09437500000000816 0.005714285714279265 0.0004
0.09437500000000545 0.005142857142849311 0.0004
0.09500000000001242 0.006285714285709449 0.0004
0.09437500000001357 0.006857142857139632 0.0004
0.09437500000001087 0.006285714285709449 0.0004
0.09500000000001863 0.007428571428569816 0.0004
0.09437500000001631 0.007428571428569816 0.0004
0.0962499999999861 0.00057142857142758 0.0004
0.09562499999998647 0.00114285714285516 0.0004
0.09562499999998376 0.00057142857142758 0.0004
0.09624999999999073 0.001714285714282147 0.0004
0.09562499999999191 0.002285714285709134 0.0004
0.09562499999998919 0.001714285714282147 0.0004
0.09624999999999538 0.002857142857136064 0.0004
0.09562499999999731 0.003428571428562995 0.0004
0.0956249999999946 0.002857142857136064 0.0004
0.09625000000000003 0.003999999999991176 0.0004
0.09562500000000274 0.004571428571419357 0.0004
0.09562500000000002 0.003999999999991176 0.0004
0.09625000000000467 0.005142857142849311 0.0004
0.09562500000000816 0.005714285714279265 0.0004
0.09562500000000544 0.005142857142849311 0.0004
0.09625000000000931 0.006285714285709449 0.0004
0.09562500000001357 0.006857142857139632 0.0004
0.09562500000001087 0.006285714285709449 0.0004
0.09625000000001396 0.007428571428569816 0.0004
0.09562500000001628 0.007428571428569816 0.0004
0.09749999999999075 0.00057142857142758 0.0004
0.09687499999999036 0.00114285714285516 0.0004
0.09687499999998841 0.00057142857142758 0.0004
0.09749999999999387 0.001714285714282147 0.0004
0.09687499999999424 0.002285714285709134 0.0004
0.0968749999999923 0.001714285714282147 0.0004
0.09749999999999695 0.002857142857136064 0.0004
0.0968749999999981 0.003428571428562995 0.0004
0.09687499999999619 0.002857142857136064 0.0004
0.09750000000000004 0.003999999999991176 0.0004
0.09687500000000197 0.004571428571419357 0.0004
0.09687500000000004 0.003999999999991176 0.0004
0.09750000000000314 0.005142857142849311 0.0004
0.09687500000000585 0.005714285714279265 0.0004
0.0968750000000039 0.005142857142849311 0.0004
0.09750000000000625 0.006285714285709449 0.0004
0.09687500000000972 0.006857142857139632 0.0004
0.09687500000000777 0.006285714285709449 0.0004
0.09750000000000934 0.007428571428569816 0.0004
0.09687500000001166 0.007428571428569816 0.0004
0.09874999999999537 0.00057142857142758 0.0004
0.09812499999999422 0.00114285714285516 0.0004
0.09812499999999305 0.00057142857142758 0.0004
0.09874999999999692 0.001714285714282147 0.0004
0.09812499999999656 0.002285714285709134 0.0004
0.09812499999999538 0.001714285714282147 0.0004
0.09874999999999848 0.002857142857136064 0.0004
0.09812499999999888 0.003428571428562995 0.0004
0.09812499999999771 0.002857142857136064 0.0004
0.09875000000000003 0.003999999999991176 0.0004
0.09812500000000121 0.004571428571419357 0.0004
0.09812500000000005 0.003999999999991176 0.0004
0.09875000000000159 0.005142857142849311 0.0004
0.09812500000000353 0.005714285714279265 0.0004
0.09812500000000235 0.005142857142849311 0.0004
0.09875000000000314 0.006285714285709449 0.0004
0.09812500000000586 0.006857142857139632 0.0004
0.09812500000000469 0.006285714285709449 0.0004
0.0987500000000047 0.007428571428569816 0.0004
0.09812500000000703 0.007428571428569816 0.0004
0.09937499999999808 0.00114285714285516 0.0004
0.09937499999999769 0.00057142857142758 0.0004
0.09937499999999885 0.002285714285709134 0.0004
0.09937499999999846 0.001714285714282147 0.0004
0.09937499999999963 0.003428571428562995 0.0004
0.09937499999999924 0.002857142857136064 0.0004
0.09937500000000041 0.004571428571419357 0.0004
0.09937500000000002 0.003999999999991176 0.0004
0.09937500000000118 0.005714285714279265 0.0004
0.0993750000000008 0.005142857142849311 0.0004
0.09937500000000196 0.006857142857139632 0.0004
0.09937500000000157 0.006285714285709449 0.0004
0.09937500000000235 0.007428571428569816 0.0004
2 453 0 195
7351
7352
7353
7354
7355
7356
7357
7358
7359
7360
7361
7362
7363
7364
7365
7366
7367
7368
7369
7370
7371
7372
7373
7374
7375
7376
7377
7378
7379
7380
7381
7382
7383
7384
7385
7386
7387
7388
7389
7390
7391
7392
7393
7394
7395
7396
7397
7398
7399
7400
7401
7402
7403
7404
7405
7406
7407
7408
7409
7410
7411
7412
7413
7414
7415
7416
7417
7418
7419
7420
7421
7422
7423
7424
7425
7426
7427
7428
7429
7430
7431
7432
7433
7434
7435
7436
7437
7438
7439
7440
7441
7442
7443
7444
7445
7446
7447
7448
7449
7450
7451
7452
7453
7454
7455
7456
7457
7458
7459
7460
7461
7462
7463
7464
7465
7466
7467
7468
7469
7470
7471
7472
7473
7474
7475
7476
7477
7478
7479
7480
7481
7482
7483
7484
7485
7486
7487
7488
7489
7490
7491
7492
7493
7494
7495
7496
7497
7498
7499
7500
7501
7502
7503
7504
7505
7506
7507
7508
7509
7510
7511
7512
7513
7514
7515
7516
7517
7518
7519
7520
7521
7522
7523
7524
7525
7526
7527
7528
7529
7530
7531
7532
7533
7534
7535
7536
7537
7538
7539
7540
7541
7542
7543
7544
7545
0.09124999999999614 0.00114285714285516 0.0008
0.09124999999999772 0.002285714285709134 0.0008
0.09124999999999925 0.003428571428562995 0.0008
0.0912500000000008 0.004571428571419357 0.0008
0.09125000000000236 0.005714285714279265 0.0008
0.09125000000000391 0.006857142857139632 0.0008
0.09249999999999226 0.00114285714285516 0.0008
0.09249999999999536 0.002285714285709134 0.0008
0.09249999999999844 0.003428571428562995 0.0008
0.09250000000000155 0.004571428571419358 0.0008
0.09250000000000463 0.005714285714279265 0.0008
0.09250000000000774 0.006857142857139632 0.0008
0.0937499999999884 0.00114285714285516 0.0008
0.09374999999999307 0.002285714285709134 0.0008
0.0937499999999977 0.003428571428562994 0.0008
0.09375000000000236 0.004571428571419357 0.0008
0.09375000000000699 0.005714285714279265 0.0008
0.09375000000001163 0.006857142857139632 0.0008
0.09499999999998454 0.00114285714285516 0.0008
0.09499999999999076 0.002285714285709134 0.0008
0.09499999999999692 0.003428571428562995 0.0008
0.09500000000000314 0.004571428571419358 0.0008
0.09500000000000933 0.005714285714279265 0.0008
0.09500000000001552 0.006857142857139632 0.0008
0.09624999999998841 0.00114285714285516 0.0008
0.09624999999999306 0.002285714285709134 0.0008
0.0962499999999977 0.003428571428562994 0.0008
0.09625000000000235 0.004571428571419357 0.0008
0.096250000000007 0.005714285714279265 0.0008
0.09625000000001163 0.006857142857139632 0.0008
0.0974999999999923 0.00114285714285516 0.0008
0.09749999999999542 0.002285714285709134 0.0008
0.09749999999999849 0.003428571428562995 0.0008
0.0975000000000016 0.004571428571419358 0.0008
0.09750000000000469 0.005714285714279265 0.0008
0.0975000000000078 0.006857142857139632 0.0008
0.09874999999999613 0.00114285714285516 0.0008
0.0987499999999977 0.002285714285709134 0.0008
0.09874999999999926 0.003428571428562995 0.0008
0.09875000000000081 0.004571428571419357 0.0008
0.09875000000000236 0.005714285714279265 0.0008
0.09875000000000392 0.006857142857139632 0.0008
0.09124999999999536 0.00057142857142758 0.0008
0.09062499999999808 0.00114285714285516 0.0008
0.09062499999999771 0.00057142857142758 0.0008
0.09124999999999693 0.001714285714282147 0.0008
0.09062499999999887 0.002285714285709134 0.0008
0.09062499999999848 0.001714285714282147 0.0008
0.09124999999999849 0.002857142857136064 0.0008
0.09062499999999964 0.003428571428562995 0.0008
0.09062499999999926 0.002857142857136064 0.0008
0.09125000000000003 0.003999999999991176 0.0008
0.09062500000000041 0.004571428571419357 0.0008
0.09062500000000002 0.003999999999991176 0.0008
0.09125000000000158 0.005142857142849311 0.0008
0.09062500000000119 0.005714285714279265 0.0008
0.0906250000000008 0.005142857142849311 0.0008
0.09125000000000313 0.006285714285709449 0.0008
0.09062500000000197 0.006857142857139632 0.0008
0.09062500000000158 0.006285714285709449 0.0008
0.09125000000000469 0.007428571428569816 0.0008
0.09062500000000234 0.007428571428569816 0.0008
0.09249999999999071 0.00057142857142758 0.0008
0.0918749999999942 0.00114285714285516 0.0008
0.09187499999999303 0.00057142857142758 0.0008
0.09249999999999381 0.001714285714282147 0.0008
0.09187499999999654 0.002285714285709134 0.0008
0.09187499999999536 0.001714285714282147 0.0008
0.0924999999999969 0.002857142857136064 0.0008
0.09187499999999885 0.003428571428562995 0.0008
0.09187499999999768 0.002857142857136064 0.0008
0.0925 0.003999999999991176 0.0008
0.09187500000000118 0.004571428571419357 0.0008
0.09187500000000001 0.003999999999991176 0.0008
0.09250000000000309 0.005142857142849311 0.0008
0.0918750000000035 0.005714285714279265 0.0008
0.09187500000000233 0.005142857142849311 0.0008
0.09250000000000619 0.006285714285709449 0.0008
0.09187500000000583 0.006857142857139632 0.0008
0.09187500000000465 0.006285714285709449 0.0008
0.0925000000000093 0.007428571428569816 0.0008
0.09187500000000699 0.007428571428569816 0.0008
0.09374999999998608 0.00057142857142758 0.0008
0.09312499999999033 0.00114285714285516 0.0008
0.0931249999999884 0.00057142857142758 0.0008
0.09374999999999073 0.001714285714282147 0.0008
0.09312499999999421 0.002285714285709134 0.0008
0.09312499999999227 0.001714285714282147 0.0008
0.09374999999999539 0.002857142857136064 0.0008
0.09312499999999807 0.003428571428562995 0.0008
0.09312499999999613 0.002857142857136064 0.0008
0.09375000000000003 0.003999999999991176 0.0008
0.09312500000000196 0.004571428571419357 0.0008
0.09312500000000001 0.003999999999991176 0.0008
0.09375000000000468 0.005142857142849311 0.0008
0.09312500000000581 0.005714285714279265 0.0008
0.09312500000000389 0.005142857142849311 0.0008
0.09375000000000931 0.006285714285709449 0.0008
0.09312500000000969 0.006857142857139632 0.0008
0.09312500000000776 0.006285714285709449 0.0008
0.09375000000001396 0.007428571428569816 0.0008
0.09312500000001164 0.007428571428569816 0.0008
0.09499999999998143 0.00057142857142758 0.0008
0.09437499999998647 0.00114285714285516 0.0008
0.09437499999998375 0.00057142857142758 0.0008
0.09499999999998765 0.001714285714282147 0.0008
0.09437499999999191 0.002285714285709134 0.0008
0.09437499999998919 0.001714285714282147 0.0008
0.09499999999999384 0.002857142857136064 0.0008
0.09437499999999731 0.003428571428562995 0.0008
0.09437499999999463 0.002857142857136064 0.0008
0.09500000000000003 0.003999999999991176 0.0008
0.09437500000000275 0.004571428571419357 0.0008
0.09437500000000004 0.003999999999991176 0.0008
0.09500000000000623 0.005142857142849311 0.0008
0.09437500000000816 0.005714285714279265 0.0008
0.09437500000000545 0.005142857142849311 0.0008
0.09500000000001242 0.006285714285709449 0.0008
0.09437500000001357 0.006857142857139632 0.0008
0.09437500000001087 0.006285714285709449 0.0008
0.09500000000001863 0.007428571428569816 0.0008
0.09437500000001631 0.007428571428569816 0.0008
0.0962499999999861 0.00057142857142758 0.0008
0.09562499999998647 0.00114285714285516 0.0008
0.09562499999998376 0.00057142857142758 0.0008
0.09624999999999073 0.001714285714282147 0.0008
0.09562499999999191 0.002285714285709134 0.0008
0.09562499999998919 0.001714285714282147 0.0008
0.09624999999999538 0.002857142857136064 0.0008
0.09562499999999731 0.003428571428562995 0.0008
0.0956249999999946 0.002857142857136064 0.0008
0.09625000000000003 0.003999999999991176 0.0008
0.09562500000000274 0.004571428571419357 0.0008
0.09562500000000002 0.003999999999991176 0.0008
0.09625000000000467 0.005142857142849311 0.0008
0.09562500000000816 0.005714285714279265 0.0008
0.09562500000000544 0.005142857142849311 0.0008
0.09625000000000931 0.006285714285709449 0.0008
0.09562500000001357 0.006857142857139632 0.0008
0.09562500000001087 0.006285714285709449 0.0008
0.09625000000001396 0.007428571428569816 0.0008
0.09562500000001628 0.007428571428569816 0.0008
0.09749999999999075 0.00057142857142758 0.0008
0.09687499999999036 0.00114285714285516 0.0008
0.09687499999998841 0.00057142857142758 0.0008
0.09749999999999387 0.001714285714282147 0.0008
0.09687499999999424 0.002285714285709134 0.0008
0.0968749999999923 0.001714285714282147 0.0008
0.09749999999999695 0.002857142857136064 0.0008
0.0968749999999981 0.003428571428562995 0.0008
0.09687499999999619 0.002857142857136064 0.0008
0.09750000000000004 0.003999999999991176 0.0008
0.09687500000000197 0.004571428571419357 0.0008
0.09687500000000004 0.003999999999991176 0.0008
0.09750000000000314 0.005142857142849311 0.0008
0.09687500000000585 0.005714285714279265 0.0008
0.0968750000000039 0.005142857142849311 0.0008
0.09750000000000625 0.006285714285709449 0.0008
0.09687500000000972 0.006857142857139632 0.0008
0.09687500000000777 0.006285714285709449 0.0008
0.09750000000000934 0.007428571428569816 0.0008
0.09687500000001166 0.007428571428569816 0.0008
0.09874999999999537 0.00057142857142758 0.0008
0.09812499999999422 0.00114285714285516 0.0008
0.09812499999999305 0.00057142857142758 0.0008
0.09874999999999692 0.001714285714282147 0.0008
0.09812499999999656 0.002285714285709134 0.0008
0.09812499999999538 0.001714285714282147 0.0008
0.09874999999999848 0.002857142857136064 0.0008
0.09812499999999888 0.003428571428562995 0.0008
0.09812499999999771 0.002857142857136064 0.0008
0.09875000000000003 0.003999999999991176 0.0008
0.09812500000000121 0.004571428571419357 0.0008
0.09812500000000005 0.003999999999991176 0.0008
0.09875000000000159 0.005142857142849311 0.0008
0.09812500000000353 0.005714285714279265 0.0008
0.09812500000000235 0.005142857142849311 0.0008
0.09875000000000314 0.006285714285709449 0.0008
0.09812500000000586 0.006857142857139632 0.0008
0.09812500000000469 0.006285714285709449 0.0008
0.0987500000000047 0.007428571428569816 0.0008
0.09812500000000703 0.007428571428569816 0.0008
0.09937499999999808 0.00114285714285516 0.0008
0.09937499999999769 0.00057142857142758 0.0008
0.09937499999999885 0.002285714285709134 0.0008
0.09937499999999846 0.001714285714282147 0.0008
0.09937499999999963 0.003428571428562995 0.0008
0.09937499999999924 0.002857142857136064 0.0008
0.09937500000000041 0.004571428571419357 0.0008
0.09937500000000002 0.003999999999991176 0.0008
0.09937500000000118 0.005714285714279265 0.0008
0.0993750000000008 0.005142857142849311 0.0008
0.09937500000000196 0.006857142857139632 0.0008
0.09937500000000157 0.006285714285709449 0.0008
0.09937500000000235 0.007428571428569816 0.0008
3 1 0 225
7546
7547
7548
7549
7550
7551
7552
7553
7554
7555
7556
7557
7558
7559
7560
7561
7562
7563
7564
7565
7566
7567
7568
7569
7570
7571
7572
7573
7574
7575
7576
7577
7578
7579
7580
7581
7582
7583
7584
7585
7586
7587
7588
7589
7590
7591
7592
7593
7594
7595
7596
7597
7598
7599
7600
7601
7602
7603
7604
7605
7606
7607
7608
7609
7610
7611
7612
7613
7614
7615
7616
7617
7618
7619
7620
7621
7622
7623
7624
7625
7626
7627
7628
7629
7630
7631
7632
7633
7634
7635
7636
7637
7638
7639
7640
7641
7642
7643
7644
7645
7646
7647
7648
7649
7650
7651
7652
7653
7654
7655
7656
7657
7658
7659
7660
7661
7662
7663
7664
7665
7666
7667
7668
7669
7670
7671
7672
7673
7674
7675
7676
7677
7678
7679
7680
7681
7682
7683
7684
7685
7686
7687
7688
7689
7690
7691
7692
7693
7694
7695
7696
7697
7698
7699
7700
7701
7702
7703
7704
7705
7706
7707
7708
7709
7710
7711
7712
7713
7714
7715
7716
7717
7718
7719
7720
7721
7722
7723
7724
7725
7726
7727
7728
7729
7730
7731
7732
7733
7734
7735
7736
7737
7738
7739
7740
7741
7742
7743
7744
7745
7746
7747
7748
7749
7750
7751
7752
7753
7754
7755
7756
7757
7758
7759
7760
7761
7762
7763
7764
7765
7766
7767
7768
7769
7770
0.001249999999997534 0 0.0002
0.001249999999998352 0.001142857142859607 0.0002
0.0006249999999987669 0 0.0002
0.001249999999997943 0.0005714285714298035 0.0002
0.000624999999999176 0.001142857142859925 0.0002
0.0006249999999989714 0.0005714285714299623 0.0002
0.00124999999999917 0.002285714285719065 0.0002
0.001249999999998761 0.001714285714289336 0.0002
0.000624999999999585 0.002285714285719775 0.0002
0.0006249999999993803 0.001714285714289849 0.0002
0.001249999999999988 0.003428571428578106 0.0002
0.001249999999999579 0.002857142857148586 0.0002
0.000624999999999994 0.003428571428579185 0.0002
0.0006249999999997895 0.00285714285714948 0.0002
0.001250000000000806 0.004571428571435087 0.0002
0.001250000000000397 0.004000000000006597 0.0002
0.000625000000000403 0.004571428571436211 0.0002
0.0006250000000001985 0.004000000000007699 0.0002
0.001250000000001624 0.005714285714287514 0.0002
0.001250000000001215 0.0051428571428613 0.0002
0.000625000000000812 0.005714285714288104 0.0002
0.0006250000000006075 0.005142857142862158 0.0002
0.001250000000002442 0.006857142857143768 0.0002
0.001250000000002033 0.006285714285715642 0.0002
0.000625000000001221 0.006857142857144063 0.0002
0.0006250000000010165 0.006285714285716084 0.0002
0.001250000000003261 0.008 0.0002
0.001250000000002852 0.007428571428571885 0.0002
0.0006250000000016305 0.008 0.0002
0.0006250000000014261 0.007428571428572033 0.0002
0.002499999999994134 0 0.0002
0.002499999999995903 0.001142857142858972 0.0002
0.001874999999995834 0 0.0002
0.002499999999995018 0.000571428571429486 0.0002
0.001874999999997128 0.001142857142859289 0.0002
0.001874999999996481 0.0005714285714296448 0.0002
0.002499999999997673 0.002285714285717647 0.0002
0.002499999999996788 0.001714285714288309 0.0002
0.001874999999998421 0.002285714285718356 0.0002
0.001874999999997774 0.001714285714288823 0.0002
0.002499999999999444 0.003428571428575946 0.0002
0.002499999999998558 0.002857142857146796 0.0002
0.001874999999999716 0.003428571428577026 0.0002
0.001874999999999068 0.002857142857147691 0.0002
0.002500000000001214 0.004571428571432839 0.0002
0.002500000000000329 0.004000000000004392 0.0002
0.00187500000000101 0.004571428571433963 0.0002
0.001875000000000363 0.004000000000005496 0.0002
0.002500000000002983 0.005714285714286337 0.0002
0.002500000000002099 0.005142857142859588 0.0002
0.001875000000002304 0.005714285714286926 0.0002
0.001875000000001657 0.005142857142860444 0.0002
0.002500000000004754 0.006857142857143177 0.0002
0.002500000000003868 0.006285714285714757 0.0002
0.001875000000003598 0.006857142857143473 0.0002
0.001875000000002951 0.006285714285715199 0.0002
0.002500000000006523 0.008 0.0002
0.002500000000005638 0.007428571428571588 0.0002
0.001875000000004892 0.008 0.0002
0.001875000000004245 0.007428571428571736 0.0002
0.003749999999990568 0 0.0002
0.003749999999993314 0.001142857142858337 0.0002
0.003124999999992351 0 0.0002
0.003749999999991941 0.0005714285714291685 0.0002
0.003124999999994609 0.001142857142858655 0.0002
0.00312499999999348 0.0005714285714293274 0.0002
0.003749999999996059 0.002285714285716228 0.0002
0.003749999999994686 0.001714285714287282 0.0002
0.003124999999996866 0.002285714285716937 0.0002
0.003124999999995737 0.001714285714287796 0.0002
0.003749999999998803 0.003428571428573788 0.0002
0.003749999999997431 0.002857142857145008 0.0002
0.003124999999999123 0.003428571428574867 0.0002
0.003124999999997996 0.002857142857145903 0.0002
0.003750000000001548 0.004571428571430593 0.0002
0.003750000000000176 0.00400000000000219 0.0002
0.003125000000001381 0.004571428571431716 0.0002
0.003125000000000253 0.004000000000003293 0.0002
0.003750000000004292 0.005714285714285158 0.0002
0.00375000000000292 0.005142857142857876 0.0002
0.003125000000003637 0.005714285714285748 0.0002
0.003125000000002509 0.005142857142858733 0.0002
0.003750000000007039 0.006857142857142586 0.0002
0.003750000000005665 0.006285714285713872 0.0002
0.003125000000005896 0.006857142857142881 0.0002
0.003125000000004768 0.006285714285714315 0.0002
0.003750000000009784 0.008 0.0002
0.003750000000008412 0.007428571428571293 0.0002
0.003125000000008153 0.008 0.0002
0.003125000000007024 0.007428571428571441 0.0002
0.00499999999998734 0 0.0002
0.004999999999990987 0.001142857142857701 0.0002
0.004374999999988954 0 0.0002
0.004999999999989164 0.0005714285714288505 0.0002
0.004374999999992151 0.001142857142858019 0.0002
0.004374999999990553 0.0005714285714290096 0.0002
0.004999999999994635 0.002285714285714809 0.0002
0.004999999999992811 0.001714285714286255 0.0002
0.004374999999995347 0.002285714285715518 0.0002
0.004374999999993748 0.001714285714286769 0.0002
0.004999999999998282 0.00342857142857163 0.0002
0.004999999999996459 0.002857142857143219 0.0002
0.004374999999998542 0.003428571428572709 0.0002
0.004374999999996945 0.002857142857144114 0.0002
0.005000000000001932 0.004571428571428346 0.0002
0.005000000000000107 0.003999999999999988 0.0002
0.00437500000000174 0.004571428571429469 0.0002
0.004375000000000143 0.004000000000001088 0.0002
0.005000000000005578 0.005714285714283979 0.0002
0.005000000000003755 0.005142857142856163 0.0002
0.004375000000004935 0.005714285714284568 0.0002
0.004375000000003336 0.005142857142857019 0.0002
0.005000000000009228 0.006857142857141995 0.0002
0.005000000000007403 0.006285714285712987 0.0002
0.004375000000008134 0.006857142857142291 0.0002
0.004375000000006533 0.006285714285713432 0.0002
0.005000000000012874 0.008 0.0002
0.005000000000011051 0.007428571428570998 0.0002
0.004375000000011329 0.008 0.0002
0.004375000000009733 0.007428571428571147 0.0002
0.00624999999999038 0 0.0002
0.006249999999993114 0.001142857142857066 0.0002
0.005624999999988859 0 0.0002
0.006249999999991747 0.000571428571428533 0.0002
0.005624999999992051 0.001142857142857384 0.0002
0.005624999999990453 0.0005714285714286918 0.0002
0.006249999999995849 0.00228571428571339 0.0002
0.006249999999994482 0.001714285714285228 0.0002
0.005624999999995241 0.002285714285714099 0.0002
0.005624999999993647 0.001714285714285741 0.0002
0.006249999999998587 0.00342857142856947 0.0002
0.006249999999997218 0.00285714285714143 0.0002
0.005624999999998435 0.00342857142857055 0.0002
0.005624999999996842 0.002857142857142324 0.0002
0.00625000000000132 0.004571428571426098 0.0002
0.006249999999999954 0.003999999999997784 0.0002
0.005625000000001625 0.004571428571427222 0.0002
0.005625000000000028 0.003999999999998888 0.0002
0.006250000000004058 0.005714285714282801 0.0002
0.006250000000002689 0.005142857142854449 0.0002
0.005625000000004818 0.005714285714283391 0.0002
0.005625000000003221 0.005142857142855306 0.0002
0.006250000000006792 0.006857142857141405 0.0002
0.006250000000005425 0.006285714285712103 0.0002
0.00562500000000801 0.0068571428571417 0.0002
0.005625000000006413 0.006285714285712544 0.0002
0.006250000000009527 0.008 0.0002
0.006250000000008159 0.007428571428570703 0.0002
0.005625000000011201 0.008 0.0002
0.005625000000009605 0.007428571428570851 0.0002
0.007499999999993587 0 0.0002
0.007499999999995363 0.00114285714285643 0.0002
0.006874999999991983 0 0.0002
0.007499999999994475 0.000571428571428215 0.0002
0.006874999999994238 0.001142857142856748 0.0002
0.00687499999999311 0.0005714285714283738 0.0002
0.007499999999997136 0.002285714285711972 0.0002
0.007499999999996249 0.001714285714284201 0.0002
0.006874999999996493 0.002285714285712681 0.0002
0.006874999999995365 0.001714285714284714 0.0002
0.007499999999998914 0.003428571428567313 0.0002
0.007499999999998026 0.002857142857139643 0.0002
0.00687499999999875 0.003428571428568392 0.0002
0.006874999999997622 0.002857142857140536 0.0002
0.007500000000000688 0.004571428571423853 0.0002
0.007499999999999801 0.003999999999995583 0.0002
0.006875000000001004 0.004571428571424976 0.0002
0.006874999999999879 0.003999999999996684 0.0002
0.007500000000002462 0.005714285714281623 0.0002
0.007500000000001575 0.005142857142852737 0.0002
0.00687500000000326 0.005714285714282212 0.0002
0.006875000000002133 0.005142857142853594 0.0002
0.007500000000004237 0.006857142857140813 0.0002
0.007500000000003349 0.006285714285711218 0.0002
0.006875000000005514 0.006857142857141109 0.0002
0.006875000000004388 0.006285714285711659 0.0002
0.007500000000006012 0.008 0.0002
0.007500000000005124 0.007428571428570407 0.0002
0.006875000000007769 0.008 0.0002
0.006875000000006641 0.007428571428570552 0.0002
0.008749999999996795 0 0.0002
0.008749999999997659 0.001142857142855795 0.0002
0.008124999999995192 0 0.0002
0.008749999999997227 0.0005714285714278975 0.0002
0.00812499999999651 0.001142857142856113 0.0002
0.008124999999995851 0.0005714285714280563 0.0002
0.008749999999998523 0.002285714285710553 0.0002
0.008749999999998091 0.001714285714283174 0.0002
0.008124999999997828 0.002285714285711263 0.0002
0.008124999999997166 0.001714285714283688 0.0002
0.008749999999999383 0.003428571428565153 0.0002
0.008749999999998953 0.002857142857137853 0.0002
0.008124999999999149 0.003428571428566233 0.0002
0.008124999999998488 0.002857142857138747 0.0002
0.008750000000000247 0.004571428571421605 0.0002
0.008749999999999815 0.003999999999993379 0.0002
0.008125000000000469 0.004571428571422729 0.0002
0.008124999999999813 0.003999999999994478 0.0002
0.008750000000001111 0.005714285714280443 0.0002
0.008750000000000679 0.005142857142851023 0.0002
0.008125000000001787 0.005714285714281033 0.0002
0.008125000000001128 0.005142857142851879 0.0002
0.008750000000001975 0.006857142857140223 0.0002
0.008750000000001543 0.006285714285710333 0.0002
0.008125000000003105 0.006857142857140518 0.0002
0.008125000000002446 0.006285714285710776 0.0002
0.008750000000002839 0.008 0.0002
0.008750000000002407 0.007428571428570112 0.0002
0.008125000000004426 0.008 0.0002
0.008125000000003768 0.007428571428570258 0.0002
0.009374999999998399 0 0.0002
0.009374999999998829 0.001142857142855478 0.0002
0.009374999999998614 0.0005714285714277388 0.0002
0.009374999999999262 0.002285714285709844 0.0002
0.009374999999999044 0.001714285714282662 0.0002
0.009374999999999693 0.003428571428564074 0.0002
0.009374999999999481 0.002857142857136959 0.0002
0.009375000000000123 0.004571428571420481 0.0002
0.009374999999999911 0.003999999999992277 0.0002
0.009375000000000556 0.005714285714279854 0.0002
0.009375000000000345 0.00514285714285017 0.0002
0.009375000000000987 0.006857142857139927 0.0002
0.009375000000000772 0.006285714285709891 0.0002
0.00937500000000142 0.008 0.0002
0.009375000000001202 0.007428571428569964 0.0002
3 2 0 225
7771
7772
7773
7774
7775
7776
7777
7778
7779
7780
7781
7782
7783
7784
7785
7786
7787
7788
7789
7790
7791
7792
7793
7794
7795
7796
7797
7798
7799
7800
7801
7802
7803
7804
7805
7806
7807
7808
7809
7810
7811
7812
7813
7814
7815
7816
7817
7818
7819
7820
7821
7822
7823
7824
7825
7826
7827
7828
7829
7830
7831
7832
7833
7834
7835
7836
7837
7838
7839
7840
7841
7842
7843
7844
7845
7846
7847
7848
7849
7850
7851
7852
7853
7854
7855
7856
7857
7858
7859
7860
7861
7862
7863
7864
7865
7866
7867
7868
7869
7870
7871
7872
7873
7874
7875
7876
7877
7878
7879
7880
7881
7882
7883
7884
7885
7886
7887
7888
7889
7890
7891
7892
7893
7894
7895
7896
7897
7898
7899
7900
7901
7902
7903
7904
7905
7906
7907
7908
7909
7910
7911
7912
7913
7914
7915
7916
7917
7918
7919
7920
7921
7922
7923
7924
7925
7926
7927
7928
7929
7930
7931
7932
7933
7934
7935
7936
7937
7938
7939
7940
7941
7942
7943
7944
7945
7946
7947
7948
7949
7950
7951
7952
7953
7954
7955
7956
7957
7958
7959
7960
7961
7962
7963
7964
7965
7966
7967
7968
7969
7970
7971
7972
7973
7974
7975
7976
7977
7978
7979
7980
7981
7982
7983
7984
7985
7986
7987
7988
7989
7990
7991
7992
7993
7994
7995
0.001249999999997534 0 0.0006000000000000001
0.001249999999998352 0.001142857142859607 0.0006000000000000001
0.0006249999999987669 0 0.0006000000000000001
0.001249999999997943 0.0005714285714298035 0.0006000000000000001
0.000624999999999176 0.001142857142859925 0.0006000000000000001
0.0006249999999989714 0.0005714285714299623 0.0006000000000000001
0.00124999999999917 0.002285714285719065 0.0006000000000000001
0.001249999999998761 0.001714285714289336 0.0006000000000000001
0.000624999999999585 0.002285714285719775 0.0006000000000000001
0.0006249999999993803 0.001714285714289849 0.0006000000000000001
0.001249999999999988 0.003428571428578106 0.0006000000000000001
0.001249999999999579 0.002857142857148586 0.0006000000000000001
0.000624999999999994 0.003428571428579185 0.0006000000000000001
0.0006249999999997895 0.00285714285714948 0.0006000000000000001
0.001250000000000806 0.004571428571435087 0.0006000000000000001
0.001250000000000397 0.004000000000006597 0.0006000000000000001
0.000625000000000403 0.004571428571436211 0.0006000000000000001
0.0006250000000001985 0.004000000000007699 0.0006000000000000001
0.001250000000001624 0.005714285714287514 0.0006000000000000001
0.001250000000001215 0.0051428571428613 0.0006000000000000001
0.000625000000000812 0.005714285714288104 0.0006000000000000001
0.0006250000000006075 0.005142857142862158 0.0006000000000000001
0.001250000000002442 0.006857142857143768 0.0006000000000000001
0.001250000000002033 0.006285714285715642 0.0006000000000000001
0.000625000000001221 0.006857142857144063 0.0006000000000000001
0.0006250000000010165 0.006285714285716084 0.0006000000000000001
0.001250000000003261 0.008 0.0006000000000000001
0.001250000000002852 0.007428571428571885 0.0006000000000000001
0.0006250000000016305 0.008 0.0006000000000000001
0.0006250000000014261 0.007428571428572033 0.0006000000000000001
0.002499999999994134 0 0.0006000000000000001
0.002499999999995903 0.001142857142858972 0.0006000000000000001
0.001874999999995834 0 0.0006000000000000001
0.002499999999995018 0.000571428571429486 0.0006000000000000001
0.001874999999997128 0.001142857142859289 0.0006000000000000001
0.001874999999996481 0.0005714285714296448 0.0006000000000000001
0.002499999999997673 0.002285714285717647 0.0006000000000000001
0.002499999999996788 0.001714285714288309 0.0006000000000000001
0.001874999999998421 0.002285714285718356 0.0006000000000000001
0.001874999999997774 0.001714285714288823 0.0006000000000000001
0.002499999999999444 0.003428571428575946 0.0006000000000000001
0.002499999999998558 0.002857142857146796 0.0006000000000000001
0.001874999999999716 0.003428571428577026 0.0006000000000000001
0.001874999999999068 0.002857142857147691 0.0006000000000000001
0.002500000000001214 0.004571428571432839 0.0006000000000000001
0.002500000000000329 0.004000000000004392 0.0006000000000000001
0.00187500000000101 0.004571428571433963 0.0006000000000000001
0.001875000000000363 0.004000000000005496 0.0006000000000000001
0.002500000000002983 0.005714285714286337 0.0006000000000000001
0.002500000000002099 0.005142857142859588 0.0006000000000000001
0.001875000000002304 0.005714285714286926 0.0006000000000000001
0.001875000000001657 0.005142857142860444 0.0006000000000000001
0.002500000000004754 0.006857142857143177 0.0006000000000000001
0.002500000000003868 0.006285714285714757 0.0006000000000000001
0.001875000000003598 0.006857142857143473 0.0006000000000000001
0.001875000000002951 0.006285714285715199 0.0006000000000000001
0.002500000000006523 0.008 0.0006000000000000001
0.002500000000005638 0.007428571428571588 0.0006000000000000001
0.001875000000004892 0.008 0.0006000000000000001
0.001875000000004245 0.007428571428571736 0.0006000000000000001
0.003749999999990568 0 0.0006000000000000001
0.003749999999993314 0.001142857142858337 0.0006000000000000001
0.003124999999992351 0 0.0006000000000000001
0.003749999999991941 0.0005714285714291685 0.0006000000000000001
0.003124999999994609 0.001142857142858655 0.0006000000000000001
0.00312499999999348 0.0005714285714293274 0.0006000000000000001
0.003749999999996059 0.002285714285716228 0.0006000000000000001
0.003749999999994686 0.001714285714287282 0.0006000000000000001
0.003124999999996866 0.002285714285716937 0.0006000000000000001
0.003124999999995737 0.001714285714287796 0.0006000000000000001
0.003749999999998803 0.003428571428573788 0.0006000000000000001
0.003749999999997431 0.002857142857145008 0.0006000000000000001
0.003124999999999123 0.003428571428574867 0.0006000000000000001
0.003124999999997996 0.002857142857145903 0.0006000000000000001
0.003750000000001548 0.004571428571430593 0.0006000000000000001
0.003750000000000176 0.00400000000000219 0.0006000000000000001
0.003125000000001381 0.004571428571431716 0.0006000000000000001
0.003125000000000253 0.004000000000003293 0.0006000000000000001
0.003750000000004292 0.005714285714285158 0.0006000000000000001
0.00375000000000292 0.005142857142857876 0.0006000000000000001
0.003125000000003637 0.005714285714285748 0.0006000000000000001
0.003125000000002509 0.005142857142858733 0.0006000000000000001
0.003750000000007039 0.006857142857142586 0.0006000000000000001
0.003750000000005665 0.006285714285713872 0.0006000000000000001
0.003125000000005896 0.006857142857142881 0.0006000000000000001
0.003125000000004768 0.006285714285714315 0.0006000000000000001
0.003750000000009784 0.008 0.0006000000000000001
0.003750000000008412 0.007428571428571293 0.0006000000000000001
0.003125000000008153 0.008 0.0006000000000000001
0.003125000000007024 0.007428571428571441 0.0006000000000000001
0.00499999999998734 0 0.0006000000000000001
0.004999999999990987 0.001142857142857701 0.0006000000000000001
0.004374999999988954 0 0.0006000000000000001
0.004999999999989164 0.0005714285714288505 0.0006000000000000001
0.004374999999992151 0.001142857142858019 0.0006000000000000001
0.004374999999990553 0.0005714285714290096 0.0006000000000000001
0.004999999999994635 0.002285714285714809 0.0006000000000000001
0.004999999999992811 0.001714285714286255 0.0006000000000000001
0.004374999999995347 0.002285714285715518 0.0006000000000000001
0.004374999999993748 0.001714285714286769 0.0006000000000000001
0.004999999999998282 0.00342857142857163 0.0006000000000000001
0.004999999999996459 0.002857142857143219 0.0006000000000000001
0.004374999999998542 0.003428571428572709 0.0006000000000000001
0.004374999999996945 0.002857142857144114 0.0006000000000000001
0.005000000000001932 0.004571428571428346 0.0006000000000000001
0.005000000000000107 0.003999999999999988 0.0006000000000000001
0.00437500000000174 0.004571428571429469 0.0006000000000000001
0.004375000000000143 0.004000000000001088 0.0006000000000000001
0.005000000000005578 0.005714285714283979 0.0006000000000000001
0.005000000000003755 0.005142857142856163 0.0006000000000000001
0.004375000000004935 0.005714285714284568 0.0006000000000000001
0.004375000000003336 0.005142857142857019 0.0006000000000000001
0.005000000000009228 0.006857142857141995 0.0006000000000000001
0.005000000000007403 0.006285714285712987 0.0006000000000000001
0.004375000000008134 0.006857142857142291 0.0006000000000000001
0.004375000000006533 0.006285714285713432 0.0006000000000000001
0.005000000000012874 0.008 0.0006000000000000001
0.005000000000011051 0.007428571428570998 0.0006000000000000001
0.004375000000011329 0.008 0.0006000000000000001
0.004375000000009733 0.007428571428571147 0.0006000000000000001
0.00624999999999038 0 0.0006000000000000001
0.006249999999993114 0.001142857142857066 0.0006000000000000001
0.005624999999988859 0 0.0006000000000000001
0.006249999999991747 0.000571428571428533 0.0006000000000000001
0.005624999999992051 0.001142857142857384 0.0006000000000000001
0.005624999999990453 0.0005714285714286918 0.0006000000000000001
0.006249999999995849 0.00228571428571339 0.0006000000000000001
0.006249999999994482 0.001714285714285228 0.0006000000000000001
0.005624999999995241 0.002285714285714099 0.0006000000000000001
0.005624999999993647 0.001714285714285741 0.0006000000000000001
0.006249999999998587 0.00342857142856947 0.0006000000000000001
0.006249999999997218 0.00285714285714143 0.0006000000000000001
0.005624999999998435 0.00342857142857055 0.0006000000000000001
0.005624999999996842 0.002857142857142324 0.0006000000000000001
0.00625000000000132 0.004571428571426098 0.0006000000000000001
0.006249999999999954 0.003999999999997784 0.0006000000000000001
0.005625000000001625 0.004571428571427222 0.0006000000000000001
0.005625000000000028 0.003999999999998888 0.0006000000000000001
0.006250000000004058 0.005714285714282801 0.0006000000000000001
0.006250000000002689 0.005142857142854449 0.0006000000000000001
0.005625000000004818 0.005714285714283391 0.0006000000000000001
0.005625000000003221 0.005142857142855306 0.0006000000000000001
0.006250000000006792 0.006857142857141405 0.0006000000000000001
0.006250000000005425 0.006285714285712103 0.0006000000000000001
0.00562500000000801 0.0068571428571417 0.0006000000000000001
0.005625000000006413 0.006285714285712544 0.0006000000000000001
0.006250000000009527 0.008 0.0006000000000000001
0.006250000000008159 0.007428571428570703 0.0006000000000000001
0.005625000000011201 0.008 0.0006000000000000001
0.005625000000009605 0.007428571428570851 0.0006000000000000001
0.007499999999993587 0 0.0006000000000000001
0.007499999999995363 0.00114285714285643 0.0006000000000000001
0.006874999999991983 0 0.0006000000000000001
0.007499999999994475 0.000571428571428215 0.0006000000000000001
0.006874999999994238 0.001142857142856748 0.0006000000000000001
0.00687499999999311 0.0005714285714283738 0.0006000000000000001
0.007499999999997136 0.002285714285711972 0.0006000000000000001
0.007499999999996249 0.001714285714284201 0.0006000000000000001
0.006874999999996493 0.002285714285712681 0.0006000000000000001
0.006874999999995365 0.001714285714284714 0.0006000000000000001
0.007499999999998914 0.003428571428567313 0.0006000000000000001
0.007499999999998026 0.002857142857139643 0.0006000000000000001
0.00687499999999875 0.003428571428568392 0.0006000000000000001
0.006874999999997622 0.002857142857140536 0.0006000000000000001
0.007500000000000688 0.004571428571423853 0.0006000000000000001
0.007499999999999801 0.003999999999995583 0.0006000000000000001
0.006875000000001004 0.004571428571424976 0.0006000000000000001
0.006874999999999879 0.003999999999996684 0.0006000000000000001
0.007500000000002462 0.005714285714281623 0.0006000000000000001
0.007500000000001575 0.005142857142852737 0.0006000000000000001
0.00687500000000326 0.005714285714282212 0.0006000000000000001
0.006875000000002133 0.005142857142853594 0.0006000000000000001
0.007500000000004237 0.006857142857140813 0.0006000000000000001
0.007500000000003349 0.006285714285711218 0.0006000000000000001
0.006875000000005514 0.006857142857141109 0.0006000000000000001
0.006875000000004388 0.006285714285711659 0.0006000000000000001
0.007500000000006012 0.008 0.0006000000000000001
0.007500000000005124 0.007428571428570407 0.0006000000000000001
0.006875000000007769 0.008 0.0006000000000000001
0.006875000000006641 0.007428571428570552 0.0006000000000000001
0.008749999999996795 0 0.0006000000000000001
0.008749999999997659 0.001142857142855795 0.0006000000000000001
0.008124999999995192 0 0.0006000000000000001
0.008749999999997227 0.0005714285714278975 0.0006000000000000001
0.00812499999999651 0.001142857142856113 0.0006000000000000001
0.008124999999995851 0.0005714285714280563 0.0006000000000000001
0.008749999999998523 0.002285714285710553 0.0006000000000000001
0.008749999999998091 0.001714285714283174 0.0006000000000000001
0.008124999999997828 0.002285714285711263 0.0006000000000000001
0.008124999999997166 0.001714285714283688 0.0006000000000000001
0.008749999999999383 0.003428571428565153 0.0006000000000000001
0.008749999999998953 0.002857142857137853 0.0006000000000000001
0.008124999999999149 0.003428571428566233 0.0006000000000000001
0.008124999999998488 0.002857142857138747 0.0006000000000000001
0.008750000000000247 0.004571428571421605 0.0006000000000000001
0.008749999999999815 0.003999999999993379 0.0006000000000000001
0.008125000000000469 0.004571428571422729 0.0006000000000000001
0.008124999999999813 0.003999999999994478 0.0006000000000000001
0.008750000000001111 0.005714285714280443 0.0006000000000000001
0.008750000000000679 0.005142857142851023 0.0006000000000000001
0.008125000000001787 0.005714285714281033 0.0006000000000000001
0.008125000000001128 0.005142857142851879 0.0006000000000000001
0.008750000000001975 0.006857142857140223 0.0006000000000000001
0.008750000000001543 0.006285714285710333 0.0006000000000000001
0.008125000000003105 0.006857142857140518 0.0006000000000000001
0.008125000000002446 0.006285714285710776 0.0006000000000000001
0.008750000000002839 0.008 0.0006000000000000001
0.008750000000002407 0.007428571428570112 0.0006000000000000001
0.008125000000004426 0.008 0.0006000000000000001
0.008125000000003768 0.007428571428570258 0.0006000000000000001
0.009374999999998399 0 0.0006000000000000001
0.009374999999998829 0.001142857142855478 0.0006000000000000001
0.009374999999998614 0.0005714285714277388 0.0006000000000000001
0.009374999999999262 0.002285714285709844 0.0006000000000000001
0.009374999999999044 0.001714285714282662 0.0006000000000000001
0.009374999999999693 0.003428571428564074 0.0006000000000000001
0.009374999999999481 0.002857142857136959 0.0006000000000000001
0.009375000000000123 0.004571428571420481 0.0006000000000000001
0.009374999999999911 0.003999999999992277 0.0006000000000000001
0.009375000000000556 0.005714285714279854 0.0006000000000000001
0.009375000000000345 0.00514285714285017 0.0006000000000000001
0.009375000000000987 0.006857142857139927 0.0006000000000000001
0.009375000000000772 0.006285714285709891 0.0006000000000000001
0.00937500000000142 0.008 0.0006000000000000001
0.009375000000001202 0.007428571428569964 0.0006000000000000001
3 3 0 225
7996
7997
7998
7999
8000
8001
8002
8003
8004
8005
8006
8007
8008
8009
8010
8011
8012
8013
8014
8015
8016
8017
8018
8019
8020
8021
8022
8023
8024
8025
8026
8027
8028
8029
8030
8031
8032
8033
8034
8035
8036
8037
8038
8039
8040
8041
8042
8043
8044
8045
8046
8047
8048
8049
8050
8051
8052
8053
8054
8055
8056
8057
8058
8059
8060
8061
8062
8063
8064
8065
8066
8067
8068
8069
8070
8071
8072
8073
8074
8075
8076
8077
8078
8079
8080
8081
8082
8083
8084
8085
8086
8087
8088
8089
8090
8091
8092
8093
8094
8095
8096
8097
8098
8099
8100
8101
8102
8103
8104
8105
8106
8107
8108
8109
8110
8111
8112
8113
8114
8115
8116
8117
8118
8119
8120
8121
8122
8123
8124
8125
8126
8127
8128
8129
8130
8131
8132
8133
8134
8135
8136
8137
8138
8139
8140
8141
8142
8143
8144
8145
8146
8147
8148
8149
8150
8151
8152
8153
8154
8155
8156
8157
8158
8159
8160
8161
8162
8163
8164
8165
8166
8167
8168
8169
8170
8171
8172
8173
8174
8175
8176
8177
8178
8179
8180
8181
8182
8183
8184
8185
8186
8187
8188
8189
8190
8191
8192
8193
8194
8195
8196
8197
8198
8199
8200
8201
8202
8203
8204
8205
8206
8207
8208
8209
8210
8211
8212
8213
8214
8215
8216
8217
8218
8219
8220
0.01124999999999712 0 0.0002
0.01124999999999799 0.00114285714285516 0.0002
0.01062499999999856 0 0.0002
0.01124999999999755 0.00057142857142758 0.0002
0.010624999999999 0.00114285714285516 0.0002
0.01062499999999877 0.0005714285714275801 0.0002
0.01124999999999886 0.002285714285709134 0.0002
0.01124999999999842 0.001714285714282147 0.0002
0.01062499999999943 0.002285714285709134 0.0002
0.01062499999999921 0.001714285714282147 0.0002
0.01124999999999973 0.003428571428562995 0.0002
0.0112499999999993 0.002857142857136064 0.0002
0.01062499999999987 0.003428571428562995 0.0002
0.01062499999999965 0.002857142857136064 0.0002
0.0112500000000006 0.004571428571419357 0.0002
0.01125000000000017 0.003999999999991176 0.0002
0.0106250000000003 0.004571428571419357 0.0002
0.01062500000000008 0.003999999999991174 0.0002
0.01125000000000148 0.005714285714279265 0.0002
0.01125000000000104 0.005142857142849311 0.0002
0.01062500000000074 0.005714285714279265 0.0002
0.01062500000000052 0.005142857142849311 0.0002
0.01125000000000235 0.006857142857139632 0.0002
0.01125000000000191 0.006285714285709449 0.0002
0.01062500000000118 0.006857142857139632 0.0002
0.01062500000000096 0.006285714285709447 0.0002
0.01125000000000322 0.008 0.0002
0.01125000000000279 0.007428571428569815 0.0002
0.01062500000000161 0.008 0.0002
0.01062500000000139 0.007428571428569817 0.0002
0.01249999999999356 0 0.0002
0.0124999999999954 0.00114285714285516 0.0002
0.01187499999999534 0 0.0002
0.01249999999999448 0.00057142857142758 0.0002
0.01187499999999669 0.00114285714285516 0.0002
0.01187499999999602 0.0005714285714275801 0.0002
0.01249999999999724 0.002285714285709134 0.0002
0.01249999999999632 0.001714285714282147 0.0002
0.01187499999999805 0.002285714285709134 0.0002
0.01187499999999737 0.001714285714282147 0.0002
0.01249999999999908 0.003428571428562995 0.0002
0.01249999999999816 0.002857142857136064 0.0002
0.01187499999999941 0.003428571428562995 0.0002
0.01187499999999873 0.002857142857136064 0.0002
0.01250000000000092 0.004571428571419357 0.0002
0.0125 0.003999999999991176 0.0002
0.01187500000000076 0.004571428571419357 0.0002
0.01187500000000008 0.003999999999991174 0.0002
0.01250000000000276 0.005714285714279265 0.0002
0.01250000000000184 0.005142857142849311 0.0002
0.01187500000000212 0.005714285714279265 0.0002
0.01187500000000144 0.005142857142849313 0.0002
0.0125000000000046 0.006857142857139631 0.0002
0.01250000000000368 0.006285714285709448 0.0002
0.01187500000000347 0.006857142857139632 0.0002
0.0118750000000028 0.006285714285709448 0.0002
0.01250000000000644 0.008 0.0002
0.01250000000000552 0.007428571428569815 0.0002
0.01187500000000483 0.008 0.0002
0.01187500000000415 0.007428571428569815 0.0002
0.01374999999999 0 0.0002
0.01374999999999277 0.00114285714285516 0.0002
0.01312499999999178 0 0.0002
0.01374999999999138 0.00057142857142758 0.0002
0.01312499999999409 0.00114285714285516 0.0002
0.01312499999999293 0.0005714285714275801 0.0002
0.01374999999999552 0.002285714285709134 0.0002
0.01374999999999415 0.001714285714282147 0.0002
0.01312499999999638 0.002285714285709134 0.0002
0.01312499999999523 0.001714285714282147 0.0002
0.01374999999999828 0.003428571428562995 0.0002
0.0137499999999969 0.002857142857136064 0.0002
0.01312499999999868 0.003428571428562995 0.0002
0.01312499999999753 0.002857142857136064 0.0002
0.01375000000000105 0.004571428571419357 0.0002
0.01374999999999967 0.003999999999991176 0.0002
0.01312500000000098 0.004571428571419357 0.0002
0.01312499999999983 0.003999999999991174 0.0002
0.01375000000000381 0.005714285714279265 0.0002
0.01375000000000243 0.005142857142849311 0.0002
0.01312500000000329 0.005714285714279265 0.0002
0.01312500000000214 0.005142857142849313 0.0002
0.01375000000000656 0.006857142857139631 0.0002
0.01375000000000519 0.006285714285709448 0.0002
0.01312500000000558 0.006857142857139631 0.0002
0.01312500000000444 0.006285714285709449 0.0002
0.01375000000000933 0.008 0.0002
0.01375000000000795 0.007428571428569815 0.0002
0.01312500000000788 0.008 0.0002
0.01312500000000673 0.007428571428569814 0.0002
0.01499999999998644 0 0.0002
0.01499999999999022 0.00114285714285516 0.0002
0.01437499999998822 0 0.0002
0.01499999999998833 0.00057142857142758 0.0002
0.0143749999999915 0.00114285714285516 0.0002
0.01437499999998986 0.0005714285714275801 0.0002
0.014999999999994 0.002285714285709134 0.0002
0.01499999999999211 0.001714285714282147 0.0002
0.01437499999999476 0.002285714285709134 0.0002
0.01437499999999313 0.001714285714282147 0.0002
0.01499999999999778 0.003428571428562994 0.0002
0.01499999999999589 0.002857142857136064 0.0002
0.01437499999999803 0.003428571428562995 0.0002
0.0143749999999964 0.002857142857136064 0.0002
0.01500000000000156 0.004571428571419357 0.0002
0.01499999999999967 0.003999999999991176 0.0002
0.01437500000000131 0.004571428571419357 0.0002
0.01437499999999967 0.003999999999991174 0.0002
0.01500000000000533 0.005714285714279265 0.0002
0.01500000000000344 0.005142857142849311 0.0002
0.01437500000000457 0.005714285714279265 0.0002
0.01437500000000294 0.005142857142849313 0.0002
0.01500000000000911 0.006857142857139632 0.0002
0.01500000000000722 0.006285714285709449 0.0002
0.01437500000000784 0.006857142857139632 0.0002
0.0143750000000062 0.00628571428570945 0.0002
0.01500000000001289 0.008 0.0002
0.015000000000011 0.007428571428569815 0.0002
0.01437500000001111 0.008 0.0002
0.01437500000000947 0.007428571428569815 0.0002
0.01624999999999068 0 0.0002
0.01624999999999339 0.00114285714285516 0.0002
0.01562499999998856 0 0.0002
0.01624999999999203 0.00057142857142758 0.0002
0.01562499999999181 0.00114285714285516 0.0002
0.01562499999999018 0.0005714285714275801 0.0002
0.01624999999999611 0.002285714285709135 0.0002
0.01624999999999475 0.001714285714282148 0.0002
0.01562499999999506 0.002285714285709135 0.0002
0.01562499999999343 0.001714285714282148 0.0002
0.01624999999999882 0.003428571428562994 0.0002
0.01624999999999747 0.002857142857136064 0.0002
0.0156249999999983 0.003428571428562994 0.0002
0.01562499999999668 0.002857142857136064 0.0002
0.01625000000000153 0.004571428571419358 0.0002
0.01625000000000017 0.003999999999991176 0.0002
0.01562500000000155 0.004571428571419357 0.0002
0.01562499999999992 0.003999999999991174 0.0002
0.01625000000000424 0.005714285714279265 0.0002
0.01625000000000289 0.005142857142849311 0.0002
0.01562500000000478 0.005714285714279265 0.0002
0.01562500000000317 0.005142857142849311 0.0002
0.01625000000000695 0.006857142857139633 0.0002
0.01625000000000559 0.006285714285709449 0.0002
0.01562500000000803 0.006857142857139632 0.0002
0.01562500000000642 0.006285714285709447 0.0002
0.01625000000000967 0.008 0.0002
0.01625000000000831 0.007428571428569817 0.0002
0.01562500000001128 0.008 0.0002
0.01562500000000965 0.007428571428569817 0.0002
0.01749999999999288 0 0.0002
0.01749999999999472 0.00114285714285516 0.0002
0.01687499999999178 0 0.0002
0.0174999999999938 0.00057142857142758 0.0002
0.01687499999999405 0.00114285714285516 0.0002
0.01687499999999292 0.0005714285714275801 0.0002
0.01749999999999656 0.002285714285709134 0.0002
0.01749999999999564 0.001714285714282147 0.0002
0.01687499999999634 0.002285714285709135 0.0002
0.0168749999999952 0.001714285714282148 0.0002
0.01749999999999841 0.003428571428562994 0.0002
0.01749999999999748 0.002857142857136064 0.0002
0.01687499999999861 0.003428571428562994 0.0002
0.01687499999999748 0.002857142857136064 0.0002
0.01750000000000025 0.004571428571419357 0.0002
0.01749999999999933 0.003999999999991176 0.0002
0.01687500000000089 0.004571428571419357 0.0002
0.01687499999999975 0.003999999999991176 0.0002
0.01750000000000209 0.005714285714279265 0.0002
0.01750000000000117 0.005142857142849311 0.0002
0.01687500000000317 0.005714285714279265 0.0002
0.01687500000000203 0.005142857142849311 0.0002
0.01750000000000393 0.006857142857139632 0.0002
0.01750000000000301 0.006285714285709449 0.0002
0.01687500000000544 0.006857142857139632 0.0002
0.0168750000000043 0.006285714285709447 0.0002
0.01750000000000577 0.008 0.0002
0.01750000000000485 0.007428571428569815 0.0002
0.01687500000000772 0.008 0.0002
0.01687500000000658 0.007428571428569817 0.0002
0.01874999999999577 0 0.0002
0.01874999999999663 0.00114285714285516 0.0002
0.01812499999999433 0 0.0002
0.0187499999999962 0.00057142857142758 0.0002
0.01812499999999568 0.00114285714285516 0.0002
0.018124999999995 0.0005714285714275801 0.0002
0.01874999999999751 0.002285714285709134 0.0002
0.01874999999999707 0.001714285714282147 0.0002
0.01812499999999704 0.002285714285709134 0.0002
0.01812499999999636 0.001714285714282147 0.0002
0.01874999999999838 0.003428571428562995 0.0002
0.01874999999999795 0.002857142857136064 0.0002
0.01812499999999839 0.003428571428562994 0.0002
0.01812499999999771 0.002857142857136064 0.0002
0.01874999999999926 0.004571428571419357 0.0002
0.01874999999999882 0.003999999999991176 0.0002
0.01812499999999976 0.004571428571419357 0.0002
0.01812499999999907 0.003999999999991174 0.0002
0.01875000000000012 0.005714285714279265 0.0002
0.01874999999999969 0.005142857142849311 0.0002
0.01812500000000111 0.005714285714279265 0.0002
0.01812500000000043 0.005142857142849313 0.0002
0.018750000000001 0.006857142857139632 0.0002
0.01875000000000056 0.006285714285709449 0.0002
0.01812500000000247 0.006857142857139632 0.0002
0.01812500000000179 0.006285714285709447 0.0002
0.01875000000000187 0.008 0.0002
0.01875000000000143 0.007428571428569815 0.0002
0.01812500000000382 0.008 0.0002
0.01812500000000315 0.007428571428569817 0.0002
0.01937499999999789 0 0.0002
0.01937499999999832 0.00114285714285516 0.0002
0.01937499999999811 0.0005714285714275801 0.0002
0.01937499999999875 0.002285714285709134 0.0002
0.01937499999999854 0.001714285714282147 0.0002
0.01937499999999919 0.003428571428562995 0.0002
0.01937499999999898 0.002857142857136064 0.0002
0.01937499999999963 0.004571428571419357 0.0002
0.01937499999999941 0.003999999999991176 0.0002
0.01937500000000006 0.005714285714279265 0.0002
0.01937499999999984 0.005142857142849311 0.0002
0.0193750000000005 0.006857142857139632 0.0002
0.01937500000000027 0.006285714285709447 0.0002
0.01937500000000093 0.008 0.0002
0.01937500000000071 0.007428571428569817 0.0002
3 4 0 225
8221
8222
8223
8224
8225
8226
8227
8228
8229
8230
8231
8232
8233
8234
8235
8236
8237
8238
8239
8240
8241
8242
8243
8244
8245
8246
8247
8248
8249
8250
8251
8252
8253
8254
8255
8256
8257
8258
8259
8260
8261
8262
8263
8264
8265
8266
8267
8268
8269
8270
8271
8272
8273
8274
8275
8276
8277
8278
8279
8280
8281
8282
8283
8284
8285
8286
8287
8288
8289
8290
8291
8292
8293
8294
8295
8296
8297
8298
8299
8300
8301
8302
8303
8304
8305
8306
8307
8308
8309
8310
8311
8312
8313
8314
8315
8316
8317
8318
8319
8320
8321
8322
8323
8324
8325
8326
8327
8328
8329
8330
8331
8332
8333
8334
8335
8336
8337
8338
8339
8340
8341
8342
8343
8344
8345
8346
8347
8348
8349
8350
8351
8352
8353
8354
8355
8356
8357
8358
8359
8360
8361
8362
8363
8364
8365
8366
8367
8368
8369
8370
8371
8372
8373
8374
8375
8376
8377
8378
8379
8380
8381
8382
8383
8384
8385
8386
8387
8388
8389
8390
8391
8392
8393
8394
8395
8396
8397
8398
8399
8400
8401
8402
8403
8404
8405
8406
8407
8408
8409
8410
8411
8412
8413
8414
8415
8416
8417
8418
8419
8420
8421
8422
8423
8424
8425
8426
8427
8428
8429
8430
8431
8432
8433
8434
8435
8436
8437
8438
8439
8440
8441
8442
8443
8444
8445
0.01124999999999712 0 0.0006000000000000001
0.01124999999999799 0.00114285714285516 0.0006000000000000001
0.01062499999999856 0 0.0006000000000000001
0.01124999999999755 0.00057142857142758 0.0006000000000000001
0.010624999999999 0.00114285714285516 0.0006000000000000001
0.01062499999999877 0.0005714285714275801 0.0006000000000000001
0.01124999999999886 0.002285714285709134 0.0006000000000000001
0.01124999999999842 0.001714285714282147 0.0006000000000000001
0.01062499999999943 0.002285714285709134 0.0006000000000000001
0.01062499999999921 0.001714285714282147 0.0006000000000000001
0.01124999999999973 0.003428571428562995 0.0006000000000000001
0.0112499999999993 0.002857142857136064 0.0006000000000000001
0.01062499999999987 0.003428571428562995 0.0006000000000000001
0.01062499999999965 0.002857142857136064 0.0006000000000000001
0.0112500000000006 0.004571428571419357 0.0006000000000000001
0.01125000000000017 0.003999999999991176 0.0006000000000000001
0.0106250000000003 0.004571428571419357 0.0006000000000000001
0.01062500000000008 0.003999999999991174 0.0006000000000000001
0.01125000000000148 0.005714285714279265 0.0006000000000000001
0.01125000000000104 0.005142857142849311 0.0006000000000000001
0.01062500000000074 0.005714285714279265 0.0006000000000000001
0.01062500000000052 0.005142857142849311 0.0006000000000000001
0.01125000000000235 0.006857142857139632 0.0006000000000000001
0.01125000000000191 0.006285714285709449 0.0006000000000000001
0.01062500000000118 0.006857142857139632 0.0006000000000000001
0.01062500000000096 0.006285714285709447 0.0006000000000000001
0.01125000000000322 0.008 0.0006000000000000001
0.01125000000000279 0.007428571428569815 0.0006000000000000001
0.01062500000000161 0.008 0.0006000000000000001
0.01062500000000139 0.007428571428569817 0.0006000000000000001
0.01249999999999356 0 0.0006000000000000001
0.0124999999999954 0.00114285714285516 0.0006000000000000001
0.01187499999999534 0 0.0006000000000000001
0.01249999999999448 0.00057142857142758 0.0006000000000000001
0.01187499999999669 0.00114285714285516 0.0006000000000000001
0.01187499999999602 0.0005714285714275801 0.0006000000000000001
0.01249999999999724 0.002285714285709134 0.0006000000000000001
0.01249999999999632 0.001714285714282147 0.0006000000000000001
0.01187499999999805 0.002285714285709134 0.0006000000000000001
0.01187499999999737 0.001714285714282147 0.0006000000000000001
0.01249999999999908 0.003428571428562995 0.0006000000000000001
0.01249999999999816 0.002857142857136064 0.0006000000000000001
0.01187499999999941 0.003428571428562995 0.0006000000000000001
0.01187499999999873 0.002857142857136064 0.0006000000000000001
0.01250000000000092 0.004571428571419357 0.0006000000000000001
0.0125 0.003999999999991176 0.0006000000000000001
0.01187500000000076 0.004571428571419357 0.0006000000000000001
0.01187500000000008 0.003999999999991174 0.0006000000000000001
0.01250000000000276 0.005714285714279265 0.0006000000000000001
0.01250000000000184 0.005142857142849311 0.0006000000000000001
0.01187500000000212 0.005714285714279265 0.0006000000000000001
0.01187500000000144 0.005142857142849313 0.0006000000000000001
0.0125000000000046 0.006857142857139631 0.0006000000000000001
0.01250000000000368 0.006285714285709448 0.0006000000000000001
0.01187500000000347 0.006857142857139632 0.0006000000000000001
0.0118750000000028 0.006285714285709448 0.0006000000000000001
0.01250000000000644 0.008 0.0006000000000000001
0.01250000000000552 0.007428571428569815 0.0006000000000000001
0.01187500000000483 0.008 0.0006000000000000001
0.01187500000000415 0.007428571428569815 0.0006000000000000001
0.01374999999999 0 0.0006000000000000001
0.01374999999999277 0.00114285714285516 0.0006000000000000001
0.01312499999999178 0 0.0006000000000000001
0.01374999999999138 0.00057142857142758 0.0006000000000000001
0.01312499999999409 0.00114285714285516 0.0006000000000000001
0.01312499999999293 0.0005714285714275801 0.0006000000000000001
0.01374999999999552 0.002285714285709134 0.0006000000000000001
0.01374999999999415 0.001714285714282147 0.0006000000000000001
0.01312499999999638 0.002285714285709134 0.0006000000000000001
0.01312499999999523 0.001714285714282147 0.0006000000000000001
0.01374999999999828 0.003428571428562995 0.0006000000000000001
0.0137499999999969 0.002857142857136064 0.0006000000000000001
0.01312499999999868 0.003428571428562995 0.0006000000000000001
0.01312499999999753 0.002857142857136064 0.0006000000000000001
0.01375000000000105 0.004571428571419357 0.0006000000000000001
0.01374999999999967 0.003999999999991176 0.0006000000000000001
0.01312500000000098 0.004571428571419357 0.0006000000000000001
0.01312499999999983 0.003999999999991174 0.0006000000000000001
0.01375000000000381 0.005714285714279265 0.0006000000000000001
0.01375000000000243 0.005142857142849311 0.0006000000000000001
0.01312500000000329 0.005714285714279265 0.0006000000000000001
0.01312500000000214 0.005142857142849313 0.0006000000000000001
0.01375000000000656 0.006857142857139631 0.0006000000000000001
0.01375000000000519 0.006285714285709448 0.0006000000000000001
0.01312500000000558 0.006857142857139631 0.0006000000000000001
0.01312500000000444 0.006285714285709449 0.0006000000000000001
0.01375000000000933 0.008 0.0006000000000000001
0.01375000000000795 0.007428571428569815 0.0006000000000000001
0.01312500000000788 0.008 0.0006000000000000001
0.01312500000000673 0.007428571428569814 0.0006000000000000001
0.01499999999998644 0 0.0006000000000000001
0.01499999999999022 0.00114285714285516 0.0006000000000000001
0.01437499999998822 0 0.0006000000000000001
0.01499999999998833 0.00057142857142758 0.0006000000000000001
0.0143749999999915 0.00114285714285516 0.0006000000000000001
0.01437499999998986 0.0005714285714275801 0.0006000000000000001
0.014999999999994 0.002285714285709134 0.0006000000000000001
0.01499999999999211 0.001714285714282147 0.0006000000000000001
0.01437499999999476 0.002285714285709134 0.0006000000000000001
0.01437499999999313 0.001714285714282147 0.0006000000000000001
0.01499999999999778 0.003428571428562994 0.0006000000000000001
0.01499999999999589 0.002857142857136064 0.0006000000000000001
0.01437499999999803 0.003428571428562995 0.0006000000000000001
0.0143749999999964 0.002857142857136064 0.0006000000000000001
0.01500000000000156 0.004571428571419357 0.0006000000000000001
0.01499999999999967 0.003999999999991176 0.0006000000000000001
0.01437500000000131 0.004571428571419357 0.0006000000000000001
0.01437499999999967 0.003999999999991174 0.0006000000000000001
0.01500000000000533 0.005714285714279265 0.0006000000000000001
0.01500000000000344 0.005142857142849311 0.0006000000000000001
0.01437500000000457 0.005714285714279265 0.0006000000000000001
0.01437500000000294 0.005142857142849313 0.0006000000000000001
0.01500000000000911 0.006857142857139632 0.0006000000000000001
0.01500000000000722 0.006285714285709449 0.0006000000000000001
0.01437500000000784 0.006857142857139632 0.0006000000000000001
0.0143750000000062 0.00628571428570945 0.0006000000000000001
0.01500000000001289 0.008 0.0006000000000000001
0.015000000000011 0.007428571428569815 0.0006000000000000001
0.01437500000001111 0.008 0.0006000000000000001
0.01437500000000947 0.007428571428569815 0.0006000000000000001
0.01624999999999068 0 0.0006000000000000001
0.01624999999999339 0.00114285714285516 0.0006000000000000001
0.01562499999998856 0 0.0006000000000000001
0.01624999999999203 0.00057142857142758 0.0006000000000000001
0.01562499999999181 0.00114285714285516 0.0006000000000000001
0.01562499999999018 0.0005714285714275801 0.0006000000000000001
0.01624999999999611 0.002285714285709135 0.0006000000000000001
0.01624999999999475 0.001714285714282148 0.0006000000000000001
0.01562499999999506 0.002285714285709135 0.0006000000000000001
0.01562499999999343 0.001714285714282148 0.0006000000000000001
0.01624999999999882 0.003428571428562994 0.0006000000000000001
0.01624999999999747 0.002857142857136064 0.0006000000000000001
0.0156249999999983 0.003428571428562994 0.0006000000000000001
0.01562499999999668 0.002857142857136064 0.0006000000000000001
0.01625000000000153 0.004571428571419358 0.0006000000000000001
0.01625000000000017 0.003999999999991176 0.0006000000000000001
0.01562500000000155 0.004571428571419357 0.0006000000000000001
0.01562499999999992 0.003999999999991174 0.0006000000000000001
0.01625000000000424 0.005714285714279265 0.0006000000000000001
0.01625000000000289 0.005142857142849311 0.0006000000000000001
0.01562500000000478 0.005714285714279265 0.0006000000000000001
0.01562500000000317 0.005142857142849311 0.0006000000000000001
0.01625000000000695 0.006857142857139633 0.0006000000000000001
0.01625000000000559 0.006285714285709449 0.0006000000000000001
0.01562500000000803 0.006857142857139632 0.0006000000000000001
0.01562500000000642 0.006285714285709447 0.0006000000000000001
0.01625000000000967 0.008 0.0006000000000000001
0.01625000000000831 0.007428571428569817 0.0006000000000000001
0.01562500000001128 0.008 0.0006000000000000001
0.01562500000000965 0.007428571428569817 0.0006000000000000001
0.01749999999999288 0 0.0006000000000000001
0.01749999999999472 0.00114285714285516 0.0006000000000000001
0.01687499999999178 0 0.0006000000000000001
0.0174999999999938 0.00057142857142758 0.0006000000000000001
0.01687499999999405 0.00114285714285516 0.0006000000000000001
0.01687499999999292 0.0005714285714275801 0.0006000000000000001
0.01749999999999656 0.002285714285709134 0.0006000000000000001
0.01749999999999564 0.001714285714282147 0.0006000000000000001
0.01687499999999634 0.002285714285709135 0.0006000000000000001
0.0168749999999952 0.001714285714282148 0.0006000000000000001
0.01749999999999841 0.003428571428562994 0.0006000000000000001
0.01749999999999748 0.002857142857136064 0.0006000000000000001
0.01687499999999861 0.003428571428562994 0.0006000000000000001
0.01687499999999748 0.002857142857136064 0.0006000000000000001
0.01750000000000025 0.004571428571419357 0.0006000000000000001
0.01749999999999933 0.003999999999991176 0.0006000000000000001
0.01687500000000089 0.004571428571419357 0.0006000000000000001
0.01687499999999975 0.003999999999991176 0.0006000000000000001
0.01750000000000209 0.005714285714279265 0.0006000000000000001
0.01750000000000117 0.005142857142849311 0.0006000000000000001
0.01687500000000317 0.005714285714279265 0.0006000000000000001
0.01687500000000203 0.005142857142849311 0.0006000000000000001
0.01750000000000393 0.006857142857139632 0.0006000000000000001
0.01750000000000301 0.006285714285709449 0.0006000000000000001
0.01687500000000544 0.006857142857139632 0.0006000000000000001
0.0168750000000043 0.006285714285709447 0.0006000000000000001
0.01750000000000577 0.008 0.0006000000000000001
0.01750000000000485 0.007428571428569815 0.0006000000000000001
0.01687500000000772 0.008 0.0006000000000000001
0.01687500000000658 0.007428571428569817 0.0006000000000000001
0.01874999999999577 0 0.0006000000000000001
0.01874999999999663 0.00114285714285516 0.0006000000000000001
0.01812499999999433 0 0.0006000000000000001
0.0187499999999962 0.00057142857142758 0.0006000000000000001
0.01812499999999568 0.00114285714285516 0.0006000000000000001
0.018124999999995 0.0005714285714275801 0.0006000000000000001
0.01874999999999751 0.002285714285709134 0.0006000000000000001
0.01874999999999707 0.001714285714282147 0.0006000000000000001
0.01812499999999704 0.002285714285709134 0.0006000000000000001
0.01812499999999636 0.001714285714282147 0.0006000000000000001
0.01874999999999838 0.003428571428562995 0.0006000000000000001
0.01874999999999795 0.002857142857136064 0.0006000000000000001
0.01812499999999839 0.003428571428562994 0.0006000000000000001
0.01812499999999771 0.002857142857136064 0.0006000000000000001
0.01874999999999926 0.004571428571419357 0.0006000000000000001
0.01874999999999882 0.003999999999991176 0.0006000000000000001
0.01812499999999976 0.004571428571419357 0.0006000000000000001
0.01812499999999907 0.003999999999991174 0.0006000000000000001
0.01875000000000012 0.005714285714279265 0.0006000000000000001
0.01874999999999969 0.005142857142849311 0.0006000000000000001
0.01812500000000111 0.005714285714279265 0.0006000000000000001
0.01812500000000043 0.005142857142849313 0.0006000000000000001
0.018750000000001 0.006857142857139632 0.0006000000000000001
0.01875000000000056 0.006285714285709449 0.0006000000000000001
0.01812500000000247 0.006857142857139632 0.0006000000000000001
0.01812500000000179 0.006285714285709447 0.0006000000000000001
0.01875000000000187 0.008 0.0006000000000000001
0.01875000000000143 0.007428571428569815 0.0006000000000000001
0.01812500000000382 0.008 0.0006000000000000001
0.01812500000000315 0.007428571428569817 0.0006000000000000001
0.01937499999999789 0 0.0006000000000000001
0.01937499999999832 0.00114285714285516 0.0006000000000000001
0.01937499999999811 0.0005714285714275801 0.0006000000000000001
0.01937499999999875 0.002285714285709134 0.0006000000000000001
0.01937499999999854 0.001714285714282147 0.0006000000000000001
0.01937499999999919 0.003428571428562995 0.0006000000000000001
0.01937499999999898 0.002857142857136064 0.0006000000000000001
0.01937499999999963 0.004571428571419357 0.0006000000000000001
0.01937499999999941 0.003999999999991176 0.0006000000000000001
0.01937500000000006 0.005714285714279265 0.0006000000000000001
0.01937499999999984 0.005142857142849311 0.0006000000000000001
0.0193750000000005 0.006857142857139632 0.0006000000000000001
0.01937500000000027 0.006285714285709447 0.0006000000000000001
0.01937500000000093 0.008 0.0006000000000000001
0.01937500000000071 0.007428571428569817 0.0006000000000000001
3 5 0 225
8446
8447
8448
8449
8450
8451
8452
8453
8454
8455
8456
8457
8458
8459
8460
8461
8462
8463
8464
8465
8466
8467
8468
8469
8470
8471
8472
8473
8474
8475
8476
8477
8478
8479
8480
8481
8482
8483
8484
8485
8486
8487
8488
8489
8490
8491
8492
8493
8494
8495
8496
8497
8498
8499
8500
8501
8502
8503
8504
8505
8506
8507
8508
8509
8510
8511
8512
8513
8514
8515
8516
8517
8518
8519
8520
8521
8522
8523
8524
8525
8526
8527
8528
8529
8530
8531
8532
8533
8534
8535
8536
8537
8538
8539
8540
8541
8542
8543
8544
8545
8546
8547
8548
8549
8550
8551
8552
8553
8554
8555
8556
8557
8558
8559
8560
8561
8562
8563
8564
8565
8566
8567
8568
8569
8570
8571
8572
8573
8574
8575
8576
8577
8578
8579
8580
8581
8582
8583
8584
8585
8586
8587
8588
8589
8590
8591
8592
8593
8594
8595
8596
8597
8598
8599
8600
8601
8602
8603
8604
8605
8606
8607
8608
8609
8610
8611
8612
8613
8614
8615
8616
8617
8618
8619
8620
8621
8622
8623
8624
8625
8626
8627
8628
8629
8630
8631
8632
8633
8634
8635
8636
8637
8638
8639
8640
8641
8642
8643
8644
8645
8646
8647
8648
8649
8650
8651
8652
8653
8654
8655
8656
8657
8658
8659
8660
8661
8662
8663
8664
8665
8666
8667
8668
8669
8670
0.02124999999999814 0 0.0002
0.02124999999999901 0.00114285714285516 0.0002
0.02062499999999907 0 0.0002
0.02124999999999858 0.00057142857142758 0.0002
0.0206249999999995 0.00114285714285516 0.0002
0.02062499999999928 0.0005714285714275801 0.0002
0.02124999999999988 0.002285714285709134 0.0002
0.02124999999999944 0.001714285714282147 0.0002
0.02062499999999994 0.002285714285709134 0.0002
0.02062499999999972 0.001714285714282147 0.0002
0.02125000000000076 0.003428571428562995 0.0002
0.02125000000000032 0.002857142857136064 0.0002
0.02062500000000038 0.003428571428562995 0.0002
0.02062500000000016 0.002857142857136064 0.0002
0.02125000000000162 0.004571428571419357 0.0002
0.02125000000000119 0.003999999999991176 0.0002
0.02062500000000081 0.004571428571419357 0.0002
0.02062500000000059 0.003999999999991174 0.0002
0.0212500000000025 0.005714285714279265 0.0002
0.02125000000000206 0.005142857142849311 0.0002
0.02062500000000125 0.005714285714279265 0.0002
0.02062500000000102 0.005142857142849311 0.0002
0.02125000000000337 0.006857142857139632 0.0002
0.02125000000000293 0.006285714285709449 0.0002
0.02062500000000168 0.006857142857139632 0.0002
0.02062500000000146 0.006285714285709447 0.0002
0.02125000000000424 0.008 0.0002
0.02125000000000381 0.007428571428569815 0.0002
0.02062500000000212 0.008 0.0002
0.0206250000000019 0.007428571428569817 0.0002
0.02249999999999424 0 0.0002
0.02249999999999608 0.00114285714285516 0.0002
0.02187499999999619 0 0.0002
0.02249999999999516 0.00057142857142758 0.0002
0.02187499999999754 0.00114285714285516 0.0002
0.02187499999999687 0.0005714285714275801 0.0002
0.02249999999999792 0.002285714285709134 0.0002
0.022499999999997 0.001714285714282147 0.0002
0.0218749999999989 0.002285714285709134 0.0002
0.02187499999999823 0.001714285714282147 0.0002
0.02249999999999977 0.003428571428562994 0.0002
0.02249999999999885 0.002857142857136064 0.0002
0.02187500000000027 0.003428571428562995 0.0002
0.02187499999999959 0.002857142857136064 0.0002
0.02250000000000161 0.004571428571419357 0.0002
0.02250000000000069 0.003999999999991176 0.0002
0.02187500000000162 0.004571428571419357 0.0002
0.02187500000000094 0.003999999999991174 0.0002
0.02250000000000344 0.005714285714279265 0.0002
0.02250000000000252 0.005142857142849311 0.0002
0.02187500000000297 0.005714285714279265 0.0002
0.02187500000000229 0.005142857142849313 0.0002
0.02250000000000528 0.006857142857139632 0.0002
0.02250000000000436 0.006285714285709449 0.0002
0.02187500000000433 0.006857142857139632 0.0002
0.02187500000000364 0.006285714285709447 0.0002
0.02250000000000713 0.008 0.0002
0.0225000000000062 0.007428571428569815 0.0002
0.02187500000000569 0.008 0.0002
0.021875000000005 0.007428571428569817 0.0002
0.02374999999999034 0 0.0002
0.02374999999999305 0.00114285714285516 0.0002
0.02312499999999229 0 0.0002
0.02374999999999169 0.00057142857142758 0.0002
0.02312499999999457 0.00114285714285516 0.0002
0.02312499999999343 0.0005714285714275801 0.0002
0.02374999999999577 0.002285714285709135 0.0002
0.02374999999999441 0.001714285714282148 0.0002
0.02312499999999685 0.002285714285709135 0.0002
0.0231249999999957 0.001714285714282148 0.0002
0.02374999999999847 0.003428571428562994 0.0002
0.02374999999999712 0.002857142857136064 0.0002
0.02312499999999912 0.003428571428562994 0.0002
0.02312499999999798 0.002857142857136064 0.0002
0.02375000000000119 0.004571428571419358 0.0002
0.02374999999999983 0.003999999999991176 0.0002
0.0231250000000014 0.004571428571419357 0.0002
0.02312500000000027 0.003999999999991174 0.0002
0.0237500000000039 0.005714285714279265 0.0002
0.02375000000000255 0.005142857142849311 0.0002
0.02312500000000367 0.005714285714279265 0.0002
0.02312500000000254 0.005142857142849311 0.0002
0.02375000000000662 0.006857142857139633 0.0002
0.02375000000000526 0.006285714285709449 0.0002
0.02312500000000595 0.006857142857139632 0.0002
0.02312500000000481 0.006285714285709447 0.0002
0.02375000000000933 0.008 0.0002
0.02375000000000797 0.007428571428569817 0.0002
0.02312500000000823 0.008 0.0002
0.02312500000000709 0.007428571428569817 0.0002
0.02499999999998712 0 0.0002
0.0249999999999908 0.00114285714285516 0.0002
0.02437499999998873 0 0.0002
0.02499999999998896 0.00057142857142758 0.0002
0.02437499999999192 0.00114285714285516 0.0002
0.02437499999999032 0.0005714285714275801 0.0002
0.02499999999999448 0.002285714285709134 0.0002
0.02499999999999264 0.001714285714282147 0.0002
0.02437499999999513 0.002285714285709135 0.0002
0.02437499999999352 0.001714285714282148 0.0002
0.02499999999999817 0.003428571428562995 0.0002
0.02499999999999632 0.002857142857136064 0.0002
0.02437499999999832 0.003428571428562994 0.0002
0.02437499999999672 0.002857142857136064 0.0002
0.02500000000000184 0.004571428571419358 0.0002
0.02500000000000001 0.003999999999991176 0.0002
0.02437500000000151 0.004571428571419358 0.0002
0.02437499999999992 0.003999999999991175 0.0002
0.02500000000000552 0.005714285714279265 0.0002
0.02500000000000368 0.005142857142849311 0.0002
0.02437500000000471 0.005714285714279265 0.0002
0.02437500000000311 0.005142857142849311 0.0002
0.02500000000000921 0.006857142857139632 0.0002
0.02500000000000736 0.006285714285709449 0.0002
0.02437500000000791 0.006857142857139632 0.0002
0.02437500000000632 0.006285714285709447 0.0002
0.02500000000001289 0.008 0.0002
0.02500000000001105 0.007428571428569815 0.0002
0.02437500000001111 0.008 0.0002
0.02437500000000951 0.007428571428569817 0.0002
0.02624999999999068 0 0.0002
0.0262499999999934 0.00114285714285516 0.0002
0.0256249999999889 0 0.0002
0.02624999999999204 0.00057142857142758 0.0002
0.0256249999999921 0.00114285714285516 0.0002
0.02562499999999049 0.0005714285714275801 0.0002
0.0262499999999961 0.002285714285709135 0.0002
0.02624999999999475 0.001714285714282148 0.0002
0.02562499999999529 0.002285714285709135 0.0002
0.02562499999999369 0.001714285714282148 0.0002
0.02624999999999882 0.003428571428562994 0.0002
0.02624999999999746 0.002857142857136064 0.0002
0.0256249999999985 0.003428571428562995 0.0002
0.02562499999999689 0.002857142857136064 0.0002
0.02625000000000154 0.004571428571419358 0.0002
0.02625000000000018 0.003999999999991176 0.0002
0.02562500000000169 0.004571428571419358 0.0002
0.02562500000000009 0.003999999999991175 0.0002
0.02625000000000424 0.005714285714279265 0.0002
0.02625000000000289 0.005142857142849311 0.0002
0.02562500000000488 0.005714285714279265 0.0002
0.02562500000000328 0.005142857142849311 0.0002
0.02625000000000696 0.006857142857139633 0.0002
0.0262500000000056 0.006285714285709449 0.0002
0.02562500000000809 0.006857142857139632 0.0002
0.02562500000000649 0.006285714285709447 0.0002
0.02625000000000967 0.008 0.0002
0.02625000000000832 0.007428571428569817 0.0002
0.02562500000001128 0.008 0.0002
0.02562500000000968 0.007428571428569817 0.0002
0.02749999999999288 0 0.0002
0.02749999999999473 0.00114285714285516 0.0002
0.02687499999999178 0 0.0002
0.02749999999999381 0.00057142857142758 0.0002
0.02687499999999406 0.00114285714285516 0.0002
0.02687499999999293 0.0005714285714275801 0.0002
0.02749999999999657 0.002285714285709134 0.0002
0.02749999999999565 0.001714285714282147 0.0002
0.02687499999999633 0.002285714285709135 0.0002
0.02687499999999522 0.001714285714282148 0.0002
0.0274999999999984 0.003428571428562994 0.0002
0.02749999999999748 0.002857142857136064 0.0002
0.02687499999999861 0.003428571428562994 0.0002
0.02687499999999747 0.002857142857136064 0.0002
0.02750000000000025 0.004571428571419357 0.0002
0.02749999999999932 0.003999999999991176 0.0002
0.02687500000000089 0.004571428571419357 0.0002
0.02687499999999975 0.003999999999991176 0.0002
0.02750000000000209 0.005714285714279265 0.0002
0.02750000000000117 0.005142857142849311 0.0002
0.02687500000000316 0.005714285714279265 0.0002
0.02687500000000204 0.005142857142849311 0.0002
0.02750000000000392 0.006857142857139632 0.0002
0.027500000000003 0.006285714285709449 0.0002
0.02687500000000544 0.006857142857139632 0.0002
0.02687500000000429 0.006285714285709447 0.0002
0.02750000000000577 0.008 0.0002
0.02750000000000485 0.007428571428569815 0.0002
0.02687500000000772 0.008 0.0002
0.02687500000000657 0.007428571428569817 0.0002
0.02874999999999577 0 0.0002
0.02874999999999664 0.00114285714285516 0.0002
0.02812499999999432 0 0.0002
0.0287499999999962 0.00057142857142758 0.0002
0.02812499999999568 0.00114285714285516 0.0002
0.02812499999999502 0.0005714285714275801 0.0002
0.02874999999999751 0.002285714285709134 0.0002
0.02874999999999708 0.001714285714282147 0.0002
0.02812499999999704 0.002285714285709134 0.0002
0.02812499999999636 0.001714285714282147 0.0002
0.02874999999999838 0.003428571428562995 0.0002
0.02874999999999794 0.002857142857136064 0.0002
0.02812499999999839 0.003428571428562994 0.0002
0.02812499999999771 0.002857142857136064 0.0002
0.02874999999999926 0.004571428571419357 0.0002
0.02874999999999882 0.003999999999991176 0.0002
0.02812499999999975 0.004571428571419357 0.0002
0.02812499999999908 0.003999999999991174 0.0002
0.02875000000000013 0.005714285714279265 0.0002
0.02874999999999969 0.005142857142849311 0.0002
0.02812500000000111 0.005714285714279265 0.0002
0.02812500000000043 0.005142857142849313 0.0002
0.028750000000001 0.006857142857139632 0.0002
0.02875000000000057 0.006285714285709449 0.0002
0.02812500000000246 0.006857142857139632 0.0002
0.02812500000000178 0.006285714285709447 0.0002
0.02875000000000187 0.008 0.0002
0.02875000000000143 0.007428571428569815 0.0002
0.02812500000000382 0.008 0.0002
0.02812500000000313 0.007428571428569817 0.0002
0.02937499999999789 0 0.0002
0.02937499999999833 0.00114285714285516 0.0002
0.0293749999999981 0.0005714285714275801 0.0002
0.02937499999999876 0.002285714285709134 0.0002
0.02937499999999854 0.001714285714282147 0.0002
0.02937499999999919 0.003428571428562995 0.0002
0.02937499999999897 0.002857142857136064 0.0002
0.02937499999999963 0.004571428571419357 0.0002
0.02937499999999941 0.003999999999991176 0.0002
0.02937500000000007 0.005714285714279265 0.0002
0.02937499999999985 0.005142857142849311 0.0002
0.0293750000000005 0.006857142857139632 0.0002
0.02937500000000028 0.006285714285709447 0.0002
0.02937500000000094 0.008 0.0002
0.02937500000000071 0.007428571428569817 0.0002
3 6 0 225
8671
8672
8673
8674
8675
8676
8677
8678
8679
8680
8681
8682
8683
8684
8685
8686
8687
8688
8689
8690
8691
8692
8693
8694
8695
8696
8697
8698
8699
8700
8701
8702
8703
8704
8705
8706
8707
8708
8709
8710
8711
8712
8713
8714
8715
8716
8717
8718
8719
8720
8721
8722
8723
8724
8725
8726
8727
8728
8729
8730
8731
8732
8733
8734
8735
8736
8737
8738
8739
8740
8741
8742
8743
8744
8745
8746
8747
8748
8749
8750
8751
8752
8753
8754
8755
8756
8757
8758
8759
8760
8761
8762
8763
8764
8765
8766
8767
8768
8769
8770
8771
8772
8773
8774
8775
8776
8777
8778
8779
8780
8781
8782
8783
8784
8785
8786
8787
8788
8789
8790
8791
8792
8793
8794
8795
8796
8797
8798
8799
8800
8801
8802
8803
8804
8805
8806
8807
8808
8809
8810
8811
8812
8813
8814
8815
8816
8817
8818
8819
8820
8821
8822
8823
8824
8825
8826
8827
8828
8829
8830
8831
8832
8833
8834
8835
8836
8837
8838
8839
8840
8841
8842
8843
8844
8845
8846
8847
8848
8849
8850
8851
8852
8853
8854
8855
8856
8857
8858
8859
8860
8861
8862
8863
8864
8865
8866
8867
8868
8869
8870
8871
8872
8873
8874
8875
8876
8877
8878
8879
8880
8881
8882
8883
8884
8885
8886
8887
8888
8889
8890
8891
8892
8893
8894
8895
0.02124999999999814 0 0.0006000000000000001
0.02124999999999901 0.00114285714285516 0.0006000000000000001
0.02062499999999907 0 0.0006000000000000001
0.02124999999999858 0.00057142857142758 0.0006000000000000001
0.0206249999999995 0.00114285714285516 0.0006000000000000001
0.02062499999999928 0.0005714285714275801 0.0006000000000000001
0.02124999999999988 0.002285714285709134 0.0006000000000000001
0.02124999999999944 0.001714285714282147 0.0006000000000000001
0.02062499999999994 0.002285714285709134 0.0006000000000000001
0.02062499999999972 0.001714285714282147 0.0006000000000000001
0.02125000000000076 0.003428571428562995 0.0006000000000000001
0.02125000000000032 0.002857142857136064 0.0006000000000000001
0.02062500000000038 0.003428571428562995 0.0006000000000000001
0.02062500000000016 0.002857142857136064 0.0006000000000000001
0.02125000000000162 0.004571428571419357 0.0006000000000000001
0.02125000000000119 0.003999999999991176 0.0006000000000000001
0.02062500000000081 0.004571428571419357 0.0006000000000000001
0.02062500000000059 0.003999999999991174 0.0006000000000000001
0.0212500000000025 0.005714285714279265 0.0006000000000000001
0.02125000000000206 0.005142857142849311 0.0006000000000000001
0.02062500000000125 0.005714285714279265 0.0006000000000000001
0.02062500000000102 0.005142857142849311 0.0006000000000000001
0.02125000000000337 0.006857142857139632 0.0006000000000000001
0.02125000000000293 0.006285714285709449 0.0006000000000000001
0.02062500000000168 0.006857142857139632 0.0006000000000000001
0.02062500000000146 0.006285714285709447 0.0006000000000000001
0.02125000000000424 0.008 0.0006000000000000001
0.02125000000000381 0.007428571428569815 0.0006000000000000001
0.02062500000000212 0.008 0.0006000000000000001
0.0206250000000019 0.007428571428569817 0.0006000000000000001
0.02249999999999424 0 0.0006000000000000001
0.02249999999999608 0.00114285714285516 0.0006000000000000001
0.02187499999999619 0 0.0006000000000000001
0.02249999999999516 0.00057142857142758 0.0006000000000000001
0.02187499999999754 0.00114285714285516 0.0006000000000000001
0.02187499999999687 0.0005714285714275801 0.0006000000000000001
0.02249999999999792 0.002285714285709134 0.0006000000000000001
0.022499999999997 0.001714285714282147 0.0006000000000000001
0.0218749999999989 0.002285714285709134 0.0006000000000000001
0.02187499999999823 0.001714285714282147 0.0006000000000000001
0.02249999999999977 0.003428571428562994 0.0006000000000000001
0.02249999999999885 0.002857142857136064 0.0006000000000000001
0.02187500000000027 0.003428571428562995 0.0006000000000000001
0.02187499999999959 0.002857142857136064 0.0006000000000000001
0.02250000000000161 0.004571428571419357 0.0006000000000000001
0.02250000000000069 0.003999999999991176 0.0006000000000000001
0.02187500000000162 0.004571428571419357 0.0006000000000000001
0.02187500000000094 0.003999999999991174 0.0006000000000000001
0.02250000000000344 0.005714285714279265 0.0006000000000000001
0.02250000000000252 0.005142857142849311 0.0006000000000000001
0.02187500000000297 0.005714285714279265 0.0006000000000000001
0.02187500000000229 0.005142857142849313 0.0006000000000000001
0.02250000000000528 0.006857142857139632 0.0006000000000000001
0.02250000000000436 0.006285714285709449 0.0006000000000000001
0.02187500000000433 0.006857142857139632 0.0006000000000000001
0.02187500000000364 0.006285714285709447 0.0006000000000000001
0.02250000000000713 0.008 0.0006000000000000001
0.0225000000000062 0.007428571428569815 0.0006000000000000001
0.02187500000000569 0.008 0.0006000000000000001
0.021875000000005 0.007428571428569817 0.0006000000000000001
0.02374999999999034 0 0.0006000000000000001
0.02374999999999305 0.00114285714285516 0.0006000000000000001
0.02312499999999229 0 0.0006000000000000001
0.02374999999999169 0.00057142857142758 0.0006000000000000001
0.02312499999999457 0.00114285714285516 0.0006000000000000001
0.02312499999999343 0.0005714285714275801 0.0006000000000000001
0.02374999999999577 0.002285714285709135 0.0006000000000000001
0.02374999999999441 0.001714285714282148 0.0006000000000000001
0.02312499999999685 0.002285714285709135 0.0006000000000000001
0.0231249999999957 0.001714285714282148 0.0006000000000000001
0.02374999999999847 0.003428571428562994 0.0006000000000000001
0.02374999999999712 0.002857142857136064 0.0006000000000000001
0.02312499999999912 0.003428571428562994 0.0006000000000000001
0.02312499999999798 0.002857142857136064 0.0006000000000000001
0.02375000000000119 0.004571428571419358 0.0006000000000000001
0.02374999999999983 0.003999999999991176 0.0006000000000000001
0.0231250000000014 0.004571428571419357 0.0006000000000000001
0.02312500000000027 0.003999999999991174 0.0006000000000000001
0.0237500000000039 0.005714285714279265 0.0006000000000000001
0.02375000000000255 0.005142857142849311 0.0006000000000000001
0.02312500000000367 0.005714285714279265 0.0006000000000000001
0.02312500000000254 0.005142857142849311 0.0006000000000000001
0.02375000000000662 0.006857142857139633 0.0006000000000000001
0.02375000000000526 0.006285714285709449 0.0006000000000000001
0.02312500000000595 0.006857142857139632 0.0006000000000000001
0.02312500000000481 0.006285714285709447 0.0006000000000000001
0.02375000000000933 0.008 0.0006000000000000001
0.02375000000000797 0.007428571428569817 0.0006000000000000001
0.02312500000000823 0.008 0.0006000000000000001
0.02312500000000709 0.007428571428569817 0.0006000000000000001
0.02499999999998712 0 0.0006000000000000001
0.0249999999999908 0.00114285714285516 0.0006000000000000001
0.02437499999998873 0 0.0006000000000000001
0.02499999999998896 0.00057142857142758 0.0006000000000000001
0.02437499999999192 0.00114285714285516 0.0006000000000000001
0.02437499999999032 0.0005714285714275801 0.0006000000000000001
0.02499999999999448 0.002285714285709134 0.0006000000000000001
0.02499999999999264 0.001714285714282147 0.0006000000000000001
0.02437499999999513 0.002285714285709135 0.0006000000000000001
0.02437499999999352 0.001714285714282148 0.0006000000000000001
0.02499999999999817 0.003428571428562995 0.0006000000000000001
0.02499999999999632 0.002857142857136064 0.0006000000000000001
0.02437499999999832 0.003428571428562994 0.0006000000000000001
0.02437499999999672 0.002857142857136064 0.0006000000000000001
0.02500000000000184 0.004571428571419358 0.0006000000000000001
0.02500000000000001 0.003999999999991176 0.0006000000000000001
0.02437500000000151 0.004571428571419358 0.0006000000000000001
0.02437499999999992 0.003999999999991175 0.0006000000000000001
0.02500000000000552 0.005714285714279265 0.0006000000000000001
0.02500000000000368 0.005142857142849311 0.0006000000000000001
0.02437500000000471 0.005714285714279265 0.0006000000000000001
0.02437500000000311 0.005142857142849311 0.0006000000000000001
0.02500000000000921 0.006857142857139632 0.0006000000000000001
0.02500000000000736 0.006285714285709449 0.0006000000000000001
0.02437500000000791 0.006857142857139632 0.0006000000000000001
0.02437500000000632 0.006285714285709447 0.0006000000000000001
0.02500000000001289 0.008 0.0006000000000000001
0.02500000000001105 0.007428571428569815 0.0006000000000000001
0.02437500000001111 0.008 0.0006000000000000001
0.02437500000000951 0.007428571428569817 0.0006000000000000001
0.02624999999999068 0 0.0006000000000000001
0.0262499999999934 0.00114285714285516 0.0006000000000000001
0.0256249999999889 0 0.0006000000000000001
0.02624999999999204 0.00057142857142758 0.0006000000000000001
0.0256249999999921 0.00114285714285516 0.0006000000000000001
0.02562499999999049 0.0005714285714275801 0.0006000000000000001
0.0262499999999961 0.002285714285709135 0.0006000000000000001
0.02624999999999475 0.001714285714282148 0.0006000000000000001
0.02562499999999529 0.002285714285709135 0.0006000000000000001
0.02562499999999369 0.001714285714282148 0.0006000000000000001
0.02624999999999882 0.003428571428562994 0.0006000000000000001
0.02624999999999746 0.002857142857136064 0.0006000000000000001
0.0256249999999985 0.003428571428562995 0.0006000000000000001
0.02562499999999689 0.002857142857136064 0.0006000000000000001
0.02625000000000154 0.004571428571419358 0.0006000000000000001
0.02625000000000018 0.003999999999991176 0.0006000000000000001
0.02562500000000169 0.004571428571419358 0.0006000000000000001
0.02562500000000009 0.003999999999991175 0.0006000000000000001
0.02625000000000424 0.005714285714279265 0.0006000000000000001
0.02625000000000289 0.005142857142849311 0.0006000000000000001
0.02562500000000488 0.005714285714279265 0.0006000000000000001
0.02562500000000328 0.005142857142849311 0.0006000000000000001
0.02625000000000696 0.006857142857139633 0.0006000000000000001
0.0262500000000056 0.006285714285709449 0.0006000000000000001
0.02562500000000809 0.006857142857139632 0.0006000000000000001
0.02562500000000649 0.006285714285709447 0.0006000000000000001
0.02625000000000967 0.008 0.0006000000000000001
0.02625000000000832 0.007428571428569817 0.0006000000000000001
0.02562500000001128 0.008 0.0006000000000000001
0.02562500000000968 0.007428571428569817 0.0006000000000000001
0.02749999999999288 0 0.0006000000000000001
0.02749999999999473 0.00114285714285516 0.0006000000000000001
0.02687499999999178 0 0.0006000000000000001
0.02749999999999381 0.00057142857142758 0.0006000000000000001
0.02687499999999406 0.00114285714285516 0.0006000000000000001
0.02687499999999293 0.0005714285714275801 0.0006000000000000001
0.02749999999999657 0.002285714285709134 0.0006000000000000001
0.02749999999999565 0.001714285714282147 0.0006000000000000001
0.02687499999999633 0.002285714285709135 0.0006000000000000001
0.02687499999999522 0.001714285714282148 0.0006000000000000001
0.0274999999999984 0.003428571428562994 0.0006000000000000001
0.02749999999999748 0.002857142857136064 0.0006000000000000001
0.02687499999999861 0.003428571428562994 0.0006000000000000001
0.02687499999999747 0.002857142857136064 0.0006000000000000001
0.02750000000000025 0.004571428571419357 0.0006000000000000001
0.02749999999999932 0.003999999999991176 0.0006000000000000001
0.02687500000000089 0.004571428571419357 0.0006000000000000001
0.02687499999999975 0.003999999999991176 0.0006000000000000001
0.02750000000000209 0.005714285714279265 0.0006000000000000001
0.02750000000000117 0.005142857142849311 0.0006000000000000001
0.02687500000000316 0.005714285714279265 0.0006000000000000001
0.02687500000000204 0.005142857142849311 0.0006000000000000001
0.02750000000000392 0.006857142857139632 0.0006000000000000001
0.027500000000003 0.006285714285709449 0.0006000000000000001
0.02687500000000544 0.006857142857139632 0.0006000000000000001
0.02687500000000429 0.006285714285709447 0.0006000000000000001
0.02750000000000577 0.008 0.0006000000000000001
0.02750000000000485 0.007428571428569815 0.0006000000000000001
0.02687500000000772 0.008 0.0006000000000000001
0.02687500000000657 0.007428571428569817 0.0006000000000000001
0.02874999999999577 0 0.0006000000000000001
0.02874999999999664 0.00114285714285516 0.0006000000000000001
0.02812499999999432 0 0.0006000000000000001
0.0287499999999962 0.00057142857142758 0.0006000000000000001
0.02812499999999568 0.00114285714285516 0.0006000000000000001
0.02812499999999502 0.0005714285714275801 0.0006000000000000001
0.02874999999999751 0.002285714285709134 0.0006000000000000001
0.02874999999999708 0.001714285714282147 0.0006000000000000001
0.02812499999999704 0.002285714285709134 0.0006000000000000001
0.02812499999999636 0.001714285714282147 0.0006000000000000001
0.02874999999999838 0.003428571428562995 0.0006000000000000001
0.02874999999999794 0.002857142857136064 0.0006000000000000001
0.02812499999999839 0.003428571428562994 0.0006000000000000001
0.02812499999999771 0.002857142857136064 0.0006000000000000001
0.02874999999999926 0.004571428571419357 0.0006000000000000001
0.02874999999999882 0.003999999999991176 0.0006000000000000001
0.02812499999999975 0.004571428571419357 0.0006000000000000001
0.02812499999999908 0.003999999999991174 0.0006000000000000001
0.02875000000000013 0.005714285714279265 0.0006000000000000001
0.02874999999999969 0.005142857142849311 0.0006000000000000001
0.02812500000000111 0.005714285714279265 0.0006000000000000001
0.02812500000000043 0.005142857142849313 0.0006000000000000001
0.028750000000001 0.006857142857139632 0.0006000000000000001
0.02875000000000057 0.006285714285709449 0.0006000000000000001
0.02812500000000246 0.006857142857139632 0.0006000000000000001
0.02812500000000178 0.006285714285709447 0.0006000000000000001
0.02875000000000187 0.008 0.0006000000000000001
0.02875000000000143 0.007428571428569815 0.0006000000000000001
0.02812500000000382 0.008 0.0006000000000000001
0.02812500000000313 0.007428571428569817 0.0006000000000000001
0.02937499999999789 0 0.0006000000000000001
0.02937499999999833 0.00114285714285516 0.0006000000000000001
0.0293749999999981 0.0005714285714275801 0.0006000000000000001
0.02937499999999876 0.002285714285709134 0.0006000000000000001
0.02937499999999854 0.001714285714282147 0.0006000000000000001
0.02937499999999919 0.003428571428562995 0.0006000000000000001
0.02937499999999897 0.002857142857136064 0.0006000000000000001
0.02937499999999963 0.004571428571419357 0.0006000000000000001
0.02937499999999941 0.003999999999991176 0.0006000000000000001
0.02937500000000007 0.005714285714279265 0.0006000000000000001
0.02937499999999985 0.005142857142849311 0.0006000000000000001
0.0293750000000005 0.006857142857139632 0.0006000000000000001
0.02937500000000028 0.006285714285709447 0.0006000000000000001
0.02937500000000094 0.008 0.0006000000000000001
0.02937500000000071 0.007428571428569817 0.0006000000000000001
3 7 0 225
8896
8897
8898
8899
8900
8901
8902
8903
8904
8905
8906
8907
8908
8909
8910
8911
8912
8913
8914
8915
8916
8917
8918
8919
8920
8921
8922
8923
8924
8925
8926
8927
8928
8929
8930
8931
8932
8933
8934
8935
8936
8937
8938
8939
8940
8941
8942
8943
8944
8945
8946
8947
8948
8949
8950
8951
8952
8953
8954
8955
8956
8957
8958
8959
8960
8961
8962
8963
8964
8965
8966
8967
8968
8969
8970
8971
8972
8973
8974
8975
8976
8977
8978
8979
8980
8981
8982
8983
8984
8985
8986
8987
8988
8989
8990
8991
8992
8993
8994
8995
8996
8997
8998
8999
9000
9001
9002
9003
9004
9005
9006
9007
9008
9009
9010
9011
9012
9013
9014
9015
9016
9017
9018
9019
9020
9021
9022
9023
9024
9025
9026
9027
9028
9029
9030
9031
9032
9033
9034
9035
9036
9037
9038
9039
9040
9041
9042
9043
9044
9045
9046
9047
9048
9049
9050
9051
9052
9053
9054
9055
9056
9057
9058
9059
9060
9061
9062
9063
9064
9065
9066
9067
9068
9069
9070
9071
9072
9073
9074
9075
9076
9077
9078
9079
9080
9081
9082
9083
9084
9085
9086
9087
9088
9089
9090
9091
9092
9093
9094
9095
9096
9097
9098
9099
9100
9101
9102
9103
9104
9105
9106
9107
9108
9109
9110
9111
9112
9113
9114
9115
9116
9117
9118
9119
9120
0.0312499999999978 0 0.0002
0.03124999999999876 0.00114285714285516 0.0002
0.0306249999999989 0 0.0002
0.03124999999999828 0.00057142857142758 0.0002
0.03062499999999939 0.00114285714285516 0.0002
0.03062499999999914 0.0005714285714275801 0.0002
0.03124999999999975 0.002285714285709134 0.0002
0.03124999999999926 0.001714285714282147 0.0002
0.03062499999999988 0.002285714285709134 0.0002
0.03062499999999963 0.001714285714282147 0.0002
0.03125000000000071 0.003428571428562994 0.0002
0.03125000000000023 0.002857142857136064 0.0002
0.03062500000000036 0.003428571428562995 0.0002
0.03062500000000012 0.002857142857136064 0.0002
0.03125000000000168 0.004571428571419357 0.0002
0.03125000000000119 0.003999999999991176 0.0002
0.03062500000000085 0.004571428571419357 0.0002
0.0306250000000006 0.003999999999991174 0.0002
0.03125000000000264 0.005714285714279265 0.0002
0.03125000000000216 0.005142857142849311 0.0002
0.03062500000000132 0.005714285714279265 0.0002
0.03062500000000108 0.005142857142849311 0.0002
0.03125000000000362 0.006857142857139631 0.0002
0.03125000000000313 0.006285714285709448 0.0002
0.03062500000000182 0.006857142857139632 0.0002
0.03062500000000156 0.006285714285709448 0.0002
0.03125000000000459 0.008 0.0002
0.03125000000000411 0.007428571428569815 0.0002
0.0306250000000023 0.008 0.0002
0.03062500000000206 0.007428571428569815 0.0002
0.03249999999999425 0 0.0002
0.03249999999999599 0.00114285714285516 0.0002
0.03187499999999602 0 0.0002
0.03249999999999512 0.00057142857142758 0.0002
0.03187499999999738 0.00114285714285516 0.0002
0.0318749999999967 0.0005714285714275801 0.0002
0.03249999999999774 0.002285714285709134 0.0002
0.03249999999999686 0.001714285714282147 0.0002
0.03187499999999874 0.002285714285709134 0.0002
0.03187499999999807 0.001714285714282147 0.0002
0.03249999999999947 0.003428571428562993 0.0002
0.0324999999999986 0.002857142857136064 0.0002
0.03187500000000008 0.003428571428562993 0.0002
0.03187499999999941 0.002857142857136064 0.0002
0.03250000000000122 0.004571428571419357 0.0002
0.03250000000000035 0.003999999999991175 0.0002
0.03187500000000145 0.004571428571419357 0.0002
0.03187500000000079 0.003999999999991175 0.0002
0.03250000000000296 0.005714285714279265 0.0002
0.03250000000000209 0.005142857142849311 0.0002
0.0318750000000028 0.005714285714279265 0.0002
0.03187500000000212 0.005142857142849313 0.0002
0.03250000000000471 0.006857142857139632 0.0002
0.03250000000000383 0.006285714285709449 0.0002
0.03187500000000416 0.006857142857139632 0.0002
0.03187500000000347 0.00628571428570945 0.0002
0.03250000000000645 0.008 0.0002
0.03250000000000558 0.007428571428569815 0.0002
0.03187500000000552 0.008 0.0002
0.03187500000000484 0.007428571428569815 0.0002
0.03374999999999002 0 0.0002
0.03374999999999302 0.00114285714285516 0.0002
0.03312499999999213 0 0.0002
0.03374999999999152 0.00057142857142758 0.0002
0.03312499999999451 0.00114285714285516 0.0002
0.03312499999999333 0.0005714285714275801 0.0002
0.03374999999999602 0.002285714285709134 0.0002
0.03374999999999452 0.001714285714282147 0.0002
0.03312499999999688 0.002285714285709134 0.0002
0.0331249999999957 0.001714285714282147 0.0002
0.03374999999999902 0.003428571428562995 0.0002
0.03374999999999752 0.002857142857136064 0.0002
0.03312499999999924 0.003428571428562994 0.0002
0.03312499999999806 0.002857142857136064 0.0002
0.03375000000000201 0.004571428571419358 0.0002
0.03375000000000052 0.003999999999991176 0.0002
0.03312500000000161 0.004571428571419357 0.0002
0.03312500000000044 0.003999999999991176 0.0002
0.03375000000000501 0.005714285714279265 0.0002
0.03375000000000351 0.005142857142849311 0.0002
0.03312500000000398 0.005714285714279265 0.0002
0.03312500000000279 0.005142857142849311 0.0002
0.03375000000000802 0.006857142857139632 0.0002
0.03375000000000651 0.006285714285709449 0.0002
0.03312500000000636 0.006857142857139632 0.0002
0.03312500000000516 0.006285714285709447 0.0002
0.03375000000001102 0.008 0.0002
0.03375000000000952 0.007428571428569815 0.0002
0.03312500000000873 0.008 0.0002
0.03312500000000754 0.007428571428569817 0.0002
0.0349999999999885 0 0.0002
0.03499999999999159 0.00114285714285516 0.0002
0.03437499999998926 0 0.0002
0.03499999999999005 0.00057142857142758 0.0002
0.03437499999999231 0.00114285714285516 0.0002
0.03437499999999077 0.0005714285714275801 0.0002
0.0349999999999947 0.002285714285709134 0.0002
0.03499999999999315 0.001714285714282147 0.0002
0.03437499999999536 0.002285714285709134 0.0002
0.03437499999999383 0.001714285714282147 0.0002
0.03499999999999779 0.003428571428562994 0.0002
0.03499999999999624 0.002857142857136064 0.0002
0.03437499999999841 0.003428571428562995 0.0002
0.03437499999999688 0.002857142857136064 0.0002
0.03500000000000089 0.004571428571419357 0.0002
0.03499999999999934 0.003999999999991176 0.0002
0.03437500000000145 0.004571428571419357 0.0002
0.03437499999999993 0.003999999999991174 0.0002
0.03500000000000399 0.005714285714279265 0.0002
0.03500000000000245 0.005142857142849311 0.0002
0.0343750000000045 0.005714285714279265 0.0002
0.03437500000000297 0.005142857142849311 0.0002
0.03500000000000708 0.006857142857139632 0.0002
0.03500000000000554 0.006285714285709449 0.0002
0.03437500000000755 0.006857142857139632 0.0002
0.03437500000000604 0.006285714285709447 0.0002
0.03500000000001018 0.008 0.0002
0.03500000000000864 0.007428571428569815 0.0002
0.03437500000001061 0.008 0.0002
0.03437500000000908 0.007428571428569817 0.0002
0.03624999999999239 0 0.0002
0.03624999999999442 0.00114285714285516 0.0002
0.03562499999999044 0 0.0002
0.03624999999999341 0.00057142857142758 0.0002
0.03562499999999301 0.00114285714285516 0.0002
0.03562499999999173 0.0005714285714275801 0.0002
0.03624999999999645 0.002285714285709134 0.0002
0.03624999999999544 0.001714285714282147 0.0002
0.03562499999999558 0.002285714285709134 0.0002
0.0356249999999943 0.001714285714282147 0.0002
0.03624999999999848 0.003428571428562994 0.0002
0.03624999999999746 0.002857142857136064 0.0002
0.03562499999999813 0.003428571428562994 0.0002
0.03562499999999685 0.002857142857136064 0.0002
0.03625000000000052 0.004571428571419357 0.0002
0.0362499999999995 0.003999999999991176 0.0002
0.0356250000000007 0.004571428571419357 0.0002
0.03562499999999941 0.003999999999991176 0.0002
0.03625000000000256 0.005714285714279265 0.0002
0.03625000000000154 0.005142857142849311 0.0002
0.03562500000000328 0.005714285714279265 0.0002
0.03562500000000199 0.005142857142849313 0.0002
0.03625000000000458 0.006857142857139632 0.0002
0.03625000000000357 0.006285714285709449 0.0002
0.03562500000000583 0.006857142857139632 0.0002
0.03562500000000456 0.006285714285709447 0.0002
0.03625000000000662 0.008 0.0002
0.0362500000000056 0.007428571428569815 0.0002
0.0356250000000084 0.008 0.0002
0.03562500000000712 0.007428571428569817 0.0002
0.03749999999999357 0 0.0002
0.03749999999999493 0.00114285714285516 0.0002
0.03687499999999298 0 0.0002
0.03749999999999425 0.00057142857142758 0.0002
0.03687499999999468 0.00114285714285516 0.0002
0.03687499999999383 0.0005714285714275801 0.0002
0.03749999999999629 0.002285714285709134 0.0002
0.03749999999999561 0.001714285714282147 0.0002
0.03687499999999637 0.002285714285709134 0.0002
0.03687499999999552 0.001714285714282147 0.0002
0.03749999999999765 0.003428571428562994 0.0002
0.03749999999999697 0.002857142857136064 0.0002
0.03687499999999806 0.003428571428562994 0.0002
0.03687499999999722 0.002857142857136064 0.0002
0.03749999999999901 0.004571428571419357 0.0002
0.03749999999999833 0.003999999999991176 0.0002
0.03687499999999977 0.004571428571419357 0.0002
0.03687499999999892 0.003999999999991176 0.0002
0.03750000000000035 0.005714285714279265 0.0002
0.03749999999999969 0.005142857142849311 0.0002
0.03687500000000146 0.005714285714279265 0.0002
0.03687500000000062 0.005142857142849313 0.0002
0.03750000000000169 0.006857142857139632 0.0002
0.03750000000000102 0.006285714285709449 0.0002
0.03687500000000313 0.006857142857139632 0.0002
0.03687500000000228 0.006285714285709447 0.0002
0.03750000000000306 0.008 0.0002
0.03750000000000238 0.007428571428569815 0.0002
0.03687500000000483 0.008 0.0002
0.03687500000000399 0.007428571428569817 0.0002
0.03874999999999611 0 0.0002
0.03874999999999697 0.00114285714285516 0.0002
0.03812499999999484 0 0.0002
0.03874999999999654 0.00057142857142758 0.0002
0.03812499999999595 0.00114285714285516 0.0002
0.0381249999999954 0.0005714285714275801 0.0002
0.03874999999999786 0.002285714285709135 0.0002
0.03874999999999741 0.001714285714282148 0.0002
0.03812499999999708 0.002285714285709135 0.0002
0.03812499999999651 0.001714285714282148 0.0002
0.03874999999999873 0.003428571428562994 0.0002
0.0387499999999983 0.002857142857136064 0.0002
0.03812499999999819 0.003428571428562994 0.0002
0.03812499999999762 0.002857142857136064 0.0002
0.03874999999999959 0.004571428571419357 0.0002
0.03874999999999916 0.003999999999991176 0.0002
0.0381249999999993 0.004571428571419357 0.0002
0.03812499999999874 0.003999999999991176 0.0002
0.03875000000000046 0.005714285714279265 0.0002
0.03875000000000002 0.005142857142849311 0.0002
0.03812500000000041 0.005714285714279265 0.0002
0.03812499999999985 0.005142857142849313 0.0002
0.03875000000000135 0.006857142857139632 0.0002
0.03875000000000091 0.006285714285709449 0.0002
0.03812500000000152 0.006857142857139632 0.0002
0.03812500000000096 0.006285714285709447 0.0002
0.03875000000000221 0.008 0.0002
0.03875000000000178 0.007428571428569815 0.0002
0.03812500000000264 0.008 0.0002
0.03812500000000209 0.007428571428569817 0.0002
0.03937499999999806 0 0.0002
0.03937499999999849 0.00114285714285516 0.0002
0.03937499999999827 0.0005714285714275801 0.0002
0.03937499999999894 0.002285714285709135 0.0002
0.03937499999999871 0.001714285714282148 0.0002
0.03937499999999937 0.003428571428562994 0.0002
0.03937499999999915 0.002857142857136064 0.0002
0.0393749999999998 0.004571428571419357 0.0002
0.03937499999999956 0.003999999999991174 0.0002
0.03937500000000023 0.005714285714279265 0.0002
0.03937500000000002 0.005142857142849311 0.0002
0.03937500000000068 0.006857142857139632 0.0002
0.03937500000000047 0.006285714285709447 0.0002
0.03937500000000111 0.008 0.0002
0.0393750000000009 0.007428571428569817 0.0002
3 8 0 225
9121
9122
9123
9124
9125
9126
9127
9128
9129
9130
9131
9132
9133
9134
9135
9136
9137
9138
9139
9140
9141
9142
9143
9144
9145
9146
9147
9148
9149
9150
9151
9152
9153
9154
9155
9156
9157
9158
9159
9160
9161
9162
9163
9164
9165
9166
9167
9168
9169
9170
9171
9172
9173
9174
9175
9176
9177
9178
9179
9180
9181
9182
9183
9184
9185
9186
9187
9188
9189
9190
9191
9192
9193
9194
9195
9196
9197
9198
9199
9200
9201
9202
9203
9204
9205
9206
9207
9208
9209
9210
9211
9212
9213
9214
9215
9216
9217
9218
9219
9220
9221
9222
9223
9224
9225
9226
9227
9228
9229
9230
9231
9232
9233
9234
9235
9236
9237
9238
9239
9240
9241
9242
9243
9244
9245
9246
9247
9248
9249
9250
9251
9252
9253
9254
9255
9256
9257
9258
9259
9260
9261
9262
9263
9264
9265
9266
9267
9268
9269
9270
9271
9272
9273
9274
9275
9276
9277
9278
9279
9280
9281
9282
9283
9284
9285
9286
9287
9288
9289
9290
9291
9292
9293
9294
9295
9296
9297
9298
9299
9300
9301
9302
9303
9304
9305
9306
9307
9308
9309
9310
9311
9312
9313
9314
9315
9316
9317
9318
9319
9320
9321
9322
9323
9324
9325
9326
9327
9328
9329
9330
9331
9332
9333
9334
9335
9336
9337
9338
9339
9340
9341
9342
9343
9344
9345
0.0312499999999978 0 0.0006000000000000001
0.03124999999999876 0.00114285714285516 0.0006000000000000001
0.0306249999999989 0 0.0006000000000000001
0.03124999999999828 0.00057142857142758 0.0006000000000000001
0.03062499999999939 0.00114285714285516 0.0006000000000000001
0.03062499999999914 0.0005714285714275801 0.0006000000000000001
0.03124999999999975 0.002285714285709134 0.0006000000000000001
0.03124999999999926 0.001714285714282147 0.0006000000000000001
0.03062499999999988 0.002285714285709134 0.0006000000000000001
0.03062499999999963 0.001714285714282147 0.0006000000000000001
0.03125000000000071 0.003428571428562994 0.0006000000000000001
0.03125000000000023 0.002857142857136064 0.0006000000000000001
0.03062500000000036 0.003428571428562995 0.0006000000000000001
0.03062500000000012 0.002857142857136064 0.0006000000000000001
0.03125000000000168 0.004571428571419357 0.0006000000000000001
0.03125000000000119 0.003999999999991176 0.0006000000000000001
0.03062500000000085 0.004571428571419357 0.0006000000000000001
0.0306250000000006 0.003999999999991174 0.0006000000000000001
0.03125000000000264 0.005714285714279265 0.0006000000000000001
0.03125000000000216 0.005142857142849311 0.0006000000000000001
0.03062500000000132 0.005714285714279265 0.0006000000000000001
0.03062500000000108 0.005142857142849311 0.0006000000000000001
0.03125000000000362 0.006857142857139631 0.0006000000000000001
0.03125000000000313 0.006285714285709448 0.0006000000000000001
0.03062500000000182 0.006857142857139632 0.0006000000000000001
0.03062500000000156 0.006285714285709448 0.0006000000000000001
0.03125000000000459 0.008 0.0006000000000000001
0.03125000000000411 0.007428571428569815 0.0006000000000000001
0.0306250000000023 0.008 0.0006000000000000001
0.03062500000000206 0.007428571428569815 0.0006000000000000001
0.03249999999999425 0 0.0006000000000000001
0.03249999999999599 0.00114285714285516 0.0006000000000000001
0.03187499999999602 0 0.0006000000000000001
0.03249999999999512 0.00057142857142758 0.0006000000000000001
0.03187499999999738 0.00114285714285516 0.0006000000000000001
0.0318749999999967 0.0005714285714275801 0.0006000000000000001
0.03249999999999774 0.002285714285709134 0.0006000000000000001
0.03249999999999686 0.001714285714282147 0.0006000000000000001
0.03187499999999874 0.002285714285709134 0.0006000000000000001
0.03187499999999807 0.001714285714282147 0.0006000000000000001
0.03249999999999947 0.003428571428562993 0.0006000000000000001
0.0324999999999986 0.002857142857136064 0.0006000000000000001
0.03187500000000008 0.003428571428562993 0.0006000000000000001
0.03187499999999941 0.002857142857136064 0.0006000000000000001
0.03250000000000122 0.004571428571419357 0.0006000000000000001
0.03250000000000035 0.003999999999991175 0.0006000000000000001
0.03187500000000145 0.004571428571419357 0.0006000000000000001
0.03187500000000079 0.003999999999991175 0.0006000000000000001
0.03250000000000296 0.005714285714279265 0.0006000000000000001
0.03250000000000209 0.005142857142849311 0.0006000000000000001
0.0318750000000028 0.005714285714279265 0.0006000000000000001
0.03187500000000212 0.005142857142849313 0.0006000000000000001
0.03250000000000471 0.006857142857139632 0.0006000000000000001
0.03250000000000383 0.006285714285709449 0.0006000000000000001
0.03187500000000416 0.006857142857139632 0.0006000000000000001
0.03187500000000347 0.00628571428570945 0.0006000000000000001
0.03250000000000645 0.008 0.0006000000000000001
0.03250000000000558 0.007428571428569815 0.0006000000000000001
0.03187500000000552 0.008 0.0006000000000000001
0.03187500000000484 0.007428571428569815 0.0006000000000000001
0.03374999999999002 0 0.0006000000000000001
0.03374999999999302 0.00114285714285516 0.0006000000000000001
0.03312499999999213 0 0.0006000000000000001
0.03374999999999152 0.00057142857142758 0.0006000000000000001
0.03312499999999451 0.00114285714285516 0.0006000000000000001
0.03312499999999333 0.0005714285714275801 0.0006000000000000001
0.03374999999999602 0.002285714285709134 0.0006000000000000001
0.03374999999999452 0.001714285714282147 0.0006000000000000001
0.03312499999999688 0.002285714285709134 0.0006000000000000001
0.0331249999999957 0.001714285714282147 0.0006000000000000001
0.03374999999999902 0.003428571428562995 0.0006000000000000001
0.03374999999999752 0.002857142857136064 0.0006000000000000001
0.03312499999999924 0.003428571428562994 0.0006000000000000001
0.03312499999999806 0.002857142857136064 0.0006000000000000001
0.03375000000000201 0.004571428571419358 0.0006000000000000001
0.03375000000000052 0.003999999999991176 0.0006000000000000001
0.03312500000000161 0.004571428571419357 0.0006000000000000001
0.03312500000000044 0.003999999999991176 0.0006000000000000001
0.03375000000000501 0.005714285714279265 0.0006000000000000001
0.03375000000000351 0.005142857142849311 0.0006000000000000001
0.03312500000000398 0.005714285714279265 0.0006000000000000001
0.03312500000000279 0.005142857142849311 0.0006000000000000001
0.03375000000000802 0.006857142857139632 0.0006000000000000001
0.03375000000000651 0.006285714285709449 0.0006000000000000001
0.03312500000000636 0.006857142857139632 0.0006000000000000001
0.03312500000000516 0.006285714285709447 0.0006000000000000001
0.03375000000001102 0.008 0.0006000000000000001
0.03375000000000952 0.007428571428569815 0.0006000000000000001
0.03312500000000873 0.008 0.0006000000000000001
0.03312500000000754 0.007428571428569817 0.0006000000000000001
0.0349999999999885 0 0.0006000000000000001
0.03499999999999159 0.00114285714285516 0.0006000000000000001
0.03437499999998926 0 0.0006000000000000001
0.03499999999999005 0.00057142857142758 0.0006000000000000001
0.03437499999999231 0.00114285714285516 0.0006000000000000001
0.03437499999999077 0.0005714285714275801 0.0006000000000000001
0.0349999999999947 0.002285714285709134 0.0006000000000000001
0.03499999999999315 0.001714285714282147 0.0006000000000000001
0.03437499999999536 0.002285714285709134 0.0006000000000000001
0.03437499999999383 0.001714285714282147 0.0006000000000000001
0.03499999999999779 0.003428571428562994 0.0006000000000000001
0.03499999999999624 0.002857142857136064 0.0006000000000000001
0.03437499999999841 0.003428571428562995 0.0006000000000000001
0.03437499999999688 0.002857142857136064 0.0006000000000000001
0.03500000000000089 0.004571428571419357 0.0006000000000000001
0.03499999999999934 0.003999999999991176 0.0006000000000000001
0.03437500000000145 0.004571428571419357 0.0006000000000000001
0.03437499999999993 0.003999999999991174 0.0006000000000000001
0.03500000000000399 0.005714285714279265 0.0006000000000000001
0.03500000000000245 0.005142857142849311 0.0006000000000000001
0.0343750000000045 0.005714285714279265 0.0006000000000000001
0.03437500000000297 0.005142857142849311 0.0006000000000000001
0.03500000000000708 0.006857142857139632 0.0006000000000000001
0.03500000000000554 0.006285714285709449 0.0006000000000000001
0.03437500000000755 0.006857142857139632 0.0006000000000000001
0.03437500000000604 0.006285714285709447 0.0006000000000000001
0.03500000000001018 0.008 0.0006000000000000001
0.03500000000000864 0.007428571428569815 0.0006000000000000001
0.03437500000001061 0.008 0.0006000000000000001
0.03437500000000908 0.007428571428569817 0.0006000000000000001
0.03624999999999239 0 0.0006000000000000001
0.03624999999999442 0.00114285714285516 0.0006000000000000001
0.03562499999999044 0 0.0006000000000000001
0.03624999999999341 0.00057142857142758 0.0006000000000000001
0.03562499999999301 0.00114285714285516 0.0006000000000000001
0.03562499999999173 0.0005714285714275801 0.0006000000000000001
0.03624999999999645 0.002285714285709134 0.0006000000000000001
0.03624999999999544 0.001714285714282147 0.0006000000000000001
0.03562499999999558 0.002285714285709134 0.0006000000000000001
0.0356249999999943 0.001714285714282147 0.0006000000000000001
0.03624999999999848 0.003428571428562994 0.0006000000000000001
0.03624999999999746 0.002857142857136064 0.0006000000000000001
0.03562499999999813 0.003428571428562994 0.0006000000000000001
0.03562499999999685 0.002857142857136064 0.0006000000000000001
0.03625000000000052 0.004571428571419357 0.0006000000000000001
0.0362499999999995 0.003999999999991176 0.0006000000000000001
0.0356250000000007 0.004571428571419357 0.0006000000000000001
0.03562499999999941 0.003999999999991176 0.0006000000000000001
0.03625000000000256 0.005714285714279265 0.0006000000000000001
0.03625000000000154 0.005142857142849311 0.0006000000000000001
0.03562500000000328 0.005714285714279265 0.0006000000000000001
0.03562500000000199 0.005142857142849313 0.0006000000000000001
0.03625000000000458 0.006857142857139632 0.0006000000000000001
0.03625000000000357 0.006285714285709449 0.0006000000000000001
0.03562500000000583 0.006857142857139632 0.0006000000000000001
0.03562500000000456 0.006285714285709447 0.0006000000000000001
0.03625000000000662 0.008 0.0006000000000000001
0.0362500000000056 0.007428571428569815 0.0006000000000000001
0.0356250000000084 0.008 0.0006000000000000001
0.03562500000000712 0.007428571428569817 0.0006000000000000001
0.03749999999999357 0 0.0006000000000000001
0.03749999999999493 0.00114285714285516 0.0006000000000000001
0.03687499999999298 0 0.0006000000000000001
0.03749999999999425 0.00057142857142758 0.0006000000000000001
0.03687499999999468 0.00114285714285516 0.0006000000000000001
0.03687499999999383 0.0005714285714275801 0.0006000000000000001
0.03749999999999629 0.002285714285709134 0.0006000000000000001
0.03749999999999561 0.001714285714282147 0.0006000000000000001
0.03687499999999637 0.002285714285709134 0.0006000000000000001
0.03687499999999552 0.001714285714282147 0.0006000000000000001
0.03749999999999765 0.003428571428562994 0.0006000000000000001
0.03749999999999697 0.002857142857136064 0.0006000000000000001
0.03687499999999806 0.003428571428562994 0.0006000000000000001
0.03687499999999722 0.002857142857136064 0.0006000000000000001
0.03749999999999901 0.004571428571419357 0.0006000000000000001
0.03749999999999833 0.003999999999991176 0.0006000000000000001
0.03687499999999977 0.004571428571419357 0.0006000000000000001
0.03687499999999892 0.003999999999991176 0.0006000000000000001
0.03750000000000035 0.005714285714279265 0.0006000000000000001
0.03749999999999969 0.005142857142849311 0.0006000000000000001
0.03687500000000146 0.005714285714279265 0.0006000000000000001
0.03687500000000062 0.005142857142849313 0.0006000000000000001
0.03750000000000169 0.006857142857139632 0.0006000000000000001
0.03750000000000102 0.006285714285709449 0.0006000000000000001
0.03687500000000313 0.006857142857139632 0.0006000000000000001
0.03687500000000228 0.006285714285709447 0.0006000000000000001
0.03750000000000306 0.008 0.0006000000000000001
0.03750000000000238 0.007428571428569815 0.0006000000000000001
0.03687500000000483 0.008 0.0006000000000000001
0.03687500000000399 0.007428571428569817 0.0006000000000000001
0.03874999999999611 0 0.0006000000000000001
0.03874999999999697 0.00114285714285516 0.0006000000000000001
0.03812499999999484 0 0.0006000000000000001
0.03874999999999654 0.00057142857142758 0.0006000000000000001
0.03812499999999595 0.00114285714285516 0.0006000000000000001
0.0381249999999954 0.0005714285714275801 0.0006000000000000001
0.03874999999999786 0.002285714285709135 0.0006000000000000001
0.03874999999999741 0.001714285714282148 0.0006000000000000001
0.03812499999999708 0.002285714285709135 0.0006000000000000001
0.03812499999999651 0.001714285714282148 0.0006000000000000001
0.03874999999999873 0.003428571428562994 0.0006000000000000001
0.0387499999999983 0.002857142857136064 0.0006000000000000001
0.03812499999999819 0.003428571428562994 0.0006000000000000001
0.03812499999999762 0.002857142857136064 0.0006000000000000001
0.03874999999999959 0.004571428571419357 0.0006000000000000001
0.03874999999999916 0.003999999999991176 0.0006000000000000001
0.0381249999999993 0.004571428571419357 0.0006000000000000001
0.03812499999999874 0.003999999999991176 0.0006000000000000001
0.03875000000000046 0.005714285714279265 0.0006000000000000001
0.03875000000000002 0.005142857142849311 0.0006000000000000001
0.03812500000000041 0.005714285714279265 0.0006000000000000001
0.03812499999999985 0.005142857142849313 0.0006000000000000001
0.03875000000000135 0.006857142857139632 0.0006000000000000001
0.03875000000000091 0.006285714285709449 0.0006000000000000001
0.03812500000000152 0.006857142857139632 0.0006000000000000001
0.03812500000000096 0.006285714285709447 0.0006000000000000001
0.03875000000000221 0.008 0.0006000000000000001
0.03875000000000178 0.007428571428569815 0.0006000000000000001
0.03812500000000264 0.008 0.0006000000000000001
0.03812500000000209 0.007428571428569817 0.0006000000000000001
0.03937499999999806 0 0.0006000000000000001
0.03937499999999849 0.00114285714285516 0.0006000000000000001
0.03937499999999827 0.0005714285714275801 0.0006000000000000001
0.03937499999999894 0.002285714285709135 0.0006000000000000001
0.03937499999999871 0.001714285714282148 0.0006000000000000001
0.03937499999999937 0.003428571428562994 0.0006000000000000001
0.03937499999999915 0.002857142857136064 0.0006000000000000001
0.0393749999999998 0.004571428571419357 0.0006000000000000001
0.03937499999999956 0.003999999999991174 0.0006000000000000001
0.03937500000000023 0.005714285714279265 0.0006000000000000001
0.03937500000000002 0.005142857142849311 0.0006000000000000001
0.03937500000000068 0.006857142857139632 0.0006000000000000001
0.03937500000000047 0.006285714285709447 0.0006000000000000001
0.03937500000000111 0.008 0.0006000000000000001
0.0393750000000009 0.007428571428569817 0.0006000000000000001
3 9 0 225
9346
9347
9348
9349
9350
9351
9352
9353
9354
9355
9356
9357
9358
9359
9360
9361
9362
9363
9364
9365
9366
9367
9368
9369
9370
9371
9372
9373
9374
9375
9376
9377
9378
9379
9380
9381
9382
9383
9384
9385
9386
9387
9388
9389
9390
9391
9392
9393
9394
9395
9396
9397
9398
9399
9400
9401
9402
9403
9404
9405
9406
9407
9408
9409
9410
9411
9412
9413
9414
9415
9416
9417
9418
9419
9420
9421
9422
9423
9424
9425
9426
9427
9428
9429
9430
9431
9432
9433
9434
9435
9436
9437
9438
9439
9440
9441
9442
9443
9444
9445
9446
9447
9448
9449
9450
9451
9452
9453
9454
9455
9456
9457
9458
9459
9460
9461
9462
9463
9464
9465
9466
9467
9468
9469
9470
9471
9472
9473
9474
9475
9476
9477
9478
9479
9480
9481
9482
9483
9484
9485
9486
9487
9488
9489
9490
9491
9492
9493
9494
9495
9496
9497
9498
9499
9500
9501
9502
9503
9504
9505
9506
9507
9508
9509
9510
9511
9512
9513
9514
9515
9516
9517
9518
9519
9520
9521
9522
9523
9524
9525
9526
9527
9528
9529
9530
9531
9532
9533
9534
9535
9536
9537
9538
9539
9540
9541
9542
9543
9544
9545
9546
9547
9548
9549
9550
9551
9552
9553
9554
9555
9556
9557
9558
9559
9560
9561
9562
9563
9564
9565
9566
9567
9568
9569
9570
0.04124999999999798 0 0.0002
0.04124999999999884 0.00114285714285516 0.0002
0.040624999999999 0 0.0002
0.04124999999999841 0.00057142857142758 0.0002
0.04062499999999943 0.00114285714285516 0.0002
0.04062499999999923 0.0005714285714275801 0.0002
0.04124999999999973 0.002285714285709134 0.0002
0.04124999999999929 0.001714285714282147 0.0002
0.04062499999999987 0.002285714285709134 0.0002
0.04062499999999966 0.001714285714282147 0.0002
0.04125000000000059 0.003428571428562995 0.0002
0.04125000000000016 0.002857142857136064 0.0002
0.0406250000000003 0.003428571428562995 0.0002
0.04062500000000009 0.002857142857136064 0.0002
0.04125000000000147 0.004571428571419357 0.0002
0.04125000000000104 0.003999999999991176 0.0002
0.04062500000000074 0.004571428571419357 0.0002
0.04062500000000052 0.003999999999991174 0.0002
0.04125000000000234 0.005714285714279265 0.0002
0.04125000000000191 0.005142857142849311 0.0002
0.04062500000000117 0.005714285714279265 0.0002
0.04062500000000097 0.005142857142849311 0.0002
0.04125000000000321 0.006857142857139632 0.0002
0.04125000000000277 0.006285714285709449 0.0002
0.0406250000000016 0.006857142857139632 0.0002
0.0406250000000014 0.006285714285709447 0.0002
0.04125000000000408 0.008 0.0002
0.04125000000000364 0.007428571428569815 0.0002
0.04062500000000205 0.008 0.0002
0.04062500000000183 0.007428571428569817 0.0002
0.0424999999999973 0 0.0002
0.04249999999999866 0.00114285714285516 0.0002
0.04187499999999764 0 0.0002
0.04249999999999798 0.00057142857142758 0.0002
0.04187499999999875 0.00114285714285516 0.0002
0.04187499999999819 0.0005714285714275801 0.0002
0.04250000000000002 0.002285714285709134 0.0002
0.04249999999999934 0.001714285714282147 0.0002
0.04187499999999987 0.002285714285709134 0.0002
0.04187499999999932 0.001714285714282147 0.0002
0.04250000000000136 0.003428571428562995 0.0002
0.04250000000000069 0.002857142857136064 0.0002
0.04187500000000098 0.003428571428562995 0.0002
0.0418750000000004 0.002857142857136064 0.0002
0.04250000000000272 0.004571428571419357 0.0002
0.04250000000000204 0.003999999999991176 0.0002
0.0418750000000021 0.004571428571419357 0.0002
0.04187500000000152 0.003999999999991174 0.0002
0.04250000000000407 0.005714285714279265 0.0002
0.0425000000000034 0.005142857142849311 0.0002
0.0418750000000032 0.005714285714279265 0.0002
0.04187500000000264 0.005142857142849313 0.0002
0.04250000000000541 0.006857142857139632 0.0002
0.04250000000000474 0.006285714285709449 0.0002
0.04187500000000431 0.006857142857139632 0.0002
0.04187500000000376 0.006285714285709447 0.0002
0.04250000000000678 0.008 0.0002
0.04250000000000609 0.007428571428569815 0.0002
0.04187500000000544 0.008 0.0002
0.04187500000000488 0.007428571428569817 0.0002
0.04374999999999392 0 0.0002
0.04374999999999594 0.00114285714285516 0.0002
0.04312499999999561 0 0.0002
0.04374999999999493 0.00057142857142758 0.0002
0.0431249999999973 0.00114285714285516 0.0002
0.04312499999999646 0.0005714285714275801 0.0002
0.04374999999999798 0.002285714285709134 0.0002
0.04374999999999696 0.001714285714282147 0.0002
0.043124999999999 0.002285714285709134 0.0002
0.04312499999999814 0.001714285714282147 0.0002
0.04375000000000002 0.003428571428562994 0.0002
0.043749999999999 0.002857142857136064 0.0002
0.04312500000000069 0.003428571428562995 0.0002
0.04312499999999985 0.002857142857136064 0.0002
0.04375000000000204 0.004571428571419357 0.0002
0.04375000000000102 0.003999999999991176 0.0002
0.04312500000000238 0.004571428571419357 0.0002
0.04312500000000152 0.003999999999991174 0.0002
0.04375000000000408 0.005714285714279265 0.0002
0.04375000000000306 0.005142857142849311 0.0002
0.04312500000000408 0.005714285714279265 0.0002
0.04312500000000323 0.005142857142849313 0.0002
0.04375000000000611 0.006857142857139632 0.0002
0.04375000000000509 0.006285714285709449 0.0002
0.04312500000000576 0.006857142857139632 0.0002
0.04312500000000492 0.006285714285709447 0.0002
0.04375000000000814 0.008 0.0002
0.04375000000000712 0.007428571428569815 0.0002
0.04312500000000746 0.008 0.0002
0.0431250000000066 0.007428571428569817 0.0002
0.04499999999999053 0 0.0002
0.04499999999999361 0.00114285714285516 0.0002
0.04437499999999223 0 0.0002
0.04499999999999207 0.00057142857142758 0.0002
0.04437499999999477 0.00114285714285516 0.0002
0.04437499999999351 0.0005714285714275801 0.0002
0.04499999999999672 0.002285714285709134 0.0002
0.04499999999999517 0.001714285714282147 0.0002
0.04437499999999735 0.002285714285709134 0.0002
0.04437499999999606 0.001714285714282147 0.0002
0.04499999999999982 0.003428571428562994 0.0002
0.04499999999999828 0.002857142857136064 0.0002
0.04437499999999991 0.003428571428562994 0.0002
0.04437499999999863 0.002857142857136064 0.0002
0.04500000000000292 0.004571428571419357 0.0002
0.04500000000000137 0.003999999999991176 0.0002
0.04437500000000248 0.004571428571419357 0.0002
0.04437500000000119 0.003999999999991176 0.0002
0.04500000000000601 0.005714285714279265 0.0002
0.04500000000000447 0.005142857142849311 0.0002
0.04437500000000504 0.005714285714279265 0.0002
0.04437500000000374 0.005142857142849313 0.0002
0.04500000000000911 0.006857142857139632 0.0002
0.04500000000000756 0.006285714285709449 0.0002
0.04437500000000761 0.006857142857139632 0.0002
0.04437500000000633 0.006285714285709447 0.0002
0.0450000000000122 0.008 0.0002
0.04500000000001066 0.007428571428569815 0.0002
0.04437500000001017 0.008 0.0002
0.04437500000000891 0.007428571428569817 0.0002
0.04624999999998985 0 0.0002
0.04624999999999285 0.00114285714285516 0.0002
0.04562499999999019 0 0.0002
0.04624999999999135 0.00057142857142758 0.0002
0.04562499999999323 0.00114285714285516 0.0002
0.04562499999999173 0.0005714285714275801 0.0002
0.04624999999999585 0.002285714285709134 0.0002
0.04624999999999435 0.001714285714282147 0.0002
0.04562499999999629 0.002285714285709134 0.0002
0.04562499999999474 0.001714285714282147 0.0002
0.04624999999999885 0.003428571428562995 0.0002
0.04624999999999735 0.002857142857136064 0.0002
0.04562499999999933 0.003428571428562994 0.0002
0.04562499999999782 0.002857142857136064 0.0002
0.04625000000000185 0.004571428571419357 0.0002
0.04625000000000035 0.003999999999991176 0.0002
0.04562500000000239 0.004571428571419357 0.0002
0.04562500000000086 0.003999999999991174 0.0002
0.04625000000000484 0.005714285714279265 0.0002
0.04625000000000334 0.005142857142849311 0.0002
0.04562500000000543 0.005714285714279265 0.0002
0.04562500000000393 0.005142857142849313 0.0002
0.04625000000000785 0.006857142857139631 0.0002
0.04625000000000634 0.006285714285709448 0.0002
0.04562500000000848 0.006857142857139632 0.0002
0.04562500000000696 0.006285714285709448 0.0002
0.04625000000001085 0.008 0.0002
0.04625000000000935 0.007428571428569815 0.0002
0.04562500000001153 0.008 0.0002
0.04562500000001004 0.007428571428569815 0.0002
0.04749999999999459 0 0.0002
0.04749999999999634 0.00114285714285516 0.0002
0.04687499999999221 0 0.0002
0.04749999999999546 0.00057142857142758 0.0002
0.0468749999999946 0.00114285714285516 0.0002
0.0468749999999934 0.0005714285714275801 0.0002
0.04749999999999807 0.002285714285709135 0.0002
0.04749999999999721 0.001714285714282148 0.0002
0.04687499999999696 0.002285714285709135 0.0002
0.0468749999999958 0.001714285714282148 0.0002
0.04749999999999981 0.003428571428562994 0.0002
0.04749999999999895 0.002857142857136064 0.0002
0.04687499999999933 0.003428571428562995 0.0002
0.04687499999999814 0.002857142857136064 0.0002
0.04750000000000156 0.004571428571419358 0.0002
0.04750000000000069 0.003999999999991176 0.0002
0.04687500000000171 0.004571428571419357 0.0002
0.04687500000000049 0.003999999999991174 0.0002
0.04750000000000331 0.005714285714279265 0.0002
0.04750000000000244 0.005142857142849311 0.0002
0.04687500000000408 0.005714285714279265 0.0002
0.0468750000000029 0.005142857142849311 0.0002
0.04750000000000505 0.006857142857139632 0.0002
0.04750000000000418 0.006285714285709449 0.0002
0.04687500000000645 0.006857142857139632 0.0002
0.04687500000000527 0.00628571428570945 0.0002
0.04750000000000679 0.008 0.0002
0.04750000000000593 0.007428571428569815 0.0002
0.04687500000000882 0.008 0.0002
0.04687500000000763 0.007428571428569815 0.0002
0.04874999999999662 0 0.0002
0.04874999999999748 0.001142857142855159 0.0002
0.0481249999999956 0 0.0002
0.04874999999999705 0.0005714285714275795 0.0002
0.04812499999999691 0.00114285714285516 0.0002
0.04812499999999624 0.00057142857142758 0.0002
0.04874999999999836 0.002285714285709134 0.0002
0.04874999999999792 0.001714285714282147 0.0002
0.04812499999999821 0.002285714285709135 0.0002
0.04812499999999757 0.001714285714282148 0.0002
0.04874999999999924 0.003428571428562995 0.0002
0.04874999999999879 0.002857142857136064 0.0002
0.04812499999999953 0.003428571428562994 0.0002
0.04812499999999886 0.002857142857136064 0.0002
0.04875000000000011 0.004571428571419358 0.0002
0.04874999999999968 0.003999999999991176 0.0002
0.04812500000000083 0.004571428571419358 0.0002
0.04812500000000017 0.003999999999991175 0.0002
0.04875000000000097 0.005714285714279265 0.0002
0.04875000000000054 0.005142857142849311 0.0002
0.04812500000000214 0.005714285714279265 0.0002
0.04812500000000149 0.005142857142849311 0.0002
0.04875000000000184 0.006857142857139632 0.0002
0.0487500000000014 0.006285714285709449 0.0002
0.04812500000000344 0.006857142857139632 0.0002
0.0481250000000028 0.006285714285709447 0.0002
0.04875000000000272 0.008 0.0002
0.04875000000000228 0.007428571428569815 0.0002
0.04812500000000475 0.008 0.0002
0.0481250000000041 0.007428571428569817 0.0002
0.04937499999999832 0 0.0002
0.04937499999999875 0.00114285714285516 0.0002
0.04937499999999853 0.00057142857142758 0.0002
0.04937499999999918 0.002285714285709134 0.0002
0.04937499999999898 0.001714285714282147 0.0002
0.04937499999999963 0.003428571428562995 0.0002
0.04937499999999939 0.002857142857136064 0.0002
0.04937500000000006 0.004571428571419358 0.0002
0.04937499999999984 0.003999999999991176 0.0002
0.04937500000000049 0.005714285714279265 0.0002
0.04937500000000027 0.005142857142849311 0.0002
0.04937500000000093 0.006857142857139632 0.0002
0.0493750000000007 0.006285714285709447 0.0002
0.04937500000000136 0.008 0.0002
0.04937500000000115 0.007428571428569817 0.0002
3 10 0 225
9571
9572
9573
9574
9575
9576
9577
9578
9579
9580
9581
9582
9583
9584
9585
9586
9587
9588
9589
9590
9591
9592
9593
9594
9595
9596
9597
9598
9599
9600
9601
9602
9603
9604
9605
9606
9607
9608
9609
9610
9611
9612
9613
9614
9615
9616
9617
9618
9619
9620
9621
9622
9623
9624
9625
9626
9627
9628
9629
9630
9631
9632
9633
9634
9635
9636
9637
9638
9639
9640
9641
9642
9643
9644
9645
9646
9647
9648
9649
9650
9651
9652
9653
9654
9655
9656
9657
9658
9659
9660
9661
9662
9663
9664
9665
9666
9667
9668
9669
9670
9671
9672
9673
9674
9675
9676
9677
9678
9679
9680
9681
9682
9683
9684
9685
9686
9687
9688
9689
9690
9691
9692
9693
9694
9695
9696
9697
9698
9699
9700
9701
9702
9703
9704
9705
9706
9707
9708
9709
9710
9711
9712
9713
9714
9715
9716
9717
9718
9719
9720
9721
9722
9723
9724
9725
9726
9727
9728
9729
9730
9731
9732
9733
9734
9735
9736
9737
9738
9739
9740
9741
9742
9743
9744
9745
9746
9747
9748
9749
9750
9751
9752
9753
9754
9755
9756
9757
9758
9759
9760
9761
9762
9763
9764
9765
9766
9767
9768
9769
9770
9771
9772
9773
9774
9775
9776
9777
9778
9779
9780
9781
9782
9783
9784
9785
9786
9787
9788
9789
9790
9791
9792
9793
9794
9795
0.04124999999999798 0 0.0006000000000000001
0.04124999999999884 0.00114285714285516 0.0006000000000000001
0.040624999999999 0 0.0006000000000000001
0.04124999999999841 0.00057142857142758 0.0006000000000000001
0.04062499999999943 0.00114285714285516 0.0006000000000000001
0.04062499999999923 0.0005714285714275801 0.0006000000000000001
0.04124999999999973 0.002285714285709134 0.0006000000000000001
0.04124999999999929 0.001714285714282147 0.0006000000000000001
0.04062499999999987 0.002285714285709134 0.0006000000000000001
0.04062499999999966 0.001714285714282147 0.0006000000000000001
0.04125000000000059 0.003428571428562995 0.0006000000000000001
0.04125000000000016 0.002857142857136064 0.0006000000000000001
0.0406250000000003 0.003428571428562995 0.0006000000000000001
0.04062500000000009 0.002857142857136064 0.0006000000000000001
0.04125000000000147 0.004571428571419357 0.0006000000000000001
0.04125000000000104 0.003999999999991176 0.0006000000000000001
0.04062500000000074 0.004571428571419357 0.0006000000000000001
0.04062500000000052 0.003999999999991174 0.0006000000000000001
0.04125000000000234 0.005714285714279265 0.0006000000000000001
0.04125000000000191 0.005142857142849311 0.0006000000000000001
0.04062500000000117 0.005714285714279265 0.0006000000000000001
0.04062500000000097 0.005142857142849311 0.0006000000000000001
0.04125000000000321 0.006857142857139632 0.0006000000000000001
0.04125000000000277 0.006285714285709449 0.0006000000000000001
0.0406250000000016 0.006857142857139632 0.0006000000000000001
0.0406250000000014 0.006285714285709447 0.0006000000000000001
0.04125000000000408 0.008 0.0006000000000000001
0.04125000000000364 0.007428571428569815 0.0006000000000000001
0.04062500000000205 0.008 0.0006000000000000001
0.04062500000000183 0.007428571428569817 0.0006000000000000001
0.0424999999999973 0 0.0006000000000000001
0.04249999999999866 0.00114285714285516 0.0006000000000000001
0.04187499999999764 0 0.0006000000000000001
0.04249999999999798 0.00057142857142758 0.0006000000000000001
0.04187499999999875 0.00114285714285516 0.0006000000000000001
0.04187499999999819 0.0005714285714275801 0.0006000000000000001
0.04250000000000002 0.002285714285709134 0.0006000000000000001
0.04249999999999934 0.001714285714282147 0.0006000000000000001
0.04187499999999987 0.002285714285709134 0.0006000000000000001
0.04187499999999932 0.001714285714282147 0.0006000000000000001
0.04250000000000136 0.003428571428562995 0.0006000000000000001
0.04250000000000069 0.002857142857136064 0.0006000000000000001
0.04187500000000098 0.003428571428562995 0.0006000000000000001
0.0418750000000004 0.002857142857136064 0.0006000000000000001
0.04250000000000272 0.004571428571419357 0.0006000000000000001
0.04250000000000204 0.003999999999991176 0.0006000000000000001
0.0418750000000021 0.004571428571419357 0.0006000000000000001
0.04187500000000152 0.003999999999991174 0.0006000000000000001
0.04250000000000407 0.005714285714279265 0.0006000000000000001
0.0425000000000034 0.005142857142849311 0.0006000000000000001
0.0418750000000032 0.005714285714279265 0.0006000000000000001
0.04187500000000264 0.005142857142849313 0.0006000000000000001
0.04250000000000541 0.006857142857139632 0.0006000000000000001
0.04250000000000474 0.006285714285709449 0.0006000000000000001
0.04187500000000431 0.006857142857139632 0.0006000000000000001
0.04187500000000376 0.006285714285709447 0.0006000000000000001
0.04250000000000678 0.008 0.0006000000000000001
0.04250000000000609 0.007428571428569815 0.0006000000000000001
0.04187500000000544 0.008 0.0006000000000000001
0.04187500000000488 0.007428571428569817 0.0006000000000000001
0.04374999999999392 0 0.0006000000000000001
0.04374999999999594 0.00114285714285516 0.0006000000000000001
0.04312499999999561 0 0.0006000000000000001
0.04374999999999493 0.00057142857142758 0.0006000000000000001
0.0431249999999973 0.00114285714285516 0.0006000000000000001
0.04312499999999646 0.0005714285714275801 0.0006000000000000001
0.04374999999999798 0.002285714285709134 0.0006000000000000001
0.04374999999999696 0.001714285714282147 0.0006000000000000001
0.043124999999999 0.002285714285709134 0.0006000000000000001
0.04312499999999814 0.001714285714282147 0.0006000000000000001
0.04375000000000002 0.003428571428562994 0.0006000000000000001
0.043749999999999 0.002857142857136064 0.0006000000000000001
0.04312500000000069 0.003428571428562995 0.0006000000000000001
0.04312499999999985 0.002857142857136064 0.0006000000000000001
0.04375000000000204 0.004571428571419357 0.0006000000000000001
0.04375000000000102 0.003999999999991176 0.0006000000000000001
0.04312500000000238 0.004571428571419357 0.0006000000000000001
0.04312500000000152 0.003999999999991174 0.0006000000000000001
0.04375000000000408 0.005714285714279265 0.0006000000000000001
0.04375000000000306 0.005142857142849311 0.0006000000000000001
0.04312500000000408 0.005714285714279265 0.0006000000000000001
0.04312500000000323 0.005142857142849313 0.0006000000000000001
0.04375000000000611 0.006857142857139632 0.0006000000000000001
0.04375000000000509 0.006285714285709449 0.0006000000000000001
0.04312500000000576 0.006857142857139632 0.0006000000000000001
0.04312500000000492 0.006285714285709447 0.0006000000000000001
0.04375000000000814 0.008 0.0006000000000000001
0.04375000000000712 0.007428571428569815 0.0006000000000000001
0.04312500000000746 0.008 0.0006000000000000001
0.0431250000000066 0.007428571428569817 0.0006000000000000001
0.04499999999999053 0 0.0006000000000000001
0.04499999999999361 0.00114285714285516 0.0006000000000000001
0.04437499999999223 0 0.0006000000000000001
0.04499999999999207 0.00057142857142758 0.0006000000000000001
0.04437499999999477 0.00114285714285516 0.0006000000000000001
0.04437499999999351 0.0005714285714275801 0.0006000000000000001
0.04499999999999672 0.002285714285709134 0.0006000000000000001
0.04499999999999517 0.001714285714282147 0.0006000000000000001
0.04437499999999735 0.002285714285709134 0.0006000000000000001
0.04437499999999606 0.001714285714282147 0.0006000000000000001
0.04499999999999982 0.003428571428562994 0.0006000000000000001
0.04499999999999828 0.002857142857136064 0.0006000000000000001
0.04437499999999991 0.003428571428562994 0.0006000000000000001
0.04437499999999863 0.002857142857136064 0.0006000000000000001
0.04500000000000292 0.004571428571419357 0.0006000000000000001
0.04500000000000137 0.003999999999991176 0.0006000000000000001
0.04437500000000248 0.004571428571419357 0.0006000000000000001
0.04437500000000119 0.003999999999991176 0.0006000000000000001
0.04500000000000601 0.005714285714279265 0.0006000000000000001
0.04500000000000447 0.005142857142849311 0.0006000000000000001
0.04437500000000504 0.005714285714279265 0.0006000000000000001
0.04437500000000374 0.005142857142849313 0.0006000000000000001
0.04500000000000911 0.006857142857139632 0.0006000000000000001
0.04500000000000756 0.006285714285709449 0.0006000000000000001
0.04437500000000761 0.006857142857139632 0.0006000000000000001
0.04437500000000633 0.006285714285709447 0.0006000000000000001
0.0450000000000122 0.008 0.0006000000000000001
0.04500000000001066 0.007428571428569815 0.0006000000000000001
0.04437500000001017 0.008 0.0006000000000000001
0.04437500000000891 0.007428571428569817 0.0006000000000000001
0.04624999999998985 0 0.0006000000000000001
0.04624999999999285 0.00114285714285516 0.0006000000000000001
0.04562499999999019 0 0.0006000000000000001
0.04624999999999135 0.00057142857142758 0.0006000000000000001
0.04562499999999323 0.00114285714285516 0.0006000000000000001
0.04562499999999173 0.0005714285714275801 0.0006000000000000001
0.04624999999999585 0.002285714285709134 0.0006000000000000001
0.04624999999999435 0.001714285714282147 0.0006000000000000001
0.04562499999999629 0.002285714285709134 0.0006000000000000001
0.04562499999999474 0.001714285714282147 0.0006000000000000001
0.04624999999999885 0.003428571428562995 0.0006000000000000001
0.04624999999999735 0.002857142857136064 0.0006000000000000001
0.04562499999999933 0.003428571428562994 0.0006000000000000001
0.04562499999999782 0.002857142857136064 0.0006000000000000001
0.04625000000000185 0.004571428571419357 0.0006000000000000001
0.04625000000000035 0.003999999999991176 0.0006000000000000001
0.04562500000000239 0.004571428571419357 0.0006000000000000001
0.04562500000000086 0.003999999999991174 0.0006000000000000001
0.04625000000000484 0.005714285714279265 0.0006000000000000001
0.04625000000000334 0.005142857142849311 0.0006000000000000001
0.04562500000000543 0.005714285714279265 0.0006000000000000001
0.04562500000000393 0.005142857142849313 0.0006000000000000001
0.04625000000000785 0.006857142857139631 0.0006000000000000001
0.04625000000000634 0.006285714285709448 0.0006000000000000001
0.04562500000000848 0.006857142857139632 0.0006000000000000001
0.04562500000000696 0.006285714285709448 0.0006000000000000001
0.04625000000001085 0.008 0.0006000000000000001
0.04625000000000935 0.007428571428569815 0.0006000000000000001
0.04562500000001153 0.008 0.0006000000000000001
0.04562500000001004 0.007428571428569815 0.0006000000000000001
0.04749999999999459 0 0.0006000000000000001
0.04749999999999634 0.00114285714285516 0.0006000000000000001
0.04687499999999221 0 0.0006000000000000001
0.04749999999999546 0.00057142857142758 0.0006000000000000001
0.0468749999999946 0.00114285714285516 0.0006000000000000001
0.0468749999999934 0.0005714285714275801 0.0006000000000000001
0.04749999999999807 0.002285714285709135 0.0006000000000000001
0.04749999999999721 0.001714285714282148 0.0006000000000000001
0.04687499999999696 0.002285714285709135 0.0006000000000000001
0.0468749999999958 0.001714285714282148 0.0006000000000000001
0.04749999999999981 0.003428571428562994 0.0006000000000000001
0.04749999999999895 0.002857142857136064 0.0006000000000000001
0.04687499999999933 0.003428571428562995 0.0006000000000000001
0.04687499999999814 0.002857142857136064 0.0006000000000000001
0.04750000000000156 0.004571428571419358 0.0006000000000000001
0.04750000000000069 0.003999999999991176 0.0006000000000000001
0.04687500000000171 0.004571428571419357 0.0006000000000000001
0.04687500000000049 0.003999999999991174 0.0006000000000000001
0.04750000000000331 0.005714285714279265 0.0006000000000000001
0.04750000000000244 0.005142857142849311 0.0006000000000000001
0.04687500000000408 0.005714285714279265 0.0006000000000000001
0.0468750000000029 0.005142857142849311 0.0006000000000000001
0.04750000000000505 0.006857142857139632 0.0006000000000000001
0.04750000000000418 0.006285714285709449 0.0006000000000000001
0.04687500000000645 0.006857142857139632 0.0006000000000000001
0.04687500000000527 0.00628571428570945 0.0006000000000000001
0.04750000000000679 0.008 0.0006000000000000001
0.04750000000000593 0.007428571428569815 0.0006000000000000001
0.04687500000000882 0.008 0.0006000000000000001
0.04687500000000763 0.007428571428569815 0.0006000000000000001
0.04874999999999662 0 0.0006000000000000001
0.04874999999999748 0.001142857142855159 0.0006000000000000001
0.0481249999999956 0 0.0006000000000000001
0.04874999999999705 0.0005714285714275795 0.0006000000000000001
0.04812499999999691 0.00114285714285516 0.0006000000000000001
0.04812499999999624 0.00057142857142758 0.0006000000000000001
0.04874999999999836 0.002285714285709134 0.0006000000000000001
0.04874999999999792 0.001714285714282147 0.0006000000000000001
0.04812499999999821 0.002285714285709135 0.0006000000000000001
0.04812499999999757 0.001714285714282148 0.0006000000000000001
0.04874999999999924 0.003428571428562995 0.0006000000000000001
0.04874999999999879 0.002857142857136064 0.0006000000000000001
0.04812499999999953 0.003428571428562994 0.0006000000000000001
0.04812499999999886 0.002857142857136064 0.0006000000000000001
0.04875000000000011 0.004571428571419358 0.0006000000000000001
0.04874999999999968 0.003999999999991176 0.0006000000000000001
0.04812500000000083 0.004571428571419358 0.0006000000000000001
0.04812500000000017 0.003999999999991175 0.0006000000000000001
0.04875000000000097 0.005714285714279265 0.0006000000000000001
0.04875000000000054 0.005142857142849311 0.0006000000000000001
0.04812500000000214 0.005714285714279265 0.0006000000000000001
0.04812500000000149 0.005142857142849311 0.0006000000000000001
0.04875000000000184 0.006857142857139632 0.0006000000000000001
0.0487500000000014 0.006285714285709449 0.0006000000000000001
0.04812500000000344 0.006857142857139632 0.0006000000000000001
0.0481250000000028 0.006285714285709447 0.0006000000000000001
0.04875000000000272 0.008 0.0006000000000000001
0.04875000000000228 0.007428571428569815 0.0006000000000000001
0.04812500000000475 0.008 0.0006000000000000001
0.0481250000000041 0.007428571428569817 0.0006000000000000001
0.04937499999999832 0 0.0006000000000000001
0.04937499999999875 0.00114285714285516 0.0006000000000000001
0.04937499999999853 0.00057142857142758 0.0006000000000000001
0.04937499999999918 0.002285714285709134 0.0006000000000000001
0.04937499999999898 0.001714285714282147 0.0006000000000000001
0.04937499999999963 0.003428571428562995 0.0006000000000000001
0.04937499999999939 0.002857142857136064 0.0006000000000000001
0.04937500000000006 0.004571428571419358 0.0006000000000000001
0.04937499999999984 0.003999999999991176 0.0006000000000000001
0.04937500000000049 0.005714285714279265 0.0006000000000000001
0.04937500000000027 0.005142857142849311 0.0006000000000000001
0.04937500000000093 0.006857142857139632 0.0006000000000000001
0.0493750000000007 0.006285714285709447 0.0006000000000000001
0.04937500000000136 0.008 0.0006000000000000001
0.04937500000000115 0.007428571428569817 0.0006000000000000001
3 11 0 225
9796
9797
9798
9799
9800
9801
9802
9803
9804
9805
9806
9807
9808
9809
9810
9811
9812
9813
9814
9815
9816
9817
9818
9819
9820
9821
9822
9823
9824
9825
9826
9827
9828
9829
9830
9831
9832
9833
9834
9835
9836
9837
9838
9839
9840
9841
9842
9843
9844
9845
9846
9847
9848
9849
9850
9851
9852
9853
9854
9855
9856
9857
9858
9859
9860
9861
9862
9863
9864
9865
9866
9867
9868
9869
9870
9871
9872
9873
9874
9875
9876
9877
9878
9879
9880
9881
9882
9883
9884
9885
9886
9887
9888
9889
9890
9891
9892
9893
9894
9895
9896
9897
9898
9899
9900
9901
9902
9903
9904
9905
9906
9907
9908
9909
9910
9911
9912
9913
9914
9915
9916
9917
9918
9919
9920
9921
9922
9923
9924
9925
9926
9927
9928
9929
9930
9931
9932
9933
9934
9935
9936
9937
9938
9939
9940
9941
9942
9943
9944
9945
9946
9947
9948
9949
9950
9951
9952
9953
9954
9955
9956
9957
9958
9959
9960
9961
9962
9963
9964
9965
9966
9967
9968
9969
9970
9971
9972
9973
9974
9975
9976
9977
9978
9979
9980
9981
9982
9983
9984
9985
9986
9987
9988
9989
9990
9991
9992
9993
9994
9995
9996
9997
9998
9999
10000
10001
10002
10003
10004
10005
10006
10007
10008
10009
10010
10011
10012
10013
10014
10015
10016
10017
10018
10019
10020
0.0512499999999973 0 0.0002
0.05124999999999816 0.001142857142855159 0.0002
0.05062499999999866 0 0.0002
0.05124999999999773 0.0005714285714275795 0.0002
0.05062499999999909 0.00114285714285516 0.0002
0.05062499999999887 0.00057142857142758 0.0002
0.05124999999999904 0.002285714285709134 0.0002
0.0512499999999986 0.001714285714282147 0.0002
0.05062499999999952 0.002285714285709134 0.0002
0.05062499999999931 0.001714285714282147 0.0002
0.05124999999999991 0.003428571428562995 0.0002
0.05124999999999948 0.002857142857136064 0.0002
0.05062499999999996 0.003428571428562995 0.0002
0.05062499999999975 0.002857142857136064 0.0002
0.05125000000000077 0.004571428571419358 0.0002
0.05125000000000034 0.003999999999991176 0.0002
0.05062500000000039 0.004571428571419358 0.0002
0.05062500000000018 0.003999999999991176 0.0002
0.05125000000000166 0.005714285714279265 0.0002
0.05125000000000121 0.005142857142849311 0.0002
0.05062500000000084 0.005714285714279265 0.0002
0.05062500000000061 0.005142857142849311 0.0002
0.05125000000000252 0.006857142857139632 0.0002
0.05125000000000209 0.006285714285709449 0.0002
0.05062500000000127 0.006857142857139632 0.0002
0.05062500000000107 0.006285714285709447 0.0002
0.0512500000000034 0.008 0.0002
0.05125000000000296 0.007428571428569815 0.0002
0.0506250000000017 0.008 0.0002
0.05062500000000147 0.007428571428569817 0.0002
0.05249999999999323 0 0.0002
0.05249999999999499 0.00114285714285516 0.0002
0.05187499999999527 0 0.0002
0.05249999999999411 0.00057142857142758 0.0002
0.05187499999999658 0.00114285714285516 0.0002
0.05187499999999591 0.00057142857142758 0.0002
0.05249999999999672 0.002285714285709135 0.0002
0.05249999999999586 0.001714285714282148 0.0002
0.05187499999999788 0.002285714285709135 0.0002
0.0518749999999972 0.001714285714282147 0.0002
0.05249999999999846 0.003428571428562994 0.0002
0.05249999999999759 0.002857142857136064 0.0002
0.05187499999999919 0.003428571428562995 0.0002
0.05187499999999853 0.002857142857136064 0.0002
0.05250000000000021 0.004571428571419358 0.0002
0.05249999999999934 0.003999999999991176 0.0002
0.05187500000000049 0.004571428571419358 0.0002
0.05187499999999984 0.003999999999991175 0.0002
0.05250000000000195 0.005714285714279265 0.0002
0.05250000000000108 0.005142857142849311 0.0002
0.05187500000000181 0.005714285714279265 0.0002
0.05187500000000116 0.005142857142849311 0.0002
0.05250000000000369 0.006857142857139632 0.0002
0.05250000000000282 0.006285714285709449 0.0002
0.05187500000000311 0.006857142857139632 0.0002
0.05187500000000245 0.006285714285709447 0.0002
0.05250000000000543 0.008 0.0002
0.05250000000000456 0.007428571428569815 0.0002
0.05187500000000442 0.008 0.0002
0.05187500000000377 0.007428571428569817 0.0002
0.05374999999998917 0 0.0002
0.05374999999999217 0.00114285714285516 0.0002
0.05312499999999121 0 0.0002
0.05374999999999067 0.00057142857142758 0.0002
0.05312499999999358 0.00114285714285516 0.0002
0.05312499999999241 0.0005714285714275801 0.0002
0.05374999999999516 0.002285714285709134 0.0002
0.05374999999999366 0.001714285714282147 0.0002
0.05312499999999594 0.002285714285709135 0.0002
0.05312499999999477 0.001714285714282148 0.0002
0.05374999999999817 0.003428571428562995 0.0002
0.05374999999999666 0.002857142857136064 0.0002
0.05312499999999831 0.003428571428562994 0.0002
0.05312499999999713 0.002857142857136064 0.0002
0.05375000000000117 0.004571428571419357 0.0002
0.05374999999999967 0.003999999999991176 0.0002
0.05312500000000069 0.004571428571419357 0.0002
0.0531249999999995 0.003999999999991172 0.0002
0.05375000000000416 0.005714285714279265 0.0002
0.05375000000000267 0.005142857142849311 0.0002
0.05312500000000306 0.005714285714279265 0.0002
0.05312500000000186 0.005142857142849311 0.0002
0.05375000000000717 0.006857142857139631 0.0002
0.05375000000000567 0.006285714285709448 0.0002
0.05312500000000543 0.006857142857139632 0.0002
0.05312500000000427 0.006285714285709448 0.0002
0.05375000000001017 0.008 0.0002
0.05375000000000867 0.007428571428569815 0.0002
0.0531250000000078 0.008 0.0002
0.0531250000000066 0.007428571428569815 0.0002
0.05499999999998782 0 0.0002
0.05499999999999091 0.00114285714285516 0.0002
0.0543749999999885 0 0.0002
0.05499999999998936 0.00057142857142758 0.0002
0.05437499999999154 0.00114285714285516 0.0002
0.05437499999999001 0.0005714285714275801 0.0002
0.05499999999999401 0.002285714285709134 0.0002
0.05499999999999246 0.001714285714282147 0.0002
0.05437499999999459 0.002285714285709134 0.0002
0.05437499999999306 0.001714285714282147 0.0002
0.05499999999999712 0.003428571428562994 0.0002
0.05499999999999557 0.002857142857136064 0.0002
0.05437499999999765 0.003428571428562995 0.0002
0.05437499999999611 0.002857142857136064 0.0002
0.05500000000000019 0.004571428571419357 0.0002
0.05499999999999866 0.003999999999991176 0.0002
0.05437500000000068 0.004571428571419357 0.0002
0.05437499999999917 0.003999999999991174 0.0002
0.0550000000000033 0.005714285714279265 0.0002
0.05500000000000174 0.005142857142849311 0.0002
0.05437500000000373 0.005714285714279265 0.0002
0.05437500000000221 0.005142857142849313 0.0002
0.05500000000000638 0.006857142857139632 0.0002
0.05500000000000484 0.006285714285709449 0.0002
0.05437500000000677 0.006857142857139632 0.0002
0.05437500000000527 0.00628571428570945 0.0002
0.05500000000000949 0.008 0.0002
0.05500000000000793 0.007428571428569815 0.0002
0.05437500000000983 0.008 0.0002
0.05437500000000831 0.007428571428569815 0.0002
0.05624999999999188 0 0.0002
0.0562499999999939 0.00114285714285516 0.0002
0.05562499999998985 0 0.0002
0.05624999999999289 0.00057142857142758 0.0002
0.0556249999999924 0.00114285714285516 0.0002
0.05562499999999113 0.0005714285714275801 0.0002
0.05624999999999596 0.002285714285709134 0.0002
0.05624999999999493 0.001714285714282147 0.0002
0.05562499999999498 0.002285714285709134 0.0002
0.0556249999999937 0.001714285714282147 0.0002
0.05624999999999797 0.003428571428562994 0.0002
0.05624999999999697 0.002857142857136064 0.0002
0.05562499999999754 0.003428571428562994 0.0002
0.05562499999999627 0.002857142857136064 0.0002
0.05625 0.004571428571419357 0.0002
0.05624999999999898 0.003999999999991176 0.0002
0.05562500000000009 0.004571428571419357 0.0002
0.05562499999999882 0.003999999999991176 0.0002
0.05625000000000204 0.005714285714279265 0.0002
0.05625000000000102 0.005142857142849311 0.0002
0.05562500000000267 0.005714285714279265 0.0002
0.05562500000000137 0.005142857142849313 0.0002
0.05625000000000407 0.006857142857139632 0.0002
0.05625000000000305 0.006285714285709449 0.0002
0.05562500000000523 0.006857142857139632 0.0002
0.05562500000000395 0.006285714285709447 0.0002
0.0562500000000061 0.008 0.0002
0.05625000000000509 0.007428571428569815 0.0002
0.05562500000000779 0.008 0.0002
0.0556250000000065 0.007428571428569817 0.0002
0.05749999999999324 0 0.0002
0.05749999999999459 0.00114285714285516 0.0002
0.05687499999999256 0 0.0002
0.05749999999999392 0.00057142857142758 0.0002
0.05687499999999425 0.00114285714285516 0.0002
0.0568749999999934 0.0005714285714275801 0.0002
0.05749999999999595 0.002285714285709134 0.0002
0.05749999999999527 0.001714285714282147 0.0002
0.05687499999999596 0.002285714285709134 0.0002
0.0568749999999951 0.001714285714282147 0.0002
0.0574999999999973 0.003428571428562995 0.0002
0.05749999999999662 0.002857142857136064 0.0002
0.05687499999999764 0.003428571428562994 0.0002
0.05687499999999679 0.002857142857136064 0.0002
0.05749999999999866 0.004571428571419357 0.0002
0.05749999999999798 0.003999999999991176 0.0002
0.05687499999999933 0.004571428571419357 0.0002
0.05687499999999848 0.003999999999991174 0.0002
0.05750000000000002 0.005714285714279265 0.0002
0.05749999999999934 0.005142857142849311 0.0002
0.05687500000000104 0.005714285714279265 0.0002
0.05687500000000016 0.005142857142849313 0.0002
0.05750000000000134 0.006857142857139632 0.0002
0.05750000000000068 0.006285714285709449 0.0002
0.0568750000000027 0.006857142857139632 0.0002
0.05687500000000187 0.006285714285709447 0.0002
0.05750000000000272 0.008 0.0002
0.05750000000000204 0.007428571428569815 0.0002
0.05687500000000441 0.008 0.0002
0.05687500000000355 0.007428571428569817 0.0002
0.05874999999999594 0 0.0002
0.05874999999999681 0.00114285714285516 0.0002
0.05812499999999458 0 0.0002
0.05874999999999637 0.00057142857142758 0.0002
0.0581249999999957 0.00114285714285516 0.0002
0.05812499999999514 0.0005714285714275801 0.0002
0.0587499999999977 0.002285714285709134 0.0002
0.05874999999999726 0.001714285714282147 0.0002
0.05812499999999683 0.002285714285709134 0.0002
0.05812499999999626 0.001714285714282147 0.0002
0.05874999999999854 0.003428571428562995 0.0002
0.05874999999999812 0.002857142857136064 0.0002
0.05812499999999793 0.003428571428562995 0.0002
0.05812499999999737 0.002857142857136064 0.0002
0.05874999999999942 0.004571428571419357 0.0002
0.05874999999999898 0.003999999999991176 0.0002
0.05812499999999904 0.004571428571419357 0.0002
0.05812499999999848 0.003999999999991174 0.0002
0.0587500000000003 0.005714285714279265 0.0002
0.05874999999999986 0.005142857142849311 0.0002
0.05812500000000016 0.005714285714279265 0.0002
0.05812499999999959 0.005142857142849313 0.0002
0.05875000000000116 0.006857142857139632 0.0002
0.05875000000000073 0.006285714285709449 0.0002
0.05812500000000125 0.006857142857139632 0.0002
0.05812500000000072 0.006285714285709447 0.0002
0.05875000000000204 0.008 0.0002
0.0587500000000016 0.007428571428569815 0.0002
0.05812500000000238 0.008 0.0002
0.05812500000000183 0.007428571428569817 0.0002
0.05937499999999797 0 0.0002
0.05937499999999842 0.00114285714285516 0.0002
0.05937499999999819 0.0005714285714275801 0.0002
0.05937499999999886 0.002285714285709134 0.0002
0.05937499999999865 0.001714285714282147 0.0002
0.05937499999999928 0.003428571428562995 0.0002
0.05937499999999907 0.002857142857136064 0.0002
0.05937499999999972 0.004571428571419357 0.0002
0.0593749999999995 0.003999999999991176 0.0002
0.05937500000000016 0.005714285714279265 0.0002
0.05937499999999993 0.005142857142849311 0.0002
0.05937500000000059 0.006857142857139632 0.0002
0.05937500000000039 0.006285714285709447 0.0002
0.05937500000000102 0.008 0.0002
0.05937500000000082 0.007428571428569817 0.0002
3 12 0 225
10021
10022
10023
10024
10025
10026
10027
10028
10029
10030
10031
10032
10033
10034
10035
10036
10037
10038
10039
10040
10041
10042
10043
10044
10045
10046
10047
10048
10049
10050
10051
10052
10053
10054
10055
10056
10057
10058
10059
10060
10061
10062
10063
10064
10065
10066
10067
10068
10069
10070
10071
10072
10073
10074
10075
10076
10077
10078
10079
10080
10081
10082
10083
10084
10085
10086
10087
10088
10089
10090
10091
10092
10093
10094
10095
10096
10097
10098
10099
10100
10101
10102
10103
10104
10105
10106
10107
10108
10109
10110
10111
10112
10113
10114
10115
10116
10117
10118
10119
10120
10121
10122
10123
10124
10125
10126
10127
10128
10129
10130
10131
10132
10133
10134
10135
10136
10137
10138
10139
10140
10141
10142
10143
10144
10145
10146
10147
10148
10149
10150
10151
10152
10153
10154
10155
10156
10157
10158
10159
10160
10161
10162
10163
10164
10165
10166
10167
10168
10169
10170
10171
10172
10173
10174
10175
10176
10177
10178
10179
10180
10181
10182
10183
10184
10185
10186
10187
10188
10189
10190
10191
10192
10193
10194
10195
10196
10197
10198
10199
10200
10201
10202
10203
10204
10205
10206
10207
10208
10209
10210
10211
10212
10213
10214
10215
10216
10217
10218
10219
10220
10221
10222
10223
10224
10225
10226
10227
10228
10229
10230
10231
10232
10233
10234
10235
10236
10237
10238
10239
10240
10241
10242
10243
10244
10245
0.0512499999999973 0 0.0006000000000000001
0.05124999999999816 0.001142857142855159 0.0006000000000000001
0.05062499999999866 0 0.0006000000000000001
0.05124999999999773 0.0005714285714275795 0.0006000000000000001
0.05062499999999909 0.00114285714285516 0.0006000000000000001
0.05062499999999887 0.00057142857142758 0.0006000000000000001
0.05124999999999904 0.002285714285709134 0.0006000000000000001
0.0512499999999986 0.001714285714282147 0.0006000000000000001
0.05062499999999952 0.002285714285709134 0.0006000000000000001
0.05062499999999931 0.001714285714282147 0.0006000000000000001
0.05124999999999991 0.003428571428562995 0.0006000000000000001
0.05124999999999948 0.002857142857136064 0.0006000000000000001
0.05062499999999996 0.003428571428562995 0.0006000000000000001
0.05062499999999975 0.002857142857136064 0.0006000000000000001
0.05125000000000077 0.004571428571419358 0.0006000000000000001
0.05125000000000034 0.003999999999991176 0.0006000000000000001
0.05062500000000039 0.004571428571419358 0.0006000000000000001
0.05062500000000018 0.003999999999991176 0.0006000000000000001
0.05125000000000166 0.005714285714279265 0.0006000000000000001
0.05125000000000121 0.005142857142849311 0.0006000000000000001
0.05062500000000084 0.005714285714279265 0.0006000000000000001
0.05062500000000061 0.005142857142849311 0.0006000000000000001
0.05125000000000252 0.006857142857139632 0.0006000000000000001
0.05125000000000209 0.006285714285709449 0.0006000000000000001
0.05062500000000127 0.006857142857139632 0.0006000000000000001
0.05062500000000107 0.006285714285709447 0.0006000000000000001
0.0512500000000034 0.008 0.0006000000000000001
0.05125000000000296 0.007428571428569815 0.0006000000000000001
0.0506250000000017 0.008 0.0006000000000000001
0.05062500000000147 0.007428571428569817 0.0006000000000000001
0.05249999999999323 0 0.0006000000000000001
0.05249999999999499 0.00114285714285516 0.0006000000000000001
0.05187499999999527 0 0.0006000000000000001
0.05249999999999411 0.00057142857142758 0.0006000000000000001
0.05187499999999658 0.00114285714285516 0.0006000000000000001
0.05187499999999591 0.00057142857142758 0.0006000000000000001
0.05249999999999672 0.002285714285709135 0.0006000000000000001
0.05249999999999586 0.001714285714282148 0.0006000000000000001
0.05187499999999788 0.002285714285709135 0.0006000000000000001
0.0518749999999972 0.001714285714282147 0.0006000000000000001
0.05249999999999846 0.003428571428562994 0.0006000000000000001
0.05249999999999759 0.002857142857136064 0.0006000000000000001
0.05187499999999919 0.003428571428562995 0.0006000000000000001
0.05187499999999853 0.002857142857136064 0.0006000000000000001
0.05250000000000021 0.004571428571419358 0.0006000000000000001
0.05249999999999934 0.003999999999991176 0.0006000000000000001
0.05187500000000049 0.004571428571419358 0.0006000000000000001
0.05187499999999984 0.003999999999991175 0.0006000000000000001
0.05250000000000195 0.005714285714279265 0.0006000000000000001
0.05250000000000108 0.005142857142849311 0.0006000000000000001
0.05187500000000181 0.005714285714279265 0.0006000000000000001
0.05187500000000116 0.005142857142849311 0.0006000000000000001
0.05250000000000369 0.006857142857139632 0.0006000000000000001
0.05250000000000282 0.006285714285709449 0.0006000000000000001
0.05187500000000311 0.006857142857139632 0.0006000000000000001
0.05187500000000245 0.006285714285709447 0.0006000000000000001
0.05250000000000543 0.008 0.0006000000000000001
0.05250000000000456 0.007428571428569815 0.0006000000000000001
0.05187500000000442 0.008 0.0006000000000000001
0.05187500000000377 0.007428571428569817 0.0006000000000000001
0.05374999999998917 0 0.0006000000000000001
0.05374999999999217 0.00114285714285516 0.0006000000000000001
0.05312499999999121 0 0.0006000000000000001
0.05374999999999067 0.00057142857142758 0.0006000000000000001
0.05312499999999358 0.00114285714285516 0.0006000000000000001
0.05312499999999241 0.0005714285714275801 0.0006000000000000001
0.05374999999999516 0.002285714285709134 0.0006000000000000001
0.05374999999999366 0.001714285714282147 0.0006000000000000001
0.05312499999999594 0.002285714285709135 0.0006000000000000001
0.05312499999999477 0.001714285714282148 0.0006000000000000001
0.05374999999999817 0.003428571428562995 0.0006000000000000001
0.05374999999999666 0.002857142857136064 0.0006000000000000001
0.05312499999999831 0.003428571428562994 0.0006000000000000001
0.05312499999999713 0.002857142857136064 0.0006000000000000001
0.05375000000000117 0.004571428571419357 0.0006000000000000001
0.05374999999999967 0.003999999999991176 0.0006000000000000001
0.05312500000000069 0.004571428571419357 0.0006000000000000001
0.0531249999999995 0.003999999999991172 0.0006000000000000001
0.05375000000000416 0.005714285714279265 0.0006000000000000001
0.05375000000000267 0.005142857142849311 0.0006000000000000001
0.05312500000000306 0.005714285714279265 0.0006000000000000001
0.05312500000000186 0.005142857142849311 0.0006000000000000001
0.05375000000000717 0.006857142857139631 0.0006000000000000001
0.05375000000000567 0.006285714285709448 0.0006000000000000001
0.05312500000000543 0.006857142857139632 0.0006000000000000001
0.05312500000000427 0.006285714285709448 0.0006000000000000001
0.05375000000001017 0.008 0.0006000000000000001
0.05375000000000867 0.007428571428569815 0.0006000000000000001
0.0531250000000078 0.008 0.0006000000000000001
0.0531250000000066 0.007428571428569815 0.0006000000000000001
0.05499999999998782 0 0.0006000000000000001
0.05499999999999091 0.00114285714285516 0.0006000000000000001
0.0543749999999885 0 0.0006000000000000001
0.05499999999998936 0.00057142857142758 0.0006000000000000001
0.05437499999999154 0.00114285714285516 0.0006000000000000001
0.05437499999999001 0.0005714285714275801 0.0006000000000000001
0.05499999999999401 0.002285714285709134 0.0006000000000000001
0.05499999999999246 0.001714285714282147 0.0006000000000000001
0.05437499999999459 0.002285714285709134 0.0006000000000000001
0.05437499999999306 0.001714285714282147 0.0006000000000000001
0.05499999999999712 0.003428571428562994 0.0006000000000000001
0.05499999999999557 0.002857142857136064 0.0006000000000000001
0.05437499999999765 0.003428571428562995 0.0006000000000000001
0.05437499999999611 0.002857142857136064 0.0006000000000000001
0.05500000000000019 0.004571428571419357 0.0006000000000000001
0.05499999999999866 0.003999999999991176 0.0006000000000000001
0.05437500000000068 0.004571428571419357 0.0006000000000000001
0.05437499999999917 0.003999999999991174 0.0006000000000000001
0.0550000000000033 0.005714285714279265 0.0006000000000000001
0.05500000000000174 0.005142857142849311 0.0006000000000000001
0.05437500000000373 0.005714285714279265 0.0006000000000000001
0.05437500000000221 0.005142857142849313 0.0006000000000000001
0.05500000000000638 0.006857142857139632 0.0006000000000000001
0.05500000000000484 0.006285714285709449 0.0006000000000000001
0.05437500000000677 0.006857142857139632 0.0006000000000000001
0.05437500000000527 0.00628571428570945 0.0006000000000000001
0.05500000000000949 0.008 0.0006000000000000001
0.05500000000000793 0.007428571428569815 0.0006000000000000001
0.05437500000000983 0.008 0.0006000000000000001
0.05437500000000831 0.007428571428569815 0.0006000000000000001
0.05624999999999188 0 0.0006000000000000001
0.0562499999999939 0.00114285714285516 0.0006000000000000001
0.05562499999998985 0 0.0006000000000000001
0.05624999999999289 0.00057142857142758 0.0006000000000000001
0.0556249999999924 0.00114285714285516 0.0006000000000000001
0.05562499999999113 0.0005714285714275801 0.0006000000000000001
0.05624999999999596 0.002285714285709134 0.0006000000000000001
0.05624999999999493 0.001714285714282147 0.0006000000000000001
0.05562499999999498 0.002285714285709134 0.0006000000000000001
0.0556249999999937 0.001714285714282147 0.0006000000000000001
0.05624999999999797 0.003428571428562994 0.0006000000000000001
0.05624999999999697 0.002857142857136064 0.0006000000000000001
0.05562499999999754 0.003428571428562994 0.0006000000000000001
0.05562499999999627 0.002857142857136064 0.0006000000000000001
0.05625 0.004571428571419357 0.0006000000000000001
0.05624999999999898 0.003999999999991176 0.0006000000000000001
0.05562500000000009 0.004571428571419357 0.0006000000000000001
0.05562499999999882 0.003999999999991176 0.0006000000000000001
0.05625000000000204 0.005714285714279265 0.0006000000000000001
0.05625000000000102 0.005142857142849311 0.0006000000000000001
0.05562500000000267 0.005714285714279265 0.0006000000000000001
0.05562500000000137 0.005142857142849313 0.0006000000000000001
0.05625000000000407 0.006857142857139632 0.0006000000000000001
0.05625000000000305 0.006285714285709449 0.0006000000000000001
0.05562500000000523 0.006857142857139632 0.0006000000000000001
0.05562500000000395 0.006285714285709447 0.0006000000000000001
0.0562500000000061 0.008 0.0006000000000000001
0.05625000000000509 0.007428571428569815 0.0006000000000000001
0.05562500000000779 0.008 0.0006000000000000001
0.0556250000000065 0.007428571428569817 0.0006000000000000001
0.05749999999999324 0 0.0006000000000000001
0.05749999999999459 0.00114285714285516 0.0006000000000000001
0.05687499999999256 0 0.0006000000000000001
0.05749999999999392 0.00057142857142758 0.0006000000000000001
0.05687499999999425 0.00114285714285516 0.0006000000000000001
0.0568749999999934 0.0005714285714275801 0.0006000000000000001
0.05749999999999595 0.002285714285709134 0.0006000000000000001
0.05749999999999527 0.001714285714282147 0.0006000000000000001
0.05687499999999596 0.002285714285709134 0.0006000000000000001
0.0568749999999951 0.001714285714282147 0.0006000000000000001
0.0574999999999973 0.003428571428562995 0.0006000000000000001
0.05749999999999662 0.002857142857136064 0.0006000000000000001
0.05687499999999764 0.003428571428562994 0.0006000000000000001
0.05687499999999679 0.002857142857136064 0.0006000000000000001
0.05749999999999866 0.004571428571419357 0.0006000000000000001
0.05749999999999798 0.003999999999991176 0.0006000000000000001
0.05687499999999933 0.004571428571419357 0.0006000000000000001
0.05687499999999848 0.003999999999991174 0.0006000000000000001
0.05750000000000002 0.005714285714279265 0.0006000000000000001
0.05749999999999934 0.005142857142849311 0.0006000000000000001
0.05687500000000104 0.005714285714279265 0.0006000000000000001
0.05687500000000016 0.005142857142849313 0.0006000000000000001
0.05750000000000134 0.006857142857139632 0.0006000000000000001
0.05750000000000068 0.006285714285709449 0.0006000000000000001
0.0568750000000027 0.006857142857139632 0.0006000000000000001
0.05687500000000187 0.006285714285709447 0.0006000000000000001
0.05750000000000272 0.008 0.0006000000000000001
0.05750000000000204 0.007428571428569815 0.0006000000000000001
0.05687500000000441 0.008 0.0006000000000000001
0.05687500000000355 0.007428571428569817 0.0006000000000000001
0.05874999999999594 0 0.0006000000000000001
0.05874999999999681 0.00114285714285516 0.0006000000000000001
0.05812499999999458 0 0.0006000000000000001
0.05874999999999637 0.00057142857142758 0.0006000000000000001
0.0581249999999957 0.00114285714285516 0.0006000000000000001
0.05812499999999514 0.0005714285714275801 0.0006000000000000001
0.0587499999999977 0.002285714285709134 0.0006000000000000001
0.05874999999999726 0.001714285714282147 0.0006000000000000001
0.05812499999999683 0.002285714285709134 0.0006000000000000001
0.05812499999999626 0.001714285714282147 0.0006000000000000001
0.05874999999999854 0.003428571428562995 0.0006000000000000001
0.05874999999999812 0.002857142857136064 0.0006000000000000001
0.05812499999999793 0.003428571428562995 0.0006000000000000001
0.05812499999999737 0.002857142857136064 0.0006000000000000001
0.05874999999999942 0.004571428571419357 0.0006000000000000001
0.05874999999999898 0.003999999999991176 0.0006000000000000001
0.05812499999999904 0.004571428571419357 0.0006000000000000001
0.05812499999999848 0.003999999999991174 0.0006000000000000001
0.0587500000000003 0.005714285714279265 0.0006000000000000001
0.05874999999999986 0.005142857142849311 0.0006000000000000001
0.05812500000000016 0.005714285714279265 0.0006000000000000001
0.05812499999999959 0.005142857142849313 0.0006000000000000001
0.05875000000000116 0.006857142857139632 0.0006000000000000001
0.05875000000000073 0.006285714285709449 0.0006000000000000001
0.05812500000000125 0.006857142857139632 0.0006000000000000001
0.05812500000000072 0.006285714285709447 0.0006000000000000001
0.05875000000000204 0.008 0.0006000000000000001
0.0587500000000016 0.007428571428569815 0.0006000000000000001
0.05812500000000238 0.008 0.0006000000000000001
0.05812500000000183 0.007428571428569817 0.0006000000000000001
0.05937499999999797 0 0.0006000000000000001
0.05937499999999842 0.00114285714285516 0.0006000000000000001
0.05937499999999819 0.0005714285714275801 0.0006000000000000001
0.05937499999999886 0.002285714285709134 0.0006000000000000001
0.05937499999999865 0.001714285714282147 0.0006000000000000001
0.05937499999999928 0.003428571428562995 0.0006000000000000001
0.05937499999999907 0.002857142857136064 0.0006000000000000001
0.05937499999999972 0.004571428571419357 0.0006000000000000001
0.0593749999999995 0.003999999999991176 0.0006000000000000001
0.05937500000000016 0.005714285714279265 0.0006000000000000001
0.05937499999999993 0.005142857142849311 0.0006000000000000001
0.05937500000000059 0.006857142857139632 0.0006000000000000001
0.05937500000000039 0.006285714285709447 0.0006000000000000001
0.05937500000000102 0.008 0.0006000000000000001
0.05937500000000082 0.007428571428569817 0.0006000000000000001
3 13 0 225
10246
10247
10248
10249
10250
10251
10252
10253
10254
10255
10256
10257
10258
10259
10260
10261
10262
10263
10264
10265
10266
10267
10268
10269
10270
10271
10272
10273
10274
10275
10276
10277
10278
10279
10280
10281
10282
10283
10284
10285
10286
10287
10288
10289
10290
10291
10292
10293
10294
10295
10296
10297
10298
10299
10300
10301
10302
10303
10304
10305
10306
10307
10308
10309
10310
10311
10312
10313
10314
10315
10316
10317
10318
10319
10320
10321
10322
10323
10324
10325
10326
10327
10328
10329
10330
10331
10332
10333
10334
10335
10336
10337
10338
10339
10340
10341
10342
10343
10344
10345
10346
10347
10348
10349
10350
10351
10352
10353
10354
10355
10356
10357
10358
10359
10360
10361
10362
10363
10364
10365
10366
10367
10368
10369
10370
10371
10372
10373
10374
10375
10376
10377
10378
10379
10380
10381
10382
10383
10384
10385
10386
10387
10388
10389
10390
10391
10392
10393
10394
10395
10396
10397
10398
10399
10400
10401
10402
10403
10404
10405
10406
10407
10408
10409
10410
10411
10412
10413
10414
10415
10416
10417
10418
10419
10420
10421
10422
10423
10424
10425
10426
10427
10428
10429
10430
10431
10432
10433
10434
10435
10436
10437
10438
10439
10440
10441
10442
10443
10444
10445
10446
10447
10448
10449
10450
10451
10452
10453
10454
10455
10456
10457
10458
10459
10460
10461
10462
10463
10464
10465
10466
10467
10468
10469
10470
0.06124999999999967 0 0.0002
0.0612500000000006 0.00114285714285516 0.0002
0.06062499999999985 0 0.0002
0.06125000000000014 0.00057142857142758 0.0002
0.0606250000000003 0.00114285714285516 0.0002
0.06062500000000005 0.0005714285714275801 0.0002
0.06125000000000153 0.002285714285709135 0.0002
0.06125000000000107 0.001714285714282148 0.0002
0.06062500000000078 0.002285714285709135 0.0002
0.06062500000000054 0.001714285714282148 0.0002
0.06125000000000243 0.003428571428562995 0.0002
0.06125000000000198 0.002857142857136065 0.0002
0.06062500000000122 0.003428571428562995 0.0002
0.06062500000000102 0.002857142857136065 0.0002
0.06125000000000335 0.004571428571419359 0.0002
0.06125000000000289 0.003999999999991177 0.0002
0.06062500000000168 0.004571428571419359 0.0002
0.06062500000000142 0.003999999999991177 0.0002
0.06125000000000427 0.005714285714279265 0.0002
0.06125000000000382 0.005142857142849311 0.0002
0.06062500000000214 0.005714285714279265 0.0002
0.06062500000000191 0.005142857142849311 0.0002
0.06125000000000518 0.006857142857139632 0.0002
0.06125000000000473 0.006285714285709449 0.0002
0.06062500000000259 0.006857142857139632 0.0002
0.06062500000000237 0.006285714285709447 0.0002
0.06125000000000611 0.008 0.0002
0.06125000000000565 0.007428571428569815 0.0002
0.06062500000000307 0.008 0.0002
0.06062500000000282 0.007428571428569817 0.0002
0.06249999999999391 0 0.0002
0.06249999999999652 0.00114285714285516 0.0002
0.06187499999999679 0 0.0002
0.06249999999999521 0.00057142857142758 0.0002
0.06187499999999856 0.00114285714285516 0.0002
0.06187499999999767 0.0005714285714275801 0.0002
0.06249999999999914 0.002285714285709134 0.0002
0.06249999999999784 0.001714285714282147 0.0002
0.06187500000000033 0.002285714285709135 0.0002
0.06187499999999943 0.001714285714282148 0.0002
0.06250000000000175 0.003428571428562995 0.0002
0.06250000000000044 0.002857142857136064 0.0002
0.06187500000000209 0.003428571428562995 0.0002
0.06187500000000122 0.002857142857136065 0.0002
0.06250000000000439 0.004571428571419357 0.0002
0.06250000000000307 0.003999999999991176 0.0002
0.06187500000000387 0.004571428571419358 0.0002
0.06187500000000298 0.003999999999991177 0.0002
0.06250000000000698 0.005714285714279265 0.0002
0.06250000000000569 0.005142857142849311 0.0002
0.06187500000000562 0.005714285714279265 0.0002
0.06187500000000475 0.005142857142849311 0.0002
0.06250000000000959 0.006857142857139632 0.0002
0.06250000000000829 0.006285714285709449 0.0002
0.06187500000000738 0.006857142857139632 0.0002
0.06187500000000649 0.006285714285709447 0.0002
0.06250000000001221 0.008 0.0002
0.06250000000001091 0.007428571428569815 0.0002
0.06187500000000916 0.008 0.0002
0.0618750000000083 0.007428571428569817 0.0002
0.0637499999999868 0 0.0002
0.06374999999999149 0.00114285714285516 0.0002
0.06312499999999036 0 0.0002
0.06374999999998915 0.00057142857142758 0.0002
0.06312499999999401 0.00114285714285516 0.0002
0.06312499999999217 0.0005714285714275801 0.0002
0.0637499999999962 0.002285714285709134 0.0002
0.06374999999999384 0.001714285714282147 0.0002
0.06312499999999767 0.002285714285709134 0.0002
0.06312499999999585 0.001714285714282147 0.0002
0.06375000000000086 0.003428571428562994 0.0002
0.06374999999999853 0.002857142857136064 0.0002
0.06312500000000131 0.003428571428562995 0.0002
0.06312499999999949 0.002857142857136064 0.0002
0.06375000000000559 0.004571428571419358 0.0002
0.06375000000000322 0.003999999999991176 0.0002
0.06312500000000498 0.004571428571419357 0.0002
0.06312500000000316 0.003999999999991174 0.0002
0.06375000000001026 0.005714285714279265 0.0002
0.06375000000000793 0.005142857142849311 0.0002
0.06312500000000862 0.005714285714279265 0.0002
0.06312500000000681 0.005142857142849311 0.0002
0.06375000000001496 0.006857142857139632 0.0002
0.0637500000000126 0.006285714285709449 0.0002
0.06312500000001228 0.006857142857139632 0.0002
0.06312500000001045 0.006285714285709447 0.0002
0.06375000000001967 0.008 0.0002
0.06375000000001732 0.007428571428569815 0.0002
0.06312500000001595 0.008 0.0002
0.06312500000001411 0.007428571428569817 0.0002
0.06499999999998239 0 0.0002
0.06499999999998722 0.00114285714285516 0.0002
0.0643749999999846 0 0.0002
0.06499999999998481 0.00057142857142758 0.0002
0.06437499999998936 0.00114285714285516 0.0002
0.06437499999998698 0.0005714285714275801 0.0002
0.06499999999999205 0.002285714285709134 0.0002
0.06499999999998964 0.001714285714282147 0.0002
0.06437499999999413 0.002285714285709134 0.0002
0.06437499999999174 0.001714285714282147 0.0002
0.06499999999999689 0.003428571428562994 0.0002
0.06499999999999448 0.002857142857136064 0.0002
0.06437499999999888 0.003428571428562994 0.0002
0.06437499999999652 0.002857142857136064 0.0002
0.06500000000000175 0.004571428571419356 0.0002
0.06499999999999932 0.003999999999991176 0.0002
0.06437500000000368 0.004571428571419357 0.0002
0.06437500000000126 0.003999999999991174 0.0002
0.06500000000000659 0.005714285714279265 0.0002
0.06500000000000417 0.00514285714284931 0.0002
0.06437500000000843 0.005714285714279265 0.0002
0.06437500000000607 0.005142857142849312 0.0002
0.06500000000001142 0.006857142857139632 0.0002
0.06500000000000901 0.006285714285709449 0.0002
0.0643750000000132 0.006857142857139632 0.0002
0.06437500000001081 0.006285714285709447 0.0002
0.06500000000001627 0.008 0.0002
0.06500000000001385 0.007428571428569815 0.0002
0.06437500000001797 0.008 0.0002
0.06437500000001561 0.007428571428569817 0.0002
0.06624999999998883 0 0.0002
0.06624999999999071 0.00114285714285516 0.0002
0.06562499999998561 0 0.0002
0.06624999999998976 0.00057142857142758 0.0002
0.06562499999998897 0.00114285714285516 0.0002
0.0656249999999873 0.0005714285714275801 0.0002
0.06624999999999261 0.002285714285709135 0.0002
0.06624999999999165 0.001714285714282148 0.0002
0.06562499999999233 0.002285714285709135 0.0002
0.06562499999999064 0.001714285714282148 0.0002
0.06624999999999449 0.003428571428562995 0.0002
0.06624999999999355 0.002857142857136065 0.0002
0.06562499999999569 0.003428571428562994 0.0002
0.06562499999999402 0.002857142857136064 0.0002
0.06624999999999638 0.004571428571419357 0.0002
0.06624999999999544 0.003999999999991176 0.0002
0.06562499999999907 0.004571428571419357 0.0002
0.06562499999999738 0.003999999999991176 0.0002
0.06624999999999827 0.005714285714279265 0.0002
0.06624999999999732 0.005142857142849311 0.0002
0.06562500000000243 0.005714285714279265 0.0002
0.06562500000000074 0.005142857142849312 0.0002
0.06625000000000016 0.006857142857139631 0.0002
0.06624999999999921 0.006285714285709448 0.0002
0.06562500000000579 0.006857142857139632 0.0002
0.0656250000000041 0.006285714285709448 0.0002
0.06625000000000204 0.008 0.0002
0.0662500000000011 0.007428571428569815 0.0002
0.06562500000000915 0.008 0.0002
0.06562500000000751 0.007428571428569815 0.0002
0.06749999999998714 0 0.0002
0.06749999999998918 0.00114285714285516 0.0002
0.06687499999998799 0 0.0002
0.06749999999998815 0.00057142857142758 0.0002
0.06687499999998994 0.00114285714285516 0.0002
0.06687499999998898 0.0005714285714275801 0.0002
0.06749999999999122 0.002285714285709135 0.0002
0.06749999999999021 0.001714285714282148 0.0002
0.06687499999999191 0.002285714285709135 0.0002
0.06687499999999091 0.001714285714282148 0.0002
0.06749999999999323 0.003428571428562994 0.0002
0.06749999999999223 0.002857142857136064 0.0002
0.06687499999999386 0.003428571428562995 0.0002
0.06687499999999288 0.002857142857136064 0.0002
0.06749999999999529 0.004571428571419357 0.0002
0.06749999999999426 0.003999999999991176 0.0002
0.06687499999999583 0.004571428571419357 0.0002
0.06687499999999486 0.003999999999991174 0.0002
0.06749999999999731 0.005714285714279265 0.0002
0.0674999999999963 0.005142857142849311 0.0002
0.0668749999999978 0.005714285714279265 0.0002
0.0668749999999968 0.005142857142849313 0.0002
0.06749999999999934 0.006857142857139631 0.0002
0.06749999999999833 0.006285714285709448 0.0002
0.06687499999999974 0.006857142857139631 0.0002
0.06687499999999877 0.006285714285709449 0.0002
0.06750000000000136 0.008 0.0002
0.06750000000000035 0.007428571428569815 0.0002
0.06687500000000171 0.008 0.0002
0.06687500000000074 0.007428571428569814 0.0002
0.06874999999999357 0 0.0002
0.06874999999999419 0.00114285714285516 0.0002
0.06812499999999036 0 0.0002
0.06874999999999387 0.00057142857142758 0.0002
0.06812499999999169 0.00114285714285516 0.0002
0.06812499999999103 0.0005714285714275801 0.0002
0.06874999999999483 0.002285714285709134 0.0002
0.06874999999999451 0.001714285714282147 0.0002
0.06812499999999302 0.002285714285709135 0.0002
0.06812499999999236 0.001714285714282148 0.0002
0.06874999999999548 0.003428571428562995 0.0002
0.06874999999999515 0.002857142857136064 0.0002
0.06812499999999436 0.003428571428562994 0.0002
0.06812499999999369 0.002857142857136064 0.0002
0.06874999999999608 0.004571428571419357 0.0002
0.06874999999999579 0.003999999999991176 0.0002
0.06812499999999569 0.004571428571419357 0.0002
0.06812499999999505 0.003999999999991174 0.0002
0.06874999999999672 0.005714285714279266 0.0002
0.0687499999999964 0.005142857142849311 0.0002
0.06812499999999702 0.005714285714279265 0.0002
0.06812499999999638 0.005142857142849313 0.0002
0.06874999999999735 0.006857142857139633 0.0002
0.06874999999999704 0.00628571428570945 0.0002
0.06812499999999835 0.006857142857139632 0.0002
0.06812499999999769 0.006285714285709448 0.0002
0.06874999999999798 0.008 0.0002
0.06874999999999767 0.007428571428569817 0.0002
0.06812499999999967 0.008 0.0002
0.06812499999999902 0.007428571428569817 0.0002
0.06937499999999679 0 0.0002
0.06937499999999711 0.00114285714285516 0.0002
0.06937499999999691 0.0005714285714275801 0.0002
0.06937499999999741 0.002285714285709134 0.0002
0.06937499999999722 0.001714285714282147 0.0002
0.06937499999999774 0.003428571428562995 0.0002
0.06937499999999758 0.002857142857136064 0.0002
0.06937499999999805 0.004571428571419357 0.0002
0.06937499999999791 0.003999999999991176 0.0002
0.06937499999999835 0.005714285714279265 0.0002
0.06937499999999819 0.005142857142849313 0.0002
0.06937499999999869 0.006857142857139632 0.0002
0.06937499999999852 0.006285714285709449 0.0002
0.06937499999999899 0.008 0.0002
0.06937499999999885 0.007428571428569817 0.0002
3 14 0 225
10471
10472
10473
10474
10475
10476
10477
10478
10479
10480
10481
10482
10483
10484
10485
10486
10487
10488
10489
10490
10491
10492
10493
10494
10495
10496
10497
10498
10499
10500
10501
10502
10503
10504
10505
10506
10507
10508
10509
10510
10511
10512
10513
10514
10515
10516
10517
10518
10519
10520
10521
10522
10523
10524
10525
10526
10527
10528
10529
10530
10531
10532
10533
10534
10535
10536
10537
10538
10539
10540
10541
10542
10543
10544
10545
10546
10547
10548
10549
10550
10551
10552
10553
10554
10555
10556
10557
10558
10559
10560
10561
10562
10563
10564
10565
10566
10567
10568
10569
10570
10571
10572
10573
10574
10575
10576
10577
10578
10579
10580
10581
10582
10583
10584
10585
10586
10587
10588
10589
10590
10591
10592
10593
10594
10595
10596
10597
10598
10599
10600
10601
10602
10603
10604
10605
10606
10607
10608
10609
10610
10611
10612
10613
10614
10615
10616
10617
10618
10619
10620
10621
10622
10623
10624
10625
10626
10627
10628
10629
10630
10631
10632
10633
10634
10635
10636
10637
10638
10639
10640
10641
10642
10643
10644
10645
10646
10647
10648
10649
10650
10651
10652
10653
10654
10655
10656
10657
10658
10659
10660
10661
10662
10663
10664
10665
10666
10667
10668
10669
10670
10671
10672
10673
10674
10675
10676
10677
10678
10679
10680
10681
10682
10683
10684
10685
10686
10687
10688
10689
10690
10691
10692
10693
10694
10695
0.06124999999999967 0 0.0006000000000000001
0.0612500000000006 0.00114285714285516 0.0006000000000000001
0.06062499999999985 0 0.0006000000000000001
0.06125000000000014 0.00057142857142758 0.0006000000000000001
0.0606250000000003 0.00114285714285516 0.0006000000000000001
0.06062500000000005 0.0005714285714275801 0.0006000000000000001
0.06125000000000153 0.002285714285709135 0.0006000000000000001
0.06125000000000107 0.001714285714282148 0.0006000000000000001
0.06062500000000078 0.002285714285709135 0.0006000000000000001
0.06062500000000054 0.001714285714282148 0.0006000000000000001
0.06125000000000243 0.003428571428562995 0.0006000000000000001
0.06125000000000198 0.002857142857136065 0.0006000000000000001
0.06062500000000122 0.003428571428562995 0.0006000000000000001
0.06062500000000102 0.002857142857136065 0.0006000000000000001
0.06125000000000335 0.004571428571419359 0.0006000000000000001
0.06125000000000289 0.003999999999991177 0.0006000000000000001
0.06062500000000168 0.004571428571419359 0.0006000000000000001
0.06062500000000142 0.003999999999991177 0.0006000000000000001
0.06125000000000427 0.005714285714279265 0.0006000000000000001
0.06125000000000382 0.005142857142849311 0.0006000000000000001
0.06062500000000214 0.005714285714279265 0.0006000000000000001
0.06062500000000191 0.005142857142849311 0.0006000000000000001
0.06125000000000518 0.006857142857139632 0.0006000000000000001
0.06125000000000473 0.006285714285709449 0.0006000000000000001
0.06062500000000259 0.006857142857139632 0.0006000000000000001
0.06062500000000237 0.006285714285709447 0.0006000000000000001
0.06125000000000611 0.008 0.0006000000000000001
0.06125000000000565 0.007428571428569815 0.0006000000000000001
0.06062500000000307 0.008 0.0006000000000000001
0.06062500000000282 0.007428571428569817 0.0006000000000000001
0.06249999999999391 0 0.0006000000000000001
0.06249999999999652 0.00114285714285516 0.0006000000000000001
0.06187499999999679 0 0.0006000000000000001
0.06249999999999521 0.00057142857142758 0.0006000000000000001
0.06187499999999856 0.00114285714285516 0.0006000000000000001
0.06187499999999767 0.0005714285714275801 0.0006000000000000001
0.06249999999999914 0.002285714285709134 0.0006000000000000001
0.06249999999999784 0.001714285714282147 0.0006000000000000001
0.06187500000000033 0.002285714285709135 0.0006000000000000001
0.06187499999999943 0.001714285714282148 0.0006000000000000001
0.06250000000000175 0.003428571428562995 0.0006000000000000001
0.06250000000000044 0.002857142857136064 0.0006000000000000001
0.06187500000000209 0.003428571428562995 0.0006000000000000001
0.06187500000000122 0.002857142857136065 0.0006000000000000001
0.06250000000000439 0.004571428571419357 0.0006000000000000001
0.06250000000000307 0.003999999999991176 0.0006000000000000001
0.06187500000000387 0.004571428571419358 0.0006000000000000001
0.06187500000000298 0.003999999999991177 0.0006000000000000001
0.06250000000000698 0.005714285714279265 0.0006000000000000001
0.06250000000000569 0.005142857142849311 0.0006000000000000001
0.06187500000000562 0.005714285714279265 0.0006000000000000001
0.06187500000000475 0.005142857142849311 0.0006000000000000001
0.06250000000000959 0.006857142857139632 0.0006000000000000001
0.06250000000000829 0.006285714285709449 0.0006000000000000001
0.06187500000000738 0.006857142857139632 0.0006000000000000001
0.06187500000000649 0.006285714285709447 0.0006000000000000001
0.06250000000001221 0.008 0.0006000000000000001
0.06250000000001091 0.007428571428569815 0.0006000000000000001
0.06187500000000916 0.008 0.0006000000000000001
0.0618750000000083 0.007428571428569817 0.0006000000000000001
0.0637499999999868 0 0.0006000000000000001
0.06374999999999149 0.00114285714285516 0.0006000000000000001
0.06312499999999036 0 0.0006000000000000001
0.06374999999998915 0.00057142857142758 0.0006000000000000001
0.06312499999999401 0.00114285714285516 0.0006000000000000001
0.06312499999999217 0.0005714285714275801 0.0006000000000000001
0.0637499999999962 0.002285714285709134 0.0006000000000000001
0.06374999999999384 0.001714285714282147 0.0006000000000000001
0.06312499999999767 0.002285714285709134 0.0006000000000000001
0.06312499999999585 0.001714285714282147 0.0006000000000000001
0.06375000000000086 0.003428571428562994 0.0006000000000000001
0.06374999999999853 0.002857142857136064 0.0006000000000000001
0.06312500000000131 0.003428571428562995 0.0006000000000000001
0.06312499999999949 0.002857142857136064 0.0006000000000000001
0.06375000000000559 0.004571428571419358 0.0006000000000000001
0.06375000000000322 0.003999999999991176 0.0006000000000000001
0.06312500000000498 0.004571428571419357 0.0006000000000000001
0.06312500000000316 0.003999999999991174 0.0006000000000000001
0.06375000000001026 0.005714285714279265 0.0006000000000000001
0.06375000000000793 0.005142857142849311 0.0006000000000000001
0.06312500000000862 0.005714285714279265 0.0006000000000000001
0.06312500000000681 0.005142857142849311 0.0006000000000000001
0.06375000000001496 0.006857142857139632 0.0006000000000000001
0.0637500000000126 0.006285714285709449 0.0006000000000000001
0.06312500000001228 0.006857142857139632 0.0006000000000000001
0.06312500000001045 0.006285714285709447 0.0006000000000000001
0.06375000000001967 0.008 0.0006000000000000001
0.06375000000001732 0.007428571428569815 0.0006000000000000001
0.06312500000001595 0.008 0.0006000000000000001
0.06312500000001411 0.007428571428569817 0.0006000000000000001
0.06499999999998239 0 0.0006000000000000001
0.06499999999998722 0.00114285714285516 0.0006000000000000001
0.0643749999999846 0 0.0006000000000000001
0.06499999999998481 0.00057142857142758 0.0006000000000000001
0.06437499999998936 0.00114285714285516 0.0006000000000000001
0.06437499999998698 0.0005714285714275801 0.0006000000000000001
0.06499999999999205 0.002285714285709134 0.0006000000000000001
0.06499999999998964 0.001714285714282147 0.0006000000000000001
0.06437499999999413 0.002285714285709134 0.0006000000000000001
0.06437499999999174 0.001714285714282147 0.0006000000000000001
0.06499999999999689 0.003428571428562994 0.0006000000000000001
0.06499999999999448 0.002857142857136064 0.0006000000000000001
0.06437499999999888 0.003428571428562994 0.0006000000000000001
0.06437499999999652 0.002857142857136064 0.0006000000000000001
0.06500000000000175 0.004571428571419356 0.0006000000000000001
0.06499999999999932 0.003999999999991176 0.0006000000000000001
0.06437500000000368 0.004571428571419357 0.0006000000000000001
0.06437500000000126 0.003999999999991174 0.0006000000000000001
0.06500000000000659 0.005714285714279265 0.0006000000000000001
0.06500000000000417 0.00514285714284931 0.0006000000000000001
0.06437500000000843 0.005714285714279265 0.0006000000000000001
0.06437500000000607 0.005142857142849312 0.0006000000000000001
0.06500000000001142 0.006857142857139632 0.0006000000000000001
0.06500000000000901 0.006285714285709449 0.0006000000000000001
0.0643750000000132 0.006857142857139632 0.0006000000000000001
0.06437500000001081 0.006285714285709447 0.0006000000000000001
0.06500000000001627 0.008 0.0006000000000000001
0.06500000000001385 0.007428571428569815 0.0006000000000000001
0.06437500000001797 0.008 0.0006000000000000001
0.06437500000001561 0.007428571428569817 0.0006000000000000001
0.06624999999998883 0 0.0006000000000000001
0.06624999999999071 0.00114285714285516 0.0006000000000000001
0.06562499999998561 0 0.0006000000000000001
0.06624999999998976 0.00057142857142758 0.0006000000000000001
0.06562499999998897 0.00114285714285516 0.0006000000000000001
0.0656249999999873 0.0005714285714275801 0.0006000000000000001
0.06624999999999261 0.002285714285709135 0.0006000000000000001
0.06624999999999165 0.001714285714282148 0.0006000000000000001
0.06562499999999233 0.002285714285709135 0.0006000000000000001
0.06562499999999064 0.001714285714282148 0.0006000000000000001
0.06624999999999449 0.003428571428562995 0.0006000000000000001
0.06624999999999355 0.002857142857136065 0.0006000000000000001
0.06562499999999569 0.003428571428562994 0.0006000000000000001
0.06562499999999402 0.002857142857136064 0.0006000000000000001
0.06624999999999638 0.004571428571419357 0.0006000000000000001
0.06624999999999544 0.003999999999991176 0.0006000000000000001
0.06562499999999907 0.004571428571419357 0.0006000000000000001
0.06562499999999738 0.003999999999991176 0.0006000000000000001
0.06624999999999827 0.005714285714279265 0.0006000000000000001
0.06624999999999732 0.005142857142849311 0.0006000000000000001
0.06562500000000243 0.005714285714279265 0.0006000000000000001
0.06562500000000074 0.005142857142849312 0.0006000000000000001
0.06625000000000016 0.006857142857139631 0.0006000000000000001
0.06624999999999921 0.006285714285709448 0.0006000000000000001
0.06562500000000579 0.006857142857139632 0.0006000000000000001
0.0656250000000041 0.006285714285709448 0.0006000000000000001
0.06625000000000204 0.008 0.0006000000000000001
0.0662500000000011 0.007428571428569815 0.0006000000000000001
0.06562500000000915 0.008 0.0006000000000000001
0.06562500000000751 0.007428571428569815 0.0006000000000000001
0.06749999999998714 0 0.0006000000000000001
0.06749999999998918 0.00114285714285516 0.0006000000000000001
0.06687499999998799 0 0.0006000000000000001
0.06749999999998815 0.00057142857142758 0.0006000000000000001
0.06687499999998994 0.00114285714285516 0.0006000000000000001
0.06687499999998898 0.0005714285714275801 0.0006000000000000001
0.06749999999999122 0.002285714285709135 0.0006000000000000001
0.06749999999999021 0.001714285714282148 0.0006000000000000001
0.06687499999999191 0.002285714285709135 0.0006000000000000001
0.06687499999999091 0.001714285714282148 0.0006000000000000001
0.06749999999999323 0.003428571428562994 0.0006000000000000001
0.06749999999999223 0.002857142857136064 0.0006000000000000001
0.06687499999999386 0.003428571428562995 0.0006000000000000001
0.06687499999999288 0.002857142857136064 0.0006000000000000001
0.06749999999999529 0.004571428571419357 0.0006000000000000001
0.06749999999999426 0.003999999999991176 0.0006000000000000001
0.06687499999999583 0.004571428571419357 0.0006000000000000001
0.06687499999999486 0.003999999999991174 0.0006000000000000001
0.06749999999999731 0.005714285714279265 0.0006000000000000001
0.0674999999999963 0.005142857142849311 0.0006000000000000001
0.0668749999999978 0.005714285714279265 0.0006000000000000001
0.0668749999999968 0.005142857142849313 0.0006000000000000001
0.06749999999999934 0.006857142857139631 0.0006000000000000001
0.06749999999999833 0.006285714285709448 0.0006000000000000001
0.06687499999999974 0.006857142857139631 0.0006000000000000001
0.06687499999999877 0.006285714285709449 0.0006000000000000001
0.06750000000000136 0.008 0.0006000000000000001
0.06750000000000035 0.007428571428569815 0.0006000000000000001
0.06687500000000171 0.008 0.0006000000000000001
0.06687500000000074 0.007428571428569814 0.0006000000000000001
0.06874999999999357 0 0.0006000000000000001
0.06874999999999419 0.00114285714285516 0.0006000000000000001
0.06812499999999036 0 0.0006000000000000001
0.06874999999999387 0.00057142857142758 0.0006000000000000001
0.06812499999999169 0.00114285714285516 0.0006000000000000001
0.06812499999999103 0.0005714285714275801 0.0006000000000000001
0.06874999999999483 0.002285714285709134 0.0006000000000000001
0.06874999999999451 0.001714285714282147 0.0006000000000000001
0.06812499999999302 0.002285714285709135 0.0006000000000000001
0.06812499999999236 0.001714285714282148 0.0006000000000000001
0.06874999999999548 0.003428571428562995 0.0006000000000000001
0.06874999999999515 0.002857142857136064 0.0006000000000000001
0.06812499999999436 0.003428571428562994 0.0006000000000000001
0.06812499999999369 0.002857142857136064 0.0006000000000000001
0.06874999999999608 0.004571428571419357 0.0006000000000000001
0.06874999999999579 0.003999999999991176 0.0006000000000000001
0.06812499999999569 0.004571428571419357 0.0006000000000000001
0.06812499999999505 0.003999999999991174 0.0006000000000000001
0.06874999999999672 0.005714285714279266 0.0006000000000000001
0.0687499999999964 0.005142857142849311 0.0006000000000000001
0.06812499999999702 0.005714285714279265 0.0006000000000000001
0.06812499999999638 0.005142857142849313 0.0006000000000000001
0.06874999999999735 0.006857142857139633 0.0006000000000000001
0.06874999999999704 0.00628571428570945 0.0006000000000000001
0.06812499999999835 0.006857142857139632 0.0006000000000000001
0.06812499999999769 0.006285714285709448 0.0006000000000000001
0.06874999999999798 0.008 0.0006000000000000001
0.06874999999999767 0.007428571428569817 0.0006000000000000001
0.06812499999999967 0.008 0.0006000000000000001
0.06812499999999902 0.007428571428569817 0.0006000000000000001
0.06937499999999679 0 0.0006000000000000001
0.06937499999999711 0.00114285714285516 0.0006000000000000001
0.06937499999999691 0.0005714285714275801 0.0006000000000000001
0.06937499999999741 0.002285714285709134 0.0006000000000000001
0.06937499999999722 0.001714285714282147 0.0006000000000000001
0.06937499999999774 0.003428571428562995 0.0006000000000000001
0.06937499999999758 0.002857142857136064 0.0006000000000000001
0.06937499999999805 0.004571428571419357 0.0006000000000000001
0.06937499999999791 0.003999999999991176 0.0006000000000000001
0.06937499999999835 0.005714285714279265 0.0006000000000000001
0.06937499999999819 0.005142857142849313 0.0006000000000000001
0.06937499999999869 0.006857142857139632 0.0006000000000000001
0.06937499999999852 0.006285714285709449 0.0006000000000000001
0.06937499999999899 0.008 0.0006000000000000001
0.06937499999999885 0.007428571428569817 0.0006000000000000001
3 15 0 225
10696
10697
10698
10699
10700
10701
10702
10703
10704
10705
10706
10707
10708
10709
10710
10711
10712
10713
10714
10715
10716
10717
10718
10719
10720
10721
10722
10723
10724
10725
10726
10727
10728
10729
10730
10731
10732
10733
10734
10735
10736
10737
10738
10739
10740
10741
10742
10743
10744
10745
10746
10747
10748
10749
10750
10751
10752
10753
10754
10755
10756
10757
10758
10759
10760
10761
10762
10763
10764
10765
10766
10767
10768
10769
10770
10771
10772
10773
10774
10775
10776
10777
10778
10779
10780
10781
10782
10783
10784
10785
10786
10787
10788
10789
10790
10791
10792
10793
10794
10795
10796
10797
10798
10799
10800
10801
10802
10803
10804
10805
10806
10807
10808
10809
10810
10811
10812
10813
10814
10815
10816
10817
10818
10819
10820
10821
10822
10823
10824
10825
10826
10827
10828
10829
10830
10831
10832
10833
10834
10835
10836
10837
10838
10839
10840
10841
10842
10843
10844
10845
10846
10847
10848
10849
10850
10851
10852
10853
10854
10855
10856
10857
10858
10859
10860
10861
10862
10863
10864
10865
10866
10867
10868
10869
10870
10871
10872
10873
10874
10875
10876
10877
10878
10879
10880
10881
10882
10883
10884
10885
10886
10887
10888
10889
10890
10891
10892
10893
10894
10895
10896
10897
10898
10899
10900
10901
10902
10903
10904
10905
10906
10907
10908
10909
10910
10911
10912
10913
10914
10915
10916
10917
10918
10919
10920
0.07124999999999458 0 0.0002
0.07124999999999612 0.00114285714285516 0.0002
0.0706249999999973 0 0.0002
0.07124999999999534 0.00057142857142758 0.0002
0.07062499999999806 0.00114285714285516 0.0002
0.07062499999999769 0.0005714285714275801 0.0002
0.07124999999999768 0.002285714285709134 0.0002
0.0712499999999969 0.001714285714282147 0.0002
0.07062499999999884 0.002285714285709134 0.0002
0.07062499999999847 0.001714285714282147 0.0002
0.07124999999999923 0.003428571428562995 0.0002
0.07124999999999845 0.002857142857136064 0.0002
0.07062499999999962 0.003428571428562995 0.0002
0.07062499999999924 0.002857142857136064 0.0002
0.07125000000000078 0.004571428571419357 0.0002
0.07125000000000001 0.003999999999991176 0.0002
0.0706250000000004 0.004571428571419357 0.0002
0.07062500000000002 0.003999999999991174 0.0002
0.07125000000000234 0.005714285714279265 0.0002
0.07125000000000156 0.005142857142849311 0.0002
0.07062500000000117 0.005714285714279265 0.0002
0.0706250000000008 0.005142857142849311 0.0002
0.07125000000000389 0.006857142857139632 0.0002
0.07125000000000312 0.006285714285709449 0.0002
0.07062500000000195 0.006857142857139632 0.0002
0.07062500000000158 0.006285714285709447 0.0002
0.07125000000000543 0.008 0.0002
0.07125000000000467 0.007428571428569815 0.0002
0.07062500000000271 0.008 0.0002
0.07062500000000234 0.007428571428569817 0.0002
0.07249999999998916 0 0.0002
0.07249999999999228 0.00114285714285516 0.0002
0.07187499999999186 0 0.0002
0.07249999999999071 0.00057142857142758 0.0002
0.07187499999999419 0.00114285714285516 0.0002
0.07187499999999303 0.0005714285714275801 0.0002
0.07249999999999535 0.002285714285709134 0.0002
0.07249999999999382 0.001714285714282147 0.0002
0.07187499999999651 0.002285714285709134 0.0002
0.07187499999999541 0.001714285714282147 0.0002
0.07249999999999845 0.003428571428562995 0.0002
0.0724999999999969 0.002857142857136064 0.0002
0.07187499999999884 0.003428571428562995 0.0002
0.07187499999999769 0.002857142857136064 0.0002
0.07250000000000158 0.004571428571419358 0.0002
0.07250000000000001 0.003999999999991176 0.0002
0.07187500000000119 0.004571428571419357 0.0002
0.07187500000000002 0.003999999999991176 0.0002
0.07250000000000464 0.005714285714279265 0.0002
0.07250000000000312 0.005142857142849311 0.0002
0.07187500000000349 0.005714285714279265 0.0002
0.07187500000000235 0.005142857142849311 0.0002
0.07250000000000777 0.006857142857139632 0.0002
0.0725000000000062 0.006285714285709449 0.0002
0.07187500000000582 0.006857142857139632 0.0002
0.07187500000000466 0.006285714285709447 0.0002
0.07250000000001085 0.008 0.0002
0.07250000000000931 0.007428571428569815 0.0002
0.07187500000000814 0.008 0.0002
0.07187500000000699 0.007428571428569817 0.0002
0.07374999999998375 0 0.0002
0.07374999999998841 0.00114285714285516 0.0002
0.07312499999998645 0 0.0002
0.07374999999998608 0.00057142857142758 0.0002
0.07312499999999034 0.00114285714285516 0.0002
0.07312499999998839 0.0005714285714275801 0.0002
0.07374999999999302 0.002285714285709134 0.0002
0.07374999999999071 0.001714285714282147 0.0002
0.07312499999999418 0.002285714285709134 0.0002
0.07312499999999228 0.001714285714282147 0.0002
0.07374999999999768 0.003428571428562994 0.0002
0.07374999999999535 0.002857142857136064 0.0002
0.07312499999999807 0.003428571428562995 0.0002
0.07312499999999611 0.002857142857136064 0.0002
0.07375000000000234 0.004571428571419357 0.0002
0.07375000000000001 0.003999999999991176 0.0002
0.07312500000000197 0.004571428571419357 0.0002
0.07312500000000004 0.003999999999991174 0.0002
0.07375000000000698 0.005714285714279265 0.0002
0.07375000000000466 0.005142857142849311 0.0002
0.07312500000000581 0.005714285714279265 0.0002
0.07312500000000391 0.005142857142849311 0.0002
0.07375000000001161 0.006857142857139632 0.0002
0.07375000000000929 0.006285714285709449 0.0002
0.07312500000000968 0.006857142857139632 0.0002
0.07312500000000774 0.006285714285709447 0.0002
0.07375000000001627 0.008 0.0002
0.07375000000001394 0.007428571428569815 0.0002
0.07312500000001357 0.008 0.0002
0.07312500000001163 0.007428571428569817 0.0002
0.07499999999997832 0 0.0002
0.07499999999998448 0.00114285714285516 0.0002
0.07437499999998104 0 0.0002
0.0749999999999814 0.00057142857142758 0.0002
0.07437499999998645 0.00114285714285516 0.0002
0.07437499999998379 0.0005714285714275801 0.0002
0.07499999999999073 0.002285714285709134 0.0002
0.0749999999999876 0.001714285714282147 0.0002
0.07437499999999186 0.002285714285709134 0.0002
0.07437499999998914 0.001714285714282147 0.0002
0.0749999999999969 0.003428571428562995 0.0002
0.07499999999999382 0.002857142857136064 0.0002
0.07437499999999729 0.003428571428562994 0.0002
0.07437499999999458 0.002857142857136064 0.0002
0.07500000000000309 0.004571428571419358 0.0002
0.075 0.003999999999991176 0.0002
0.07437500000000272 0.004571428571419357 0.0002
0.07437500000000001 0.003999999999991174 0.0002
0.07500000000000931 0.005714285714279265 0.0002
0.0750000000000062 0.005142857142849311 0.0002
0.07437500000000814 0.005714285714279265 0.0002
0.07437500000000541 0.005142857142849311 0.0002
0.0750000000000155 0.006857142857139632 0.0002
0.0750000000000124 0.006285714285709449 0.0002
0.07437500000001356 0.006857142857139632 0.0002
0.07437500000001085 0.006285714285709447 0.0002
0.0750000000000217 0.008 0.0002
0.07500000000001861 0.007428571428569815 0.0002
0.07437500000001898 0.008 0.0002
0.07437500000001632 0.007428571428569817 0.0002
0.07624999999998375 0 0.0002
0.07624999999998841 0.00114285714285516 0.0002
0.07562499999998104 0 0.0002
0.07624999999998608 0.00057142857142758 0.0002
0.07562499999998645 0.00114285714285516 0.0002
0.07562499999998376 0.0005714285714275801 0.0002
0.07624999999999303 0.002285714285709134 0.0002
0.07624999999999071 0.001714285714282147 0.0002
0.07562499999999188 0.002285714285709134 0.0002
0.07562499999998915 0.001714285714282147 0.0002
0.07624999999999768 0.003428571428562994 0.0002
0.07624999999999535 0.002857142857136064 0.0002
0.07562499999999729 0.003428571428562995 0.0002
0.07562499999999459 0.002857142857136064 0.0002
0.07625000000000234 0.004571428571419357 0.0002
0.07625000000000001 0.003999999999991176 0.0002
0.07562500000000272 0.004571428571419357 0.0002
0.07562499999999998 0.003999999999991174 0.0002
0.07625000000000698 0.005714285714279265 0.0002
0.07625000000000466 0.005142857142849311 0.0002
0.07562500000000814 0.005714285714279265 0.0002
0.07562500000000541 0.005142857142849311 0.0002
0.07625000000001164 0.006857142857139632 0.0002
0.07625000000000931 0.006285714285709449 0.0002
0.07562500000001357 0.006857142857139632 0.0002
0.07562500000001086 0.006285714285709447 0.0002
0.07625000000001628 0.008 0.0002
0.07625000000001396 0.007428571428569815 0.0002
0.07562500000001898 0.008 0.0002
0.07562500000001632 0.007428571428569817 0.0002
0.07749999999998917 0 0.0002
0.07749999999999228 0.00114285714285516 0.0002
0.07687499999998645 0 0.0002
0.07749999999999073 0.00057142857142758 0.0002
0.07687499999999034 0.00114285714285516 0.0002
0.0768749999999884 0.0005714285714275801 0.0002
0.07749999999999536 0.002285714285709134 0.0002
0.07749999999999382 0.001714285714282147 0.0002
0.0768749999999942 0.002285714285709134 0.0002
0.07687499999999228 0.001714285714282147 0.0002
0.07749999999999847 0.003428571428562995 0.0002
0.07749999999999692 0.002857142857136064 0.0002
0.07687499999999808 0.003428571428562994 0.0002
0.07687499999999614 0.002857142857136064 0.0002
0.07750000000000158 0.004571428571419358 0.0002
0.07750000000000003 0.003999999999991176 0.0002
0.07687500000000197 0.004571428571419357 0.0002
0.07687500000000003 0.003999999999991174 0.0002
0.07750000000000468 0.005714285714279265 0.0002
0.07750000000000312 0.005142857142849311 0.0002
0.07687500000000583 0.005714285714279265 0.0002
0.07687500000000391 0.005142857142849311 0.0002
0.07750000000000777 0.006857142857139632 0.0002
0.07750000000000623 0.006285714285709449 0.0002
0.07687500000000971 0.006857142857139632 0.0002
0.0768750000000078 0.006285714285709447 0.0002
0.07750000000001087 0.008 0.0002
0.07750000000000931 0.007428571428569815 0.0002
0.07687500000001357 0.008 0.0002
0.07687500000001166 0.007428571428569817 0.0002
0.07874999999999459 0 0.0002
0.07874999999999613 0.00114285714285516 0.0002
0.07812499999999188 0 0.0002
0.07874999999999535 0.00057142857142758 0.0002
0.0781249999999942 0.00114285714285516 0.0002
0.07812499999999301 0.0005714285714275801 0.0002
0.07874999999999768 0.002285714285709134 0.0002
0.07874999999999691 0.001714285714282147 0.0002
0.07812499999999653 0.002285714285709134 0.0002
0.07812499999999536 0.001714285714282147 0.0002
0.07874999999999924 0.003428571428562995 0.0002
0.07874999999999846 0.002857142857136064 0.0002
0.07812499999999886 0.003428571428562995 0.0002
0.0781249999999977 0.002857142857136064 0.0002
0.07875000000000079 0.004571428571419357 0.0002
0.07875000000000001 0.003999999999991176 0.0002
0.07812500000000119 0.004571428571419357 0.0002
0.07812500000000003 0.003999999999991174 0.0002
0.07875000000000236 0.005714285714279265 0.0002
0.07875000000000157 0.005142857142849311 0.0002
0.07812500000000352 0.005714285714279265 0.0002
0.07812500000000233 0.005142857142849311 0.0002
0.07875000000000391 0.006857142857139632 0.0002
0.07875000000000314 0.006285714285709449 0.0002
0.07812500000000584 0.006857142857139632 0.0002
0.07812500000000469 0.006285714285709447 0.0002
0.07875000000000544 0.008 0.0002
0.07875000000000468 0.007428571428569815 0.0002
0.07812500000000816 0.008 0.0002
0.07812500000000699 0.007428571428569817 0.0002
0.07937499999999731 0 0.0002
0.07937499999999807 0.00114285714285516 0.0002
0.07937499999999767 0.0005714285714275801 0.0002
0.07937499999999885 0.002285714285709134 0.0002
0.07937499999999845 0.001714285714282147 0.0002
0.07937499999999963 0.003428571428562995 0.0002
0.07937499999999925 0.002857142857136064 0.0002
0.0793750000000004 0.004571428571419357 0.0002
0.079375 0.003999999999991176 0.0002
0.07937500000000119 0.005714285714279265 0.0002
0.07937500000000082 0.005142857142849311 0.0002
0.07937500000000197 0.006857142857139632 0.0002
0.07937500000000158 0.006285714285709447 0.0002
0.07937500000000272 0.008 0.0002
0.07937500000000236 0.007428571428569817 0.0002
3 16 0 225
10921
10922
10923
10924
10925
10926
10927
10928
10929
10930
10931
10932
10933
10934
10935
10936
10937
10938
10939
10940
10941
10942
10943
10944
10945
10946
10947
10948
10949
10950
10951
10952
10953
10954
10955
10956
10957
10958
10959
10960
10961
10962
10963
10964
10965
10966
10967
10968
10969
10970
10971
10972
10973
10974
10975
10976
10977
10978
10979
10980
10981
10982
10983
10984
10985
10986
10987
10988
10989
10990
10991
10992
10993
10994
10995
10996
10997
10998
10999
11000
11001
11002
11003
11004
11005
11006
11007
11008
11009
11010
11011
11012
11013
11014
11015
11016
11017
11018
11019
11020
11021
11022
11023
11024
11025
11026
11027
11028
11029
11030
11031
11032
11033
11034
11035
11036
11037
11038
11039
11040
11041
11042
11043
11044
11045
11046
11047
11048
11049
11050
11051
11052
11053
11054
11055
11056
11057
11058
11059
11060
11061
11062
11063
11064
11065
11066
11067
11068
11069
11070
11071
11072
11073
11074
11075
11076
11077
11078
11079
11080
11081
11082
11083
11084
11085
11086
11087
11088
11089
11090
11091
11092
11093
11094
11095
11096
11097
11098
11099
11100
11101
11102
11103
11104
11105
11106
11107
11108
11109
11110
11111
11112
11113
11114
11115
11116
11117
11118
11119
11120
11121
11122
11123
11124
11125
11126
11127
11128
11129
11130
11131
11132
11133
11134
11135
11136
11137
11138
11139
11140
11141
11142
11143
11144
11145
0.07124999999999458 0 0.0006000000000000001
0.07124999999999612 0.00114285714285516 0.0006000000000000001
0.0706249999999973 0 0.0006000000000000001
0.07124999999999534 0.00057142857142758 0.0006000000000000001
0.07062499999999806 0.00114285714285516 0.0006000000000000001
0.07062499999999769 0.0005714285714275801 0.0006000000000000001
0.07124999999999768 0.002285714285709134 0.0006000000000000001
0.0712499999999969 0.001714285714282147 0.0006000000000000001
0.07062499999999884 0.002285714285709134 0.0006000000000000001
0.07062499999999847 0.001714285714282147 0.0006000000000000001
0.07124999999999923 0.003428571428562995 0.0006000000000000001
0.07124999999999845 0.002857142857136064 0.0006000000000000001
0.07062499999999962 0.003428571428562995 0.0006000000000000001
0.07062499999999924 0.002857142857136064 0.0006000000000000001
0.07125000000000078 0.004571428571419357 0.0006000000000000001
0.07125000000000001 0.003999999999991176 0.0006000000000000001
0.0706250000000004 0.004571428571419357 0.0006000000000000001
0.07062500000000002 0.003999999999991174 0.0006000000000000001
0.07125000000000234 0.005714285714279265 0.0006000000000000001
0.07125000000000156 0.005142857142849311 0.0006000000000000001
0.07062500000000117 0.005714285714279265 0.0006000000000000001
0.0706250000000008 0.005142857142849311 0.0006000000000000001
0.07125000000000389 0.006857142857139632 0.0006000000000000001
0.07125000000000312 0.006285714285709449 0.0006000000000000001
0.07062500000000195 0.006857142857139632 0.0006000000000000001
0.07062500000000158 0.006285714285709447 0.0006000000000000001
0.07125000000000543 0.008 0.0006000000000000001
0.07125000000000467 0.007428571428569815 0.0006000000000000001
0.07062500000000271 0.008 0.0006000000000000001
0.07062500000000234 0.007428571428569817 0.0006000000000000001
0.07249999999998916 0 0.0006000000000000001
0.07249999999999228 0.00114285714285516 0.0006000000000000001
0.07187499999999186 0 0.0006000000000000001
0.07249999999999071 0.00057142857142758 0.0006000000000000001
0.07187499999999419 0.00114285714285516 0.0006000000000000001
0.07187499999999303 0.0005714285714275801 0.0006000000000000001
0.07249999999999535 0.002285714285709134 0.0006000000000000001
0.07249999999999382 0.001714285714282147 0.0006000000000000001
0.07187499999999651 0.002285714285709134 0.0006000000000000001
0.07187499999999541 0.001714285714282147 0.0006000000000000001
0.07249999999999845 0.003428571428562995 0.0006000000000000001
0.0724999999999969 0.002857142857136064 0.0006000000000000001
0.07187499999999884 0.003428571428562995 0.0006000000000000001
0.07187499999999769 0.002857142857136064 0.0006000000000000001
0.07250000000000158 0.004571428571419358 0.0006000000000000001
0.07250000000000001 0.003999999999991176 0.0006000000000000001
0.07187500000000119 0.004571428571419357 0.0006000000000000001
0.07187500000000002 0.003999999999991176 0.0006000000000000001
0.07250000000000464 0.005714285714279265 0.0006000000000000001
0.07250000000000312 0.005142857142849311 0.0006000000000000001
0.07187500000000349 0.005714285714279265 0.0006000000000000001
0.07187500000000235 0.005142857142849311 0.0006000000000000001
0.07250000000000777 0.006857142857139632 0.0006000000000000001
0.0725000000000062 0.006285714285709449 0.0006000000000000001
0.07187500000000582 0.006857142857139632 0.0006000000000000001
0.07187500000000466 0.006285714285709447 0.0006000000000000001
0.07250000000001085 0.008 0.0006000000000000001
0.07250000000000931 0.007428571428569815 0.0006000000000000001
0.07187500000000814 0.008 0.0006000000000000001
0.07187500000000699 0.007428571428569817 0.0006000000000000001
0.07374999999998375 0 0.0006000000000000001
0.07374999999998841 0.00114285714285516 0.0006000000000000001
0.07312499999998645 0 0.0006000000000000001
0.07374999999998608 0.00057142857142758 0.0006000000000000001
0.07312499999999034 0.00114285714285516 0.0006000000000000001
0.07312499999998839 0.0005714285714275801 0.0006000000000000001
0.07374999999999302 0.002285714285709134 0.0006000000000000001
0.07374999999999071 0.001714285714282147 0.0006000000000000001
0.07312499999999418 0.002285714285709134 0.0006000000000000001
0.07312499999999228 0.001714285714282147 0.0006000000000000001
0.07374999999999768 0.003428571428562994 0.0006000000000000001
0.07374999999999535 0.002857142857136064 0.0006000000000000001
0.07312499999999807 0.003428571428562995 0.0006000000000000001
0.07312499999999611 0.002857142857136064 0.0006000000000000001
0.07375000000000234 0.004571428571419357 0.0006000000000000001
0.07375000000000001 0.003999999999991176 0.0006000000000000001
0.07312500000000197 0.004571428571419357 0.0006000000000000001
0.07312500000000004 0.003999999999991174 0.0006000000000000001
0.07375000000000698 0.005714285714279265 0.0006000000000000001
0.07375000000000466 0.005142857142849311 0.0006000000000000001
0.07312500000000581 0.005714285714279265 0.0006000000000000001
0.07312500000000391 0.005142857142849311 0.0006000000000000001
0.07375000000001161 0.006857142857139632 0.0006000000000000001
0.07375000000000929 0.006285714285709449 0.0006000000000000001
0.07312500000000968 0.006857142857139632 0.0006000000000000001
0.07312500000000774 0.006285714285709447 0.0006000000000000001
0.07375000000001627 0.008 0.0006000000000000001
0.07375000000001394 0.007428571428569815 0.0006000000000000001
0.07312500000001357 0.008 0.0006000000000000001
0.07312500000001163 0.007428571428569817 0.0006000000000000001
0.07499999999997832 0 0.0006000000000000001
0.07499999999998448 0.00114285714285516 0.0006000000000000001
0.07437499999998104 0 0.0006000000000000001
0.0749999999999814 0.00057142857142758 0.0006000000000000001
0.07437499999998645 0.00114285714285516 0.0006000000000000001
0.07437499999998379 0.0005714285714275801 0.0006000000000000001
0.07499999999999073 0.002285714285709134 0.0006000000000000001
0.0749999999999876 0.001714285714282147 0.0006000000000000001
0.07437499999999186 0.002285714285709134 0.0006000000000000001
0.07437499999998914 0.001714285714282147 0.0006000000000000001
0.0749999999999969 0.003428571428562995 0.0006000000000000001
0.07499999999999382 0.002857142857136064 0.0006000000000000001
0.07437499999999729 0.003428571428562994 0.0006000000000000001
0.07437499999999458 0.002857142857136064 0.0006000000000000001
0.07500000000000309 0.004571428571419358 0.0006000000000000001
0.075 0.003999999999991176 0.0006000000000000001
0.07437500000000272 0.004571428571419357 0.0006000000000000001
0.07437500000000001 0.003999999999991174 0.0006000000000000001
0.07500000000000931 0.005714285714279265 0.0006000000000000001
0.0750000000000062 0.005142857142849311 0.0006000000000000001
0.07437500000000814 0.005714285714279265 0.0006000000000000001
0.07437500000000541 0.005142857142849311 0.0006000000000000001
0.0750000000000155 0.006857142857139632 0.0006000000000000001
0.0750000000000124 0.006285714285709449 0.0006000000000000001
0.07437500000001356 0.006857142857139632 0.0006000000000000001
0.07437500000001085 0.006285714285709447 0.0006000000000000001
0.0750000000000217 0.008 0.0006000000000000001
0.07500000000001861 0.007428571428569815 0.0006000000000000001
0.07437500000001898 0.008 0.0006000000000000001
0.07437500000001632 0.007428571428569817 0.0006000000000000001
0.07624999999998375 0 0.0006000000000000001
0.07624999999998841 0.00114285714285516 0.0006000000000000001
0.07562499999998104 0 0.0006000000000000001
0.07624999999998608 0.00057142857142758 0.0006000000000000001
0.07562499999998645 0.00114285714285516 0.0006000000000000001
0.07562499999998376 0.0005714285714275801 0.0006000000000000001
0.07624999999999303 0.002285714285709134 0.0006000000000000001
0.07624999999999071 0.001714285714282147 0.0006000000000000001
0.07562499999999188 0.002285714285709134 0.0006000000000000001
0.07562499999998915 0.001714285714282147 0.0006000000000000001
0.07624999999999768 0.003428571428562994 0.0006000000000000001
0.07624999999999535 0.002857142857136064 0.0006000000000000001
0.07562499999999729 0.003428571428562995 0.0006000000000000001
0.07562499999999459 0.002857142857136064 0.0006000000000000001
0.07625000000000234 0.004571428571419357 0.0006000000000000001
0.07625000000000001 0.003999999999991176 0.0006000000000000001
0.07562500000000272 0.004571428571419357 0.0006000000000000001
0.07562499999999998 0.003999999999991174 0.0006000000000000001
0.07625000000000698 0.005714285714279265 0.0006000000000000001
0.07625000000000466 0.005142857142849311 0.0006000000000000001
0.07562500000000814 0.005714285714279265 0.0006000000000000001
0.07562500000000541 0.005142857142849311 0.0006000000000000001
0.07625000000001164 0.006857142857139632 0.0006000000000000001
0.07625000000000931 0.006285714285709449 0.0006000000000000001
0.07562500000001357 0.006857142857139632 0.0006000000000000001
0.07562500000001086 0.006285714285709447 0.0006000000000000001
0.07625000000001628 0.008 0.0006000000000000001
0.07625000000001396 0.007428571428569815 0.0006000000000000001
0.07562500000001898 0.008 0.0006000000000000001
0.07562500000001632 0.007428571428569817 0.0006000000000000001
0.07749999999998917 0 0.0006000000000000001
0.07749999999999228 0.00114285714285516 0.0006000000000000001
0.07687499999998645 0 0.0006000000000000001
0.07749999999999073 0.00057142857142758 0.0006000000000000001
0.07687499999999034 0.00114285714285516 0.0006000000000000001
0.0768749999999884 0.0005714285714275801 0.0006000000000000001
0.07749999999999536 0.002285714285709134 0.0006000000000000001
0.07749999999999382 0.001714285714282147 0.0006000000000000001
0.0768749999999942 0.002285714285709134 0.0006000000000000001
0.07687499999999228 0.001714285714282147 0.0006000000000000001
0.07749999999999847 0.003428571428562995 0.0006000000000000001
0.07749999999999692 0.002857142857136064 0.0006000000000000001
0.07687499999999808 0.003428571428562994 0.0006000000000000001
0.07687499999999614 0.002857142857136064 0.0006000000000000001
0.07750000000000158 0.004571428571419358 0.0006000000000000001
0.07750000000000003 0.003999999999991176 0.0006000000000000001
0.07687500000000197 0.004571428571419357 0.0006000000000000001
0.07687500000000003 0.003999999999991174 0.0006000000000000001
0.07750000000000468 0.005714285714279265 0.0006000000000000001
0.07750000000000312 0.005142857142849311 0.0006000000000000001
0.07687500000000583 0.005714285714279265 0.0006000000000000001
0.07687500000000391 0.005142857142849311 0.0006000000000000001
0.07750000000000777 0.006857142857139632 0.0006000000000000001
0.07750000000000623 0.006285714285709449 0.0006000000000000001
0.07687500000000971 0.006857142857139632 0.0006000000000000001
0.0768750000000078 0.006285714285709447 0.0006000000000000001
0.07750000000001087 0.008 0.0006000000000000001
0.07750000000000931 0.007428571428569815 0.0006000000000000001
0.07687500000001357 0.008 0.0006000000000000001
0.07687500000001166 0.007428571428569817 0.0006000000000000001
0.07874999999999459 0 0.0006000000000000001
0.07874999999999613 0.00114285714285516 0.0006000000000000001
0.07812499999999188 0 0.0006000000000000001
0.07874999999999535 0.00057142857142758 0.0006000000000000001
0.0781249999999942 0.00114285714285516 0.0006000000000000001
0.07812499999999301 0.0005714285714275801 0.0006000000000000001
0.07874999999999768 0.002285714285709134 0.0006000000000000001
0.07874999999999691 0.001714285714282147 0.0006000000000000001
0.07812499999999653 0.002285714285709134 0.0006000000000000001
0.07812499999999536 0.001714285714282147 0.0006000000000000001
0.07874999999999924 0.003428571428562995 0.0006000000000000001
0.07874999999999846 0.002857142857136064 0.0006000000000000001
0.07812499999999886 0.003428571428562995 0.0006000000000000001
0.0781249999999977 0.002857142857136064 0.0006000000000000001
0.07875000000000079 0.004571428571419357 0.0006000000000000001
0.07875000000000001 0.003999999999991176 0.0006000000000000001
0.07812500000000119 0.004571428571419357 0.0006000000000000001
0.07812500000000003 0.003999999999991174 0.0006000000000000001
0.07875000000000236 0.005714285714279265 0.0006000000000000001
0.07875000000000157 0.005142857142849311 0.0006000000000000001
0.07812500000000352 0.005714285714279265 0.0006000000000000001
0.07812500000000233 0.005142857142849311 0.0006000000000000001
0.07875000000000391 0.006857142857139632 0.0006000000000000001
0.07875000000000314 0.006285714285709449 0.0006000000000000001
0.07812500000000584 0.006857142857139632 0.0006000000000000001
0.07812500000000469 0.006285714285709447 0.0006000000000000001
0.07875000000000544 0.008 0.0006000000000000001
0.07875000000000468 0.007428571428569815 0.0006000000000000001
0.07812500000000816 0.008 0.0006000000000000001
0.07812500000000699 0.007428571428569817 0.0006000000000000001
0.07937499999999731 0 0.0006000000000000001
0.07937499999999807 0.00114285714285516 0.0006000000000000001
0.07937499999999767 0.0005714285714275801 0.0006000000000000001
0.07937499999999885 0.002285714285709134 0.0006000000000000001
0.07937499999999845 0.001714285714282147 0.0006000000000000001
0.07937499999999963 0.003428571428562995 0.0006000000000000001
0.07937499999999925 0.002857142857136064 0.0006000000000000001
0.0793750000000004 0.004571428571419357 0.0006000000000000001
0.079375 0.003999999999991176 0.0006000000000000001
0.07937500000000119 0.005714285714279265 0.0006000000000000001
0.07937500000000082 0.005142857142849311 0.0006000000000000001
0.07937500000000197 0.006857142857139632 0.0006000000000000001
0.07937500000000158 0.006285714285709447 0.0006000000000000001
0.07937500000000272 0.008 0.0006000000000000001
0.07937500000000236 0.007428571428569817 0.0006000000000000001
3 17 0 225
11146
11147
11148
11149
11150
11151
11152
11153
11154
11155
11156
11157
11158
11159
11160
11161
11162
11163
11164
11165
11166
11167
11168
11169
11170
11171
11172
11173
11174
11175
11176
11177
11178
11179
11180
11181
11182
11183
11184
11185
11186
11187
11188
11189
11190
11191
11192
11193
11194
11195
11196
11197
11198
11199
11200
11201
11202
11203
11204
11205
11206
11207
11208
11209
11210
11211
11212
11213
11214
11215
11216
11217
11218
11219
11220
11221
11222
11223
11224
11225
11226
11227
11228
11229
11230
11231
11232
11233
11234
11235
11236
11237
11238
11239
11240
11241
11242
11243
11244
11245
11246
11247
11248
11249
11250
11251
11252
11253
11254
11255
11256
11257
11258
11259
11260
11261
11262
11263
11264
11265
11266
11267
11268
11269
11270
11271
11272
11273
11274
11275
11276
11277
11278
11279
11280
11281
11282
11283
11284
11285
11286
11287
11288
11289
11290
11291
11292
11293
11294
11295
11296
11297
11298
11299
11300
11301
11302
11303
11304
11305
11306
11307
11308
11309
11310
11311
11312
11313
11314
11315
11316
11317
11318
11319
11320
11321
11322
11323
11324
11325
11326
11327
11328
11329
11330
11331
11332
11333
11334
11335
11336
11337
11338
11339
11340
11341
11342
11343
11344
11345
11346
11347
11348
11349
11350
11351
11352
11353
11354
11355
11356
11357
11358
11359
11360
11361
11362
11363
11364
11365
11366
11367
11368
11369
11370
0.08124999999999459 0 0.0002
0.08124999999999613 0.00114285714285516 0.0002
0.08062499999999731 0 0.0002
0.08124999999999535 0.00057142857142758 0.0002
0.08062499999999807 0.00114285714285516 0.0002
0.0806249999999977 0.0005714285714275801 0.0002
0.08124999999999769 0.002285714285709134 0.0002
0.08124999999999691 0.001714285714282147 0.0002
0.08062499999999885 0.002285714285709134 0.0002
0.08062499999999848 0.001714285714282147 0.0002
0.08124999999999924 0.003428571428562995 0.0002
0.08124999999999846 0.002857142857136064 0.0002
0.08062499999999963 0.003428571428562995 0.0002
0.08062499999999925 0.002857142857136064 0.0002
0.08125000000000079 0.004571428571419357 0.0002
0.08125000000000002 0.003999999999991176 0.0002
0.0806250000000004 0.004571428571419357 0.0002
0.08062500000000003 0.003999999999991174 0.0002
0.08125000000000235 0.005714285714279265 0.0002
0.08125000000000157 0.005142857142849311 0.0002
0.08062500000000118 0.005714285714279265 0.0002
0.08062500000000081 0.005142857142849311 0.0002
0.0812500000000039 0.006857142857139632 0.0002
0.08125000000000313 0.006285714285709449 0.0002
0.08062500000000196 0.006857142857139632 0.0002
0.08062500000000158 0.006285714285709447 0.0002
0.08125000000000544 0.008 0.0002
0.08125000000000468 0.007428571428569815 0.0002
0.08062500000000272 0.008 0.0002
0.08062500000000235 0.007428571428569817 0.0002
0.08249999999998917 0 0.0002
0.08249999999999227 0.00114285714285516 0.0002
0.08187499999999187 0 0.0002
0.08249999999999072 0.00057142857142758 0.0002
0.0818749999999942 0.00114285714285516 0.0002
0.08187499999999304 0.0005714285714275801 0.0002
0.08249999999999535 0.002285714285709134 0.0002
0.08249999999999381 0.001714285714282147 0.0002
0.08187499999999652 0.002285714285709134 0.0002
0.08187499999999537 0.001714285714282147 0.0002
0.08249999999999846 0.003428571428562995 0.0002
0.08249999999999691 0.002857142857136064 0.0002
0.08187499999999885 0.003428571428562995 0.0002
0.0818749999999977 0.002857142857136064 0.0002
0.08250000000000157 0.004571428571419358 0.0002
0.08250000000000002 0.003999999999991176 0.0002
0.08187500000000118 0.004571428571419357 0.0002
0.08187500000000003 0.003999999999991176 0.0002
0.08250000000000467 0.005714285714279265 0.0002
0.08250000000000313 0.005142857142849311 0.0002
0.0818750000000035 0.005714285714279265 0.0002
0.08187500000000239 0.005142857142849311 0.0002
0.08250000000000776 0.006857142857139632 0.0002
0.08250000000000621 0.006285714285709449 0.0002
0.08187500000000583 0.006857142857139632 0.0002
0.08187500000000467 0.006285714285709447 0.0002
0.08250000000001086 0.008 0.0002
0.08250000000000932 0.007428571428569815 0.0002
0.08187500000000815 0.008 0.0002
0.081875000000007 0.007428571428569817 0.0002
0.08374999999998375 0 0.0002
0.08374999999998839 0.00114285714285516 0.0002
0.08312499999998646 0 0.0002
0.08374999999998606 0.00057142857142758 0.0002
0.08312499999999033 0.00114285714285516 0.0002
0.08312499999998837 0.0005714285714275801 0.0002
0.08374999999999305 0.002285714285709134 0.0002
0.08374999999999072 0.001714285714282147 0.0002
0.0831249999999942 0.002285714285709134 0.0002
0.08312499999999227 0.001714285714282147 0.0002
0.08374999999999769 0.003428571428562994 0.0002
0.08374999999999537 0.002857142857136064 0.0002
0.08312499999999808 0.003428571428562995 0.0002
0.08312499999999615 0.002857142857136064 0.0002
0.08375000000000235 0.004571428571419357 0.0002
0.08375000000000002 0.003999999999991176 0.0002
0.08312500000000196 0.004571428571419357 0.0002
0.083125 0.003999999999991174 0.0002
0.08375000000000699 0.005714285714279265 0.0002
0.08375000000000468 0.005142857142849311 0.0002
0.08312500000000583 0.005714285714279265 0.0002
0.08312500000000392 0.005142857142849311 0.0002
0.08375000000001162 0.006857142857139632 0.0002
0.0837500000000093 0.006285714285709449 0.0002
0.08312500000000969 0.006857142857139632 0.0002
0.08312500000000778 0.006285714285709447 0.0002
0.08375000000001628 0.008 0.0002
0.08375000000001395 0.007428571428569815 0.0002
0.08312500000001358 0.008 0.0002
0.08312500000001166 0.007428571428569817 0.0002
0.08499999999997833 0 0.0002
0.0849999999999845 0.00114285714285516 0.0002
0.08437499999998105 0 0.0002
0.08499999999998142 0.00057142857142758 0.0002
0.08437499999998643 0.00114285714285516 0.0002
0.0843749999999837 0.0005714285714275801 0.0002
0.08499999999999072 0.002285714285709134 0.0002
0.08499999999998761 0.001714285714282147 0.0002
0.08437499999999187 0.002285714285709134 0.0002
0.08437499999998918 0.001714285714282147 0.0002
0.08499999999999694 0.003428571428562995 0.0002
0.08499999999999383 0.002857142857136064 0.0002
0.08437499999999731 0.003428571428562994 0.0002
0.08437499999999461 0.002857142857136064 0.0002
0.08500000000000313 0.004571428571419358 0.0002
0.08500000000000002 0.003999999999991176 0.0002
0.08437500000000274 0.004571428571419357 0.0002
0.08437500000000001 0.003999999999991174 0.0002
0.08500000000000932 0.005714285714279265 0.0002
0.08500000000000622 0.005142857142849311 0.0002
0.08437500000000817 0.005714285714279265 0.0002
0.08437500000000545 0.005142857142849311 0.0002
0.08500000000001551 0.006857142857139632 0.0002
0.08500000000001243 0.006285714285709449 0.0002
0.08437500000001356 0.006857142857139632 0.0002
0.0843750000000109 0.006285714285709447 0.0002
0.08500000000002171 0.008 0.0002
0.08500000000001862 0.007428571428569815 0.0002
0.08437500000001899 0.008 0.0002
0.08437500000001633 0.007428571428569817 0.0002
0.08624999999998376 0 0.0002
0.08624999999998838 0.00114285714285516 0.0002
0.08562499999998105 0 0.0002
0.08624999999998606 0.00057142857142758 0.0002
0.08562499999998643 0.00114285714285516 0.0002
0.08562499999998374 0.0005714285714275801 0.0002
0.08624999999999305 0.002285714285709134 0.0002
0.08624999999999072 0.001714285714282147 0.0002
0.08562499999999189 0.002285714285709134 0.0002
0.08562499999998918 0.001714285714282147 0.0002
0.08624999999999769 0.003428571428562994 0.0002
0.08624999999999537 0.002857142857136064 0.0002
0.08562499999999731 0.003428571428562995 0.0002
0.08562499999999464 0.002857142857136064 0.0002
0.08625000000000235 0.004571428571419357 0.0002
0.08625000000000002 0.003999999999991176 0.0002
0.08562500000000273 0.004571428571419357 0.0002
0.08562500000000002 0.003999999999991174 0.0002
0.086250000000007 0.005714285714279265 0.0002
0.08625000000000468 0.005142857142849311 0.0002
0.08562500000000817 0.005714285714279265 0.0002
0.08562500000000546 0.005142857142849311 0.0002
0.08625000000001162 0.006857142857139632 0.0002
0.08625000000000932 0.006285714285709449 0.0002
0.08562500000001358 0.006857142857139632 0.0002
0.08562500000001091 0.006285714285709447 0.0002
0.08625000000001629 0.008 0.0002
0.08625000000001395 0.007428571428569815 0.0002
0.08562500000001899 0.008 0.0002
0.0856250000000163 0.007428571428569817 0.0002
0.08749999999998918 0 0.0002
0.08749999999999226 0.00114285714285516 0.0002
0.08687499999998646 0 0.0002
0.08749999999999072 0.00057142857142758 0.0002
0.08687499999999032 0.00114285714285516 0.0002
0.08687499999998841 0.0005714285714275801 0.0002
0.08749999999999537 0.002285714285709134 0.0002
0.08749999999999382 0.001714285714282147 0.0002
0.08687499999999421 0.002285714285709134 0.0002
0.08687499999999226 0.001714285714282147 0.0002
0.08749999999999845 0.003428571428562995 0.0002
0.08749999999999691 0.002857142857136064 0.0002
0.08687499999999806 0.003428571428562994 0.0002
0.08687499999999612 0.002857142857136064 0.0002
0.08750000000000158 0.004571428571419358 0.0002
0.08750000000000002 0.003999999999991176 0.0002
0.08687500000000196 0.004571428571419357 0.0002
0.08687500000000004 0.003999999999991174 0.0002
0.08750000000000469 0.005714285714279265 0.0002
0.08750000000000313 0.005142857142849311 0.0002
0.08687500000000584 0.005714285714279265 0.0002
0.08687500000000388 0.005142857142849311 0.0002
0.08750000000000778 0.006857142857139632 0.0002
0.08750000000000624 0.006285714285709449 0.0002
0.08687500000000969 0.006857142857139632 0.0002
0.08687500000000781 0.006285714285709447 0.0002
0.08750000000001087 0.008 0.0002
0.08750000000000932 0.007428571428569815 0.0002
0.08687500000001358 0.008 0.0002
0.08687500000001164 0.007428571428569817 0.0002
0.0887499999999946 0 0.0002
0.08874999999999614 0.00114285714285516 0.0002
0.08812499999999189 0 0.0002
0.08874999999999536 0.00057142857142758 0.0002
0.08812499999999421 0.00114285714285516 0.0002
0.08812499999999304 0.0005714285714275801 0.0002
0.08874999999999769 0.002285714285709134 0.0002
0.08874999999999691 0.001714285714282147 0.0002
0.08812499999999654 0.002285714285709134 0.0002
0.08812499999999535 0.001714285714282147 0.0002
0.08874999999999923 0.003428571428562995 0.0002
0.08874999999999847 0.002857142857136064 0.0002
0.08812499999999884 0.003428571428562995 0.0002
0.08812499999999771 0.002857142857136064 0.0002
0.0887500000000008 0.004571428571419357 0.0002
0.08875000000000002 0.003999999999991176 0.0002
0.0881250000000012 0.004571428571419357 0.0002
0.088125 0.003999999999991174 0.0002
0.08875000000000235 0.005714285714279265 0.0002
0.08875000000000158 0.005142857142849311 0.0002
0.08812500000000353 0.005714285714279265 0.0002
0.08812500000000237 0.005142857142849311 0.0002
0.08875000000000391 0.006857142857139632 0.0002
0.08875000000000313 0.006285714285709449 0.0002
0.08812500000000584 0.006857142857139632 0.0002
0.0881250000000047 0.006285714285709447 0.0002
0.08875000000000545 0.008 0.0002
0.08875000000000469 0.007428571428569815 0.0002
0.08812500000000817 0.008 0.0002
0.088125000000007 0.007428571428569817 0.0002
0.08937499999999732 0 0.0002
0.08937499999999808 0.00114285714285516 0.0002
0.08937499999999771 0.0005714285714275801 0.0002
0.08937499999999886 0.002285714285709134 0.0002
0.08937499999999846 0.001714285714282147 0.0002
0.08937499999999962 0.003428571428562995 0.0002
0.08937499999999926 0.002857142857136064 0.0002
0.08937500000000041 0.004571428571419357 0.0002
0.08937500000000001 0.003999999999991176 0.0002
0.08937500000000119 0.005714285714279265 0.0002
0.08937500000000081 0.005142857142849311 0.0002
0.08937500000000197 0.006857142857139632 0.0002
0.08937500000000156 0.006285714285709447 0.0002
0.08937500000000273 0.008 0.0002
0.08937500000000237 0.007428571428569817 0.0002
3 18 0 225
11371
11372
11373
11374
11375
11376
11377
11378
11379
11380
11381
11382
11383
11384
11385
11386
11387
11388
11389
11390
11391
11392
11393
11394
11395
11396
11397
11398
11399
11400
11401
11402
11403
11404
11405
11406
11407
11408
11409
11410
11411
11412
11413
11414
11415
11416
11417
11418
11419
11420
11421
11422
11423
11424
11425
11426
11427
11428
11429
11430
11431
11432
11433
11434
11435
11436
11437
11438
11439
11440
11441
11442
11443
11444
11445
11446
11447
11448
11449
11450
11451
11452
11453
11454
11455
11456
11457
11458
11459
11460
11461
11462
11463
11464
11465
11466
11467
11468
11469
11470
11471
11472
11473
11474
11475
11476
11477
11478
11479
11480
11481
11482
11483
11484
11485
11486
11487
11488
11489
11490
11491
11492
11493
11494
11495
11496
11497
11498
11499
11500
11501
11502
11503
11504
11505
11506
11507
11508
11509
11510
11511
11512
11513
11514
11515
11516
11517
11518
11519
11520
11521
11522
11523
11524
11525
11526
11527
11528
11529
11530
11531
11532
11533
11534
11535
11536
11537
11538
11539
11540
11541
11542
11543
11544
11545
11546
11547
11548
11549
11550
11551
11552
11553
11554
11555
11556
11557
11558
11559
11560
11561
11562
11563
11564
11565
11566
11567
11568
11569
11570
11571
11572
11573
11574
11575
11576
11577
11578
11579
11580
11581
11582
11583
11584
11585
11586
11587
11588
11589
11590
11591
11592
11593
11594
11595
0.08124999999999459 0 0.0006000000000000001
0.08124999999999613 0.00114285714285516 0.0006000000000000001
0.08062499999999731 0 0.0006000000000000001
0.08124999999999535 0.00057142857142758 0.0006000000000000001
0.08062499999999807 0.00114285714285516 0.0006000000000000001
0.0806249999999977 0.0005714285714275801 0.0006000000000000001
0.08124999999999769 0.002285714285709134 0.0006000000000000001
0.08124999999999691 0.001714285714282147 0.0006000000000000001
0.08062499999999885 0.002285714285709134 0.0006000000000000001
0.08062499999999848 0.001714285714282147 0.0006000000000000001
0.08124999999999924 0.003428571428562995 0.0006000000000000001
0.08124999999999846 0.002857142857136064 0.0006000000000000001
0.08062499999999963 0.003428571428562995 0.0006000000000000001
0.08062499999999925 0.002857142857136064 0.0006000000000000001
0.08125000000000079 0.004571428571419357 0.0006000000000000001
0.08125000000000002 0.003999999999991176 0.0006000000000000001
0.0806250000000004 0.004571428571419357 0.0006000000000000001
0.08062500000000003 0.003999999999991174 0.0006000000000000001
0.08125000000000235 0.005714285714279265 0.0006000000000000001
0.08125000000000157 0.005142857142849311 0.0006000000000000001
0.08062500000000118 0.005714285714279265 0.0006000000000000001
0.08062500000000081 0.005142857142849311 0.0006000000000000001
0.0812500000000039 0.006857142857139632 0.0006000000000000001
0.08125000000000313 0.006285714285709449 0.0006000000000000001
0.08062500000000196 0.006857142857139632 0.0006000000000000001
0.08062500000000158 0.006285714285709447 0.0006000000000000001
0.08125000000000544 0.008 0.0006000000000000001
0.08125000000000468 0.007428571428569815 0.0006000000000000001
0.08062500000000272 0.008 0.0006000000000000001
0.08062500000000235 0.007428571428569817 0.0006000000000000001
0.08249999999998917 0 0.0006000000000000001
0.08249999999999227 0.00114285714285516 0.0006000000000000001
0.08187499999999187 0 0.0006000000000000001
0.08249999999999072 0.00057142857142758 0.0006000000000000001
0.0818749999999942 0.00114285714285516 0.0006000000000000001
0.08187499999999304 0.0005714285714275801 0.0006000000000000001
0.08249999999999535 0.002285714285709134 0.0006000000000000001
0.08249999999999381 0.001714285714282147 0.0006000000000000001
0.08187499999999652 0.002285714285709134 0.0006000000000000001
0.08187499999999537 0.001714285714282147 0.0006000000000000001
0.08249999999999846 0.003428571428562995 0.0006000000000000001
0.08249999999999691 0.002857142857136064 0.0006000000000000001
0.08187499999999885 0.003428571428562995 0.0006000000000000001
0.0818749999999977 0.002857142857136064 0.0006000000000000001
0.08250000000000157 0.004571428571419358 0.0006000000000000001
0.08250000000000002 0.003999999999991176 0.0006000000000000001
0.08187500000000118 0.004571428571419357 0.0006000000000000001
0.08187500000000003 0.003999999999991176 0.0006000000000000001
0.08250000000000467 0.005714285714279265 0.0006000000000000001
0.08250000000000313 0.005142857142849311 0.0006000000000000001
0.0818750000000035 0.005714285714279265 0.0006000000000000001
0.08187500000000239 0.005142857142849311 0.0006000000000000001
0.08250000000000776 0.006857142857139632 0.0006000000000000001
0.08250000000000621 0.006285714285709449 0.0006000000000000001
0.08187500000000583 0.006857142857139632 0.0006000000000000001
0.08187500000000467 0.006285714285709447 0.0006000000000000001
0.08250000000001086 0.008 0.0006000000000000001
0.08250000000000932 0.007428571428569815 0.0006000000000000001
0.08187500000000815 0.008 0.0006000000000000001
0.081875000000007 0.007428571428569817 0.0006000000000000001
0.08374999999998375 0 0.0006000000000000001
0.08374999999998839 0.00114285714285516 0.0006000000000000001
0.08312499999998646 0 0.0006000000000000001
0.08374999999998606 0.00057142857142758 0.0006000000000000001
0.08312499999999033 0.00114285714285516 0.0006000000000000001
0.08312499999998837 0.0005714285714275801 0.0006000000000000001
0.08374999999999305 0.002285714285709134 0.0006000000000000001
0.08374999999999072 0.001714285714282147 0.0006000000000000001
0.0831249999999942 0.002285714285709134 0.0006000000000000001
0.08312499999999227 0.001714285714282147 0.0006000000000000001
0.08374999999999769 0.003428571428562994 0.0006000000000000001
0.08374999999999537 0.002857142857136064 0.0006000000000000001
0.08312499999999808 0.003428571428562995 0.0006000000000000001
0.08312499999999615 0.002857142857136064 0.0006000000000000001
0.08375000000000235 0.004571428571419357 0.0006000000000000001
0.08375000000000002 0.003999999999991176 0.0006000000000000001
0.08312500000000196 0.004571428571419357 0.0006000000000000001
0.083125 0.003999999999991174 0.0006000000000000001
0.08375000000000699 0.005714285714279265 0.0006000000000000001
0.08375000000000468 0.005142857142849311 0.0006000000000000001
0.08312500000000583 0.005714285714279265 0.0006000000000000001
0.08312500000000392 0.005142857142849311 0.0006000000000000001
0.08375000000001162 0.006857142857139632 0.0006000000000000001
0.0837500000000093 0.006285714285709449 0.0006000000000000001
0.08312500000000969 0.006857142857139632 0.0006000000000000001
0.08312500000000778 0.006285714285709447 0.0006000000000000001
0.08375000000001628 0.008 0.0006000000000000001
0.08375000000001395 0.007428571428569815 0.0006000000000000001
0.08312500000001358 0.008 0.0006000000000000001
0.08312500000001166 0.007428571428569817 0.0006000000000000001
0.08499999999997833 0 0.0006000000000000001
0.0849999999999845 0.00114285714285516 0.0006000000000000001
0.08437499999998105 0 0.0006000000000000001
0.08499999999998142 0.00057142857142758 0.0006000000000000001
0.08437499999998643 0.00114285714285516 0.0006000000000000001
0.0843749999999837 0.0005714285714275801 0.0006000000000000001
0.08499999999999072 0.002285714285709134 0.0006000000000000001
0.08499999999998761 0.001714285714282147 0.0006000000000000001
0.08437499999999187 0.002285714285709134 0.0006000000000000001
0.08437499999998918 0.001714285714282147 0.0006000000000000001
0.08499999999999694 0.003428571428562995 0.0006000000000000001
0.08499999999999383 0.002857142857136064 0.0006000000000000001
0.08437499999999731 0.003428571428562994 0.0006000000000000001
0.08437499999999461 0.002857142857136064 0.0006000000000000001
0.08500000000000313 0.004571428571419358 0.0006000000000000001
0.08500000000000002 0.003999999999991176 0.0006000000000000001
0.08437500000000274 0.004571428571419357 0.0006000000000000001
0.08437500000000001 0.003999999999991174 0.0006000000000000001
0.08500000000000932 0.005714285714279265 0.0006000000000000001
0.08500000000000622 0.005142857142849311 0.0006000000000000001
0.08437500000000817 0.005714285714279265 0.0006000000000000001
0.08437500000000545 0.005142857142849311 0.0006000000000000001
0.08500000000001551 0.006857142857139632 0.0006000000000000001
0.08500000000001243 0.006285714285709449 0.0006000000000000001
0.08437500000001356 0.006857142857139632 0.0006000000000000001
0.0843750000000109 0.006285714285709447 0.0006000000000000001
0.08500000000002171 0.008 0.0006000000000000001
0.08500000000001862 0.007428571428569815 0.0006000000000000001
0.08437500000001899 0.008 0.0006000000000000001
0.08437500000001633 0.007428571428569817 0.0006000000000000001
0.08624999999998376 0 0.0006000000000000001
0.08624999999998838 0.00114285714285516 0.0006000000000000001
0.08562499999998105 0 0.0006000000000000001
0.08624999999998606 0.00057142857142758 0.0006000000000000001
0.08562499999998643 0.00114285714285516 0.0006000000000000001
0.08562499999998374 0.0005714285714275801 0.0006000000000000001
0.08624999999999305 0.002285714285709134 0.0006000000000000001
0.08624999999999072 0.001714285714282147 0.0006000000000000001
0.08562499999999189 0.002285714285709134 0.0006000000000000001
0.08562499999998918 0.001714285714282147 0.0006000000000000001
0.08624999999999769 0.003428571428562994 0.0006000000000000001
0.08624999999999537 0.002857142857136064 0.0006000000000000001
0.08562499999999731 0.003428571428562995 0.0006000000000000001
0.08562499999999464 0.002857142857136064 0.0006000000000000001
0.08625000000000235 0.004571428571419357 0.0006000000000000001
0.08625000000000002 0.003999999999991176 0.0006000000000000001
0.08562500000000273 0.004571428571419357 0.0006000000000000001
0.08562500000000002 0.003999999999991174 0.0006000000000000001
0.086250000000007 0.005714285714279265 0.0006000000000000001
0.08625000000000468 0.005142857142849311 0.0006000000000000001
0.08562500000000817 0.005714285714279265 0.0006000000000000001
0.08562500000000546 0.005142857142849311 0.0006000000000000001
0.08625000000001162 0.006857142857139632 0.0006000000000000001
0.08625000000000932 0.006285714285709449 0.0006000000000000001
0.08562500000001358 0.006857142857139632 0.0006000000000000001
0.08562500000001091 0.006285714285709447 0.0006000000000000001
0.08625000000001629 0.008 0.0006000000000000001
0.08625000000001395 0.007428571428569815 0.0006000000000000001
0.08562500000001899 0.008 0.0006000000000000001
0.0856250000000163 0.007428571428569817 0.0006000000000000001
0.08749999999998918 0 0.0006000000000000001
0.08749999999999226 0.00114285714285516 0.0006000000000000001
0.08687499999998646 0 0.0006000000000000001
0.08749999999999072 0.00057142857142758 0.0006000000000000001
0.08687499999999032 0.00114285714285516 0.0006000000000000001
0.08687499999998841 0.0005714285714275801 0.0006000000000000001
0.08749999999999537 0.002285714285709134 0.0006000000000000001
0.08749999999999382 0.001714285714282147 0.0006000000000000001
0.08687499999999421 0.002285714285709134 0.0006000000000000001
0.08687499999999226 0.001714285714282147 0.0006000000000000001
0.08749999999999845 0.003428571428562995 0.0006000000000000001
0.08749999999999691 0.002857142857136064 0.0006000000000000001
0.08687499999999806 0.003428571428562994 0.0006000000000000001
0.08687499999999612 0.002857142857136064 0.0006000000000000001
0.08750000000000158 0.004571428571419358 0.0006000000000000001
0.08750000000000002 0.003999999999991176 0.0006000000000000001
0.08687500000000196 0.004571428571419357 0.0006000000000000001
0.08687500000000004 0.003999999999991174 0.0006000000000000001
0.08750000000000469 0.005714285714279265 0.0006000000000000001
0.08750000000000313 0.005142857142849311 0.0006000000000000001
0.08687500000000584 0.005714285714279265 0.0006000000000000001
0.08687500000000388 0.005142857142849311 0.0006000000000000001
0.08750000000000778 0.006857142857139632 0.0006000000000000001
0.08750000000000624 0.006285714285709449 0.0006000000000000001
0.08687500000000969 0.006857142857139632 0.0006000000000000001
0.08687500000000781 0.006285714285709447 0.0006000000000000001
0.08750000000001087 0.008 0.0006000000000000001
0.08750000000000932 0.007428571428569815 0.0006000000000000001
0.08687500000001358 0.008 0.0006000000000000001
0.08687500000001164 0.007428571428569817 0.0006000000000000001
0.0887499999999946 0 0.0006000000000000001
0.08874999999999614 0.00114285714285516 0.0006000000000000001
0.08812499999999189 0 0.0006000000000000001
0.08874999999999536 0.00057142857142758 0.0006000000000000001
0.08812499999999421 0.00114285714285516 0.0006000000000000001
0.08812499999999304 0.0005714285714275801 0.0006000000000000001
0.08874999999999769 0.002285714285709134 0.0006000000000000001
0.08874999999999691 0.001714285714282147 0.0006000000000000001
0.08812499999999654 0.002285714285709134 0.0006000000000000001
0.08812499999999535 0.001714285714282147 0.0006000000000000001
0.08874999999999923 0.003428571428562995 0.0006000000000000001
0.08874999999999847 0.002857142857136064 0.0006000000000000001
0.08812499999999884 0.003428571428562995 0.0006000000000000001
0.08812499999999771 0.002857142857136064 0.0006000000000000001
0.0887500000000008 0.004571428571419357 0.0006000000000000001
0.08875000000000002 0.003999999999991176 0.0006000000000000001
0.0881250000000012 0.004571428571419357 0.0006000000000000001
0.088125 0.003999999999991174 0.0006000000000000001
0.08875000000000235 0.005714285714279265 0.0006000000000000001
0.08875000000000158 0.005142857142849311 0.0006000000000000001
0.08812500000000353 0.005714285714279265 0.0006000000000000001
0.08812500000000237 0.005142857142849311 0.0006000000000000001
0.08875000000000391 0.006857142857139632 0.0006000000000000001
0.08875000000000313 0.006285714285709449 0.0006000000000000001
0.08812500000000584 0.006857142857139632 0.0006000000000000001
0.0881250000000047 0.006285714285709447 0.0006000000000000001
0.08875000000000545 0.008 0.0006000000000000001
0.08875000000000469 0.007428571428569815 0.0006000000000000001
0.08812500000000817 0.008 0.0006000000000000001
0.088125000000007 0.007428571428569817 0.0006000000000000001
0.08937499999999732 0 0.0006000000000000001
0.08937499999999808 0.00114285714285516 0.0006000000000000001
0.08937499999999771 0.0005714285714275801 0.0006000000000000001
0.08937499999999886 0.002285714285709134 0.0006000000000000001
0.08937499999999846 0.001714285714282147 0.0006000000000000001
0.08937499999999962 0.003428571428562995 0.0006000000000000001
0.08937499999999926 0.002857142857136064 0.0006000000000000001
0.08937500000000041 0.004571428571419357 0.0006000000000000001
0.08937500000000001 0.003999999999991176 0.0006000000000000001
0.08937500000000119 0.005714285714279265 0.0006000000000000001
0.08937500000000081 0.005142857142849311 0.0006000000000000001
0.08937500000000197 0.006857142857139632 0.0006000000000000001
0.08937500000000156 0.006285714285709447 0.0006000000000000001
0.08937500000000273 0.008 0.0006000000000000001
0.08937500000000237 0.007428571428569817 0.0006000000000000001
3 19 0 240
11596
11597
11598
11599
11600
11601
11602
11603
11604
11605
11606
11607
11608
11609
11610
11611
11612
11613
11614
11615
11616
11617
11618
11619
11620
11621
11622
11623
11624
11625
11626
11627
11628
11629
11630
11631
11632
11633
11634
11635
11636
11637
11638
11639
11640
11641
11642
11643
11644
11645
11646
11647
11648
11649
11650
11651
11652
11653
11654
11655
11656
11657
11658
11659
11660
11661
11662
11663
11664
11665
11666
11667
11668
11669
11670
11671
11672
11673
11674
11675
11676
11677
11678
11679
11680
11681
11682
11683
11684
11685
11686
11687
11688
11689
11690
11691
11692
11693
11694
11695
11696
11697
11698
11699
11700
11701
11702
11703
11704
11705
11706
11707
11708
11709
11710
11711
11712
11713
11714
11715
11716
11717
11718
11719
11720
11721
11722
11723
11724
11725
11726
11727
11728
11729
11730
11731
11732
11733
11734
11735
11736
11737
11738
11739
11740
11741
11742
11743
11744
11745
11746
11747
11748
11749
11750
11751
11752
11753
11754
11755
11756
11757
11758
11759
11760
11761
11762
11763
11764
11765
11766
11767
11768
11769
11770
11771
11772
11773
11774
11775
11776
11777
11778
11779
11780
11781
11782
11783
11784
11785
11786
11787
11788
11789
11790
11791
11792
11793
11794
11795
11796
11797
11798
11799
11800
11801
11802
11803
11804
11805
11806
11807
11808
11809
11810
11811
11812
11813
11814
11815
11816
11817
11818
11819
11820
11821
11822
11823
11824
11825
11826
11827
11828
11829
11830
11831
11832
11833
11834
11835
0.0912499999999946 0 0.0002
0.09124999999999614 0.00114285714285516 0.0002
0.09062499999999732 0 0.0002
0.09124999999999536 0.00057142857142758 0.0002
0.09062499999999807 0.00114285714285516 0.0002
0.09062499999999769 0.0005714285714275801 0.0002
0.09124999999999772 0.002285714285709134 0.0002
0.09124999999999692 0.001714285714282147 0.0002
0.09062499999999887 0.002285714285709134 0.0002
0.09062499999999847 0.001714285714282147 0.0002
0.09124999999999925 0.003428571428562995 0.0002
0.09124999999999849 0.002857142857136064 0.0002
0.09062499999999962 0.003428571428562995 0.0002
0.09062499999999926 0.002857142857136064 0.0002
0.0912500000000008 0.004571428571419357 0.0002
0.09125000000000003 0.003999999999991176 0.0002
0.0906250000000004 0.004571428571419357 0.0002
0.09062500000000004 0.003999999999991174 0.0002
0.09125000000000236 0.005714285714279265 0.0002
0.09125000000000158 0.005142857142849311 0.0002
0.09062500000000118 0.005714285714279265 0.0002
0.09062500000000082 0.005142857142849311 0.0002
0.09125000000000391 0.006857142857139632 0.0002
0.09125000000000313 0.006285714285709449 0.0002
0.09062500000000195 0.006857142857139632 0.0002
0.09062500000000159 0.006285714285709447 0.0002
0.09125000000000545 0.008 0.0002
0.09125000000000469 0.007428571428569815 0.0002
0.09062500000000273 0.008 0.0002
0.09062500000000236 0.007428571428569817 0.0002
0.09249999999998917 0 0.0002
0.09249999999999226 0.00114285714285516 0.0002
0.09187499999999188 0 0.0002
0.09249999999999073 0.00057142857142758 0.0002
0.0918749999999942 0.00114285714285516 0.0002
0.09187499999999306 0.0005714285714275801 0.0002
0.09249999999999536 0.002285714285709134 0.0002
0.09249999999999381 0.001714285714282147 0.0002
0.09187499999999654 0.002285714285709134 0.0002
0.09187499999999535 0.001714285714282147 0.0002
0.09249999999999844 0.003428571428562995 0.0002
0.0924999999999969 0.002857142857136064 0.0002
0.09187499999999885 0.003428571428562995 0.0002
0.09187499999999772 0.002857142857136064 0.0002
0.09250000000000155 0.004571428571419358 0.0002
0.0925 0.003999999999991176 0.0002
0.09187500000000118 0.004571428571419357 0.0002
0.09187500000000003 0.003999999999991176 0.0002
0.09250000000000463 0.005714285714279265 0.0002
0.09250000000000308 0.005142857142849311 0.0002
0.0918750000000035 0.005714285714279265 0.0002
0.09187500000000233 0.005142857142849311 0.0002
0.09250000000000774 0.006857142857139632 0.0002
0.09250000000000619 0.006285714285709449 0.0002
0.09187500000000583 0.006857142857139632 0.0002
0.0918750000000047 0.006285714285709447 0.0002
0.09250000000001087 0.008 0.0002
0.0925000000000093 0.007428571428569815 0.0002
0.09187500000000816 0.008 0.0002
0.09187500000000701 0.007428571428569817 0.0002
0.09374999999998376 0 0.0002
0.0937499999999884 0.00114285714285516 0.0002
0.09312499999998647 0 0.0002
0.09374999999998607 0.00057142857142758 0.0002
0.09312499999999033 0.00114285714285516 0.0002
0.09312499999998841 0.0005714285714275801 0.0002
0.09374999999999307 0.002285714285709134 0.0002
0.09374999999999073 0.001714285714282147 0.0002
0.09312499999999421 0.002285714285709134 0.0002
0.09312499999999226 0.001714285714282147 0.0002
0.0937499999999977 0.003428571428562994 0.0002
0.09374999999999539 0.002857142857136064 0.0002
0.09312499999999807 0.003428571428562995 0.0002
0.0931249999999961 0.002857142857136064 0.0002
0.09375000000000236 0.004571428571419357 0.0002
0.09375000000000003 0.003999999999991176 0.0002
0.09312500000000196 0.004571428571419357 0.0002
0.09312500000000001 0.003999999999991174 0.0002
0.09375000000000699 0.005714285714279265 0.0002
0.09375000000000469 0.005142857142849311 0.0002
0.09312500000000581 0.005714285714279265 0.0002
0.0931250000000039 0.005142857142849311 0.0002
0.09375000000001163 0.006857142857139632 0.0002
0.09375000000000931 0.006285714285709449 0.0002
0.09312500000000967 0.006857142857139632 0.0002
0.09312500000000776 0.006285714285709447 0.0002
0.09375000000001629 0.008 0.0002
0.09375000000001396 0.007428571428569815 0.0002
0.09312500000001359 0.008 0.0002
0.09312500000001163 0.007428571428569817 0.0002
0.09499999999997834 0 0.0002
0.09499999999998454 0.00114285714285516 0.0002
0.09437499999998106 0 0.0002
0.09499999999998143 0.00057142857142758 0.0002
0.09437499999998647 0.00114285714285516 0.0002
0.09437499999998372 0.0005714285714275801 0.0002
0.09499999999999076 0.002285714285709134 0.0002
0.09499999999998765 0.001714285714282147 0.0002
0.09437499999999191 0.002285714285709134 0.0002
0.0943749999999892 0.001714285714282147 0.0002
0.09499999999999692 0.003428571428562995 0.0002
0.09499999999999384 0.002857142857136064 0.0002
0.09437499999999731 0.003428571428562994 0.0002
0.0943749999999946 0.002857142857136064 0.0002
0.09500000000000314 0.004571428571419358 0.0002
0.09500000000000003 0.003999999999991176 0.0002
0.09437500000000275 0.004571428571419357 0.0002
0.09437500000000001 0.003999999999991174 0.0002
0.09500000000000933 0.005714285714279265 0.0002
0.09500000000000623 0.005142857142849311 0.0002
0.09437500000000817 0.005714285714279265 0.0002
0.09437500000000545 0.005142857142849311 0.0002
0.09500000000001552 0.006857142857139632 0.0002
0.09500000000001244 0.006285714285709449 0.0002
0.09437500000001357 0.006857142857139632 0.0002
0.09437500000001091 0.006285714285709447 0.0002
0.09500000000002172 0.008 0.0002
0.09500000000001863 0.007428571428569815 0.0002
0.094375000000019 0.008 0.0002
0.09437500000001633 0.007428571428569817 0.0002
0.09624999999998377 0 0.0002
0.09624999999998841 0.00114285714285516 0.0002
0.09562499999998106 0 0.0002
0.0962499999999861 0.00057142857142758 0.0002
0.09562499999998647 0.00114285714285516 0.0002
0.09562499999998378 0.0005714285714275801 0.0002
0.09624999999999306 0.002285714285709134 0.0002
0.09624999999999073 0.001714285714282147 0.0002
0.09562499999999191 0.002285714285709134 0.0002
0.09562499999998919 0.001714285714282147 0.0002
0.0962499999999977 0.003428571428562994 0.0002
0.09624999999999538 0.002857142857136064 0.0002
0.0956249999999973 0.003428571428562995 0.0002
0.09562499999999458 0.002857142857136064 0.0002
0.09625000000000235 0.004571428571419357 0.0002
0.09625000000000003 0.003999999999991176 0.0002
0.09562500000000274 0.004571428571419357 0.0002
0.09562500000000003 0.003999999999991174 0.0002
0.096250000000007 0.005714285714279265 0.0002
0.09625000000000467 0.005142857142849311 0.0002
0.09562500000000816 0.005714285714279265 0.0002
0.09562500000000546 0.005142857142849311 0.0002
0.09625000000001163 0.006857142857139632 0.0002
0.09625000000000931 0.006285714285709449 0.0002
0.09562500000001359 0.006857142857139632 0.0002
0.09562500000001087 0.006285714285709447 0.0002
0.09625000000001629 0.008 0.0002
0.09625000000001396 0.007428571428569815 0.0002
0.095625000000019 0.008 0.0002
0.09562500000001631 0.007428571428569817 0.0002
0.09749999999998919 0 0.0002
0.0974999999999923 0.00114285714285516 0.0002
0.09687499999998647 0 0.0002
0.09749999999999075 0.00057142857142758 0.0002
0.09687499999999036 0.00114285714285516 0.0002
0.09687499999998841 0.0005714285714275801 0.0002
0.09749999999999542 0.002285714285709134 0.0002
0.09749999999999387 0.001714285714282147 0.0002
0.09687499999999424 0.002285714285709134 0.0002
0.09687499999999229 0.001714285714282147 0.0002
0.09749999999999849 0.003428571428562995 0.0002
0.09749999999999695 0.002857142857136064 0.0002
0.0968749999999981 0.003428571428562994 0.0002
0.09687499999999619 0.002857142857136064 0.0002
0.0975000000000016 0.004571428571419358 0.0002
0.09750000000000004 0.003999999999991176 0.0002
0.09687500000000197 0.004571428571419357 0.0002
0.09687500000000006 0.003999999999991174 0.0002
0.09750000000000469 0.005714285714279265 0.0002
0.09750000000000314 0.005142857142849311 0.0002
0.09687500000000585 0.005714285714279265 0.0002
0.09687500000000387 0.005142857142849311 0.0002
0.0975000000000078 0.006857142857139632 0.0002
0.09750000000000625 0.006285714285709449 0.0002
0.09687500000000972 0.006857142857139632 0.0002
0.09687500000000782 0.006285714285709447 0.0002
0.09750000000001088 0.008 0.0002
0.09750000000000934 0.007428571428569815 0.0002
0.09687500000001359 0.008 0.0002
0.09687500000001166 0.007428571428569817 0.0002
0.09874999999999461 0 0.0002
0.09874999999999613 0.00114285714285516 0.0002
0.0981249999999919 0 0.0002
0.09874999999999537 0.00057142857142758 0.0002
0.09812499999999422 0.00114285714285516 0.0002
0.09812499999999305 0.0005714285714275801 0.0002
0.0987499999999977 0.002285714285709134 0.0002
0.09874999999999692 0.001714285714282147 0.0002
0.09812499999999658 0.002285714285709134 0.0002
0.0981249999999954 0.001714285714282147 0.0002
0.09874999999999926 0.003428571428562995 0.0002
0.09874999999999848 0.002857142857136064 0.0002
0.09812499999999888 0.003428571428562995 0.0002
0.09812499999999771 0.002857142857136064 0.0002
0.09875000000000081 0.004571428571419357 0.0002
0.09875000000000003 0.003999999999991176 0.0002
0.09812500000000121 0.004571428571419357 0.0002
0.09812500000000002 0.003999999999991174 0.0002
0.09875000000000236 0.005714285714279265 0.0002
0.09875000000000159 0.005142857142849311 0.0002
0.09812500000000354 0.005714285714279265 0.0002
0.09812500000000236 0.005142857142849311 0.0002
0.09875000000000392 0.006857142857139632 0.0002
0.09875000000000314 0.006285714285709449 0.0002
0.09812500000000587 0.006857142857139632 0.0002
0.09812500000000474 0.006285714285709447 0.0002
0.09875000000000546 0.008 0.0002
0.0987500000000047 0.007428571428569815 0.0002
0.09812500000000818 0.008 0.0002
0.09812500000000704 0.007428571428569817 0.0002
0.1 0 0.0002
0.1 0.00114285714285516 0.0002
0.0993749999999973 0 0.0002
0.1 0.00057142857142758 0.0002
0.09937499999999808 0.00114285714285516 0.0002
0.09937499999999767 0.0005714285714275801 0.0002
0.1 0.002285714285709134 0.0002
0.1 0.001714285714282147 0.0002
0.09937499999999885 0.002285714285709134 0.0002
0.09937499999999845 0.001714285714282147 0.0002
0.1 0.003428571428562995 0.0002
0.1 0.002857142857136064 0.0002
0.09937499999999963 0.003428571428562995 0.0002
0.09937499999999923 0.002857142857136064 0.0002
0.1 0.004571428571419358 0.0002
0.1 0.003999999999991176 0.0002
0.09937500000000041 0.004571428571419357 0.0002
0.099375 0.003999999999991176 0.0002
0.1 0.005714285714279265 0.0002
0.1 0.005142857142849311 0.0002
0.09937500000000118 0.005714285714279265 0.0002
0.09937500000000078 0.005142857142849311 0.0002
0.1 0.006857142857139632 0.0002
0.1 0.006285714285709449 0.0002
0.09937500000000196 0.006857142857139632 0.0002
0.09937500000000156 0.006285714285709447 0.0002
0.1 0.008 0.0002
0.1 0.007428571428569815 0.0002
0.09937500000000274 0.008 0.0002
0.09937500000000234 0.007428571428569817 0.0002
3 20 0 240
11836
11837
11838
11839
11840
11841
11842
11843
11844
11845
11846
11847
11848
11849
11850
11851
11852
11853
11854
11855
11856
11857
11858
11859
11860
11861
11862
11863
11864
11865
11866
11867
11868
11869
11870
11871
11872
11873
11874
11875
11876
11877
11878
11879
11880
11881
11882
11883
11884
11885
11886
11887
11888
11889
11890
11891
11892
11893
11894
11895
11896
11897
11898
11899
11900
11901
11902
11903
11904
11905
11906
11907
11908
11909
11910
11911
11912
11913
11914
11915
11916
11917
11918
11919
11920
11921
11922
11923
11924
11925
11926
11927
11928
11929
11930
11931
11932
11933
11934
11935
11936
11937
11938
11939
11940
11941
11942
11943
11944
11945
11946
11947
11948
11949
11950
11951
11952
11953
11954
11955
11956
11957
11958
11959
11960
11961
11962
11963
11964
11965
11966
11967
11968
11969
11970
11971
11972
11973
11974
11975
11976
11977
11978
11979
11980
11981
11982
11983
11984
11985
11986
11987
11988
11989
11990
11991
11992
11993
11994
11995
11996
11997
11998
11999
12000
12001
12002
12003
12004
12005
12006
12007
12008
12009
12010
12011
12012
12013
12014
12015
12016
12017
12018
12019
12020
12021
12022
12023
12024
12025
12026
12027
12028
12029
12030
12031
12032
12033
12034
12035
12036
12037
12038
12039
12040
12041
12042
12043
12044
12045
12046
12047
12048
12049
12050
12051
12052
12053
12054
12055
12056
12057
12058
12059
12060
12061
12062
12063
12064
12065
12066
12067
12068
12069
12070
12071
12072
12073
12074
12075
0.0912499999999946 0 0.0006000000000000001
0.09124999999999614 0.00114285714285516 0.0006000000000000001
0.09062499999999732 0 0.0006000000000000001
0.09124999999999536 0.00057142857142758 0.0006000000000000001
0.09062499999999807 0.00114285714285516 0.0006000000000000001
0.09062499999999769 0.0005714285714275801 0.0006000000000000001
0.09124999999999772 0.002285714285709134 0.0006000000000000001
0.09124999999999692 0.001714285714282147 0.0006000000000000001
0.09062499999999887 0.002285714285709134 0.0006000000000000001
0.09062499999999847 0.001714285714282147 0.0006000000000000001
0.09124999999999925 0.003428571428562995 0.0006000000000000001
0.09124999999999849 0.002857142857136064 0.0006000000000000001
0.09062499999999962 0.003428571428562995 0.0006000000000000001
0.09062499999999926 0.002857142857136064 0.0006000000000000001
0.0912500000000008 0.004571428571419357 0.0006000000000000001
0.09125000000000003 0.003999999999991176 0.0006000000000000001
0.0906250000000004 0.004571428571419357 0.0006000000000000001
0.09062500000000004 0.003999999999991174 0.0006000000000000001
0.09125000000000236 0.005714285714279265 0.0006000000000000001
0.09125000000000158 0.005142857142849311 0.0006000000000000001
0.09062500000000118 0.005714285714279265 0.0006000000000000001
0.09062500000000082 0.005142857142849311 0.0006000000000000001
0.09125000000000391 0.006857142857139632 0.0006000000000000001
0.09125000000000313 0.006285714285709449 0.0006000000000000001
0.09062500000000195 0.006857142857139632 0.0006000000000000001
0.09062500000000159 0.006285714285709447 0.0006000000000000001
0.09125000000000545 0.008 0.0006000000000000001
0.09125000000000469 0.007428571428569815 0.0006000000000000001
0.09062500000000273 0.008 0.0006000000000000001
0.09062500000000236 0.007428571428569817 0.0006000000000000001
0.09249999999998917 0 0.0006000000000000001
0.09249999999999226 0.00114285714285516 0.0006000000000000001
0.09187499999999188 0 0.0006000000000000001
0.09249999999999073 0.00057142857142758 0.0006000000000000001
0.0918749999999942 0.00114285714285516 0.0006000000000000001
0.09187499999999306 0.0005714285714275801 0.0006000000000000001
0.09249999999999536 0.002285714285709134 0.0006000000000000001
0.09249999999999381 0.001714285714282147 0.0006000000000000001
0.09187499999999654 0.002285714285709134 0.0006000000000000001
0.09187499999999535 0.001714285714282147 0.0006000000000000001
0.09249999999999844 0.003428571428562995 0.0006000000000000001
0.0924999999999969 0.002857142857136064 0.0006000000000000001
0.09187499999999885 0.003428571428562995 0.0006000000000000001
0.09187499999999772 0.002857142857136064 0.0006000000000000001
0.09250000000000155 0.004571428571419358 0.0006000000000000001
0.0925 0.003999999999991176 0.0006000000000000001
0.09187500000000118 0.004571428571419357 0.0006000000000000001
0.09187500000000003 0.003999999999991176 0.0006000000000000001
0.09250000000000463 0.005714285714279265 0.0006000000000000001
0.09250000000000308 0.005142857142849311 0.0006000000000000001
0.0918750000000035 0.005714285714279265 0.0006000000000000001
0.09187500000000233 0.005142857142849311 0.0006000000000000001
0.09250000000000774 0.006857142857139632 0.0006000000000000001
0.09250000000000619 0.006285714285709449 0.0006000000000000001
0.09187500000000583 0.006857142857139632 0.0006000000000000001
0.0918750000000047 0.006285714285709447 0.0006000000000000001
0.09250000000001087 0.008 0.0006000000000000001
0.0925000000000093 0.007428571428569815 0.0006000000000000001
0.09187500000000816 0.008 0.0006000000000000001
0.09187500000000701 0.007428571428569817 0.0006000000000000001
0.09374999999998376 0 0.0006000000000000001
0.0937499999999884 0.00114285714285516 0.0006000000000000001
0.09312499999998647 0 0.0006000000000000001
0.09374999999998607 0.00057142857142758 0.0006000000000000001
0.09312499999999033 0.00114285714285516 0.0006000000000000001
0.09312499999998841 0.0005714285714275801 0.0006000000000000001
0.09374999999999307 0.002285714285709134 0.0006000000000000001
0.09374999999999073 0.001714285714282147 0.0006000000000000001
0.09312499999999421 0.002285714285709134 0.0006000000000000001
0.09312499999999226 0.001714285714282147 0.0006000000000000001
0.0937499999999977 0.003428571428562994 0.0006000000000000001
0.09374999999999539 0.002857142857136064 0.0006000000000000001
0.09312499999999807 0.003428571428562995 0.0006000000000000001
0.0931249999999961 0.002857142857136064 0.0006000000000000001
0.09375000000000236 0.004571428571419357 0.0006000000000000001
0.09375000000000003 0.003999999999991176 0.0006000000000000001
0.09312500000000196 0.004571428571419357 0.0006000000000000001
0.09312500000000001 0.003999999999991174 0.0006000000000000001
0.09375000000000699 0.005714285714279265 0.0006000000000000001
0.09375000000000469 0.005142857142849311 0.0006000000000000001
0.09312500000000581 0.005714285714279265 0.0006000000000000001
0.0931250000000039 0.005142857142849311 0.0006000000000000001
0.09375000000001163 0.006857142857139632 0.0006000000000000001
0.09375000000000931 0.006285714285709449 0.0006000000000000001
0.09312500000000967 0.006857142857139632 0.0006000000000000001
0.09312500000000776 0.006285714285709447 0.0006000000000000001
0.09375000000001629 0.008 0.0006000000000000001
0.09375000000001396 0.007428571428569815 0.0006000000000000001
0.09312500000001359 0.008 0.0006000000000000001
0.09312500000001163 0.007428571428569817 0.0006000000000000001
0.09499999999997834 0 0.0006000000000000001
0.09499999999998454 0.00114285714285516 0.0006000000000000001
0.09437499999998106 0 0.0006000000000000001
0.09499999999998143 0.00057142857142758 0.0006000000000000001
0.09437499999998647 0.00114285714285516 0.0006000000000000001
0.09437499999998372 0.0005714285714275801 0.0006000000000000001
0.09499999999999076 0.002285714285709134 0.0006000000000000001
0.09499999999998765 0.001714285714282147 0.0006000000000000001
0.09437499999999191 0.002285714285709134 0.0006000000000000001
0.0943749999999892 0.001714285714282147 0.0006000000000000001
0.09499999999999692 0.003428571428562995 0.0006000000000000001
0.09499999999999384 0.002857142857136064 0.0006000000000000001
0.09437499999999731 0.003428571428562994 0.0006000000000000001
0.0943749999999946 0.002857142857136064 0.0006000000000000001
0.09500000000000314 0.004571428571419358 0.0006000000000000001
0.09500000000000003 0.003999999999991176 0.0006000000000000001
0.09437500000000275 0.004571428571419357 0.0006000000000000001
0.09437500000000001 0.003999999999991174 0.0006000000000000001
0.09500000000000933 0.005714285714279265 0.0006000000000000001
0.09500000000000623 0.005142857142849311 0.0006000000000000001
0.09437500000000817 0.005714285714279265 0.0006000000000000001
0.09437500000000545 0.005142857142849311 0.0006000000000000001
0.09500000000001552 0.006857142857139632 0.0006000000000000001
0.09500000000001244 0.006285714285709449 0.0006000000000000001
0.09437500000001357 0.006857142857139632 0.0006000000000000001
0.09437500000001091 0.006285714285709447 0.0006000000000000001
0.09500000000002172 0.008 0.0006000000000000001
0.09500000000001863 0.007428571428569815 0.0006000000000000001
0.094375000000019 0.008 0.0006000000000000001
0.09437500000001633 0.007428571428569817 0.0006000000000000001
0.09624999999998377 0 0.0006000000000000001
0.09624999999998841 0.00114285714285516 0.0006000000000000001
0.09562499999998106 0 0.0006000000000000001
0.0962499999999861 0.00057142857142758 0.0006000000000000001
0.09562499999998647 0.00114285714285516 0.0006000000000000001
0.09562499999998378 0.0005714285714275801 0.0006000000000000001
0.09624999999999306 0.002285714285709134 0.0006000000000000001
0.09624999999999073 0.001714285714282147 0.0006000000000000001
0.09562499999999191 0.002285714285709134 0.0006000000000000001
0.09562499999998919 0.001714285714282147 0.0006000000000000001
0.0962499999999977 0.003428571428562994 0.0006000000000000001
0.09624999999999538 0.002857142857136064 0.0006000000000000001
0.0956249999999973 0.003428571428562995 0.0006000000000000001
0.09562499999999458 0.002857142857136064 0.0006000000000000001
0.09625000000000235 0.004571428571419357 0.0006000000000000001
0.09625000000000003 0.003999999999991176 0.0006000000000000001
0.09562500000000274 0.004571428571419357 0.0006000000000000001
0.09562500000000003 0.003999999999991174 0.0006000000000000001
0.096250000000007 0.005714285714279265 0.0006000000000000001
0.09625000000000467 0.005142857142849311 0.0006000000000000001
0.09562500000000816 0.005714285714279265 0.0006000000000000001
0.09562500000000546 0.005142857142849311 0.0006000000000000001
0.09625000000001163 0.006857142857139632 0.0006000000000000001
0.09625000000000931 0.006285714285709449 0.0006000000000000001
0.09562500000001359 0.006857142857139632 0.0006000000000000001
0.09562500000001087 0.006285714285709447 0.0006000000000000001
0.09625000000001629 0.008 0.0006000000000000001
0.09625000000001396 0.007428571428569815 0.0006000000000000001
0.095625000000019 0.008 0.0006000000000000001
0.09562500000001631 0.007428571428569817 0.0006000000000000001
0.09749999999998919 0 0.0006000000000000001
0.0974999999999923 0.00114285714285516 0.0006000000000000001
0.09687499999998647 0 0.0006000000000000001
0.09749999999999075 0.00057142857142758 0.0006000000000000001
0.09687499999999036 0.00114285714285516 0.0006000000000000001
0.09687499999998841 0.0005714285714275801 0.0006000000000000001
0.09749999999999542 0.002285714285709134 0.0006000000000000001
0.09749999999999387 0.001714285714282147 0.0006000000000000001
0.09687499999999424 0.002285714285709134 0.0006000000000000001
0.09687499999999229 0.001714285714282147 0.0006000000000000001
0.09749999999999849 0.003428571428562995 0.0006000000000000001
0.09749999999999695 0.002857142857136064 0.0006000000000000001
0.0968749999999981 0.003428571428562994 0.0006000000000000001
0.09687499999999619 0.002857142857136064 0.0006000000000000001
0.0975000000000016 0.004571428571419358 0.0006000000000000001
0.09750000000000004 0.003999999999991176 0.0006000000000000001
0.09687500000000197 0.004571428571419357 0.0006000000000000001
0.09687500000000006 0.003999999999991174 0.0006000000000000001
0.09750000000000469 0.005714285714279265 0.0006000000000000001
0.09750000000000314 0.005142857142849311 0.0006000000000000001
0.09687500000000585 0.005714285714279265 0.0006000000000000001
0.09687500000000387 0.005142857142849311 0.0006000000000000001
0.0975000000000078 0.006857142857139632 0.0006000000000000001
0.09750000000000625 0.006285714285709449 0.0006000000000000001
0.09687500000000972 0.006857142857139632 0.0006000000000000001
0.09687500000000782 0.006285714285709447 0.0006000000000000001
0.09750000000001088 0.008 0.0006000000000000001
0.09750000000000934 0.007428571428569815 0.0006000000000000001
0.09687500000001359 0.008 0.0006000000000000001
0.09687500000001166 0.007428571428569817 0.0006000000000000001
0.09874999999999461 0 0.0006000000000000001
0.09874999999999613 0.00114285714285516 0.0006000000000000001
0.0981249999999919 0 0.0006000000000000001
0.09874999999999537 0.00057142857142758 0.0006000000000000001
0.09812499999999422 0.00114285714285516 0.0006000000000000001
0.09812499999999305 0.0005714285714275801 0.0006000000000000001
0.0987499999999977 0.002285714285709134 0.0006000000000000001
0.09874999999999692 0.001714285714282147 0.0006000000000000001
0.09812499999999658 0.002285714285709134 0.0006000000000000001
0.0981249999999954 0.001714285714282147 0.0006000000000000001
0.09874999999999926 0.003428571428562995 0.0006000000000000001
0.09874999999999848 0.002857142857136064 0.0006000000000000001
0.09812499999999888 0.003428571428562995 0.0006000000000000001
0.09812499999999771 0.002857142857136064 0.0006000000000000001
0.09875000000000081 0.004571428571419357 0.0006000000000000001
0.09875000000000003 0.003999999999991176 0.0006000000000000001
0.09812500000000121 0.004571428571419357 0.0006000000000000001
0.09812500000000002 0.003999999999991174 0.0006000000000000001
0.09875000000000236 0.005714285714279265 0.0006000000000000001
0.09875000000000159 0.005142857142849311 0.0006000000000000001
0.09812500000000354 0.005714285714279265 0.0006000000000000001
0.09812500000000236 0.005142857142849311 0.0006000000000000001
0.09875000000000392 0.006857142857139632 0.0006000000000000001
0.09875000000000314 0.006285714285709449 0.0006000000000000001
0.09812500000000587 0.006857142857139632 0.0006000000000000001
0.09812500000000474 0.006285714285709447 0.0006000000000000001
0.09875000000000546 0.008 0.0006000000000000001
0.0987500000000047 0.007428571428569815 0.0006000000000000001
0.09812500000000818 0.008 0.0006000000000000001
0.09812500000000704 0.007428571428569817 0.0006000000000000001
0.1 0 0.0006000000000000001
0.1 0.00114285714285516 0.0006000000000000001
0.0993749999999973 0 0.0006000000000000001
0.1 0.00057142857142758 0.0006000000000000001
0.09937499999999808 0.00114285714285516 0.0006000000000000001
0.09937499999999767 0.0005714285714275801 0.0006000000000000001
0.1 0.002285714285709134 0.0006000000000000001
0.1 0.001714285714282147 0.0006000000000000001
0.09937499999999885 0.002285714285709134 0.0006000000000000001
0.09937499999999845 0.001714285714282147 0.0006000000000000001
0.1 0.003428571428562995 0.0006000000000000001
0.1 0.002857142857136064 0.0006000000000000001
0.09937499999999963 0.003428571428562995 0.0006000000000000001
0.09937499999999923 0.002857142857136064 0.0006000000000000001
0.1 0.004571428571419358 0.0006000000000000001
0.1 0.003999999999991176 0.0006000000000000001
0.09937500000000041 0.004571428571419357 0.0006000000000000001
0.099375 0.003999999999991176 0.0006000000000000001
0.1 0.005714285714279265 0.0006000000000000001
0.1 0.005142857142849311 0.0006000000000000001
0.09937500000000118 0.005714285714279265 0.0006000000000000001
0.09937500000000078 0.005142857142849311 0.0006000000000000001
0.1 0.006857142857139632 0.0006000000000000001
0.1 0.006285714285709449 0.0006000000000000001
0.09937500000000196 0.006857142857139632 0.0006000000000000001
0.09937500000000156 0.006285714285709447 0.0006000000000000001
0.1 0.008 0.0006000000000000001
0.1 0.007428571428569815 0.0006000000000000001
0.09937500000000274 0.008 0.0006000000000000001
0.09937500000000234 0.007428571428569817 0.0006000000000000001
$EndNodes
$Elements
269 3757 1 3757
0 1 15 1
1 1 
0 2 15 1
2 2 
0 3 15 1
3 3 
0 4 15 1
4 4 
0 5 15 1
5 5 
0 6 15 1
6 6 
0 10 15 1
7 7 
0 14 15 1
8 8 
0 15 15 1
9 9 
0 16 15 1
10 10 
0 20 15 1
11 11 
0 24 15 1
12 12 
0 26 15 1
13 13 
0 27 15 1
14 14 
0 30 15 1
15 15 
0 34 15 1
16 16 
0 36 15 1
17 17 
0 40 15 1
18 18 
0 42 15 1
19 19 
0 43 15 1
20 20 
0 46 15 1
21 21 
0 50 15 1
22 22 
0 52 15 1
23 23 
0 56 15 1
24 24 
0 58 15 1
25 25 
0 59 15 1
26 26 
0 62 15 1
27 27 
0 66 15 1
28 28 
0 68 15 1
29 29 
0 72 15 1
30 30 
0 74 15 1
31 31 
0 75 15 1
32 32 
0 78 15 1
33 33 
0 82 15 1
34 34 
0 84 15 1
35 35 
0 88 15 1
36 36 
0 90 15 1
37 37 
0 91 15 1
38 38 
0 94 15 1
39 39 
0 98 15 1
40 40 
0 100 15 1
41 41 
0 104 15 1
42 42 
0 106 15 1
43 43 
0 107 15 1
44 44 
0 110 15 1
45 45 
0 114 15 1
46 46 
0 116 15 1
47 47 
0 120 15 1
48 48 
0 122 15 1
49 49 
0 123 15 1
50 50 
0 126 15 1
51 51 
0 130 15 1
52 52 
0 132 15 1
53 53 
0 136 15 1
54 54 
0 138 15 1
55 55 
0 139 15 1
56 56 
0 142 15 1
57 57 
0 146 15 1
58 58 
0 148 15 1
59 59 
0 152 15 1
60 60 
0 154 15 1
61 61 
0 155 15 1
62 62 
0 158 15 1
63 63 
0 162 15 1
64 64 
0 164 15 1
65 65 
0 168 15 1
66 66 
1 1 8 8
67 1 67 74 
68 67 68 75 
69 68 69 76 
70 69 70 77 
71 70 71 78 
72 71 72 79 
73 72 73 80 
74 73 2 81 
1 2 8 7
75 2 82 88 
76 82 83 89 
77 83 84 90 
78 84 85 91 
79 85 86 92 
80 86 87 93 
81 87 3 94 
1 3 8 8
82 3 95 102 
83 95 96 103 
84 96 97 104 
85 97 98 105 
86 98 99 106 
87 99 100 107 
88 100 101 108 
89 101 4 109 
1 4 8 7
90 4 110 116 
91 110 111 117 
92 111 112 118 
93 112 113 119 
94 113 114 120 
95 114 115 121 
96 115 1 122 
1 6 8 8
97 5 123 130 
98 123 124 131 
99 124 125 132 
100 125 126 133 
101 126 127 134 
102 127 128 135 
103 128 129 136 
104 129 6 137 
1 7 8 7
105 6 138 144 
106 138 139 145 
107 139 140 146 
108 140 141 147 
109 141 142 148 
110 142 143 149 
111 143 7 150 
1 8 8 8
112 7 151 158 
113 151 152 159 
114 152 153 160 
115 153 154 161 
116 154 155 162 
117 155 156 163 
118 156 157 164 
119 157 8 165 
1 9 8 7
120 8 166 172 
121 166 167 173 
122 167 168 174 
123 168 169 175 
124 169 170 176 
125 170 171 177 
126 171 5 178 
1 11 8 1
127 1 5 179 
1 12 8 1
128 2 6 180 
1 16 8 1
129 3 7 181 
1 20 8 1
130 4 8 182 
1 28 8 8
131 9 183 190 
132 183 184 191 
133 184 185 192 
134 185 186 193 
135 186 187 194 
136 187 188 195 
137 188 189 196 
138 189 10 197 
1 29 8 7
139 10 198 204 
140 198 199 205 
141 199 200 206 
142 200 201 207 
143 201 202 208 
144 202 203 209 
145 203 11 210 
1 30 8 8
146 11 211 218 
147 211 212 219 
148 212 213 220 
149 213 214 221 
150 214 215 222 
151 215 216 223 
152 216 217 224 
153 217 12 225 
1 31 8 7
154 12 226 232 
155 226 227 233 
156 227 228 234 
157 228 229 235 
158 229 230 236 
159 230 231 237 
160 231 9 238 
1 33 8 1
161 5 9 239 
1 34 8 1
162 6 10 240 
1 38 8 1
163 7 11 241 
1 42 8 1
164 8 12 242 
1 43 8 8
165 2 243 250 
166 243 244 251 
167 244 245 252 
168 245 246 253 
169 246 247 254 
170 247 248 255 
171 248 249 256 
172 249 13 257 
1 44 8 7
173 13 258 264 
174 258 259 265 
175 259 260 266 
176 260 261 267 
177 261 262 268 
178 262 263 269 
179 263 14 270 
1 45 8 8
180 14 271 278 
181 271 272 279 
182 272 273 280 
183 273 274 281 
184 274 275 282 
185 275 276 283 
186 276 277 284 
187 277 3 285 
1 51 8 8
188 6 286 293 
189 286 287 294 
190 287 288 295 
191 288 289 296 
192 289 290 297 
193 290 291 298 
194 291 292 299 
195 292 15 300 
1 52 8 7
196 15 301 307 
197 301 302 308 
198 302 303 309 
199 303 304 310 
200 304 305 311 
201 305 306 312 
202 306 16 313 
1 53 8 8
203 16 314 321 
204 314 315 322 
205 315 316 323 
206 316 317 324 
207 317 318 325 
208 318 319 326 
209 319 320 327 
210 320 7 328 
1 57 8 1
211 13 15 329 
1 61 8 1
212 14 16 330 
1 73 8 8
213 10 331 338 
214 331 332 339 
215 332 333 340 
216 333 334 341 
217 334 335 342 
218 335 336 343 
219 336 337 344 
220 337 17 345 
1 74 8 7
221 17 346 352 
222 346 347 353 
223 347 348 354 
224 348 349 355 
225 349 350 356 
226 350 351 357 
227 351 18 358 
1 75 8 8
228 18 359 366 
229 359 360 367 
230 360 361 368 
231 361 362 369 
232 362 363 370 
233 363 364 371 
234 364 365 372 
235 365 11 373 
1 79 8 1
236 15 17 374 
1 83 8 1
237 16 18 375 
1 84 8 8
238 13 376 383 
239 376 377 384 
240 377 378 385 
241 378 379 386 
242 379 380 387 
243 380 381 388 
244 381 382 389 
245 382 19 390 
1 85 8 7
246 19 391 397 
247 391 392 398 
248 392 393 399 
249 393 394 400 
250 394 395 401 
251 395 396 402 
252 396 20 403 
1 86 8 8
253 20 404 411 
254 404 405 412 
255 405 406 413 
256 406 407 414 
257 407 408 415 
258 408 409 416 
259 409 410 417 
260 410 14 418 
1 96 8 8
261 15 419 426 
262 419 420 427 
263 420 421 428 
264 421 422 429 
265 422 423 430 
266 423 424 431 
267 424 425 432 
268 425 21 433 
1 97 8 7
269 21 434 440 
270 434 435 441 
271 435 436 442 
272 436 437 443 
273 437 438 444 
274 438 439 445 
275 439 22 446 
1 98 8 8
276 22 447 454 
277 447 448 455 
278 448 449 456 
279 449 450 457 
280 450 451 458 
281 451 452 459 
282 452 453 460 
283 453 16 461 
1 102 8 1
284 19 21 462 
1 106 8 1
285 20 22 463 
1 118 8 8
286 17 464 471 
287 464 465 472 
288 465 466 473 
289 466 467 474 
290 467 468 475 
291 468 469 476 
292 469 470 477 
293 470 23 478 
1 119 8 7
294 23 479 485 
295 479 480 486 
296 480 481 487 
297 481 482 488 
298 482 483 489 
299 483 484 490 
300 484 24 491 
1 120 8 8
301 24 492 499 
302 492 493 500 
303 493 494 501 
304 494 495 502 
305 495 496 503 
306 496 497 504 
307 497 498 505 
308 498 18 506 
1 124 8 1
309 21 23 507 
1 128 8 1
310 22 24 508 
1 129 8 8
311 19 509 516 
312 509 510 517 
313 510 511 518 
314 511 512 519 
315 512 513 520 
316 513 514 521 
317 514 515 522 
318 515 25 523 
1 130 8 7
319 25 524 530 
320 524 525 531 
321 525 526 532 
322 526 527 533 
323 527 528 534 
324 528 529 535 
325 529 26 536 
1 131 8 8
326 26 537 544 
327 537 538 545 
328 538 539 546 
329 539 540 547 
330 540 541 548 
331 541 542 549 
332 542 543 550 
333 543 20 551 
1 141 8 8
334 21 552 559 
335 552 553 560 
336 553 554 561 
337 554 555 562 
338 555 556 563 
339 556 557 564 
340 557 558 565 
341 558 27 566 
1 142 8 7
342 27 567 573 
343 567 568 574 
344 568 569 575 
345 569 570 576 
346 570 571 577 
347 571 572 578 
348 572 28 579 
1 143 8 8
349 28 580 587 
350 580 581 588 
351 581 582 589 
352 582 583 590 
353 583 584 591 
354 584 585 592 
355 585 586 593 
356 586 22 594 
1 147 8 1
357 25 27 595 
1 151 8 1
358 26 28 596 
1 163 8 8
359 23 597 604 
360 597 598 605 
361 598 599 606 
362 599 600 607 
363 600 601 608 
364 601 602 609 
365 602 603 610 
366 603 29 611 
1 164 8 7
367 29 612 618 
368 612 613 619 
369 613 614 620 
370 614 615 621 
371 615 616 622 
372 616 617 623 
373 617 30 624 
1 165 8 8
374 30 625 632 
375 625 626 633 
376 626 627 634 
377 627 628 635 
378 628 629 636 
379 629 630 637 
380 630 631 638 
381 631 24 639 
1 169 8 1
382 27 29 640 
1 173 8 1
383 28 30 641 
1 174 8 8
384 25 642 649 
385 642 643 650 
386 643 644 651 
387 644 645 652 
388 645 646 653 
389 646 647 654 
390 647 648 655 
391 648 31 656 
1 175 8 7
392 31 657 663 
393 657 658 664 
394 658 659 665 
395 659 660 666 
396 660 661 667 
397 661 662 668 
398 662 32 669 
1 176 8 8
399 32 670 677 
400 670 671 678 
401 671 672 679 
402 672 673 680 
403 673 674 681 
404 674 675 682 
405 675 676 683 
406 676 26 684 
1 186 8 8
407 27 685 692 
408 685 686 693 
409 686 687 694 
410 687 688 695 
411 688 689 696 
412 689 690 697 
413 690 691 698 
414 691 33 699 
1 187 8 7
415 33 700 706 
416 700 701 707 
417 701 702 708 
418 702 703 709 
419 703 704 710 
420 704 705 711 
421 705 34 712 
1 188 8 8
422 34 713 720 
423 713 714 721 
424 714 715 722 
425 715 716 723 
426 716 717 724 
427 717 718 725 
428 718 719 726 
429 719 28 727 
1 192 8 1
430 31 33 728 
1 196 8 1
431 32 34 729 
1 208 8 8
432 29 730 737 
433 730 731 738 
434 731 732 739 
435 732 733 740 
436 733 734 741 
437 734 735 742 
438 735 736 743 
439 736 35 744 
1 209 8 7
440 35 745 751 
441 745 746 752 
442 746 747 753 
443 747 748 754 
444 748 749 755 
445 749 750 756 
446 750 36 757 
1 210 8 8
447 36 758 765 
448 758 759 766 
449 759 760 767 
450 760 761 768 
451 761 762 769 
452 762 763 770 
453 763 764 771 
454 764 30 772 
1 214 8 1
455 33 35 773 
1 218 8 1
456 34 36 774 
1 219 8 8
457 31 775 782 
458 775 776 783 
459 776 777 784 
460 777 778 785 
461 778 779 786 
462 779 780 787 
463 780 781 788 
464 781 37 789 
1 220 8 7
465 37 790 796 
466 790 791 797 
467 791 792 798 
468 792 793 799 
469 793 794 800 
470 794 795 801 
471 795 38 802 
1 221 8 8
472 38 803 810 
473 803 804 811 
474 804 805 812 
475 805 806 813 
476 806 807 814 
477 807 808 815 
478 808 809 816 
479 809 32 817 
1 231 8 8
480 33 818 825 
481 818 819 826 
482 819 820 827 
483 820 821 828 
484 821 822 829 
485 822 823 830 
486 823 824 831 
487 824 39 832 
1 232 8 7
488 39 833 839 
489 833 834 840 
490 834 835 841 
491 835 836 842 
492 836 837 843 
493 837 838 844 
494 838 40 845 
1 233 8 8
495 40 846 853 
496 846 847 854 
497 847 848 855 
498 848 849 856 
499 849 850 857 
500 850 851 858 
501 851 852 859 
502 852 34 860 
1 237 8 1
503 37 39 861 
1 241 8 1
504 38 40 862 
1 253 8 8
505 35 863 870 
506 863 864 871 
507 864 865 872 
508 865 866 873 
509 866 867 874 
510 867 868 875 
511 868 869 876 
512 869 41 877 
1 254 8 7
513 41 878 884 
514 878 879 885 
515 879 880 886 
516 880 881 887 
517 881 882 888 
518 882 883 889 
519 883 42 890 
1 255 8 8
520 42 891 898 
521 891 892 899 
522 892 893 900 
523 893 894 901 
524 894 895 902 
525 895 896 903 
526 896 897 904 
527 897 36 905 
1 259 8 1
528 39 41 906 
1 263 8 1
529 40 42 907 
1 264 8 8
530 37 908 915 
531 908 909 916 
532 909 910 917 
533 910 911 918 
534 911 912 919 
535 912 913 920 
536 913 914 921 
537 914 43 922 
1 265 8 7
538 43 923 929 
539 923 924 930 
540 924 925 931 
541 925 926 932 
542 926 927 933 
543 927 928 934 
544 928 44 935 
1 266 8 8
545 44 936 943 
546 936 937 944 
547 937 938 945 
548 938 939 946 
549 939 940 947 
550 940 941 948 
551 941 942 949 
552 942 38 950 
1 276 8 8
553 39 951 958 
554 951 952 959 
555 952 953 960 
556 953 954 961 
557 954 955 962 
558 955 956 963 
559 956 957 964 
560 957 45 965 
1 277 8 7
561 45 966 972 
562 966 967 973 
563 967 968 974 
564 968 969 975 
565 969 970 976 
566 970 971 977 
567 971 46 978 
1 278 8 8
568 46 979 986 
569 979 980 987 
570 980 981 988 
571 981 982 989 
572 982 983 990 
573 983 984 991 
574 984 985 992 
575 985 40 993 
1 282 8 1
576 43 45 994 
1 286 8 1
577 44 46 995 
1 298 8 8
578 41 996 1003 
579 996 997 1004 
580 997 998 1005 
581 998 999 1006 
582 999 1000 1007 
583 1000 1001 1008 
584 1001 1002 1009 
585 1002 47 1010 
1 299 8 7
586 47 1011 1017 
587 1011 1012 1018 
588 1012 1013 1019 
589 1013 1014 1020 
590 1014 1015 1021 
591 1015 1016 1022 
592 1016 48 1023 
1 300 8 8
593 48 1024 1031 
594 1024 1025 1032 
595 1025 1026 1033 
596 1026 1027 1034 
597 1027 1028 1035 
598 1028 1029 1036 
599 1029 1030 1037 
600 1030 42 1038 
1 304 8 1
601 45 47 1039 
1 308 8 1
602 46 48 1040 
1 309 8 8
603 43 1041 1048 
604 1041 1042 1049 
605 1042 1043 1050 
606 1043 1044 1051 
607 1044 1045 1052 
608 1045 1046 1053 
609 1046 1047 1054 
610 1047 49 1055 
1 310 8 7
611 49 1056 1062 
612 1056 1057 1063 
613 1057 1058 1064 
614 1058 1059 1065 
615 1059 1060 1066 
616 1060 1061 1067 
617 1061 50 1068 
1 311 8 8
618 50 1069 1076 
619 1069 1070 1077 
620 1070 1071 1078 
621 1071 1072 1079 
622 1072 1073 1080 
623 1073 1074 1081 
624 1074 1075 1082 
625 1075 44 1083 
1 321 8 8
626 45 1084 1091 
627 1084 1085 1092 
628 1085 1086 1093 
629 1086 1087 1094 
630 1087 1088 1095 
631 1088 1089 1096 
632 1089 1090 1097 
633 1090 51 1098 
1 322 8 7
634 51 1099 1105 
635 1099 1100 1106 
636 1100 1101 1107 
637 1101 1102 1108 
638 1102 1103 1109 
639 1103 1104 1110 
640 1104 52 1111 
1 323 8 8
641 52 1112 1119 
642 1112 1113 1120 
643 1113 1114 1121 
644 1114 1115 1122 
645 1115 1116 1123 
646 1116 1117 1124 
647 1117 1118 1125 
648 1118 46 1126 
1 327 8 1
649 49 51 1127 
1 331 8 1
650 50 52 1128 
1 343 8 8
651 47 1129 1136 
652 1129 1130 1137 
653 1130 1131 1138 
654 1131 1132 1139 
655 1132 1133 1140 
656 1133 1134 1141 
657 1134 1135 1142 
658 1135 53 1143 
1 344 8 7
659 53 1144 1150 
660 1144 1145 1151 
661 1145 1146 1152 
662 1146 1147 1153 
663 1147 1148 1154 
664 1148 1149 1155 
665 1149 54 1156 
1 345 8 8
666 54 1157 1164 
667 1157 1158 1165 
668 1158 1159 1166 
669 1159 1160 1167 
670 1160 1161 1168 
671 1161 1162 1169 
672 1162 1163 1170 
673 1163 48 1171 
1 349 8 1
674 51 53 1172 
1 353 8 1
675 52 54 1173 
1 354 8 8
676 49 1174 1181 
677 1174 1175 1182 
678 1175 1176 1183 
679 1176 1177 1184 
680 1177 1178 1185 
681 1178 1179 1186 
682 1179 1180 1187 
683 1180 55 1188 
1 355 8 7
684 55 1189 1195 
685 1189 1190 1196 
686 1190 1191 1197 
687 1191 1192 1198 
688 1192 1193 1199 
689 1193 1194 1200 
690 1194 56 1201 
1 356 8 8
691 56 1202 1209 
692 1202 1203 1210 
693 1203 1204 1211 
694 1204 1205 1212 
695 1205 1206 1213 
696 1206 1207 1214 
697 1207 1208 1215 
698 1208 50 1216 
1 366 8 8
699 51 1217 1224 
700 1217 1218 1225 
701 1218 1219 1226 
702 1219 1220 1227 
703 1220 1221 1228 
704 1221 1222 1229 
705 1222 1223 1230 
706 1223 57 1231 
1 367 8 7
707 57 1232 1238 
708 1232 1233 1239 
709 1233 1234 1240 
710 1234 1235 1241 
711 1235 1236 1242 
712 1236 1237 1243 
713 1237 58 1244 
1 368 8 8
714 58 1245 1252 
715 1245 1246 1253 
716 1246 1247 1254 
717 1247 1248 1255 
718 1248 1249 1256 
719 1249 1250 1257 
720 1250 1251 1258 
721 1251 52 1259 
1 372 8 1
722 55 57 1260 
1 376 8 1
723 56 58 1261 
1 388 8 8
724 53 1262 1269 
725 1262 1263 1270 
726 1263 1264 1271 
727 1264 1265 1272 
728 1265 1266 1273 
729 1266 1267 1274 
730 1267 1268 1275 
731 1268 59 1276 
1 389 8 7
732 59 1277 1283 
733 1277 1278 1284 
734 1278 1279 1285 
735 1279 1280 1286 
736 1280 1281 1287 
737 1281 1282 1288 
738 1282 60 1289 
1 390 8 8
739 60 1290 1297 
740 1290 1291 1298 
741 1291 1292 1299 
742 1292 1293 1300 
743 1293 1294 1301 
744 1294 1295 1302 
745 1295 1296 1303 
746 1296 54 1304 
1 394 8 1
747 57 59 1305 
1 398 8 1
748 58 60 1306 
1 399 8 8
749 55 1307 1314 
750 1307 1308 1315 
751 1308 1309 1316 
752 1309 1310 1317 
753 1310 1311 1318 
754 1311 1312 1319 
755 1312 1313 1320 
756 1313 61 1321 
1 400 8 7
757 61 1322 1328 
758 1322 1323 1329 
759 1323 1324 1330 
760 1324 1325 1331 
761 1325 1326 1332 
762 1326 1327 1333 
763 1327 62 1334 
1 401 8 8
764 62 1335 1342 
765 1335 1336 1343 
766 1336 1337 1344 
767 1337 1338 1345 
768 1338 1339 1346 
769 1339 1340 1347 
770 1340 1341 1348 
771 1341 56 1349 
1 411 8 8
772 57 1350 1357 
773 1350 1351 1358 
774 1351 1352 1359 
775 1352 1353 1360 
776 1353 1354 1361 
777 1354 1355 1362 
778 1355 1356 1363 
779 1356 63 1364 
1 412 8 7
780 63 1365 1371 
781 1365 1366 1372 
782 1366 1367 1373 
783 1367 1368 1374 
784 1368 1369 1375 
785 1369 1370 1376 
786 1370 64 1377 
1 413 8 8
787 64 1378 1385 
788 1378 1379 1386 
789 1379 1380 1387 
790 1380 1381 1388 
791 1381 1382 1389 
792 1382 1383 1390 
793 1383 1384 1391 
794 1384 58 1392 
1 433 8 8
795 59 1393 1400 
796 1393 1394 1401 
797 1394 1395 1402 
798 1395 1396 1403 
799 1396 1397 1404 
800 1397 1398 1405 
801 1398 1399 1406 
802 1399 65 1407 
1 434 8 7
803 65 1408 1414 
804 1408 1409 1415 
805 1409 1410 1416 
806 1410 1411 1417 
807 1411 1412 1418 
808 1412 1413 1419 
809 1413 66 1420 
1 435 8 8
810 66 1421 1428 
811 1421 1422 1429 
812 1422 1423 1430 
813 1423 1424 1431 
814 1424 1425 1432 
815 1425 1426 1433 
816 1426 1427 1434 
817 1427 60 1435 
2 1 10 56
818 1 67 1436 115 74 1478 1479 122 1480 
819 115 1436 1437 114 1479 1481 1482 121 1483 
820 114 1437 1438 113 1482 1484 1485 120 1486 
821 113 1438 1439 112 1485 1487 1488 119 1489 
822 112 1439 1440 111 1488 1490 1491 118 1492 
823 111 1440 1441 110 1491 1493 1494 117 1495 
824 110 1441 101 4 1494 1496 109 116 1497 
825 67 68 1442 1436 75 1498 1499 1478 1500 
826 1436 1442 1443 1437 1499 1501 1502 1481 1503 
827 1437 1443 1444 1438 1502 1504 1505 1484 1506 
828 1438 1444 1445 1439 1505 1507 1508 1487 1509 
829 1439 1445 1446 1440 1508 1510 1511 1490 1512 
830 1440 1446 1447 1441 1511 1513 1514 1493 1515 
831 1441 1447 100 101 1514 1516 108 1496 1517 
832 68 69 1448 1442 76 1518 1519 1498 1520 
833 1442 1448 1449 1443 1519 1521 1522 1501 1523 
834 1443 1449 1450 1444 1522 1524 1525 1504 1526 
835 1444 1450 1451 1445 1525 1527 1528 1507 1529 
836 1445 1451 1452 1446 1528 1530 1531 1510 1532 
837 1446 1452 1453 1447 1531 1533 1534 1513 1535 
838 1447 1453 99 100 1534 1536 107 1516 1537 
839 69 70 1454 1448 77 1538 1539 1518 1540 
840 1448 1454 1455 1449 1539 1541 1542 1521 1543 
841 1449 1455 1456 1450 1542 1544 1545 1524 1546 
842 1450 1456 1457 1451 1545 1547 1548 1527 1549 
843 1451 1457 1458 1452 1548 1550 1551 1530 1552 
844 1452 1458 1459 1453 1551 1553 1554 1533 1555 
845 1453 1459 98 99 1554 1556 106 1536 1557 
846 70 71 1460 1454 78 1558 1559 1538 1560 
847 1454 1460 1461 1455 1559 1561 1562 1541 1563 
848 1455 1461 1462 1456 1562 1564 1565 1544 1566 
849 1456 1462 1463 1457 1565 1567 1568 1547 1569 
850 1457 1463 1464 1458 1568 1570 1571 1550 1572 
851 1458 1464 1465 1459 1571 1573 1574 1553 1575 
852 1459 1465 97 98 1574 1576 105 1556 1577 
853 71 72 1466 1460 79 1578 1579 1558 1580 
854 1460 1466 1467 1461 1579 1581 1582 1561 1583 
855 1461 1467 1468 1462 1582 1584 1585 1564 1586 
856 1462 1468 1469 1463 1585 1587 1588 1567 1589 
857 1463 1469 1470 1464 1588 1590 1591 1570 1592 
858 1464 1470 1471 1465 1591 1593 1594 1573 1595 
859 1465 1471 96 97 1594 1596 104 1576 1597 
860 72 73 1472 1466 80 1598 1599 1578 1600 
861 1466 1472 1473 1467 1599 1601 1602 1581 1603 
862 1467 1473 1474 1468 1602 1604 1605 1584 1606 
863 1468 1474 1475 1469 1605 1607 1608 1587 1609 
864 1469 1475 1476 1470 1608 1610 1611 1590 1612 
865 1470 1476 1477 1471 1611 1613 1614 1593 1615 
866 1471 1477 95 96 1614 1616 103 1596 1617 
867 73 2 82 1472 81 88 1618 1598 1619 
868 1472 82 83 1473 1618 89 1620 1601 1621 
869 1473 83 84 1474 1620 90 1622 1604 1623 
870 1474 84 85 1475 1622 91 1624 1607 1625 
871 1475 85 86 1476 1624 92 1626 1610 1627 
872 1476 86 87 1477 1626 93 1628 1613 1629 
873 1477 87 3 95 1628 94 102 1616 1630 
2 17 10 7
874 2 82 138 6 88 1631 144 180 1632 
875 82 83 139 138 89 1633 145 1631 1634 
876 83 84 140 139 90 1635 146 1633 1636 
877 84 85 141 140 91 1637 147 1635 1638 
878 85 86 142 141 92 1639 148 1637 1640 
879 86 87 143 142 93 1641 149 1639 1642 
880 87 3 7 143 94 181 150 1641 1643 
2 25 10 7
881 4 110 166 8 116 1644 172 182 1645 
882 110 111 167 166 117 1646 173 1644 1647 
883 111 112 168 167 118 1648 174 1646 1649 
884 112 113 169 168 119 1650 175 1648 1651 
885 113 114 170 169 120 1652 176 1650 1653 
886 114 115 171 170 121 1654 177 1652 1655 
887 115 1 5 171 122 179 178 1654 1656 
2 26 10 56
888 5 123 1657 171 130 1699 1700 178 1701 
889 171 1657 1658 170 1700 1702 1703 177 1704 
890 170 1658 1659 169 1703 1705 1706 176 1707 
891 169 1659 1660 168 1706 1708 1709 175 1710 
892 168 1660 1661 167 1709 1711 1712 174 1713 
893 167 1661 1662 166 1712 1714 1715 173 1716 
894 166 1662 157 8 1715 1717 165 172 1718 
895 123 124 1663 1657 131 1719 1720 1699 1721 
896 1657 1663 1664 1658 1720 1722 1723 1702 1724 
897 1658 1664 1665 1659 1723 1725 1726 1705 1727 
898 1659 1665 1666 1660 1726 1728 1729 1708 1730 
899 1660 1666 1667 1661 1729 1731 1732 1711 1733 
900 1661 1667 1668 1662 1732 1734 1735 1714 1736 
901 1662 1668 156 157 1735 1737 164 1717 1738 
902 124 125 1669 1663 132 1739 1740 1719 1741 
903 1663 1669 1670 1664 1740 1742 1743 1722 1744 
904 1664 1670 1671 1665 1743 1745 1746 1725 1747 
905 1665 1671 1672 1666 1746 1748 1749 1728 1750 
906 1666 1672 1673 1667 1749 1751 1752 1731 1753 
907 1667 1673 1674 1668 1752 1754 1755 1734 1756 
908 1668 1674 155 156 1755 1757 163 1737 1758 
909 125 126 1675 1669 133 1759 1760 1739 1761 
910 1669 1675 1676 1670 1760 1762 1763 1742 1764 
911 1670 1676 1677 1671 1763 1765 1766 1745 1767 
912 1671 1677 1678 1672 1766 1768 1769 1748 1770 
913 1672 1678 1679 1673 1769 1771 1772 1751 1773 
914 1673 1679 1680 1674 1772 1774 1775 1754 1776 
915 1674 1680 154 155 1775 1777 162 1757 1778 
916 126 127 1681 1675 134 1779 1780 1759 1781 
917 1675 1681 1682 1676 1780 1782 1783 1762 1784 
918 1676 1682 1683 1677 1783 1785 1786 1765 1787 
919 1677 1683 1684 1678 1786 1788 1789 1768 1790 
920 1678 1684 1685 1679 1789 1791 1792 1771 1793 
921 1679 1685 1686 1680 1792 1794 1795 1774 1796 
922 1680 1686 153 154 1795 1797 161 1777 1798 
923 127 128 1687 1681 135 1799 1800 1779 1801 
924 1681 1687 1688 1682 1800 1802 1803 1782 1804 
925 1682 1688 1689 1683 1803 1805 1806 1785 1807 
926 1683 1689 1690 1684 1806 1808 1809 1788 1810 
927 1684 1690 1691 1685 1809 1811 1812 1791 1813 
928 1685 1691 1692 1686 1812 1814 1815 1794 1816 
929 1686 1692 152 153 1815 1817 160 1797 1818 
930 128 129 1693 1687 136 1819 1820 1799 1821 
931 1687 1693 1694 1688 1820 1822 1823 1802 1824 
932 1688 1694 1695 1689 1823 1825 1826 1805 1827 
933 1689 1695 1696 1690 1826 1828 1829 1808 1830 
934 1690 1696 1697 1691 1829 1831 1832 1811 1833 
935 1691 1697 1698 1692 1832 1834 1835 1814 1836 
936 1692 1698 151 152 1835 1837 159 1817 1838 
937 129 6 138 1693 137 144 1839 1819 1840 
938 1693 138 139 1694 1839 145 1841 1822 1842 
939 1694 139 140 1695 1841 146 1843 1825 1844 
940 1695 140 141 1696 1843 147 1845 1828 1846 
941 1696 141 142 1697 1845 148 1847 1831 1848 
942 1697 142 143 1698 1847 149 1849 1834 1850 
943 1698 143 7 151 1849 150 158 1837 1851 
2 39 10 7
944 6 138 198 10 144 1852 204 240 1853 
945 138 139 199 198 145 1854 205 1852 1855 
946 139 140 200 199 146 1856 206 1854 1857 
947 140 141 201 200 147 1858 207 1856 1859 
948 141 142 202 201 148 1860 208 1858 1861 
949 142 143 203 202 149 1862 209 1860 1863 
950 143 7 11 203 150 241 210 1862 1864 
2 47 10 7
951 8 166 226 12 172 1865 232 242 1866 
952 166 167 227 226 173 1867 233 1865 1868 
953 167 168 228 227 174 1869 234 1867 1870 
954 168 169 229 228 175 1871 235 1869 1872 
955 169 170 230 229 176 1873 236 1871 1874 
956 170 171 231 230 177 1875 237 1873 1876 
957 171 5 9 231 178 239 238 1875 1877 
2 48 10 56
958 9 183 1878 231 190 1920 1921 238 1922 
959 231 1878 1879 230 1921 1923 1924 237 1925 
960 230 1879 1880 229 1924 1926 1927 236 1928 
961 229 1880 1881 228 1927 1929 1930 235 1931 
962 228 1881 1882 227 1930 1932 1933 234 1934 
963 227 1882 1883 226 1933 1935 1936 233 1937 
964 226 1883 217 12 1936 1938 225 232 1939 
965 183 184 1884 1878 191 1940 1941 1920 1942 
966 1878 1884 1885 1879 1941 1943 1944 1923 1945 
967 1879 1885 1886 1880 1944 1946 1947 1926 1948 
968 1880 1886 1887 1881 1947 1949 1950 1929 1951 
969 1881 1887 1888 1882 1950 1952 1953 1932 1954 
970 1882 1888 1889 1883 1953 1955 1956 1935 1957 
971 1883 1889 216 217 1956 1958 224 1938 1959 
972 184 185 1890 1884 192 1960 1961 1940 1962 
973 1884 1890 1891 1885 1961 1963 1964 1943 1965 
974 1885 1891 1892 1886 1964 1966 1967 1946 1968 
975 1886 1892 1893 1887 1967 1969 1970 1949 1971 
976 1887 1893 1894 1888 1970 1972 1973 1952 1974 
977 1888 1894 1895 1889 1973 1975 1976 1955 1977 
978 1889 1895 215 216 1976 1978 223 1958 1979 
979 185 186 1896 1890 193 1980 1981 1960 1982 
980 1890 1896 1897 1891 1981 1983 1984 1963 1985 
981 1891 1897 1898 1892 1984 1986 1987 1966 1988 
982 1892 1898 1899 1893 1987 1989 1990 1969 1991 
983 1893 1899 1900 1894 1990 1992 1993 1972 1994 
984 1894 1900 1901 1895 1993 1995 1996 1975 1997 
985 1895 1901 214 215 1996 1998 222 1978 1999 
986 186 187 1902 1896 194 2000 2001 1980 2002 
987 1896 1902 1903 1897 2001 2003 2004 1983 2005 
988 1897 1903 1904 1898 2004 2006 2007 1986 2008 
989 1898 1904 1905 1899 2007 2009 2010 1989 2011 
990 1899 1905 1906 1900 2010 2012 2013 1992 2014 
991 1900 1906 1907 1901 2013 2015 2016 1995 2017 
992 1901 1907 213 214 2016 2018 221 1998 2019 
993 187 188 1908 1902 195 2020 2021 2000 2022 
994 1902 1908 1909 1903 2021 2023 2024 2003 2025 
995 1903 1909 1910 1904 2024 2026 2027 2006 2028 
996 1904 1910 1911 1905 2027 2029 2030 2009 2031 
997 1905 1911 1912 1906 2030 2032 2033 2012 2034 
998 1906 1912 1913 1907 2033 2035 2036 2015 2037 
999 1907 1913 212 213 2036 2038 220 2018 2039 
1000 188 189 1914 1908 196 2040 2041 2020 2042 
1001 1908 1914 1915 1909 2041 2043 2044 2023 2045 
1002 1909 1915 1916 1910 2044 2046 2047 2026 2048 
1003 1910 1916 1917 1911 2047 2049 2050 2029 2051 
1004 1911 1917 1918 1912 2050 2052 2053 2032 2054 
1005 1912 1918 1919 1913 2053 2055 2056 2035 2057 
1006 1913 1919 211 212 2056 2058 219 2038 2059 
1007 189 10 198 1914 197 204 2060 2040 2061 
1008 1914 198 199 1915 2060 205 2062 2043 2063 
1009 1915 199 200 1916 2062 206 2064 2046 2065 
1010 1916 200 201 1917 2064 207 2066 2049 2067 
1011 1917 201 202 1918 2066 208 2068 2052 2069 
1012 1918 202 203 1919 2068 209 2070 2055 2071 
1013 1919 203 11 211 2070 210 218 2058 2072 
2 49 10 56
1014 2 243 2073 82 250 2115 2116 88 2117 
1015 82 2073 2074 83 2116 2118 2119 89 2120 
1016 83 2074 2075 84 2119 2121 2122 90 2123 
1017 84 2075 2076 85 2122 2124 2125 91 2126 
1018 85 2076 2077 86 2125 2127 2128 92 2129 
1019 86 2077 2078 87 2128 2130 2131 93 2132 
1020 87 2078 277 3 2131 2133 285 94 2134 
1021 243 244 2079 2073 251 2135 2136 2115 2137 
1022 2073 2079 2080 2074 2136 2138 2139 2118 2140 
1023 2074 2080 2081 2075 2139 2141 2142 2121 2143 
1024 2075 2081 2082 2076 2142 2144 2145 2124 2146 
1025 2076 2082 2083 2077 2145 2147 2148 2127 2149 
1026 2077 2083 2084 2078 2148 2150 2151 2130 2152 
1027 2078 2084 276 277 2151 2153 284 2133 2154 
1028 244 245 2085 2079 252 2155 2156 2135 2157 
1029 2079 2085 2086 2080 2156 2158 2159 2138 2160 
1030 2080 2086 2087 2081 2159 2161 2162 2141 2163 
1031 2081 2087 2088 2082 2162 2164 2165 2144 2166 
1032 2082 2088 2089 2083 2165 2167 2168 2147 2169 
1033 2083 2089 2090 2084 2168 2170 2171 2150 2172 
1034 2084 2090 275 276 2171 2173 283 2153 2174 
1035 245 246 2091 2085 253 2175 2176 2155 2177 
1036 2085 2091 2092 2086 2176 2178 2179 2158 2180 
1037 2086 2092 2093 2087 2179 2181 2182 2161 2183 
1038 2087 2093 2094 2088 2182 2184 2185 2164 2186 
1039 2088 2094 2095 2089 2185 2187 2188 2167 2189 
1040 2089 2095 2096 2090 2188 2190 2191 2170 2192 
1041 2090 2096 274 275 2191 2193 282 2173 2194 
1042 246 247 2097 2091 254 2195 2196 2175 2197 
1043 2091 2097 2098 2092 2196 2198 2199 2178 2200 
1044 2092 2098 2099 2093 2199 2201 2202 2181 2203 
1045 2093 2099 2100 2094 2202 2204 2205 2184 2206 
1046 2094 2100 2101 2095 2205 2207 2208 2187 2209 
1047 2095 2101 2102 2096 2208 2210 2211 2190 2212 
1048 2096 2102 273 274 2211 2213 281 2193 2214 
1049 247 248 2103 2097 255 2215 2216 2195 2217 
1050 2097 2103 2104 2098 2216 2218 2219 2198 2220 
1051 2098 2104 2105 2099 2219 2221 2222 2201 2223 
1052 2099 2105 2106 2100 2222 2224 2225 2204 2226 
1053 2100 2106 2107 2101 2225 2227 2228 2207 2229 
1054 2101 2107 2108 2102 2228 2230 2231 2210 2232 
1055 2102 2108 272 273 2231 2233 280 2213 2234 
1056 248 249 2109 2103 256 2235 2236 2215 2237 
1057 2103 2109 2110 2104 2236 2238 2239 2218 2240 
1058 2104 2110 2111 2105 2239 2241 2242 2221 2243 
1059 2105 2111 2112 2106 2242 2244 2245 2224 2246 
1060 2106 2112 2113 2107 2245 2247 2248 2227 2249 
1061 2107 2113 2114 2108 2248 2250 2251 2230 2252 
1062 2108 2114 271 272 2251 2253 279 2233 2254 
1063 249 13 258 2109 257 264 2255 2235 2256 
1064 2109 258 259 2110 2255 265 2257 2238 2258 
1065 2110 259 260 2111 2257 266 2259 2241 2260 
1066 2111 260 261 2112 2259 267 2261 2244 2262 
1067 2112 261 262 2113 2261 268 2263 2247 2264 
1068 2113 262 263 2114 2263 269 2265 2250 2266 
1069 2114 263 14 271 2265 270 278 2253 2267 
2 62 10 7
1070 13 258 301 15 264 2268 307 329 2269 
1071 258 259 302 301 265 2270 308 2268 2271 
1072 259 260 303 302 266 2272 309 2270 2273 
1073 260 261 304 303 267 2274 310 2272 2275 
1074 261 262 305 304 268 2276 311 2274 2277 
1075 262 263 306 305 269 2278 312 2276 2279 
1076 263 14 16 306 270 330 313 2278 2280 
2 71 10 56
1077 6 286 2281 138 293 2323 2324 144 2325 
1078 138 2281 2282 139 2324 2326 2327 145 2328 
1079 139 2282 2283 140 2327 2329 2330 146 2331 
1080 140 2283 2284 141 2330 2332 2333 147 2334 
1081 141 2284 2285 142 2333 2335 2336 148 2337 
1082 142 2285 2286 143 2336 2338 2339 149 2340 
1083 143 2286 320 7 2339 2341 328 150 2342 
1084 286 287 2287 2281 294 2343 2344 2323 2345 
1085 2281 2287 2288 2282 2344 2346 2347 2326 2348 
1086 2282 2288 2289 2283 2347 2349 2350 2329 2351 
1087 2283 2289 2290 2284 2350 2352 2353 2332 2354 
1088 2284 2290 2291 2285 2353 2355 2356 2335 2357 
1089 2285 2291 2292 2286 2356 2358 2359 2338 2360 
1090 2286 2292 319 320 2359 2361 327 2341 2362 
1091 287 288 2293 2287 295 2363 2364 2343 2365 
1092 2287 2293 2294 2288 2364 2366 2367 2346 2368 
1093 2288 2294 2295 2289 2367 2369 2370 2349 2371 
1094 2289 2295 2296 2290 2370 2372 2373 2352 2374 
1095 2290 2296 2297 2291 2373 2375 2376 2355 2377 
1096 2291 2297 2298 2292 2376 2378 2379 2358 2380 
1097 2292 2298 318 319 2379 2381 326 2361 2382 
1098 288 289 2299 2293 296 2383 2384 2363 2385 
1099 2293 2299 2300 2294 2384 2386 2387 2366 2388 
1100 2294 2300 2301 2295 2387 2389 2390 2369 2391 
1101 2295 2301 2302 2296 2390 2392 2393 2372 2394 
1102 2296 2302 2303 2297 2393 2395 2396 2375 2397 
1103 2297 2303 2304 2298 2396 2398 2399 2378 2400 
1104 2298 2304 317 318 2399 2401 325 2381 2402 
1105 289 290 2305 2299 297 2403 2404 2383 2405 
1106 2299 2305 2306 2300 2404 2406 2407 2386 2408 
1107 2300 2306 2307 2301 2407 2409 2410 2389 2411 
1108 2301 2307 2308 2302 2410 2412 2413 2392 2414 
1109 2302 2308 2309 2303 2413 2415 2416 2395 2417 
1110 2303 2309 2310 2304 2416 2418 2419 2398 2420 
1111 2304 2310 316 317 2419 2421 324 2401 2422 
1112 290 291 2311 2305 298 2423 2424 2403 2425 
1113 2305 2311 2312 2306 2424 2426 2427 2406 2428 
1114 2306 2312 2313 2307 2427 2429 2430 2409 2431 
1115 2307 2313 2314 2308 2430 2432 2433 2412 2434 
1116 2308 2314 2315 2309 2433 2435 2436 2415 2437 
1117 2309 2315 2316 2310 2436 2438 2439 2418 2440 
1118 2310 2316 315 316 2439 2441 323 2421 2442 
1119 291 292 2317 2311 299 2443 2444 2423 2445 
1120 2311 2317 2318 2312 2444 2446 2447 2426 2448 
1121 2312 2318 2319 2313 2447 2449 2450 2429 2451 
1122 2313 2319 2320 2314 2450 2452 2453 2432 2454 
1123 2314 2320 2321 2315 2453 2455 2456 2435 2457 
1124 2315 2321 2322 2316 2456 2458 2459 2438 2460 
1125 2316 2322 314 315 2459 2461 322 2441 2462 
1126 292 15 301 2317 300 307 2463 2443 2464 
1127 2317 301 302 2318 2463 308 2465 2446 2466 
1128 2318 302 303 2319 2465 309 2467 2449 2468 
1129 2319 303 304 2320 2467 310 2469 2452 2470 
1130 2320 304 305 2321 2469 311 2471 2455 2472 
1131 2321 305 306 2322 2471 312 2473 2458 2474 
1132 2322 306 16 314 2473 313 321 2461 2475 
2 84 10 7
1133 15 301 346 17 307 2476 352 374 2477 
1134 301 302 347 346 308 2478 353 2476 2479 
1135 302 303 348 347 309 2480 354 2478 2481 
1136 303 304 349 348 310 2482 355 2480 2483 
1137 304 305 350 349 311 2484 356 2482 2485 
1138 305 306 351 350 312 2486 357 2484 2487 
1139 306 16 18 351 313 375 358 2486 2488 
2 93 10 56
1140 10 331 2489 198 338 2531 2532 204 2533 
1141 198 2489 2490 199 2532 2534 2535 205 2536 
1142 199 2490 2491 200 2535 2537 2538 206 2539 
1143 200 2491 2492 201 2538 2540 2541 207 2542 
1144 201 2492 2493 202 2541 2543 2544 208 2545 
1145 202 2493 2494 203 2544 2546 2547 209 2548 
1146 203 2494 365 11 2547 2549 373 210 2550 
1147 331 332 2495 2489 339 2551 2552 2531 2553 
1148 2489 2495 2496 2490 2552 2554 2555 2534 2556 
1149 2490 2496 2497 2491 2555 2557 2558 2537 2559 
1150 2491 2497 2498 2492 2558 2560 2561 2540 2562 
1151 2492 2498 2499 2493 2561 2563 2564 2543 2565 
1152 2493 2499 2500 2494 2564 2566 2567 2546 2568 
1153 2494 2500 364 365 2567 2569 372 2549 2570 
1154 332 333 2501 2495 340 2571 2572 2551 2573 
1155 2495 2501 2502 2496 2572 2574 2575 2554 2576 
1156 2496 2502 2503 2497 2575 2577 2578 2557 2579 
1157 2497 2503 2504 2498 2578 2580 2581 2560 2582 
1158 2498 2504 2505 2499 2581 2583 2584 2563 2585 
1159 2499 2505 2506 2500 2584 2586 2587 2566 2588 
1160 2500 2506 363 364 2587 2589 371 2569 2590 
1161 333 334 2507 2501 341 2591 2592 2571 2593 
1162 2501 2507 2508 2502 2592 2594 2595 2574 2596 
1163 2502 2508 2509 2503 2595 2597 2598 2577 2599 
1164 2503 2509 2510 2504 2598 2600 2601 2580 2602 
1165 2504 2510 2511 2505 2601 2603 2604 2583 2605 
1166 2505 2511 2512 2506 2604 2606 2607 2586 2608 
1167 2506 2512 362 363 2607 2609 370 2589 2610 
1168 334 335 2513 2507 342 2611 2612 2591 2613 
1169 2507 2513 2514 2508 2612 2614 2615 2594 2616 
1170 2508 2514 2515 2509 2615 2617 2618 2597 2619 
1171 2509 2515 2516 2510 2618 2620 2621 2600 2622 
1172 2510 2516 2517 2511 2621 2623 2624 2603 2625 
1173 2511 2517 2518 2512 2624 2626 2627 2606 2628 
1174 2512 2518 361 362 2627 2629 369 2609 2630 
1175 335 336 2519 2513 343 2631 2632 2611 2633 
1176 2513 2519 2520 2514 2632 2634 2635 2614 2636 
1177 2514 2520 2521 2515 2635 2637 2638 2617 2639 
1178 2515 2521 2522 2516 2638 2640 2641 2620 2642 
1179 2516 2522 2523 2517 2641 2643 2644 2623 2645 
1180 2517 2523 2524 2518 2644 2646 2647 2626 2648 
1181 2518 2524 360 361 2647 2649 368 2629 2650 
1182 336 337 2525 2519 344 2651 2652 2631 2653 
1183 2519 2525 2526 2520 2652 2654 2655 2634 2656 
1184 2520 2526 2527 2521 2655 2657 2658 2637 2659 
1185 2521 2527 2528 2522 2658 2660 2661 2640 2662 
1186 2522 2528 2529 2523 2661 2663 2664 2643 2665 
1187 2523 2529 2530 2524 2664 2666 2667 2646 2668 
1188 2524 2530 359 360 2667 2669 367 2649 2670 
1189 337 17 346 2525 345 352 2671 2651 2672 
1190 2525 346 347 2526 2671 353 2673 2654 2674 
1191 2526 347 348 2527 2673 354 2675 2657 2676 
1192 2527 348 349 2528 2675 355 2677 2660 2678 
1193 2528 349 350 2529 2677 356 2679 2663 2680 
1194 2529 350 351 2530 2679 357 2681 2666 2682 
1195 2530 351 18 359 2681 358 366 2669 2683 
2 94 10 56
1196 13 376 2684 258 383 2726 2727 264 2728 
1197 258 2684 2685 259 2727 2729 2730 265 2731 
1198 259 2685 2686 260 2730 2732 2733 266 2734 
1199 260 2686 2687 261 2733 2735 2736 267 2737 
1200 261 2687 2688 262 2736 2738 2739 268 2740 
1201 262 2688 2689 263 2739 2741 2742 269 2743 
1202 263 2689 410 14 2742 2744 418 270 2745 
1203 376 377 2690 2684 384 2746 2747 2726 2748 
1204 2684 2690 2691 2685 2747 2749 2750 2729 2751 
1205 2685 2691 2692 2686 2750 2752 2753 2732 2754 
1206 2686 2692 2693 2687 2753 2755 2756 2735 2757 
1207 2687 2693 2694 2688 2756 2758 2759 2738 2760 
1208 2688 2694 2695 2689 2759 2761 2762 2741 2763 
1209 2689 2695 409 410 2762 2764 417 2744 2765 
1210 377 378 2696 2690 385 2766 2767 2746 2768 
1211 2690 2696 2697 2691 2767 2769 2770 2749 2771 
1212 2691 2697 2698 2692 2770 2772 2773 2752 2774 
1213 2692 2698 2699 2693 2773 2775 2776 2755 2777 
1214 2693 2699 2700 2694 2776 2778 2779 2758 2780 
1215 2694 2700 2701 2695 2779 2781 2782 2761 2783 
1216 2695 2701 408 409 2782 2784 416 2764 2785 
1217 378 379 2702 2696 386 2786 2787 2766 2788 
1218 2696 2702 2703 2697 2787 2789 2790 2769 2791 
1219 2697 2703 2704 2698 2790 2792 2793 2772 2794 
1220 2698 2704 2705 2699 2793 2795 2796 2775 2797 
1221 2699 2705 2706 2700 2796 2798 2799 2778 2800 
1222 2700 2706 2707 2701 2799 2801 2802 2781 2803 
1223 2701 2707 407 408 2802 2804 415 2784 2805 
1224 379 380 2708 2702 387 2806 2807 2786 2808 
1225 2702 2708 2709 2703 2807 2809 2810 2789 2811 
1226 2703 2709 2710 2704 2810 2812 2813 2792 2814 
1227 2704 2710 2711 2705 2813 2815 2816 2795 2817 
1228 2705 2711 2712 2706 2816 2818 2819 2798 2820 
1229 2706 2712 2713 2707 2819 2821 2822 2801 2823 
1230 2707 2713 406 407 2822 2824 414 2804 2825 
1231 380 381 2714 2708 388 2826 2827 2806 2828 
1232 2708 2714 2715 2709 2827 2829 2830 2809 2831 
1233 2709 2715 2716 2710 2830 2832 2833 2812 2834 
1234 2710 2716 2717 2711 2833 2835 2836 2815 2837 
1235 2711 2717 2718 2712 2836 2838 2839 2818 2840 
1236 2712 2718 2719 2713 2839 2841 2842 2821 2843 
1237 2713 2719 405 406 2842 2844 413 2824 2845 
1238 381 382 2720 2714 389 2846 2847 2826 2848 
1239 2714 2720 2721 2715 2847 2849 2850 2829 2851 
1240 2715 2721 2722 2716 2850 2852 2853 2832 2854 
1241 2716 2722 2723 2717 2853 2855 2856 2835 2857 
1242 2717 2723 2724 2718 2856 2858 2859 2838 2860 
1243 2718 2724 2725 2719 2859 2861 2862 2841 2863 
1244 2719 2725 404 405 2862 2864 412 2844 2865 
1245 382 19 391 2720 390 397 2866 2846 2867 
1246 2720 391 392 2721 2866 398 2868 2849 2869 
1247 2721 392 393 2722 2868 399 2870 2852 2871 
1248 2722 393 394 2723 2870 400 2872 2855 2873 
1249 2723 394 395 2724 2872 401 2874 2858 2875 
1250 2724 395 396 2725 2874 402 2876 2861 2877 
1251 2725 396 20 404 2876 403 411 2864 2878 
2 107 10 7
1252 19 391 434 21 397 2879 440 462 2880 
1253 391 392 435 434 398 2881 441 2879 2882 
1254 392 393 436 435 399 2883 442 2881 2884 
1255 393 394 437 436 400 2885 443 2883 2886 
1256 394 395 438 437 401 2887 444 2885 2888 
1257 395 396 439 438 402 2889 445 2887 2890 
1258 396 20 22 439 403 463 446 2889 2891 
2 116 10 56
1259 15 419 2892 301 426 2934 2935 307 2936 
1260 301 2892 2893 302 2935 2937 2938 308 2939 
1261 302 2893 2894 303 2938 2940 2941 309 2942 
1262 303 2894 2895 304 2941 2943 2944 310 2945 
1263 304 2895 2896 305 2944 2946 2947 311 2948 
1264 305 2896 2897 306 2947 2949 2950 312 2951 
1265 306 2897 453 16 2950 2952 461 313 2953 
1266 419 420 2898 2892 427 2954 2955 2934 2956 
1267 2892 2898 2899 2893 2955 2957 2958 2937 2959 
1268 2893 2899 2900 2894 2958 2960 2961 2940 2962 
1269 2894 2900 2901 2895 2961 2963 2964 2943 2965 
1270 2895 2901 2902 2896 2964 2966 2967 2946 2968 
1271 2896 2902 2903 2897 2967 2969 2970 2949 2971 
1272 2897 2903 452 453 2970 2972 460 2952 2973 
1273 420 421 2904 2898 428 2974 2975 2954 2976 
1274 2898 2904 2905 2899 2975 2977 2978 2957 2979 
1275 2899 2905 2906 2900 2978 2980 2981 2960 2982 
1276 2900 2906 2907 2901 2981 2983 2984 2963 2985 
1277 2901 2907 2908 2902 2984 2986 2987 2966 2988 
1278 2902 2908 2909 2903 2987 2989 2990 2969 2991 
1279 2903 2909 451 452 2990 2992 459 2972 2993 
1280 421 422 2910 2904 429 2994 2995 2974 2996 
1281 2904 2910 2911 2905 2995 2997 2998 2977 2999 
1282 2905 2911 2912 2906 2998 3000 3001 2980 3002 
1283 2906 2912 2913 2907 3001 3003 3004 2983 3005 
1284 2907 2913 2914 2908 3004 3006 3007 2986 3008 
1285 2908 2914 2915 2909 3007 3009 3010 2989 3011 
1286 2909 2915 450 451 3010 3012 458 2992 3013 
1287 422 423 2916 2910 430 3014 3015 2994 3016 
1288 2910 2916 2917 2911 3015 3017 3018 2997 3019 
1289 2911 2917 2918 2912 3018 3020 3021 3000 3022 
1290 2912 2918 2919 2913 3021 3023 3024 3003 3025 
1291 2913 2919 2920 2914 3024 3026 3027 3006 3028 
1292 2914 2920 2921 2915 3027 3029 3030 3009 3031 
1293 2915 2921 449 450 3030 3032 457 3012 3033 
1294 423 424 2922 2916 431 3034 3035 3014 3036 
1295 2916 2922 2923 2917 3035 3037 3038 3017 3039 
1296 2917 2923 2924 2918 3038 3040 3041 3020 3042 
1297 2918 2924 2925 2919 3041 3043 3044 3023 3045 
1298 2919 2925 2926 2920 3044 3046 3047 3026 3048 
1299 2920 2926 2927 2921 3047 3049 3050 3029 3051 
1300 2921 2927 448 449 3050 3052 456 3032 3053 
1301 424 425 2928 2922 432 3054 3055 3034 3056 
1302 2922 2928 2929 2923 3055 3057 3058 3037 3059 
1303 2923 2929 2930 2924 3058 3060 3061 3040 3062 
1304 2924 2930 2931 2925 3061 3063 3064 3043 3065 
1305 2925 2931 2932 2926 3064 3066 3067 3046 3068 
1306 2926 2932 2933 2927 3067 3069 3070 3049 3071 
1307 2927 2933 447 448 3070 3072 455 3052 3073 
1308 425 21 434 2928 433 440 3074 3054 3075 
1309 2928 434 435 2929 3074 441 3076 3057 3077 
1310 2929 435 436 2930 3076 442 3078 3060 3079 
1311 2930 436 437 2931 3078 443 3080 3063 3081 
1312 2931 437 438 2932 3080 444 3082 3066 3083 
1313 2932 438 439 2933 3082 445 3084 3069 3085 
1314 2933 439 22 447 3084 446 454 3072 3086 
2 129 10 7
1315 21 434 479 23 440 3087 485 507 3088 
1316 434 435 480 479 441 3089 486 3087 3090 
1317 435 436 481 480 442 3091 487 3089 3092 
1318 436 437 482 481 443 3093 488 3091 3094 
1319 437 438 483 482 444 3095 489 3093 3096 
1320 438 439 484 483 445 3097 490 3095 3098 
1321 439 22 24 484 446 508 491 3097 3099 
2 138 10 56
1322 17 464 3100 346 471 3142 3143 352 3144 
1323 346 3100 3101 347 3143 3145 3146 353 3147 
1324 347 3101 3102 348 3146 3148 3149 354 3150 
1325 348 3102 3103 349 3149 3151 3152 355 3153 
1326 349 3103 3104 350 3152 3154 3155 356 3156 
1327 350 3104 3105 351 3155 3157 3158 357 3159 
1328 351 3105 498 18 3158 3160 506 358 3161 
1329 464 465 3106 3100 472 3162 3163 3142 3164 
1330 3100 3106 3107 3101 3163 3165 3166 3145 3167 
1331 3101 3107 3108 3102 3166 3168 3169 3148 3170 
1332 3102 3108 3109 3103 3169 3171 3172 3151 3173 
1333 3103 3109 3110 3104 3172 3174 3175 3154 3176 
1334 3104 3110 3111 3105 3175 3177 3178 3157 3179 
1335 3105 3111 497 498 3178 3180 505 3160 3181 
1336 465 466 3112 3106 473 3182 3183 3162 3184 
1337 3106 3112 3113 3107 3183 3185 3186 3165 3187 
1338 3107 3113 3114 3108 3186 3188 3189 3168 3190 
1339 3108 3114 3115 3109 3189 3191 3192 3171 3193 
1340 3109 3115 3116 3110 3192 3194 3195 3174 3196 
1341 3110 3116 3117 3111 3195 3197 3198 3177 3199 
1342 3111 3117 496 497 3198 3200 504 3180 3201 
1343 466 467 3118 3112 474 3202 3203 3182 3204 
1344 3112 3118 3119 3113 3203 3205 3206 3185 3207 
1345 3113 3119 3120 3114 3206 3208 3209 3188 3210 
1346 3114 3120 3121 3115 3209 3211 3212 3191 3213 
1347 3115 3121 3122 3116 3212 3214 3215 3194 3216 
1348 3116 3122 3123 3117 3215 3217 3218 3197 3219 
1349 3117 3123 495 496 3218 3220 503 3200 3221 
1350 467 468 3124 3118 475 3222 3223 3202 3224 
1351 3118 3124 3125 3119 3223 3225 3226 3205 3227 
1352 3119 3125 3126 3120 3226 3228 3229 3208 3230 
1353 3120 3126 3127 3121 3229 3231 3232 3211 3233 
1354 3121 3127 3128 3122 3232 3234 3235 3214 3236 
1355 3122 3128 3129 3123 3235 3237 3238 3217 3239 
1356 3123 3129 494 495 3238 3240 502 3220 3241 
1357 468 469 3130 3124 476 3242 3243 3222 3244 
1358 3124 3130 3131 3125 3243 3245 3246 3225 3247 
1359 3125 3131 3132 3126 3246 3248 3249 3228 3250 
1360 3126 3132 3133 3127 3249 3251 3252 3231 3253 
1361 3127 3133 3134 3128 3252 3254 3255 3234 3256 
1362 3128 3134 3135 3129 3255 3257 3258 3237 3259 
1363 3129 3135 493 494 3258 3260 501 3240 3261 
1364 469 470 3136 3130 477 3262 3263 3242 3264 
1365 3130 3136 3137 3131 3263 3265 3266 3245 3267 
1366 3131 3137 3138 3132 3266 3268 3269 3248 3270 
1367 3132 3138 3139 3133 3269 3271 3272 3251 3273 
1368 3133 3139 3140 3134 3272 3274 3275 3254 3276 
1369 3134 3140 3141 3135 3275 3277 3278 3257 3279 
1370 3135 3141 492 493 3278 3280 500 3260 3281 
1371 470 23 479 3136 478 485 3282 3262 3283 
1372 3136 479 480 3137 3282 486 3284 3265 3285 
1373 3137 480 481 3138 3284 487 3286 3268 3287 
1374 3138 481 482 3139 3286 488 3288 3271 3289 
1375 3139 482 483 3140 3288 489 3290 3274 3291 
1376 3140 483 484 3141 3290 490 3292 3277 3293 
1377 3141 484 24 492 3292 491 499 3280 3294 
2 139 10 56
1378 19 509 3295 391 516 3337 3338 397 3339 
1379 391 3295 3296 392 3338 3340 3341 398 3342 
1380 392 3296 3297 393 3341 3343 3344 399 3345 
1381 393 3297 3298 394 3344 3346 3347 400 3348 
1382 394 3298 3299 395 3347 3349 3350 401 3351 
1383 395 3299 3300 396 3350 3352 3353 402 3354 
1384 396 3300 543 20 3353 3355 551 403 3356 
1385 509 510 3301 3295 517 3357 3358 3337 3359 
1386 3295 3301 3302 3296 3358 3360 3361 3340 3362 
1387 3296 3302 3303 3297 3361 3363 3364 3343 3365 
1388 3297 3303 3304 3298 3364 3366 3367 3346 3368 
1389 3298 3304 3305 3299 3367 3369 3370 3349 3371 
1390 3299 3305 3306 3300 3370 3372 3373 3352 3374 
1391 3300 3306 542 543 3373 3375 550 3355 3376 
1392 510 511 3307 3301 518 3377 3378 3357 3379 
1393 3301 3307 3308 3302 3378 3380 3381 3360 3382 
1394 3302 3308 3309 3303 3381 3383 3384 3363 3385 
1395 3303 3309 3310 3304 3384 3386 3387 3366 3388 
1396 3304 3310 3311 3305 3387 3389 3390 3369 3391 
1397 3305 3311 3312 3306 3390 3392 3393 3372 3394 
1398 3306 3312 541 542 3393 3395 549 3375 3396 
1399 511 512 3313 3307 519 3397 3398 3377 3399 
1400 3307 3313 3314 3308 3398 3400 3401 3380 3402 
1401 3308 3314 3315 3309 3401 3403 3404 3383 3405 
1402 3309 3315 3316 3310 3404 3406 3407 3386 3408 
1403 3310 3316 3317 3311 3407 3409 3410 3389 3411 
1404 3311 3317 3318 3312 3410 3412 3413 3392 3414 
1405 3312 3318 540 541 3413 3415 548 3395 3416 
1406 512 513 3319 3313 520 3417 3418 3397 3419 
1407 3313 3319 3320 3314 3418 3420 3421 3400 3422 
1408 3314 3320 3321 3315 3421 3423 3424 3403 3425 
1409 3315 3321 3322 3316 3424 3426 3427 3406 3428 
1410 3316 3322 3323 3317 3427 3429 3430 3409 3431 
1411 3317 3323 3324 3318 3430 3432 3433 3412 3434 
1412 3318 3324 539 540 3433 3435 547 3415 3436 
1413 513 514 3325 3319 521 3437 3438 3417 3439 
1414 3319 3325 3326 3320 3438 3440 3441 3420 3442 
1415 3320 3326 3327 3321 3441 3443 3444 3423 3445 
1416 3321 3327 3328 3322 3444 3446 3447 3426 3448 
1417 3322 3328 3329 3323 3447 3449 3450 3429 3451 
1418 3323 3329 3330 3324 3450 3452 3453 3432 3454 
1419 3324 3330 538 539 3453 3455 546 3435 3456 
1420 514 515 3331 3325 522 3457 3458 3437 3459 
1421 3325 3331 3332 3326 3458 3460 3461 3440 3462 
1422 3326 3332 3333 3327 3461 3463 3464 3443 3465 
1423 3327 3333 3334 3328 3464 3466 3467 3446 3468 
1424 3328 3334 3335 3329 3467 3469 3470 3449 3471 
1425 3329 3335 3336 3330 3470 3472 3473 3452 3474 
1426 3330 3336 537 538 3473 3475 545 3455 3476 
1427 515 25 524 3331 523 530 3477 3457 3478 
1428 3331 524 525 3332 3477 531 3479 3460 3480 
1429 3332 525 526 3333 3479 532 3481 3463 3482 
1430 3333 526 527 3334 3481 533 3483 3466 3484 
1431 3334 527 528 3335 3483 534 3485 3469 3486 
1432 3335 528 529 3336 3485 535 3487 3472 3488 
1433 3336 529 26 537 3487 536 544 3475 3489 
2 152 10 7
1434 25 524 567 27 530 3490 573 595 3491 
1435 524 525 568 567 531 3492 574 3490 3493 
1436 525 526 569 568 532 3494 575 3492 3495 
1437 526 527 570 569 533 3496 576 3494 3497 
1438 527 528 571 570 534 3498 577 3496 3499 
1439 528 529 572 571 535 3500 578 3498 3501 
1440 529 26 28 572 536 596 579 3500 3502 
2 161 10 56
1441 21 552 3503 434 559 3545 3546 440 3547 
1442 434 3503 3504 435 3546 3548 3549 441 3550 
1443 435 3504 3505 436 3549 3551 3552 442 3553 
1444 436 3505 3506 437 3552 3554 3555 443 3556 
1445 437 3506 3507 438 3555 3557 3558 444 3559 
1446 438 3507 3508 439 3558 3560 3561 445 3562 
1447 439 3508 586 22 3561 3563 594 446 3564 
1448 552 553 3509 3503 560 3565 3566 3545 3567 
1449 3503 3509 3510 3504 3566 3568 3569 3548 3570 
1450 3504 3510 3511 3505 3569 3571 3572 3551 3573 
1451 3505 3511 3512 3506 3572 3574 3575 3554 3576 
1452 3506 3512 3513 3507 3575 3577 3578 3557 3579 
1453 3507 3513 3514 3508 3578 3580 3581 3560 3582 
1454 3508 3514 585 586 3581 3583 593 3563 3584 
1455 553 554 3515 3509 561 3585 3586 3565 3587 
1456 3509 3515 3516 3510 3586 3588 3589 3568 3590 
1457 3510 3516 3517 3511 3589 3591 3592 3571 3593 
1458 3511 3517 3518 3512 3592 3594 3595 3574 3596 
1459 3512 3518 3519 3513 3595 3597 3598 3577 3599 
1460 3513 3519 3520 3514 3598 3600 3601 3580 3602 
1461 3514 3520 584 585 3601 3603 592 3583 3604 
1462 554 555 3521 3515 562 3605 3606 3585 3607 
1463 3515 3521 3522 3516 3606 3608 3609 3588 3610 
1464 3516 3522 3523 3517 3609 3611 3612 3591 3613 
1465 3517 3523 3524 3518 3612 3614 3615 3594 3616 
1466 3518 3524 3525 3519 3615 3617 3618 3597 3619 
1467 3519 3525 3526 3520 3618 3620 3621 3600 3622 
1468 3520 3526 583 584 3621 3623 591 3603 3624 
1469 555 556 3527 3521 563 3625 3626 3605 3627 
1470 3521 3527 3528 3522 3626 3628 3629 3608 3630 
1471 3522 3528 3529 3523 3629 3631 3632 3611 3633 
1472 3523 3529 3530 3524 3632 3634 3635 3614 3636 
1473 3524 3530 3531 3525 3635 3637 3638 3617 3639 
1474 3525 3531 3532 3526 3638 3640 3641 3620 3642 
1475 3526 3532 582 583 3641 3643 590 3623 3644 
1476 556 557 3533 3527 564 3645 3646 3625 3647 
1477 3527 3533 3534 3528 3646 3648 3649 3628 3650 
1478 3528 3534 3535 3529 3649 3651 3652 3631 3653 
1479 3529 3535 3536 3530 3652 3654 3655 3634 3656 
1480 3530 3536 3537 3531 3655 3657 3658 3637 3659 
1481 3531 3537 3538 3532 3658 3660 3661 3640 3662 
1482 3532 3538 581 582 3661 3663 589 3643 3664 
1483 557 558 3539 3533 565 3665 3666 3645 3667 
1484 3533 3539 3540 3534 3666 3668 3669 3648 3670 
1485 3534 3540 3541 3535 3669 3671 3672 3651 3673 
1486 3535 3541 3542 3536 3672 3674 3675 3654 3676 
1487 3536 3542 3543 3537 3675 3677 3678 3657 3679 
1488 3537 3543 3544 3538 3678 3680 3681 3660 3682 
1489 3538 3544 580 581 3681 3683 588 3663 3684 
1490 558 27 567 3539 566 573 3685 3665 3686 
1491 3539 567 568 3540 3685 574 3687 3668 3688 
1492 3540 568 569 3541 3687 575 3689 3671 3690 
1493 3541 569 570 3542 3689 576 3691 3674 3692 
1494 3542 570 571 3543 3691 577 3693 3677 3694 
1495 3543 571 572 3544 3693 578 3695 3680 3696 
1496 3544 572 28 580 3695 579 587 3683 3697 
2 174 10 7
1497 27 567 612 29 573 3698 618 640 3699 
1498 567 568 613 612 574 3700 619 3698 3701 
1499 568 569 614 613 575 3702 620 3700 3703 
1500 569 570 615 614 576 3704 621 3702 3705 
1501 570 571 616 615 577 3706 622 3704 3707 
1502 571 572 617 616 578 3708 623 3706 3709 
1503 572 28 30 617 579 641 624 3708 3710 
2 183 10 56
1504 23 597 3711 479 604 3753 3754 485 3755 
1505 479 3711 3712 480 3754 3756 3757 486 3758 
1506 480 3712 3713 481 3757 3759 3760 487 3761 
1507 481 3713 3714 482 3760 3762 3763 488 3764 
1508 482 3714 3715 483 3763 3765 3766 489 3767 
1509 483 3715 3716 484 3766 3768 3769 490 3770 
1510 484 3716 631 24 3769 3771 639 491 3772 
1511 597 598 3717 3711 605 3773 3774 3753 3775 
1512 3711 3717 3718 3712 3774 3776 3777 3756 3778 
1513 3712 3718 3719 3713 3777 3779 3780 3759 3781 
1514 3713 3719 3720 3714 3780 3782 3783 3762 3784 
1515 3714 3720 3721 3715 3783 3785 3786 3765 3787 
1516 3715 3721 3722 3716 3786 3788 3789 3768 3790 
1517 3716 3722 630 631 3789 3791 638 3771 3792 
1518 598 599 3723 3717 606 3793 3794 3773 3795 
1519 3717 3723 3724 3718 3794 3796 3797 3776 3798 
1520 3718 3724 3725 3719 3797 3799 3800 3779 3801 
1521 3719 3725 3726 3720 3800 3802 3803 3782 3804 
1522 3720 3726 3727 3721 3803 3805 3806 3785 3807 
1523 3721 3727 3728 3722 3806 3808 3809 3788 3810 
1524 3722 3728 629 630 3809 3811 637 3791 3812 
1525 599 600 3729 3723 607 3813 3814 3793 3815 
1526 3723 3729 3730 3724 3814 3816 3817 3796 3818 
1527 3724 3730 3731 3725 3817 3819 3820 3799 3821 
1528 3725 3731 3732 3726 3820 3822 3823 3802 3824 
1529 3726 3732 3733 3727 3823 3825 3826 3805 3827 
1530 3727 3733 3734 3728 3826 3828 3829 3808 3830 
1531 3728 3734 628 629 3829 3831 636 3811 3832 
1532 600 601 3735 3729 608 3833 3834 3813 3835 
1533 3729 3735 3736 3730 3834 3836 3837 3816 3838 
1534 3730 3736 3737 3731 3837 3839 3840 3819 3841 
1535 3731 3737 3738 3732 3840 3842 3843 3822 3844 
1536 3732 3738 3739 3733 3843 3845 3846 3825 3847 
1537 3733 3739 3740 3734 3846 3848 3849 3828 3850 
1538 3734 3740 627 628 3849 3851 635 3831 3852 
1539 601 602 3741 3735 609 3853 3854 3833 3855 
1540 3735 3741 3742 3736 3854 3856 3857 3836 3858 
1541 3736 3742 3743 3737 3857 3859 3860 3839 3861 
1542 3737 3743 3744 3738 3860 3862 3863 3842 3864 
1543 3738 3744 3745 3739 3863 3865 3866 3845 3867 
1544 3739 3745 3746 3740 3866 3868 3869 3848 3870 
1545 3740 3746 626 627 3869 3871 634 3851 3872 
1546 602 603 3747 3741 610 3873 3874 3853 3875 
1547 3741 3747 3748 3742 3874 3876 3877 3856 3878 
1548 3742 3748 3749 3743 3877 3879 3880 3859 3881 
1549 3743 3749 3750 3744 3880 3882 3883 3862 3884 
1550 3744 3750 3751 3745 3883 3885 3886 3865 3887 
1551 3745 3751 3752 3746 3886 3888 3889 3868 3890 
1552 3746 3752 625 626 3889 3891 633 3871 3892 
1553 603 29 612 3747 611 618 3893 3873 3894 
1554 3747 612 613 3748 3893 619 3895 3876 3896 
1555 3748 613 614 3749 3895 620 3897 3879 3898 
1556 3749 614 615 3750 3897 621 3899 3882 3900 
1557 3750 615 616 3751 3899 622 3901 3885 3902 
1558 3751 616 617 3752 3901 623 3903 3888 3904 
1559 3752 617 30 625 3903 624 632 3891 3905 
2 184 10 56
1560 25 642 3906 524 649 3948 3949 530 3950 
1561 524 3906 3907 525 3949 3951 3952 531 3953 
1562 525 3907 3908 526 3952 3954 3955 532 3956 
1563 526 3908 3909 527 3955 3957 3958 533 3959 
1564 527 3909 3910 528 3958 3960 3961 534 3962 
1565 528 3910 3911 529 3961 3963 3964 535 3965 
1566 529 3911 676 26 3964 3966 684 536 3967 
1567 642 643 3912 3906 650 3968 3969 3948 3970 
1568 3906 3912 3913 3907 3969 3971 3972 3951 3973 
1569 3907 3913 3914 3908 3972 3974 3975 3954 3976 
1570 3908 3914 3915 3909 3975 3977 3978 3957 3979 
1571 3909 3915 3916 3910 3978 3980 3981 3960 3982 
1572 3910 3916 3917 3911 3981 3983 3984 3963 3985 
1573 3911 3917 675 676 3984 3986 683 3966 3987 
1574 643 644 3918 3912 651 3988 3989 3968 3990 
1575 3912 3918 3919 3913 3989 3991 3992 3971 3993 
1576 3913 3919 3920 3914 3992 3994 3995 3974 3996 
1577 3914 3920 3921 3915 3995 3997 3998 3977 3999 
1578 3915 3921 3922 3916 3998 4000 4001 3980 4002 
1579 3916 3922 3923 3917 4001 4003 4004 3983 4005 
1580 3917 3923 674 675 4004 4006 682 3986 4007 
1581 644 645 3924 3918 652 4008 4009 3988 4010 
1582 3918 3924 3925 3919 4009 4011 4012 3991 4013 
1583 3919 3925 3926 3920 4012 4014 4015 3994 4016 
1584 3920 3926 3927 3921 4015 4017 4018 3997 4019 
1585 3921 3927 3928 3922 4018 4020 4021 4000 4022 
1586 3922 3928 3929 3923 4021 4023 4024 4003 4025 
1587 3923 3929 673 674 4024 4026 681 4006 4027 
1588 645 646 3930 3924 653 4028 4029 4008 4030 
1589 3924 3930 3931 3925 4029 4031 4032 4011 4033 
1590 3925 3931 3932 3926 4032 4034 4035 4014 4036 
1591 3926 3932 3933 3927 4035 4037 4038 4017 4039 
1592 3927 3933 3934 3928 4038 4040 4041 4020 4042 
1593 3928 3934 3935 3929 4041 4043 4044 4023 4045 
1594 3929 3935 672 673 4044 4046 680 4026 4047 
1595 646 647 3936 3930 654 4048 4049 4028 4050 
1596 3930 3936 3937 3931 4049 4051 4052 4031 4053 
1597 3931 3937 3938 3932 4052 4054 4055 4034 4056 
1598 3932 3938 3939 3933 4055 4057 4058 4037 4059 
1599 3933 3939 3940 3934 4058 4060 4061 4040 4062 
1600 3934 3940 3941 3935 4061 4063 4064 4043 4065 
1601 3935 3941 671 672 4064 4066 679 4046 4067 
1602 647 648 3942 3936 655 4068 4069 4048 4070 
1603 3936 3942 3943 3937 4069 4071 4072 4051 4073 
1604 3937 3943 3944 3938 4072 4074 4075 4054 4076 
1605 3938 3944 3945 3939 4075 4077 4078 4057 4079 
1606 3939 3945 3946 3940 4078 4080 4081 4060 4082 
1607 3940 3946 3947 3941 4081 4083 4084 4063 4085 
1608 3941 3947 670 671 4084 4086 678 4066 4087 
1609 648 31 657 3942 656 663 4088 4068 4089 
1610 3942 657 658 3943 4088 664 4090 4071 4091 
1611 3943 658 659 3944 4090 665 4092 4074 4093 
1612 3944 659 660 3945 4092 666 4094 4077 4095 
1613 3945 660 661 3946 4094 667 4096 4080 4097 
1614 3946 661 662 3947 4096 668 4098 4083 4099 
1615 3947 662 32 670 4098 669 677 4086 4100 
2 197 10 7
1616 31 657 700 33 663 4101 706 728 4102 
1617 657 658 701 700 664 4103 707 4101 4104 
1618 658 659 702 701 665 4105 708 4103 4106 
1619 659 660 703 702 666 4107 709 4105 4108 
1620 660 661 704 703 667 4109 710 4107 4110 
1621 661 662 705 704 668 4111 711 4109 4112 
1622 662 32 34 705 669 729 712 4111 4113 
2 206 10 56
1623 27 685 4114 567 692 4156 4157 573 4158 
1624 567 4114 4115 568 4157 4159 4160 574 4161 
1625 568 4115 4116 569 4160 4162 4163 575 4164 
1626 569 4116 4117 570 4163 4165 4166 576 4167 
1627 570 4117 4118 571 4166 4168 4169 577 4170 
1628 571 4118 4119 572 4169 4171 4172 578 4173 
1629 572 4119 719 28 4172 4174 727 579 4175 
1630 685 686 4120 4114 693 4176 4177 4156 4178 
1631 4114 4120 4121 4115 4177 4179 4180 4159 4181 
1632 4115 4121 4122 4116 4180 4182 4183 4162 4184 
1633 4116 4122 4123 4117 4183 4185 4186 4165 4187 
1634 4117 4123 4124 4118 4186 4188 4189 4168 4190 
1635 4118 4124 4125 4119 4189 4191 4192 4171 4193 
1636 4119 4125 718 719 4192 4194 726 4174 4195 
1637 686 687 4126 4120 694 4196 4197 4176 4198 
1638 4120 4126 4127 4121 4197 4199 4200 4179 4201 
1639 4121 4127 4128 4122 4200 4202 4203 4182 4204 
1640 4122 4128 4129 4123 4203 4205 4206 4185 4207 
1641 4123 4129 4130 4124 4206 4208 4209 4188 4210 
1642 4124 4130 4131 4125 4209 4211 4212 4191 4213 
1643 4125 4131 717 718 4212 4214 725 4194 4215 
1644 687 688 4132 4126 695 4216 4217 4196 4218 
1645 4126 4132 4133 4127 4217 4219 4220 4199 4221 
1646 4127 4133 4134 4128 4220 4222 4223 4202 4224 
1647 4128 4134 4135 4129 4223 4225 4226 4205 4227 
1648 4129 4135 4136 4130 4226 4228 4229 4208 4230 
1649 4130 4136 4137 4131 4229 4231 4232 4211 4233 
1650 4131 4137 716 717 4232 4234 724 4214 4235 
1651 688 689 4138 4132 696 4236 4237 4216 4238 
1652 4132 4138 4139 4133 4237 4239 4240 4219 4241 
1653 4133 4139 4140 4134 4240 4242 4243 4222 4244 
1654 4134 4140 4141 4135 4243 4245 4246 4225 4247 
1655 4135 4141 4142 4136 4246 4248 4249 4228 4250 
1656 4136 4142 4143 4137 4249 4251 4252 4231 4253 
1657 4137 4143 715 716 4252 4254 723 4234 4255 
1658 689 690 4144 4138 697 4256 4257 4236 4258 
1659 4138 4144 4145 4139 4257 4259 4260 4239 4261 
1660 4139 4145 4146 4140 4260 4262 4263 4242 4264 
1661 4140 4146 4147 4141 4263 4265 4266 4245 4267 
1662 4141 4147 4148 4142 4266 4268 4269 4248 4270 
1663 4142 4148 4149 4143 4269 4271 4272 4251 4273 
1664 4143 4149 714 715 4272 4274 722 4254 4275 
1665 690 691 4150 4144 698 4276 4277 4256 4278 
1666 4144 4150 4151 4145 4277 4279 4280 4259 4281 
1667 4145 4151 4152 4146 4280 4282 4283 4262 4284 
1668 4146 4152 4153 4147 4283 4285 4286 4265 4287 
1669 4147 4153 4154 4148 4286 4288 4289 4268 4290 
1670 4148 4154 4155 4149 4289 4291 4292 4271 4293 
1671 4149 4155 713 714 4292 4294 721 4274 4295 
1672 691 33 700 4150 699 706 4296 4276 4297 
1673 4150 700 701 4151 4296 707 4298 4279 4299 
1674 4151 701 702 4152 4298 708 4300 4282 4301 
1675 4152 702 703 4153 4300 709 4302 4285 4303 
1676 4153 703 704 4154 4302 710 4304 4288 4305 
1677 4154 704 705 4155 4304 711 4306 4291 4307 
1678 4155 705 34 713 4306 712 720 4294 4308 
2 219 10 7
1679 33 700 745 35 706 4309 751 773 4310 
1680 700 701 746 745 707 4311 752 4309 4312 
1681 701 702 747 746 708 4313 753 4311 4314 
1682 702 703 748 747 709 4315 754 4313 4316 
1683 703 704 749 748 710 4317 755 4315 4318 
1684 704 705 750 749 711 4319 756 4317 4320 
1685 705 34 36 750 712 774 757 4319 4321 
2 228 10 56
1686 29 730 4322 612 737 4364 4365 618 4366 
1687 612 4322 4323 613 4365 4367 4368 619 4369 
1688 613 4323 4324 614 4368 4370 4371 620 4372 
1689 614 4324 4325 615 4371 4373 4374 621 4375 
1690 615 4325 4326 616 4374 4376 4377 622 4378 
1691 616 4326 4327 617 4377 4379 4380 623 4381 
1692 617 4327 764 30 4380 4382 772 624 4383 
1693 730 731 4328 4322 738 4384 4385 4364 4386 
1694 4322 4328 4329 4323 4385 4387 4388 4367 4389 
1695 4323 4329 4330 4324 4388 4390 4391 4370 4392 
1696 4324 4330 4331 4325 4391 4393 4394 4373 4395 
1697 4325 4331 4332 4326 4394 4396 4397 4376 4398 
1698 4326 4332 4333 4327 4397 4399 4400 4379 4401 
1699 4327 4333 763 764 4400 4402 771 4382 4403 
1700 731 732 4334 4328 739 4404 4405 4384 4406 
1701 4328 4334 4335 4329 4405 4407 4408 4387 4409 
1702 4329 4335 4336 4330 4408 4410 4411 4390 4412 
1703 4330 4336 4337 4331 4411 4413 4414 4393 4415 
1704 4331 4337 4338 4332 4414 4416 4417 4396 4418 
1705 4332 4338 4339 4333 4417 4419 4420 4399 4421 
1706 4333 4339 762 763 4420 4422 770 4402 4423 
1707 732 733 4340 4334 740 4424 4425 4404 4426 
1708 4334 4340 4341 4335 4425 4427 4428 4407 4429 
1709 4335 4341 4342 4336 4428 4430 4431 4410 4432 
1710 4336 4342 4343 4337 4431 4433 4434 4413 4435 
1711 4337 4343 4344 4338 4434 4436 4437 4416 4438 
1712 4338 4344 4345 4339 4437 4439 4440 4419 4441 
1713 4339 4345 761 762 4440 4442 769 4422 4443 
1714 733 734 4346 4340 741 4444 4445 4424 4446 
1715 4340 4346 4347 4341 4445 4447 4448 4427 4449 
1716 4341 4347 4348 4342 4448 4450 4451 4430 4452 
1717 4342 4348 4349 4343 4451 4453 4454 4433 4455 
1718 4343 4349 4350 4344 4454 4456 4457 4436 4458 
1719 4344 4350 4351 4345 4457 4459 4460 4439 4461 
1720 4345 4351 760 761 4460 4462 768 4442 4463 
1721 734 735 4352 4346 742 4464 4465 4444 4466 
1722 4346 4352 4353 4347 4465 4467 4468 4447 4469 
1723 4347 4353 4354 4348 4468 4470 4471 4450 4472 
1724 4348 4354 4355 4349 4471 4473 4474 4453 4475 
1725 4349 4355 4356 4350 4474 4476 4477 4456 4478 
1726 4350 4356 4357 4351 4477 4479 4480 4459 4481 
1727 4351 4357 759 760 4480 4482 767 4462 4483 
1728 735 736 4358 4352 743 4484 4485 4464 4486 
1729 4352 4358 4359 4353 4485 4487 4488 4467 4489 
1730 4353 4359 4360 4354 4488 4490 4491 4470 4492 
1731 4354 4360 4361 4355 4491 4493 4494 4473 4495 
1732 4355 4361 4362 4356 4494 4496 4497 4476 4498 
1733 4356 4362 4363 4357 4497 4499 4500 4479 4501 
1734 4357 4363 758 759 4500 4502 766 4482 4503 
1735 736 35 745 4358 744 751 4504 4484 4505 
1736 4358 745 746 4359 4504 752 4506 4487 4507 
1737 4359 746 747 4360 4506 753 4508 4490 4509 
1738 4360 747 748 4361 4508 754 4510 4493 4511 
1739 4361 748 749 4362 4510 755 4512 4496 4513 
1740 4362 749 750 4363 4512 756 4514 4499 4515 
1741 4363 750 36 758 4514 757 765 4502 4516 
2 229 10 56
1742 31 775 4517 657 782 4559 4560 663 4561 
1743 657 4517 4518 658 4560 4562 4563 664 4564 
1744 658 4518 4519 659 4563 4565 4566 665 4567 
1745 659 4519 4520 660 4566 4568 4569 666 4570 
1746 660 4520 4521 661 4569 4571 4572 667 4573 
1747 661 4521 4522 662 4572 4574 4575 668 4576 
1748 662 4522 809 32 4575 4577 817 669 4578 
1749 775 776 4523 4517 783 4579 4580 4559 4581 
1750 4517 4523 4524 4518 4580 4582 4583 4562 4584 
1751 4518 4524 4525 4519 4583 4585 4586 4565 4587 
1752 4519 4525 4526 4520 4586 4588 4589 4568 4590 
1753 4520 4526 4527 4521 4589 4591 4592 4571 4593 
1754 4521 4527 4528 4522 4592 4594 4595 4574 4596 
1755 4522 4528 808 809 4595 4597 816 4577 4598 
1756 776 777 4529 4523 784 4599 4600 4579 4601 
1757 4523 4529 4530 4524 4600 4602 4603 4582 4604 
1758 4524 4530 4531 4525 4603 4605 4606 4585 4607 
1759 4525 4531 4532 4526 4606 4608 4609 4588 4610 
1760 4526 4532 4533 4527 4609 4611 4612 4591 4613 
1761 4527 4533 4534 4528 4612 4614 4615 4594 4616 
1762 4528 4534 807 808 4615 4617 815 4597 4618 
1763 777 778 4535 4529 785 4619 4620 4599 4621 
1764 4529 4535 4536 4530 4620 4622 4623 4602 4624 
1765 4530 4536 4537 4531 4623 4625 4626 4605 4627 
1766 4531 4537 4538 4532 4626 4628 4629 4608 4630 
1767 4532 4538 4539 4533 4629 4631 4632 4611 4633 
1768 4533 4539 4540 4534 4632 4634 4635 4614 4636 
1769 4534 4540 806 807 4635 4637 814 4617 4638 
1770 778 779 4541 4535 786 4639 4640 4619 4641 
1771 4535 4541 4542 4536 4640 4642 4643 4622 4644 
1772 4536 4542 4543 4537 4643 4645 4646 4625 4647 
1773 4537 4543 4544 4538 4646 4648 4649 4628 4650 
1774 4538 4544 4545 4539 4649 4651 4652 4631 4653 
1775 4539 4545 4546 4540 4652 4654 4655 4634 4656 
1776 4540 4546 805 806 4655 4657 813 4637 4658 
1777 779 780 4547 4541 787 4659 4660 4639 4661 
1778 4541 4547 4548 4542 4660 4662 4663 4642 4664 
1779 4542 4548 4549 4543 4663 4665 4666 4645 4667 
1780 4543 4549 4550 4544 4666 4668 4669 4648 4670 
1781 4544 4550 4551 4545 4669 4671 4672 4651 4673 
1782 4545 4551 4552 4546 4672 4674 4675 4654 4676 
1783 4546 4552 804 805 4675 4677 812 4657 4678 
1784 780 781 4553 4547 788 4679 4680 4659 4681 
1785 4547 4553 4554 4548 4680 4682 4683 4662 4684 
1786 4548 4554 4555 4549 4683 4685 4686 4665 4687 
1787 4549 4555 4556 4550 4686 4688 4689 4668 4690 
1788 4550 4556 4557 4551 4689 4691 4692 4671 4693 
1789 4551 4557 4558 4552 4692 4694 4695 4674 4696 
1790 4552 4558 803 804 4695 4697 811 4677 4698 
1791 781 37 790 4553 789 796 4699 4679 4700 
1792 4553 790 791 4554 4699 797 4701 4682 4702 
1793 4554 791 792 4555 4701 798 4703 4685 4704 
1794 4555 792 793 4556 4703 799 4705 4688 4706 
1795 4556 793 794 4557 4705 800 4707 4691 4708 
1796 4557 794 795 4558 4707 801 4709 4694 4710 
1797 4558 795 38 803 4709 802 810 4697 4711 
2 242 10 7
1798 37 790 833 39 796 4712 839 861 4713 
1799 790 791 834 833 797 4714 840 4712 4715 
1800 791 792 835 834 798 4716 841 4714 4717 
1801 792 793 836 835 799 4718 842 4716 4719 
1802 793 794 837 836 800 4720 843 4718 4721 
1803 794 795 838 837 801 4722 844 4720 4723 
1804 795 38 40 838 802 862 845 4722 4724 
2 251 10 56
1805 33 818 4725 700 825 4767 4768 706 4769 
1806 700 4725 4726 701 4768 4770 4771 707 4772 
1807 701 4726 4727 702 4771 4773 4774 708 4775 
1808 702 4727 4728 703 4774 4776 4777 709 4778 
1809 703 4728 4729 704 4777 4779 4780 710 4781 
1810 704 4729 4730 705 4780 4782 4783 711 4784 
1811 705 4730 852 34 4783 4785 860 712 4786 
1812 818 819 4731 4725 826 4787 4788 4767 4789 
1813 4725 4731 4732 4726 4788 4790 4791 4770 4792 
1814 4726 4732 4733 4727 4791 4793 4794 4773 4795 
1815 4727 4733 4734 4728 4794 4796 4797 4776 4798 
1816 4728 4734 4735 4729 4797 4799 4800 4779 4801 
1817 4729 4735 4736 4730 4800 4802 4803 4782 4804 
1818 4730 4736 851 852 4803 4805 859 4785 4806 
1819 819 820 4737 4731 827 4807 4808 4787 4809 
1820 4731 4737 4738 4732 4808 4810 4811 4790 4812 
1821 4732 4738 4739 4733 4811 4813 4814 4793 4815 
1822 4733 4739 4740 4734 4814 4816 4817 4796 4818 
1823 4734 4740 4741 4735 4817 4819 4820 4799 4821 
1824 4735 4741 4742 4736 4820 4822 4823 4802 4824 
1825 4736 4742 850 851 4823 4825 858 4805 4826 
1826 820 821 4743 4737 828 4827 4828 4807 4829 
1827 4737 4743 4744 4738 4828 4830 4831 4810 4832 
1828 4738 4744 4745 4739 4831 4833 4834 4813 4835 
1829 4739 4745 4746 4740 4834 4836 4837 4816 4838 
1830 4740 4746 4747 4741 4837 4839 4840 4819 4841 
1831 4741 4747 4748 4742 4840 4842 4843 4822 4844 
1832 4742 4748 849 850 4843 4845 857 4825 4846 
1833 821 822 4749 4743 829 4847 4848 4827 4849 
1834 4743 4749 4750 4744 4848 4850 4851 4830 4852 
1835 4744 4750 4751 4745 4851 4853 4854 4833 4855 
1836 4745 4751 4752 4746 4854 4856 4857 4836 4858 
1837 4746 4752 4753 4747 4857 4859 4860 4839 4861 
1838 4747 4753 4754 4748 4860 4862 4863 4842 4864 
1839 4748 4754 848 849 4863 4865 856 4845 4866 
1840 822 823 4755 4749 830 4867 4868 4847 4869 
1841 4749 4755 4756 4750 4868 4870 4871 4850 4872 
1842 4750 4756 4757 4751 4871 4873 4874 4853 4875 
1843 4751 4757 4758 4752 4874 4876 4877 4856 4878 
1844 4752 4758 4759 4753 4877 4879 4880 4859 4881 
1845 4753 4759 4760 4754 4880 4882 4883 4862 4884 
1846 4754 4760 847 848 4883 4885 855 4865 4886 
1847 823 824 4761 4755 831 4887 4888 4867 4889 
1848 4755 4761 4762 4756 4888 4890 4891 4870 4892 
1849 4756 4762 4763 4757 4891 4893 4894 4873 4895 
1850 4757 4763 4764 4758 4894 4896 4897 4876 4898 
1851 4758 4764 4765 4759 4897 4899 4900 4879 4901 
1852 4759 4765 4766 4760 4900 4902 4903 4882 4904 
1853 4760 4766 846 847 4903 4905 854 4885 4906 
1854 824 39 833 4761 832 839 4907 4887 4908 
1855 4761 833 834 4762 4907 840 4909 4890 4910 
1856 4762 834 835 4763 4909 841 4911 4893 4912 
1857 4763 835 836 4764 4911 842 4913 4896 4914 
1858 4764 836 837 4765 4913 843 4915 4899 4916 
1859 4765 837 838 4766 4915 844 4917 4902 4918 
1860 4766 838 40 846 4917 845 853 4905 4919 
2 264 10 7
1861 39 833 878 41 839 4920 884 906 4921 
1862 833 834 879 878 840 4922 885 4920 4923 
1863 834 835 880 879 841 4924 886 4922 4925 
1864 835 836 881 880 842 4926 887 4924 4927 
1865 836 837 882 881 843 4928 888 4926 4929 
1866 837 838 883 882 844 4930 889 4928 4931 
1867 838 40 42 883 845 907 890 4930 4932 
2 273 10 56
1868 35 863 4933 745 870 4975 4976 751 4977 
1869 745 4933 4934 746 4976 4978 4979 752 4980 
1870 746 4934 4935 747 4979 4981 4982 753 4983 
1871 747 4935 4936 748 4982 4984 4985 754 4986 
1872 748 4936 4937 749 4985 4987 4988 755 4989 
1873 749 4937 4938 750 4988 4990 4991 756 4992 
1874 750 4938 897 36 4991 4993 905 757 4994 
1875 863 864 4939 4933 871 4995 4996 4975 4997 
1876 4933 4939 4940 4934 4996 4998 4999 4978 5000 
1877 4934 4940 4941 4935 4999 5001 5002 4981 5003 
1878 4935 4941 4942 4936 5002 5004 5005 4984 5006 
1879 4936 4942 4943 4937 5005 5007 5008 4987 5009 
1880 4937 4943 4944 4938 5008 5010 5011 4990 5012 
1881 4938 4944 896 897 5011 5013 904 4993 5014 
1882 864 865 4945 4939 872 5015 5016 4995 5017 
1883 4939 4945 4946 4940 5016 5018 5019 4998 5020 
1884 4940 4946 4947 4941 5019 5021 5022 5001 5023 
1885 4941 4947 4948 4942 5022 5024 5025 5004 5026 
1886 4942 4948 4949 4943 5025 5027 5028 5007 5029 
1887 4943 4949 4950 4944 5028 5030 5031 5010 5032 
1888 4944 4950 895 896 5031 5033 903 5013 5034 
1889 865 866 4951 4945 873 5035 5036 5015 5037 
1890 4945 4951 4952 4946 5036 5038 5039 5018 5040 
1891 4946 4952 4953 4947 5039 5041 5042 5021 5043 
1892 4947 4953 4954 4948 5042 5044 5045 5024 5046 
1893 4948 4954 4955 4949 5045 5047 5048 5027 5049 
1894 4949 4955 4956 4950 5048 5050 5051 5030 5052 
1895 4950 4956 894 895 5051 5053 902 5033 5054 
1896 866 867 4957 4951 874 5055 5056 5035 5057 
1897 4951 4957 4958 4952 5056 5058 5059 5038 5060 
1898 4952 4958 4959 4953 5059 5061 5062 5041 5063 
1899 4953 4959 4960 4954 5062 5064 5065 5044 5066 
1900 4954 4960 4961 4955 5065 5067 5068 5047 5069 
1901 4955 4961 4962 4956 5068 5070 5071 5050 5072 
1902 4956 4962 893 894 5071 5073 901 5053 5074 
1903 867 868 4963 4957 875 5075 5076 5055 5077 
1904 4957 4963 4964 4958 5076 5078 5079 5058 5080 
1905 4958 4964 4965 4959 5079 5081 5082 5061 5083 
1906 4959 4965 4966 4960 5082 5084 5085 5064 5086 
1907 4960 4966 4967 4961 5085 5087 5088 5067 5089 
1908 4961 4967 4968 4962 5088 5090 5091 5070 5092 
1909 4962 4968 892 893 5091 5093 900 5073 5094 
1910 868 869 4969 4963 876 5095 5096 5075 5097 
1911 4963 4969 4970 4964 5096 5098 5099 5078 5100 
1912 4964 4970 4971 4965 5099 5101 5102 5081 5103 
1913 4965 4971 4972 4966 5102 5104 5105 5084 5106 
1914 4966 4972 4973 4967 5105 5107 5108 5087 5109 
1915 4967 4973 4974 4968 5108 5110 5111 5090 5112 
1916 4968 4974 891 892 5111 5113 899 5093 5114 
1917 869 41 878 4969 877 884 5115 5095 5116 
1918 4969 878 879 4970 5115 885 5117 5098 5118 
1919 4970 879 880 4971 5117 886 5119 5101 5120 
1920 4971 880 881 4972 5119 887 5121 5104 5122 
1921 4972 881 882 4973 5121 888 5123 5107 5124 
1922 4973 882 883 4974 5123 889 5125 5110 5126 
1923 4974 883 42 891 5125 890 898 5113 5127 
2 274 10 56
1924 37 908 5128 790 915 5170 5171 796 5172 
1925 790 5128 5129 791 5171 5173 5174 797 5175 
1926 791 5129 5130 792 5174 5176 5177 798 5178 
1927 792 5130 5131 793 5177 5179 5180 799 5181 
1928 793 5131 5132 794 5180 5182 5183 800 5184 
1929 794 5132 5133 795 5183 5185 5186 801 5187 
1930 795 5133 942 38 5186 5188 950 802 5189 
1931 908 909 5134 5128 916 5190 5191 5170 5192 
1932 5128 5134 5135 5129 5191 5193 5194 5173 5195 
1933 5129 5135 5136 5130 5194 5196 5197 5176 5198 
1934 5130 5136 5137 5131 5197 5199 5200 5179 5201 
1935 5131 5137 5138 5132 5200 5202 5203 5182 5204 
1936 5132 5138 5139 5133 5203 5205 5206 5185 5207 
1937 5133 5139 941 942 5206 5208 949 5188 5209 
1938 909 910 5140 5134 917 5210 5211 5190 5212 
1939 5134 5140 5141 5135 5211 5213 5214 5193 5215 
1940 5135 5141 5142 5136 5214 5216 5217 5196 5218 
1941 5136 5142 5143 5137 5217 5219 5220 5199 5221 
1942 5137 5143 5144 5138 5220 5222 5223 5202 5224 
1943 5138 5144 5145 5139 5223 5225 5226 5205 5227 
1944 5139 5145 940 941 5226 5228 948 5208 5229 
1945 910 911 5146 5140 918 5230 5231 5210 5232 
1946 5140 5146 5147 5141 5231 5233 5234 5213 5235 
1947 5141 5147 5148 5142 5234 5236 5237 5216 5238 
1948 5142 5148 5149 5143 5237 5239 5240 5219 5241 
1949 5143 5149 5150 5144 5240 5242 5243 5222 5244 
1950 5144 5150 5151 5145 5243 5245 5246 5225 5247 
1951 5145 5151 939 940 5246 5248 947 5228 5249 
1952 911 912 5152 5146 919 5250 5251 5230 5252 
1953 5146 5152 5153 5147 5251 5253 5254 5233 5255 
1954 5147 5153 5154 5148 5254 5256 5257 5236 5258 
1955 5148 5154 5155 5149 5257 5259 5260 5239 5261 
1956 5149 5155 5156 5150 5260 5262 5263 5242 5264 
1957 5150 5156 5157 5151 5263 5265 5266 5245 5267 
1958 5151 5157 938 939 5266 5268 946 5248 5269 
1959 912 913 5158 5152 920 5270 5271 5250 5272 
1960 5152 5158 5159 5153 5271 5273 5274 5253 5275 
1961 5153 5159 5160 5154 5274 5276 5277 5256 5278 
1962 5154 5160 5161 5155 5277 5279 5280 5259 5281 
1963 5155 5161 5162 5156 5280 5282 5283 5262 5284 
1964 5156 5162 5163 5157 5283 5285 5286 5265 5287 
1965 5157 5163 937 938 5286 5288 945 5268 5289 
1966 913 914 5164 5158 921 5290 5291 5270 5292 
1967 5158 5164 5165 5159 5291 5293 5294 5273 5295 
1968 5159 5165 5166 5160 5294 5296 5297 5276 5298 
1969 5160 5166 5167 5161 5297 5299 5300 5279 5301 
1970 5161 5167 5168 5162 5300 5302 5303 5282 5304 
1971 5162 5168 5169 5163 5303 5305 5306 5285 5307 
1972 5163 5169 936 937 5306 5308 944 5288 5309 
1973 914 43 923 5164 922 929 5310 5290 5311 
1974 5164 923 924 5165 5310 930 5312 5293 5313 
1975 5165 924 925 5166 5312 931 5314 5296 5315 
1976 5166 925 926 5167 5314 932 5316 5299 5317 
1977 5167 926 927 5168 5316 933 5318 5302 5319 
1978 5168 927 928 5169 5318 934 5320 5305 5321 
1979 5169 928 44 936 5320 935 943 5308 5322 
2 287 10 7
1980 43 923 966 45 929 5323 972 994 5324 
1981 923 924 967 966 930 5325 973 5323 5326 
1982 924 925 968 967 931 5327 974 5325 5328 
1983 925 926 969 968 932 5329 975 5327 5330 
1984 926 927 970 969 933 5331 976 5329 5332 
1985 927 928 971 970 934 5333 977 5331 5334 
1986 928 44 46 971 935 995 978 5333 5335 
2 296 10 56
1987 39 951 5336 833 958 5378 5379 839 5380 
1988 833 5336 5337 834 5379 5381 5382 840 5383 
1989 834 5337 5338 835 5382 5384 5385 841 5386 
1990 835 5338 5339 836 5385 5387 5388 842 5389 
1991 836 5339 5340 837 5388 5390 5391 843 5392 
1992 837 5340 5341 838 5391 5393 5394 844 5395 
1993 838 5341 985 40 5394 5396 993 845 5397 
1994 951 952 5342 5336 959 5398 5399 5378 5400 
1995 5336 5342 5343 5337 5399 5401 5402 5381 5403 
1996 5337 5343 5344 5338 5402 5404 5405 5384 5406 
1997 5338 5344 5345 5339 5405 5407 5408 5387 5409 
1998 5339 5345 5346 5340 5408 5410 5411 5390 5412 
1999 5340 5346 5347 5341 5411 5413 5414 5393 5415 
2000 5341 5347 984 985 5414 5416 992 5396 5417 
2001 952 953 5348 5342 960 5418 5419 5398 5420 
2002 5342 5348 5349 5343 5419 5421 5422 5401 5423 
2003 5343 5349 5350 5344 5422 5424 5425 5404 5426 
2004 5344 5350 5351 5345 5425 5427 5428 5407 5429 
2005 5345 5351 5352 5346 5428 5430 5431 5410 5432 
2006 5346 5352 5353 5347 5431 5433 5434 5413 5435 
2007 5347 5353 983 984 5434 5436 991 5416 5437 
2008 953 954 5354 5348 961 5438 5439 5418 5440 
2009 5348 5354 5355 5349 5439 5441 5442 5421 5443 
2010 5349 5355 5356 5350 5442 5444 5445 5424 5446 
2011 5350 5356 5357 5351 5445 5447 5448 5427 5449 
2012 5351 5357 5358 5352 5448 5450 5451 5430 5452 
2013 5352 5358 5359 5353 5451 5453 5454 5433 5455 
2014 5353 5359 982 983 5454 5456 990 5436 5457 
2015 954 955 5360 5354 962 5458 5459 5438 5460 
2016 5354 5360 5361 5355 5459 5461 5462 5441 5463 
2017 5355 5361 5362 5356 5462 5464 5465 5444 5466 
2018 5356 5362 5363 5357 5465 5467 5468 5447 5469 
2019 5357 5363 5364 5358 5468 5470 5471 5450 5472 
2020 5358 5364 5365 5359 5471 5473 5474 5453 5475 
2021 5359 5365 981 982 5474 5476 989 5456 5477 
2022 955 956 5366 5360 963 5478 5479 5458 5480 
2023 5360 5366 5367 5361 5479 5481 5482 5461 5483 
2024 5361 5367 5368 5362 5482 5484 5485 5464 5486 
2025 5362 5368 5369 5363 5485 5487 5488 5467 5489 
2026 5363 5369 5370 5364 5488 5490 5491 5470 5492 
2027 5364 5370 5371 5365 5491 5493 5494 5473 5495 
2028 5365 5371 980 981 5494 5496 988 5476 5497 
2029 956 957 5372 5366 964 5498 5499 5478 5500 
2030 5366 5372 5373 5367 5499 5501 5502 5481 5503 
2031 5367 5373 5374 5368 5502 5504 5505 5484 5506 
2032 5368 5374 5375 5369 5505 5507 5508 5487 5509 
2033 5369 5375 5376 5370 5508 5510 5511 5490 5512 
2034 5370 5376 5377 5371 5511 5513 5514 5493 5515 
2035 5371 5377 979 980 5514 5516 987 5496 5517 
2036 957 45 966 5372 965 972 5518 5498 5519 
2037 5372 966 967 5373 5518 973 5520 5501 5521 
2038 5373 967 968 5374 5520 974 5522 5504 5523 
2039 5374 968 969 5375 5522 975 5524 5507 5525 
2040 5375 969 970 5376 5524 976 5526 5510 5527 
2041 5376 970 971 5377 5526 977 5528 5513 5529 
2042 5377 971 46 979 5528 978 986 5516 5530 
2 309 10 7
2043 45 966 1011 47 972 5531 1017 1039 5532 
2044 966 967 1012 1011 973 5533 1018 5531 5534 
2045 967 968 1013 1012 974 5535 1019 5533 5536 
2046 968 969 1014 1013 975 5537 1020 5535 5538 
2047 969 970 1015 1014 976 5539 1021 5537 5540 
2048 970 971 1016 1015 977 5541 1022 5539 5542 
2049 971 46 48 1016 978 1040 1023 5541 5543 
2 318 10 56
2050 41 996 5544 878 1003 5586 5587 884 5588 
2051 878 5544 5545 879 5587 5589 5590 885 5591 
2052 879 5545 5546 880 5590 5592 5593 886 5594 
2053 880 5546 5547 881 5593 5595 5596 887 5597 
2054 881 5547 5548 882 5596 5598 5599 888 5600 
2055 882 5548 5549 883 5599 5601 5602 889 5603 
2056 883 5549 1030 42 5602 5604 1038 890 5605 
2057 996 997 5550 5544 1004 5606 5607 5586 5608 
2058 5544 5550 5551 5545 5607 5609 5610 5589 5611 
2059 5545 5551 5552 5546 5610 5612 5613 5592 5614 
2060 5546 5552 5553 5547 5613 5615 5616 5595 5617 
2061 5547 5553 5554 5548 5616 5618 5619 5598 5620 
2062 5548 5554 5555 5549 5619 5621 5622 5601 5623 
2063 5549 5555 1029 1030 5622 5624 1037 5604 5625 
2064 997 998 5556 5550 1005 5626 5627 5606 5628 
2065 5550 5556 5557 5551 5627 5629 5630 5609 5631 
2066 5551 5557 5558 5552 5630 5632 5633 5612 5634 
2067 5552 5558 5559 5553 5633 5635 5636 5615 5637 
2068 5553 5559 5560 5554 5636 5638 5639 5618 5640 
2069 5554 5560 5561 5555 5639 5641 5642 5621 5643 
2070 5555 5561 1028 1029 5642 5644 1036 5624 5645 
2071 998 999 5562 5556 1006 5646 5647 5626 5648 
2072 5556 5562 5563 5557 5647 5649 5650 5629 5651 
2073 5557 5563 5564 5558 5650 5652 5653 5632 5654 
2074 5558 5564 5565 5559 5653 5655 5656 5635 5657 
2075 5559 5565 5566 5560 5656 5658 5659 5638 5660 
2076 5560 5566 5567 5561 5659 5661 5662 5641 5663 
2077 5561 5567 1027 1028 5662 5664 1035 5644 5665 
2078 999 1000 5568 5562 1007 5666 5667 5646 5668 
2079 5562 5568 5569 5563 5667 5669 5670 5649 5671 
2080 5563 5569 5570 5564 5670 5672 5673 5652 5674 
2081 5564 5570 5571 5565 5673 5675 5676 5655 5677 
2082 5565 5571 5572 5566 5676 5678 5679 5658 5680 
2083 5566 5572 5573 5567 5679 5681 5682 5661 5683 
2084 5567 5573 1026 1027 5682 5684 1034 5664 5685 
2085 1000 1001 5574 5568 1008 5686 5687 5666 5688 
2086 5568 5574 5575 5569 5687 5689 5690 5669 5691 
2087 5569 5575 5576 5570 5690 5692 5693 5672 5694 
2088 5570 5576 5577 5571 5693 5695 5696 5675 5697 
2089 5571 5577 5578 5572 5696 5698 5699 5678 5700 
2090 5572 5578 5579 5573 5699 5701 5702 5681 5703 
2091 5573 5579 1025 1026 5702 5704 1033 5684 5705 
2092 1001 1002 5580 5574 1009 5706 5707 5686 5708 
2093 5574 5580 5581 5575 5707 5709 5710 5689 5711 
2094 5575 5581 5582 5576 5710 5712 5713 5692 5714 
2095 5576 5582 5583 5577 5713 5715 5716 5695 5717 
2096 5577 5583 5584 5578 5716 5718 5719 5698 5720 
2097 5578 5584 5585 5579 5719 5721 5722 5701 5723 
2098 5579 5585 1024 1025 5722 5724 1032 5704 5725 
2099 1002 47 1011 5580 1010 1017 5726 5706 5727 
2100 5580 1011 1012 5581 5726 1018 5728 5709 5729 
2101 5581 1012 1013 5582 5728 1019 5730 5712 5731 
2102 5582 1013 1014 5583 5730 1020 5732 5715 5733 
2103 5583 1014 1015 5584 5732 1021 5734 5718 5735 
2104 5584 1015 1016 5585 5734 1022 5736 5721 5737 
2105 5585 1016 48 1024 5736 1023 1031 5724 5738 
2 319 10 56
2106 43 1041 5739 923 1048 5781 5782 929 5783 
2107 923 5739 5740 924 5782 5784 5785 930 5786 
2108 924 5740 5741 925 5785 5787 5788 931 5789 
2109 925 5741 5742 926 5788 5790 5791 932 5792 
2110 926 5742 5743 927 5791 5793 5794 933 5795 
2111 927 5743 5744 928 5794 5796 5797 934 5798 
2112 928 5744 1075 44 5797 5799 1083 935 5800 
2113 1041 1042 5745 5739 1049 5801 5802 5781 5803 
2114 5739 5745 5746 5740 5802 5804 5805 5784 5806 
2115 5740 5746 5747 5741 5805 5807 5808 5787 5809 
2116 5741 5747 5748 5742 5808 5810 5811 5790 5812 
2117 5742 5748 5749 5743 5811 5813 5814 5793 5815 
2118 5743 5749 5750 5744 5814 5816 5817 5796 5818 
2119 5744 5750 1074 1075 5817 5819 1082 5799 5820 
2120 1042 1043 5751 5745 1050 5821 5822 5801 5823 
2121 5745 5751 5752 5746 5822 5824 5825 5804 5826 
2122 5746 5752 5753 5747 5825 5827 5828 5807 5829 
2123 5747 5753 5754 5748 5828 5830 5831 5810 5832 
2124 5748 5754 5755 5749 5831 5833 5834 5813 5835 
2125 5749 5755 5756 5750 5834 5836 5837 5816 5838 
2126 5750 5756 1073 1074 5837 5839 1081 5819 5840 
2127 1043 1044 5757 5751 1051 5841 5842 5821 5843 
2128 5751 5757 5758 5752 5842 5844 5845 5824 5846 
2129 5752 5758 5759 5753 5845 5847 5848 5827 5849 
2130 5753 5759 5760 5754 5848 5850 5851 5830 5852 
2131 5754 5760 5761 5755 5851 5853 5854 5833 5855 
2132 5755 5761 5762 5756 5854 5856 5857 5836 5858 
2133 5756 5762 1072 1073 5857 5859 1080 5839 5860 
2134 1044 1045 5763 5757 1052 5861 5862 5841 5863 
2135 5757 5763 5764 5758 5862 5864 5865 5844 5866 
2136 5758 5764 5765 5759 5865 5867 5868 5847 5869 
2137 5759 5765 5766 5760 5868 5870 5871 5850 5872 
2138 5760 5766 5767 5761 5871 5873 5874 5853 5875 
2139 5761 5767 5768 5762 5874 5876 5877 5856 5878 
2140 5762 5768 1071 1072 5877 5879 1079 5859 5880 
2141 1045 1046 5769 5763 1053 5881 5882 5861 5883 
2142 5763 5769 5770 5764 5882 5884 5885 5864 5886 
2143 5764 5770 5771 5765 5885 5887 5888 5867 5889 
2144 5765 5771 5772 5766 5888 5890 5891 5870 5892 
2145 5766 5772 5773 5767 5891 5893 5894 5873 5895 
2146 5767 5773 5774 5768 5894 5896 5897 5876 5898 
2147 5768 5774 1070 1071 5897 5899 1078 5879 5900 
2148 1046 1047 5775 5769 1054 5901 5902 5881 5903 
2149 5769 5775 5776 5770 5902 5904 5905 5884 5906 
2150 5770 5776 5777 5771 5905 5907 5908 5887 5909 
2151 5771 5777 5778 5772 5908 5910 5911 5890 5912 
2152 5772 5778 5779 5773 5911 5913 5914 5893 5915 
2153 5773 5779 5780 5774 5914 5916 5917 5896 5918 
2154 5774 5780 1069 1070 5917 5919 1077 5899 5920 
2155 1047 49 1056 5775 1055 1062 5921 5901 5922 
2156 5775 1056 1057 5776 5921 1063 5923 5904 5924 
2157 5776 1057 1058 5777 5923 1064 5925 5907 5926 
2158 5777 1058 1059 5778 5925 1065 5927 5910 5928 
2159 5778 1059 1060 5779 5927 1066 5929 5913 5930 
2160 5779 1060 1061 5780 5929 1067 5931 5916 5932 
2161 5780 1061 50 1069 5931 1068 1076 5919 5933 
2 332 10 7
2162 49 1056 1099 51 1062 5934 1105 1127 5935 
2163 1056 1057 1100 1099 1063 5936 1106 5934 5937 
2164 1057 1058 1101 1100 1064 5938 1107 5936 5939 
2165 1058 1059 1102 1101 1065 5940 1108 5938 5941 
2166 1059 1060 1103 1102 1066 5942 1109 5940 5943 
2167 1060 1061 1104 1103 1067 5944 1110 5942 5945 
2168 1061 50 52 1104 1068 1128 1111 5944 5946 
2 341 10 56
2169 45 1084 5947 966 1091 5989 5990 972 5991 
2170 966 5947 5948 967 5990 5992 5993 973 5994 
2171 967 5948 5949 968 5993 5995 5996 974 5997 
2172 968 5949 5950 969 5996 5998 5999 975 6000 
2173 969 5950 5951 970 5999 6001 6002 976 6003 
2174 970 5951 5952 971 6002 6004 6005 977 6006 
2175 971 5952 1118 46 6005 6007 1126 978 6008 
2176 1084 1085 5953 5947 1092 6009 6010 5989 6011 
2177 5947 5953 5954 5948 6010 6012 6013 5992 6014 
2178 5948 5954 5955 5949 6013 6015 6016 5995 6017 
2179 5949 5955 5956 5950 6016 6018 6019 5998 6020 
2180 5950 5956 5957 5951 6019 6021 6022 6001 6023 
2181 5951 5957 5958 5952 6022 6024 6025 6004 6026 
2182 5952 5958 1117 1118 6025 6027 1125 6007 6028 
2183 1085 1086 5959 5953 1093 6029 6030 6009 6031 
2184 5953 5959 5960 5954 6030 6032 6033 6012 6034 
2185 5954 5960 5961 5955 6033 6035 6036 6015 6037 
2186 5955 5961 5962 5956 6036 6038 6039 6018 6040 
2187 5956 5962 5963 5957 6039 6041 6042 6021 6043 
2188 5957 5963 5964 5958 6042 6044 6045 6024 6046 
2189 5958 5964 1116 1117 6045 6047 1124 6027 6048 
2190 1086 1087 5965 5959 1094 6049 6050 6029 6051 
2191 5959 5965 5966 5960 6050 6052 6053 6032 6054 
2192 5960 5966 5967 5961 6053 6055 6056 6035 6057 
2193 5961 5967 5968 5962 6056 6058 6059 6038 6060 
2194 5962 5968 5969 5963 6059 6061 6062 6041 6063 
2195 5963 5969 5970 5964 6062 6064 6065 6044 6066 
2196 5964 5970 1115 1116 6065 6067 1123 6047 6068 
2197 1087 1088 5971 5965 1095 6069 6070 6049 6071 
2198 5965 5971 5972 5966 6070 6072 6073 6052 6074 
2199 5966 5972 5973 5967 6073 6075 6076 6055 6077 
2200 5967 5973 5974 5968 6076 6078 6079 6058 6080 
2201 5968 5974 5975 5969 6079 6081 6082 6061 6083 
2202 5969 5975 5976 5970 6082 6084 6085 6064 6086 
2203 5970 5976 1114 1115 6085 6087 1122 6067 6088 
2204 1088 1089 5977 5971 1096 6089 6090 6069 6091 
2205 5971 5977 5978 5972 6090 6092 6093 6072 6094 
2206 5972 5978 5979 5973 6093 6095 6096 6075 6097 
2207 5973 5979 5980 5974 6096 6098 6099 6078 6100 
2208 5974 5980 5981 5975 6099 6101 6102 6081 6103 
2209 5975 5981 5982 5976 6102 6104 6105 6084 6106 
2210 5976 5982 1113 1114 6105 6107 1121 6087 6108 
2211 1089 1090 5983 5977 1097 6109 6110 6089 6111 
2212 5977 5983 5984 5978 6110 6112 6113 6092 6114 
2213 5978 5984 5985 5979 6113 6115 6116 6095 6117 
2214 5979 5985 5986 5980 6116 6118 6119 6098 6120 
2215 5980 5986 5987 5981 6119 6121 6122 6101 6123 
2216 5981 5987 5988 5982 6122 6124 6125 6104 6126 
2217 5982 5988 1112 1113 6125 6127 1120 6107 6128 
2218 1090 51 1099 5983 1098 1105 6129 6109 6130 
2219 5983 1099 1100 5984 6129 1106 6131 6112 6132 
2220 5984 1100 1101 5985 6131 1107 6133 6115 6134 
2221 5985 1101 1102 5986 6133 1108 6135 6118 6136 
2222 5986 1102 1103 5987 6135 1109 6137 6121 6138 
2223 5987 1103 1104 5988 6137 1110 6139 6124 6140 
2224 5988 1104 52 1112 6139 1111 1119 6127 6141 
2 354 10 7
2225 51 1099 1144 53 1105 6142 1150 1172 6143 
2226 1099 1100 1145 1144 1106 6144 1151 6142 6145 
2227 1100 1101 1146 1145 1107 6146 1152 6144 6147 
2228 1101 1102 1147 1146 1108 6148 1153 6146 6149 
2229 1102 1103 1148 1147 1109 6150 1154 6148 6151 
2230 1103 1104 1149 1148 1110 6152 1155 6150 6153 
2231 1104 52 54 1149 1111 1173 1156 6152 6154 
2 363 10 56
2232 47 1129 6155 1011 1136 6197 6198 1017 6199 
2233 1011 6155 6156 1012 6198 6200 6201 1018 6202 
2234 1012 6156 6157 1013 6201 6203 6204 1019 6205 
2235 1013 6157 6158 1014 6204 6206 6207 1020 6208 
2236 1014 6158 6159 1015 6207 6209 6210 1021 6211 
2237 1015 6159 6160 1016 6210 6212 6213 1022 6214 
2238 1016 6160 1163 48 6213 6215 1171 1023 6216 
2239 1129 1130 6161 6155 1137 6217 6218 6197 6219 
2240 6155 6161 6162 6156 6218 6220 6221 6200 6222 
2241 6156 6162 6163 6157 6221 6223 6224 6203 6225 
2242 6157 6163 6164 6158 6224 6226 6227 6206 6228 
2243 6158 6164 6165 6159 6227 6229 6230 6209 6231 
2244 6159 6165 6166 6160 6230 6232 6233 6212 6234 
2245 6160 6166 1162 1163 6233 6235 1170 6215 6236 
2246 1130 1131 6167 6161 1138 6237 6238 6217 6239 
2247 6161 6167 6168 6162 6238 6240 6241 6220 6242 
2248 6162 6168 6169 6163 6241 6243 6244 6223 6245 
2249 6163 6169 6170 6164 6244 6246 6247 6226 6248 
2250 6164 6170 6171 6165 6247 6249 6250 6229 6251 
2251 6165 6171 6172 6166 6250 6252 6253 6232 6254 
2252 6166 6172 1161 1162 6253 6255 1169 6235 6256 
2253 1131 1132 6173 6167 1139 6257 6258 6237 6259 
2254 6167 6173 6174 6168 6258 6260 6261 6240 6262 
2255 6168 6174 6175 6169 6261 6263 6264 6243 6265 
2256 6169 6175 6176 6170 6264 6266 6267 6246 6268 
2257 6170 6176 6177 6171 6267 6269 6270 6249 6271 
2258 6171 6177 6178 6172 6270 6272 6273 6252 6274 
2259 6172 6178 1160 1161 6273 6275 1168 6255 6276 
2260 1132 1133 6179 6173 1140 6277 6278 6257 6279 
2261 6173 6179 6180 6174 6278 6280 6281 6260 6282 
2262 6174 6180 6181 6175 6281 6283 6284 6263 6285 
2263 6175 6181 6182 6176 6284 6286 6287 6266 6288 
2264 6176 6182 6183 6177 6287 6289 6290 6269 6291 
2265 6177 6183 6184 6178 6290 6292 6293 6272 6294 
2266 6178 6184 1159 1160 6293 6295 1167 6275 6296 
2267 1133 1134 6185 6179 1141 6297 6298 6277 6299 
2268 6179 6185 6186 6180 6298 6300 6301 6280 6302 
2269 6180 6186 6187 6181 6301 6303 6304 6283 6305 
2270 6181 6187 6188 6182 6304 6306 6307 6286 6308 
2271 6182 6188 6189 6183 6307 6309 6310 6289 6311 
2272 6183 6189 6190 6184 6310 6312 6313 6292 6314 
2273 6184 6190 1158 1159 6313 6315 1166 6295 6316 
2274 1134 1135 6191 6185 1142 6317 6318 6297 6319 
2275 6185 6191 6192 6186 6318 6320 6321 6300 6322 
2276 6186 6192 6193 6187 6321 6323 6324 6303 6325 
2277 6187 6193 6194 6188 6324 6326 6327 6306 6328 
2278 6188 6194 6195 6189 6327 6329 6330 6309 6331 
2279 6189 6195 6196 6190 6330 6332 6333 6312 6334 
2280 6190 6196 1157 1158 6333 6335 1165 6315 6336 
2281 1135 53 1144 6191 1143 1150 6337 6317 6338 
2282 6191 1144 1145 6192 6337 1151 6339 6320 6340 
2283 6192 1145 1146 6193 6339 1152 6341 6323 6342 
2284 6193 1146 1147 6194 6341 1153 6343 6326 6344 
2285 6194 1147 1148 6195 6343 1154 6345 6329 6346 
2286 6195 1148 1149 6196 6345 1155 6347 6332 6348 
2287 6196 1149 54 1157 6347 1156 1164 6335 6349 
2 364 10 56
2288 49 1174 6350 1056 1181 6392 6393 1062 6394 
2289 1056 6350 6351 1057 6393 6395 6396 1063 6397 
2290 1057 6351 6352 1058 6396 6398 6399 1064 6400 
2291 1058 6352 6353 1059 6399 6401 6402 1065 6403 
2292 1059 6353 6354 1060 6402 6404 6405 1066 6406 
2293 1060 6354 6355 1061 6405 6407 6408 1067 6409 
2294 1061 6355 1208 50 6408 6410 1216 1068 6411 
2295 1174 1175 6356 6350 1182 6412 6413 6392 6414 
2296 6350 6356 6357 6351 6413 6415 6416 6395 6417 
2297 6351 6357 6358 6352 6416 6418 6419 6398 6420 
2298 6352 6358 6359 6353 6419 6421 6422 6401 6423 
2299 6353 6359 6360 6354 6422 6424 6425 6404 6426 
2300 6354 6360 6361 6355 6425 6427 6428 6407 6429 
2301 6355 6361 1207 1208 6428 6430 1215 6410 6431 
2302 1175 1176 6362 6356 1183 6432 6433 6412 6434 
2303 6356 6362 6363 6357 6433 6435 6436 6415 6437 
2304 6357 6363 6364 6358 6436 6438 6439 6418 6440 
2305 6358 6364 6365 6359 6439 6441 6442 6421 6443 
2306 6359 6365 6366 6360 6442 6444 6445 6424 6446 
2307 6360 6366 6367 6361 6445 6447 6448 6427 6449 
2308 6361 6367 1206 1207 6448 6450 1214 6430 6451 
2309 1176 1177 6368 6362 1184 6452 6453 6432 6454 
2310 6362 6368 6369 6363 6453 6455 6456 6435 6457 
2311 6363 6369 6370 6364 6456 6458 6459 6438 6460 
2312 6364 6370 6371 6365 6459 6461 6462 6441 6463 
2313 6365 6371 6372 6366 6462 6464 6465 6444 6466 
2314 6366 6372 6373 6367 6465 6467 6468 6447 6469 
2315 6367 6373 1205 1206 6468 6470 1213 6450 6471 
2316 1177 1178 6374 6368 1185 6472 6473 6452 6474 
2317 6368 6374 6375 6369 6473 6475 6476 6455 6477 
2318 6369 6375 6376 6370 6476 6478 6479 6458 6480 
2319 6370 6376 6377 6371 6479 6481 6482 6461 6483 
2320 6371 6377 6378 6372 6482 6484 6485 6464 6486 
2321 6372 6378 6379 6373 6485 6487 6488 6467 6489 
2322 6373 6379 1204 1205 6488 6490 1212 6470 6491 
2323 1178 1179 6380 6374 1186 6492 6493 6472 6494 
2324 6374 6380 6381 6375 6493 6495 6496 6475 6497 
2325 6375 6381 6382 6376 6496 6498 6499 6478 6500 
2326 6376 6382 6383 6377 6499 6501 6502 6481 6503 
2327 6377 6383 6384 6378 6502 6504 6505 6484 6506 
2328 6378 6384 6385 6379 6505 6507 6508 6487 6509 
2329 6379 6385 1203 1204 6508 6510 1211 6490 6511 
2330 1179 1180 6386 6380 1187 6512 6513 6492 6514 
2331 6380 6386 6387 6381 6513 6515 6516 6495 6517 
2332 6381 6387 6388 6382 6516 6518 6519 6498 6520 
2333 6382 6388 6389 6383 6519 6521 6522 6501 6523 
2334 6383 6389 6390 6384 6522 6524 6525 6504 6526 
2335 6384 6390 6391 6385 6525 6527 6528 6507 6529 
2336 6385 6391 1202 1203 6528 6530 1210 6510 6531 
2337 1180 55 1189 6386 1188 1195 6532 6512 6533 
2338 6386 1189 1190 6387 6532 1196 6534 6515 6535 
2339 6387 1190 1191 6388 6534 1197 6536 6518 6537 
2340 6388 1191 1192 6389 6536 1198 6538 6521 6539 
2341 6389 1192 1193 6390 6538 1199 6540 6524 6541 
2342 6390 1193 1194 6391 6540 1200 6542 6527 6543 
2343 6391 1194 56 1202 6542 1201 1209 6530 6544 
2 377 10 7
2344 55 1189 1232 57 1195 6545 1238 1260 6546 
2345 1189 1190 1233 1232 1196 6547 1239 6545 6548 
2346 1190 1191 1234 1233 1197 6549 1240 6547 6550 
2347 1191 1192 1235 1234 1198 6551 1241 6549 6552 
2348 1192 1193 1236 1235 1199 6553 1242 6551 6554 
2349 1193 1194 1237 1236 1200 6555 1243 6553 6556 
2350 1194 56 58 1237 1201 1261 1244 6555 6557 
2 386 10 56
2351 51 1217 6558 1099 1224 6600 6601 1105 6602 
2352 1099 6558 6559 1100 6601 6603 6604 1106 6605 
2353 1100 6559 6560 1101 6604 6606 6607 1107 6608 
2354 1101 6560 6561 1102 6607 6609 6610 1108 6611 
2355 1102 6561 6562 1103 6610 6612 6613 1109 6614 
2356 1103 6562 6563 1104 6613 6615 6616 1110 6617 
2357 1104 6563 1251 52 6616 6618 1259 1111 6619 
2358 1217 1218 6564 6558 1225 6620 6621 6600 6622 
2359 6558 6564 6565 6559 6621 6623 6624 6603 6625 
2360 6559 6565 6566 6560 6624 6626 6627 6606 6628 
2361 6560 6566 6567 6561 6627 6629 6630 6609 6631 
2362 6561 6567 6568 6562 6630 6632 6633 6612 6634 
2363 6562 6568 6569 6563 6633 6635 6636 6615 6637 
2364 6563 6569 1250 1251 6636 6638 1258 6618 6639 
2365 1218 1219 6570 6564 1226 6640 6641 6620 6642 
2366 6564 6570 6571 6565 6641 6643 6644 6623 6645 
2367 6565 6571 6572 6566 6644 6646 6647 6626 6648 
2368 6566 6572 6573 6567 6647 6649 6650 6629 6651 
2369 6567 6573 6574 6568 6650 6652 6653 6632 6654 
2370 6568 6574 6575 6569 6653 6655 6656 6635 6657 
2371 6569 6575 1249 1250 6656 6658 1257 6638 6659 
2372 1219 1220 6576 6570 1227 6660 6661 6640 6662 
2373 6570 6576 6577 6571 6661 6663 6664 6643 6665 
2374 6571 6577 6578 6572 6664 6666 6667 6646 6668 
2375 6572 6578 6579 6573 6667 6669 6670 6649 6671 
2376 6573 6579 6580 6574 6670 6672 6673 6652 6674 
2377 6574 6580 6581 6575 6673 6675 6676 6655 6677 
2378 6575 6581 1248 1249 6676 6678 1256 6658 6679 
2379 1220 1221 6582 6576 1228 6680 6681 6660 6682 
2380 6576 6582 6583 6577 6681 6683 6684 6663 6685 
2381 6577 6583 6584 6578 6684 6686 6687 6666 6688 
2382 6578 6584 6585 6579 6687 6689 6690 6669 6691 
2383 6579 6585 6586 6580 6690 6692 6693 6672 6694 
2384 6580 6586 6587 6581 6693 6695 6696 6675 6697 
2385 6581 6587 1247 1248 6696 6698 1255 6678 6699 
2386 1221 1222 6588 6582 1229 6700 6701 6680 6702 
2387 6582 6588 6589 6583 6701 6703 6704 6683 6705 
2388 6583 6589 6590 6584 6704 6706 6707 6686 6708 
2389 6584 6590 6591 6585 6707 6709 6710 6689 6711 
2390 6585 6591 6592 6586 6710 6712 6713 6692 6714 
2391 6586 6592 6593 6587 6713 6715 6716 6695 6717 
2392 6587 6593 1246 1247 6716 6718 1254 6698 6719 
2393 1222 1223 6594 6588 1230 6720 6721 6700 6722 
2394 6588 6594 6595 6589 6721 6723 6724 6703 6725 
2395 6589 6595 6596 6590 6724 6726 6727 6706 6728 
2396 6590 6596 6597 6591 6727 6729 6730 6709 6731 
2397 6591 6597 6598 6592 6730 6732 6733 6712 6734 
2398 6592 6598 6599 6593 6733 6735 6736 6715 6737 
2399 6593 6599 1245 1246 6736 6738 1253 6718 6739 
2400 1223 57 1232 6594 1231 1238 6740 6720 6741 
2401 6594 1232 1233 6595 6740 1239 6742 6723 6743 
2402 6595 1233 1234 6596 6742 1240 6744 6726 6745 
2403 6596 1234 1235 6597 6744 1241 6746 6729 6747 
2404 6597 1235 1236 6598 6746 1242 6748 6732 6749 
2405 6598 1236 1237 6599 6748 1243 6750 6735 6751 
2406 6599 1237 58 1245 6750 1244 1252 6738 6752 
2 399 10 7
2407 57 1232 1277 59 1238 6753 1283 1305 6754 
2408 1232 1233 1278 1277 1239 6755 1284 6753 6756 
2409 1233 1234 1279 1278 1240 6757 1285 6755 6758 
2410 1234 1235 1280 1279 1241 6759 1286 6757 6760 
2411 1235 1236 1281 1280 1242 6761 1287 6759 6762 
2412 1236 1237 1282 1281 1243 6763 1288 6761 6764 
2413 1237 58 60 1282 1244 1306 1289 6763 6765 
2 408 10 56
2414 53 1262 6766 1144 1269 6808 6809 1150 6810 
2415 1144 6766 6767 1145 6809 6811 6812 1151 6813 
2416 1145 6767 6768 1146 6812 6814 6815 1152 6816 
2417 1146 6768 6769 1147 6815 6817 6818 1153 6819 
2418 1147 6769 6770 1148 6818 6820 6821 1154 6822 
2419 1148 6770 6771 1149 6821 6823 6824 1155 6825 
2420 1149 6771 1296 54 6824 6826 1304 1156 6827 
2421 1262 1263 6772 6766 1270 6828 6829 6808 6830 
2422 6766 6772 6773 6767 6829 6831 6832 6811 6833 
2423 6767 6773 6774 6768 6832 6834 6835 6814 6836 
2424 6768 6774 6775 6769 6835 6837 6838 6817 6839 
2425 6769 6775 6776 6770 6838 6840 6841 6820 6842 
2426 6770 6776 6777 6771 6841 6843 6844 6823 6845 
2427 6771 6777 1295 1296 6844 6846 1303 6826 6847 
2428 1263 1264 6778 6772 1271 6848 6849 6828 6850 
2429 6772 6778 6779 6773 6849 6851 6852 6831 6853 
2430 6773 6779 6780 6774 6852 6854 6855 6834 6856 
2431 6774 6780 6781 6775 6855 6857 6858 6837 6859 
2432 6775 6781 6782 6776 6858 6860 6861 6840 6862 
2433 6776 6782 6783 6777 6861 6863 6864 6843 6865 
2434 6777 6783 1294 1295 6864 6866 1302 6846 6867 
2435 1264 1265 6784 6778 1272 6868 6869 6848 6870 
2436 6778 6784 6785 6779 6869 6871 6872 6851 6873 
2437 6779 6785 6786 6780 6872 6874 6875 6854 6876 
2438 6780 6786 6787 6781 6875 6877 6878 6857 6879 
2439 6781 6787 6788 6782 6878 6880 6881 6860 6882 
2440 6782 6788 6789 6783 6881 6883 6884 6863 6885 
2441 6783 6789 1293 1294 6884 6886 1301 6866 6887 
2442 1265 1266 6790 6784 1273 6888 6889 6868 6890 
2443 6784 6790 6791 6785 6889 6891 6892 6871 6893 
2444 6785 6791 6792 6786 6892 6894 6895 6874 6896 
2445 6786 6792 6793 6787 6895 6897 6898 6877 6899 
2446 6787 6793 6794 6788 6898 6900 6901 6880 6902 
2447 6788 6794 6795 6789 6901 6903 6904 6883 6905 
2448 6789 6795 1292 1293 6904 6906 1300 6886 6907 
2449 1266 1267 6796 6790 1274 6908 6909 6888 6910 
2450 6790 6796 6797 6791 6909 6911 6912 6891 6913 
2451 6791 6797 6798 6792 6912 6914 6915 6894 6916 
2452 6792 6798 6799 6793 6915 6917 6918 6897 6919 
2453 6793 6799 6800 6794 6918 6920 6921 6900 6922 
2454 6794 6800 6801 6795 6921 6923 6924 6903 6925 
2455 6795 6801 1291 1292 6924 6926 1299 6906 6927 
2456 1267 1268 6802 6796 1275 6928 6929 6908 6930 
2457 6796 6802 6803 6797 6929 6931 6932 6911 6933 
2458 6797 6803 6804 6798 6932 6934 6935 6914 6936 
2459 6798 6804 6805 6799 6935 6937 6938 6917 6939 
2460 6799 6805 6806 6800 6938 6940 6941 6920 6942 
2461 6800 6806 6807 6801 6941 6943 6944 6923 6945 
2462 6801 6807 1290 1291 6944 6946 1298 6926 6947 
2463 1268 59 1277 6802 1276 1283 6948 6928 6949 
2464 6802 1277 1278 6803 6948 1284 6950 6931 6951 
2465 6803 1278 1279 6804 6950 1285 6952 6934 6953 
2466 6804 1279 1280 6805 6952 1286 6954 6937 6955 
2467 6805 1280 1281 6806 6954 1287 6956 6940 6957 
2468 6806 1281 1282 6807 6956 1288 6958 6943 6959 
2469 6807 1282 60 1290 6958 1289 1297 6946 6960 
2 409 10 56
2470 55 1307 6961 1189 1314 7003 7004 1195 7005 
2471 1189 6961 6962 1190 7004 7006 7007 1196 7008 
2472 1190 6962 6963 1191 7007 7009 7010 1197 7011 
2473 1191 6963 6964 1192 7010 7012 7013 1198 7014 
2474 1192 6964 6965 1193 7013 7015 7016 1199 7017 
2475 1193 6965 6966 1194 7016 7018 7019 1200 7020 
2476 1194 6966 1341 56 7019 7021 1349 1201 7022 
2477 1307 1308 6967 6961 1315 7023 7024 7003 7025 
2478 6961 6967 6968 6962 7024 7026 7027 7006 7028 
2479 6962 6968 6969 6963 7027 7029 7030 7009 7031 
2480 6963 6969 6970 6964 7030 7032 7033 7012 7034 
2481 6964 6970 6971 6965 7033 7035 7036 7015 7037 
2482 6965 6971 6972 6966 7036 7038 7039 7018 7040 
2483 6966 6972 1340 1341 7039 7041 1348 7021 7042 
2484 1308 1309 6973 6967 1316 7043 7044 7023 7045 
2485 6967 6973 6974 6968 7044 7046 7047 7026 7048 
2486 6968 6974 6975 6969 7047 7049 7050 7029 7051 
2487 6969 6975 6976 6970 7050 7052 7053 7032 7054 
2488 6970 6976 6977 6971 7053 7055 7056 7035 7057 
2489 6971 6977 6978 6972 7056 7058 7059 7038 7060 
2490 6972 6978 1339 1340 7059 7061 1347 7041 7062 
2491 1309 1310 6979 6973 1317 7063 7064 7043 7065 
2492 6973 6979 6980 6974 7064 7066 7067 7046 7068 
2493 6974 6980 6981 6975 7067 7069 7070 7049 7071 
2494 6975 6981 6982 6976 7070 7072 7073 7052 7074 
2495 6976 6982 6983 6977 7073 7075 7076 7055 7077 
2496 6977 6983 6984 6978 7076 7078 7079 7058 7080 
2497 6978 6984 1338 1339 7079 7081 1346 7061 7082 
2498 1310 1311 6985 6979 1318 7083 7084 7063 7085 
2499 6979 6985 6986 6980 7084 7086 7087 7066 7088 
2500 6980 6986 6987 6981 7087 7089 7090 7069 7091 
2501 6981 6987 6988 6982 7090 7092 7093 7072 7094 
2502 6982 6988 6989 6983 7093 7095 7096 7075 7097 
2503 6983 6989 6990 6984 7096 7098 7099 7078 7100 
2504 6984 6990 1337 1338 7099 7101 1345 7081 7102 
2505 1311 1312 6991 6985 1319 7103 7104 7083 7105 
2506 6985 6991 6992 6986 7104 7106 7107 7086 7108 
2507 6986 6992 6993 6987 7107 7109 7110 7089 7111 
2508 6987 6993 6994 6988 7110 7112 7113 7092 7114 
2509 6988 6994 6995 6989 7113 7115 7116 7095 7117 
2510 6989 6995 6996 6990 7116 7118 7119 7098 7120 
2511 6990 6996 1336 1337 7119 7121 1344 7101 7122 
2512 1312 1313 6997 6991 1320 7123 7124 7103 7125 
2513 6991 6997 6998 6992 7124 7126 7127 7106 7128 
2514 6992 6998 6999 6993 7127 7129 7130 7109 7131 
2515 6993 6999 7000 6994 7130 7132 7133 7112 7134 
2516 6994 7000 7001 6995 7133 7135 7136 7115 7137 
2517 6995 7001 7002 6996 7136 7138 7139 7118 7140 
2518 6996 7002 1335 1336 7139 7141 1343 7121 7142 
2519 1313 61 1322 6997 1321 1328 7143 7123 7144 
2520 6997 1322 1323 6998 7143 1329 7145 7126 7146 
2521 6998 1323 1324 6999 7145 1330 7147 7129 7148 
2522 6999 1324 1325 7000 7147 1331 7149 7132 7150 
2523 7000 1325 1326 7001 7149 1332 7151 7135 7152 
2524 7001 1326 1327 7002 7151 1333 7153 7138 7154 
2525 7002 1327 62 1335 7153 1334 1342 7141 7155 
2 431 10 56
2526 57 1350 7156 1232 1357 7198 7199 1238 7200 
2527 1232 7156 7157 1233 7199 7201 7202 1239 7203 
2528 1233 7157 7158 1234 7202 7204 7205 1240 7206 
2529 1234 7158 7159 1235 7205 7207 7208 1241 7209 
2530 1235 7159 7160 1236 7208 7210 7211 1242 7212 
2531 1236 7160 7161 1237 7211 7213 7214 1243 7215 
2532 1237 7161 1384 58 7214 7216 1392 1244 7217 
2533 1350 1351 7162 7156 1358 7218 7219 7198 7220 
2534 7156 7162 7163 7157 7219 7221 7222 7201 7223 
2535 7157 7163 7164 7158 7222 7224 7225 7204 7226 
2536 7158 7164 7165 7159 7225 7227 7228 7207 7229 
2537 7159 7165 7166 7160 7228 7230 7231 7210 7232 
2538 7160 7166 7167 7161 7231 7233 7234 7213 7235 
2539 7161 7167 1383 1384 7234 7236 1391 7216 7237 
2540 1351 1352 7168 7162 1359 7238 7239 7218 7240 
2541 7162 7168 7169 7163 7239 7241 7242 7221 7243 
2542 7163 7169 7170 7164 7242 7244 7245 7224 7246 
2543 7164 7170 7171 7165 7245 7247 7248 7227 7249 
2544 7165 7171 7172 7166 7248 7250 7251 7230 7252 
2545 7166 7172 7173 7167 7251 7253 7254 7233 7255 
2546 7167 7173 1382 1383 7254 7256 1390 7236 7257 
2547 1352 1353 7174 7168 1360 7258 7259 7238 7260 
2548 7168 7174 7175 7169 7259 7261 7262 7241 7263 
2549 7169 7175 7176 7170 7262 7264 7265 7244 7266 
2550 7170 7176 7177 7171 7265 7267 7268 7247 7269 
2551 7171 7177 7178 7172 7268 7270 7271 7250 7272 
2552 7172 7178 7179 7173 7271 7273 7274 7253 7275 
2553 7173 7179 1381 1382 7274 7276 1389 7256 7277 
2554 1353 1354 7180 7174 1361 7278 7279 7258 7280 
2555 7174 7180 7181 7175 7279 7281 7282 7261 7283 
2556 7175 7181 7182 7176 7282 7284 7285 7264 7286 
2557 7176 7182 7183 7177 7285 7287 7288 7267 7289 
2558 7177 7183 7184 7178 7288 7290 7291 7270 7292 
2559 7178 7184 7185 7179 7291 7293 7294 7273 7295 
2560 7179 7185 1380 1381 7294 7296 1388 7276 7297 
2561 1354 1355 7186 7180 1362 7298 7299 7278 7300 
2562 7180 7186 7187 7181 7299 7301 7302 7281 7303 
2563 7181 7187 7188 7182 7302 7304 7305 7284 7306 
2564 7182 7188 7189 7183 7305 7307 7308 7287 7309 
2565 7183 7189 7190 7184 7308 7310 7311 7290 7312 
2566 7184 7190 7191 7185 7311 7313 7314 7293 7315 
2567 7185 7191 1379 1380 7314 7316 1387 7296 7317 
2568 1355 1356 7192 7186 1363 7318 7319 7298 7320 
2569 7186 7192 7193 7187 7319 7321 7322 7301 7323 
2570 7187 7193 7194 7188 7322 7324 7325 7304 7326 
2571 7188 7194 7195 7189 7325 7327 7328 7307 7329 
2572 7189 7195 7196 7190 7328 7330 7331 7310 7332 
2573 7190 7196 7197 7191 7331 7333 7334 7313 7335 
2574 7191 7197 1378 1379 7334 7336 1386 7316 7337 
2575 1356 63 1365 7192 1364 1371 7338 7318 7339 
2576 7192 1365 1366 7193 7338 1372 7340 7321 7341 
2577 7193 1366 1367 7194 7340 1373 7342 7324 7343 
2578 7194 1367 1368 7195 7342 1374 7344 7327 7345 
2579 7195 1368 1369 7196 7344 1375 7346 7330 7347 
2580 7196 1369 1370 7197 7346 1376 7348 7333 7349 
2581 7197 1370 64 1378 7348 1377 1385 7336 7350 
2 453 10 56
2582 59 1393 7351 1277 1400 7393 7394 1283 7395 
2583 1277 7351 7352 1278 7394 7396 7397 1284 7398 
2584 1278 7352 7353 1279 7397 7399 7400 1285 7401 
2585 1279 7353 7354 1280 7400 7402 7403 1286 7404 
2586 1280 7354 7355 1281 7403 7405 7406 1287 7407 
2587 1281 7355 7356 1282 7406 7408 7409 1288 7410 
2588 1282 7356 1427 60 7409 7411 1435 1289 7412 
2589 1393 1394 7357 7351 1401 7413 7414 7393 7415 
2590 7351 7357 7358 7352 7414 7416 7417 7396 7418 
2591 7352 7358 7359 7353 7417 7419 7420 7399 7421 
2592 7353 7359 7360 7354 7420 7422 7423 7402 7424 
2593 7354 7360 7361 7355 7423 7425 7426 7405 7427 
2594 7355 7361 7362 7356 7426 7428 7429 7408 7430 
2595 7356 7362 1426 1427 7429 7431 1434 7411 7432 
2596 1394 1395 7363 7357 1402 7433 7434 7413 7435 
2597 7357 7363 7364 7358 7434 7436 7437 7416 7438 
2598 7358 7364 7365 7359 7437 7439 7440 7419 7441 
2599 7359 7365 7366 7360 7440 7442 7443 7422 7444 
2600 7360 7366 7367 7361 7443 7445 7446 7425 7447 
2601 7361 7367 7368 7362 7446 7448 7449 7428 7450 
2602 7362 7368 1425 1426 7449 7451 1433 7431 7452 
2603 1395 1396 7369 7363 1403 7453 7454 7433 7455 
2604 7363 7369 7370 7364 7454 7456 7457 7436 7458 
2605 7364 7370 7371 7365 7457 7459 7460 7439 7461 
2606 7365 7371 7372 7366 7460 7462 7463 7442 7464 
2607 7366 7372 7373 7367 7463 7465 7466 7445 7467 
2608 7367 7373 7374 7368 7466 7468 7469 7448 7470 
2609 7368 7374 1424 1425 7469 7471 1432 7451 7472 
2610 1396 1397 7375 7369 1404 7473 7474 7453 7475 
2611 7369 7375 7376 7370 7474 7476 7477 7456 7478 
2612 7370 7376 7377 7371 7477 7479 7480 7459 7481 
2613 7371 7377 7378 7372 7480 7482 7483 7462 7484 
2614 7372 7378 7379 7373 7483 7485 7486 7465 7487 
2615 7373 7379 7380 7374 7486 7488 7489 7468 7490 
2616 7374 7380 1423 1424 7489 7491 1431 7471 7492 
2617 1397 1398 7381 7375 1405 7493 7494 7473 7495 
2618 7375 7381 7382 7376 7494 7496 7497 7476 7498 
2619 7376 7382 7383 7377 7497 7499 7500 7479 7501 
2620 7377 7383 7384 7378 7500 7502 7503 7482 7504 
2621 7378 7384 7385 7379 7503 7505 7506 7485 7507 
2622 7379 7385 7386 7380 7506 7508 7509 7488 7510 
2623 7380 7386 1422 1423 7509 7511 1430 7491 7512 
2624 1398 1399 7387 7381 1406 7513 7514 7493 7515 
2625 7381 7387 7388 7382 7514 7516 7517 7496 7518 
2626 7382 7388 7389 7383 7517 7519 7520 7499 7521 
2627 7383 7389 7390 7384 7520 7522 7523 7502 7524 
2628 7384 7390 7391 7385 7523 7525 7526 7505 7527 
2629 7385 7391 7392 7386 7526 7528 7529 7508 7530 
2630 7386 7392 1421 1422 7529 7531 1429 7511 7532 
2631 1399 65 1408 7387 1407 1414 7533 7513 7534 
2632 7387 1408 1409 7388 7533 1415 7535 7516 7536 
2633 7388 1409 1410 7389 7535 1416 7537 7519 7538 
2634 7389 1410 1411 7390 7537 1417 7539 7522 7540 
2635 7390 1411 1412 7391 7539 1418 7541 7525 7542 
2636 7391 1412 1413 7392 7541 1419 7543 7528 7544 
2637 7392 1413 66 1421 7543 1420 1428 7531 7545 
3 1 12 56
2638 1 67 1436 115 5 123 1657 171 74 122 179 1478 7546 1479 7547 1654 130 178 1699 1700 1480 7548 1656 7549 7550 1701 7551 
2639 115 1436 1437 114 171 1657 1658 170 1479 121 1654 1481 7547 1482 7552 1652 1700 177 1702 1703 1483 7550 1655 7553 7554 1704 7555 
2640 114 1437 1438 113 170 1658 1659 169 1482 120 1652 1484 7552 1485 7556 1650 1703 176 1705 1706 1486 7554 1653 7557 7558 1707 7559 
2641 113 1438 1439 112 169 1659 1660 168 1485 119 1650 1487 7556 1488 7560 1648 1706 175 1708 1709 1489 7558 1651 7561 7562 1710 7563 
2642 112 1439 1440 111 168 1660 1661 167 1488 118 1648 1490 7560 1491 7564 1646 1709 174 1711 1712 1492 7562 1649 7565 7566 1713 7567 
2643 111 1440 1441 110 167 1661 1662 166 1491 117 1646 1493 7564 1494 7568 1644 1712 173 1714 1715 1495 7566 1647 7569 7570 1716 7571 
2644 110 1441 101 4 166 1662 157 8 1494 116 1644 1496 7568 109 7572 182 1715 172 1717 165 1497 7570 1645 7573 7574 1718 7575 
2645 67 68 1442 1436 123 124 1663 1657 75 1478 7546 1498 7576 1499 7577 7547 131 1699 1719 1720 1500 7578 7549 7579 7580 1721 7581 
2646 1436 1442 1443 1437 1657 1663 1664 1658 1499 1481 7547 1501 7577 1502 7582 7552 1720 1702 1722 1723 1503 7580 7553 7583 7584 1724 7585 
2647 1437 1443 1444 1438 1658 1664 1665 1659 1502 1484 7552 1504 7582 1505 7586 7556 1723 1705 1725 1726 1506 7584 7557 7587 7588 1727 7589 
2648 1438 1444 1445 1439 1659 1665 1666 1660 1505 1487 7556 1507 7586 1508 7590 7560 1726 1708 1728 1729 1509 7588 7561 7591 7592 1730 7593 
2649 1439 1445 1446 1440 1660 1666 1667 1661 1508 1490 7560 1510 7590 1511 7594 7564 1729 1711 1731 1732 1512 7592 7565 7595 7596 1733 7597 
2650 1440 1446 1447 1441 1661 1667 1668 1662 1511 1493 7564 1513 7594 1514 7598 7568 1732 1714 1734 1735 1515 7596 7569 7599 7600 1736 7601 
2651 1441 1447 100 101 1662 1668 156 157 1514 1496 7568 1516 7598 108 7602 7572 1735 1717 1737 164 1517 7600 7573 7603 7604 1738 7605 
2652 68 69 1448 1442 124 125 1669 1663 76 1498 7576 1518 7606 1519 7607 7577 132 1719 1739 1740 1520 7608 7579 7609 7610 1741 7611 
2653 1442 1448 1449 1443 1663 1669 1670 1664 1519 1501 7577 1521 7607 1522 7612 7582 1740 1722 1742 1743 1523 7610 7583 7613 7614 1744 7615 
2654 1443 1449 1450 1444 1664 1670 1671 1665 1522 1504 7582 1524 7612 1525 7616 7586 1743 1725 1745 1746 1526 7614 7587 7617 7618 1747 7619 
2655 1444 1450 1451 1445 1665 1671 1672 1666 1525 1507 7586 1527 7616 1528 7620 7590 1746 1728 1748 1749 1529 7618 7591 7621 7622 1750 7623 
2656 1445 1451 1452 1446 1666 1672 1673 1667 1528 1510 7590 1530 7620 1531 7624 7594 1749 1731 1751 1752 1532 7622 7595 7625 7626 1753 7627 
2657 1446 1452 1453 1447 1667 1673 1674 1668 1531 1513 7594 1533 7624 1534 7628 7598 1752 1734 1754 1755 1535 7626 7599 7629 7630 1756 7631 
2658 1447 1453 99 100 1668 1674 155 156 1534 1516 7598 1536 7628 107 7632 7602 1755 1737 1757 163 1537 7630 7603 7633 7634 1758 7635 
2659 69 70 1454 1448 125 126 1675 1669 77 1518 7606 1538 7636 1539 7637 7607 133 1739 1759 1760 1540 7638 7609 7639 7640 1761 7641 
2660 1448 1454 1455 1449 1669 1675 1676 1670 1539 1521 7607 1541 7637 1542 7642 7612 1760 1742 1762 1763 1543 7640 7613 7643 7644 1764 7645 
2661 1449 1455 1456 1450 1670 1676 1677 1671 1542 1524 7612 1544 7642 1545 7646 7616 1763 1745 1765 1766 1546 7644 7617 7647 7648 1767 7649 
2662 1450 1456 1457 1451 1671 1677 1678 1672 1545 1527 7616 1547 7646 1548 7650 7620 1766 1748 1768 1769 1549 7648 7621 7651 7652 1770 7653 
2663 1451 1457 1458 1452 1672 1678 1679 1673 1548 1530 7620 1550 7650 1551 7654 7624 1769 1751 1771 1772 1552 7652 7625 7655 7656 1773 7657 
2664 1452 1458 1459 1453 1673 1679 1680 1674 1551 1533 7624 1553 7654 1554 7658 7628 1772 1754 1774 1775 1555 7656 7629 7659 7660 1776 7661 
2665 1453 1459 98 99 1674 1680 154 155 1554 1536 7628 1556 7658 106 7662 7632 1775 1757 1777 162 1557 7660 7633 7663 7664 1778 7665 
2666 70 71 1460 1454 126 127 1681 1675 78 1538 7636 1558 7666 1559 7667 7637 134 1759 1779 1780 1560 7668 7639 7669 7670 1781 7671 
2667 1454 1460 1461 1455 1675 1681 1682 1676 1559 1541 7637 1561 7667 1562 7672 7642 1780 1762 1782 1783 1563 7670 7643 7673 7674 1784 7675 
2668 1455 1461 1462 1456 1676 1682 1683 1677 1562 1544 7642 1564 7672 1565 7676 7646 1783 1765 1785 1786 1566 7674 7647 7677 7678 1787 7679 
2669 1456 1462 1463 1457 1677 1683 1684 1678 1565 1547 7646 1567 7676 1568 7680 7650 1786 1768 1788 1789 1569 7678 7651 7681 7682 1790 7683 
2670 1457 1463 1464 1458 1678 1684 1685 1679 1568 1550 7650 1570 7680 1571 7684 7654 1789 1771 1791 1792 1572 7682 7655 7685 7686 1793 7687 
2671 1458 1464 1465 1459 1679 1685 1686 1680 1571 1553 7654 1573 7684 1574 7688 7658 1792 1774 1794 1795 1575 7686 7659 7689 7690 1796 7691 
2672 1459 1465 97 98 1680 1686 153 154 1574 1556 7658 1576 7688 105 7692 7662 1795 1777 1797 161 1577 7690 7663 7693 7694 1798 7695 
2673 71 72 1466 1460 127 128 1687 1681 79 1558 7666 1578 7696 1579 7697 7667 135 1779 1799 1800 1580 7698 7669 7699 7700 1801 7701 
2674 1460 1466 1467 1461 1681 1687 1688 1682 1579 1561 7667 1581 7697 1582 7702 7672 1800 1782 1802 1803 1583 7700 7673 7703 7704 1804 7705 
2675 1461 1467 1468 1462 1682 1688 1689 1683 1582 1564 7672 1584 7702 1585 7706 7676 1803 1785 1805 1806 1586 7704 7677 7707 7708 1807 7709 
2676 1462 1468 1469 1463 1683 1689 1690 1684 1585 1567 7676 1587 7706 1588 7710 7680 1806 1788 1808 1809 1589 7708 7681 7711 7712 1810 7713 
2677 1463 1469 1470 1464 1684 1690 1691 1685 1588 1570 7680 1590 7710 1591 7714 7684 1809 1791 1811 1812 1592 7712 7685 7715 7716 1813 7717 
2678 1464 1470 1471 1465 1685 1691 1692 1686 1591 1573 7684 1593 7714 1594 7718 7688 1812 1794 1814 1815 1595 7716 7689 7719 7720 1816 7721 
2679 1465 1471 96 97 1686 1692 152 153 1594 1576 7688 1596 7718 104 7722 7692 1815 1797 1817 160 1597 7720 7693 7723 7724 1818 7725 
2680 72 73 1472 1466 128 129 1693 1687 80 1578 7696 1598 7726 1599 7727 7697 136 1799 1819 1820 1600 7728 7699 7729 7730 1821 7731 
2681 1466 1472 1473 1467 1687 1693 1694 1688 1599 1581 7697 1601 7727 1602 7732 7702 1820 1802 1822 1823 1603 7730 7703 7733 7734 1824 7735 
2682 1467 1473 1474 1468 1688 1694 1695 1689 1602 1584 7702 1604 7732 1605 7736 7706 1823 1805 1825 1826 1606 7734 7707 7737 7738 1827 7739 
2683 1468 1474 1475 1469 1689 1695 1696 1690 1605 1587 7706 1607 7736 1608 7740 7710 1826 1808 1828 1829 1609 7738 7711 7741 7742 1830 7743 
2684 1469 1475 1476 1470 1690 1696 1697 1691 1608 1590 7710 1610 7740 1611 7744 7714 1829 1811 1831 1832 1612 7742 7715 7745 7746 1833 7747 
2685 1470 1476 1477 1471 1691 1697 1698 1692 1611 1593 7714 1613 7744 1614 7748 7718 1832 1814 1834 1835 1615 7746 7719 7749 7750 1836 7751 
2686 1471 1477 95 96 1692 1698 151 152 1614 1596 7718 1616 7748 103 7752 7722 1835 1817 1837 159 1617 7750 7723 7753 7754 1838 7755 
2687 73 2 82 1472 129 6 138 1693 81 1598 7726 88 180 1618 1631 7727 137 1819 144 1839 1619 7756 7729 1632 7757 1840 7758 
2688 1472 82 83 1473 1693 138 139 1694 1618 1601 7727 89 1631 1620 1633 7732 1839 1822 145 1841 1621 7757 7733 1634 7759 1842 7760 
2689 1473 83 84 1474 1694 139 140 1695 1620 1604 7732 90 1633 1622 1635 7736 1841 1825 146 1843 1623 7759 7737 1636 7761 1844 7762 
2690 1474 84 85 1475 1695 140 141 1696 1622 1607 7736 91 1635 1624 1637 7740 1843 1828 147 1845 1625 7761 7741 1638 7763 1846 7764 
2691 1475 85 86 1476 1696 141 142 1697 1624 1610 7740 92 1637 1626 1639 7744 1845 1831 148 1847 1627 7763 7745 1640 7765 1848 7766 
2692 1476 86 87 1477 1697 142 143 1698 1626 1613 7744 93 1639 1628 1641 7748 1847 1834 149 1849 1629 7765 7749 1642 7767 1850 7768 
2693 1477 87 3 95 1698 143 7 151 1628 1616 7748 94 1641 102 181 7752 1849 1837 150 158 1630 7767 7753 1643 7769 1851 7770 
3 2 12 56
2694 5 123 1657 171 9 183 1878 231 130 178 239 1699 7771 1700 7772 1875 190 238 1920 1921 1701 7773 1877 7774 7775 1922 7776 
2695 171 1657 1658 170 231 1878 1879 230 1700 177 1875 1702 7772 1703 7777 1873 1921 237 1923 1924 1704 7775 1876 7778 7779 1925 7780 
2696 170 1658 1659 169 230 1879 1880 229 1703 176 1873 1705 7777 1706 7781 1871 1924 236 1926 1927 1707 7779 1874 7782 7783 1928 7784 
2697 169 1659 1660 168 229 1880 1881 228 1706 175 1871 1708 7781 1709 7785 1869 1927 235 1929 1930 1710 7783 1872 7786 7787 1931 7788 
2698 168 1660 1661 167 228 1881 1882 227 1709 174 1869 1711 7785 1712 7789 1867 1930 234 1932 1933 1713 7787 1870 7790 7791 1934 7792 
2699 167 1661 1662 166 227 1882 1883 226 1712 173 1867 1714 7789 1715 7793 1865 1933 233 1935 1936 1716 7791 1868 7794 7795 1937 7796 
2700 166 1662 157 8 226 1883 217 12 1715 172 1865 1717 7793 165 7797 242 1936 232 1938 225 1718 7795 1866 7798 7799 1939 7800 
2701 123 124 1663 1657 183 184 1884 1878 131 1699 7771 1719 7801 1720 7802 7772 191 1920 1940 1941 1721 7803 7774 7804 7805 1942 7806 
2702 1657 1663 1664 1658 1878 1884 1885 1879 1720 1702 7772 1722 7802 1723 7807 7777 1941 1923 1943 1944 1724 7805 7778 7808 7809 1945 7810 
2703 1658 1664 1665 1659 1879 1885 1886 1880 1723 1705 7777 1725 7807 1726 7811 7781 1944 1926 1946 1947 1727 7809 7782 7812 7813 1948 7814 
2704 1659 1665 1666 1660 1880 1886 1887 1881 1726 1708 7781 1728 7811 1729 7815 7785 1947 1929 1949 1950 1730 7813 7786 7816 7817 1951 7818 
2705 1660 1666 1667 1661 1881 1887 1888 1882 1729 1711 7785 1731 7815 1732 7819 7789 1950 1932 1952 1953 1733 7817 7790 7820 7821 1954 7822 
2706 1661 1667 1668 1662 1882 1888 1889 1883 1732 1714 7789 1734 7819 1735 7823 7793 1953 1935 1955 1956 1736 7821 7794 7824 7825 1957 7826 
2707 1662 1668 156 157 1883 1889 216 217 1735 1717 7793 1737 7823 164 7827 7797 1956 1938 1958 224 1738 7825 7798 7828 7829 1959 7830 
2708 124 125 1669 1663 184 185 1890 1884 132 1719 7801 1739 7831 1740 7832 7802 192 1940 1960 1961 1741 7833 7804 7834 7835 1962 7836 
2709 1663 1669 1670 1664 1884 1890 1891 1885 1740 1722 7802 1742 7832 1743 7837 7807 1961 1943 1963 1964 1744 7835 7808 7838 7839 1965 7840 
2710 1664 1670 1671 1665 1885 1891 1892 1886 1743 1725 7807 1745 7837 1746 7841 7811 1964 1946 1966 1967 1747 7839 7812 7842 7843 1968 7844 
2711 1665 1671 1672 1666 1886 1892 1893 1887 1746 1728 7811 1748 7841 1749 7845 7815 1967 1949 1969 1970 1750 7843 7816 7846 7847 1971 7848 
2712 1666 1672 1673 1667 1887 1893 1894 1888 1749 1731 7815 1751 7845 1752 7849 7819 1970 1952 1972 1973 1753 7847 7820 7850 7851 1974 7852 
2713 1667 1673 1674 1668 1888 1894 1895 1889 1752 1734 7819 1754 7849 1755 7853 7823 1973 1955 1975 1976 1756 7851 7824 7854 7855 1977 7856 
2714 1668 1674 155 156 1889 1895 215 216 1755 1737 7823 1757 7853 163 7857 7827 1976 1958 1978 223 1758 7855 7828 7858 7859 1979 7860 
2715 125 126 1675 1669 185 186 1896 1890 133 1739 7831 1759 7861 1760 7862 7832 193 1960 1980 1981 1761 7863 7834 7864 7865 1982 7866 
2716 1669 1675 1676 1670 1890 1896 1897 1891 1760 1742 7832 1762 7862 1763 7867 7837 1981 1963 1983 1984 1764 7865 7838 7868 7869 1985 7870 
2717 1670 1676 1677 1671 1891 1897 1898 1892 1763 1745 7837 1765 7867 1766 7871 7841 1984 1966 1986 1987 1767 7869 7842 7872 7873 1988 7874 
2718 1671 1677 1678 1672 1892 1898 1899 1893 1766 1748 7841 1768 7871 1769 7875 7845 1987 1969 1989 1990 1770 7873 7846 7876 7877 1991 7878 
2719 1672 1678 1679 1673 1893 1899 1900 1894 1769 1751 7845 1771 7875 1772 7879 7849 1990 1972 1992 1993 1773 7877 7850 7880 7881 1994 7882 
2720 1673 1679 1680 1674 1894 1900 1901 1895 1772 1754 7849 1774 7879 1775 7883 7853 1993 1975 1995 1996 1776 7881 7854 7884 7885 1997 7886 
2721 1674 1680 154 155 1895 1901 214 215 1775 1757 7853 1777 7883 162 7887 7857 1996 1978 1998 222 1778 7885 7858 7888 7889 1999 7890 
2722 126 127 1681 1675 186 187 1902 1896 134 1759 7861 1779 7891 1780 7892 7862 194 1980 2000 2001 1781 7893 7864 7894 7895 2002 7896 
2723 1675 1681 1682 1676 1896 1902 1903 1897 1780 1762 7862 1782 7892 1783 7897 7867 2001 1983 2003 2004 1784 7895 7868 7898 7899 2005 7900 
2724 1676 1682 1683 1677 1897 1903 1904 1898 1783 1765 7867 1785 7897 1786 7901 7871 2004 1986 2006 2007 1787 7899 7872 7902 7903 2008 7904 
2725 1677 1683 1684 1678 1898 1904 1905 1899 1786 1768 7871 1788 7901 1789 7905 7875 2007 1989 2009 2010 1790 7903 7876 7906 7907 2011 7908 
2726 1678 1684 1685 1679 1899 1905 1906 1900 1789 1771 7875 1791 7905 1792 7909 7879 2010 1992 2012 2013 1793 7907 7880 7910 7911 2014 7912 
2727 1679 1685 1686 1680 1900 1906 1907 1901 1792 1774 7879 1794 7909 1795 7913 7883 2013 1995 2015 2016 1796 7911 7884 7914 7915 2017 7916 
2728 1680 1686 153 154 1901 1907 213 214 1795 1777 7883 1797 7913 161 7917 7887 2016 1998 2018 221 1798 7915 7888 7918 7919 2019 7920 
2729 127 128 1687 1681 187 188 1908 1902 135 1779 7891 1799 7921 1800 7922 7892 195 2000 2020 2021 1801 7923 7894 7924 7925 2022 7926 
2730 1681 1687 1688 1682 1902 1908 1909 1903 1800 1782 7892 1802 7922 1803 7927 7897 2021 2003 2023 2024 1804 7925 7898 7928 7929 2025 7930 
2731 1682 1688 1689 1683 1903 1909 1910 1904 1803 1785 7897 1805 7927 1806 7931 7901 2024 2006 2026 2027 1807 7929 7902 7932 7933 2028 7934 
2732 1683 1689 1690 1684 1904 1910 1911 1905 1806 1788 7901 1808 7931 1809 7935 7905 2027 2009 2029 2030 1810 7933 7906 7936 7937 2031 7938 
2733 1684 1690 1691 1685 1905 1911 1912 1906 1809 1791 7905 1811 7935 1812 7939 7909 2030 2012 2032 2033 1813 7937 7910 7940 7941 2034 7942 
2734 1685 1691 1692 1686 1906 1912 1913 1907 1812 1794 7909 1814 7939 1815 7943 7913 2033 2015 2035 2036 1816 7941 7914 7944 7945 2037 7946 
2735 1686 1692 152 153 1907 1913 212 213 1815 1797 7913 1817 7943 160 7947 7917 2036 2018 2038 220 1818 7945 7918 7948 7949 2039 7950 
2736 128 129 1693 1687 188 189 1914 1908 136 1799 7921 1819 7951 1820 7952 7922 196 2020 2040 2041 1821 7953 7924 7954 7955 2042 7956 
2737 1687 1693 1694 1688 1908 1914 1915 1909 1820 1802 7922 1822 7952 1823 7957 7927 2041 2023 2043 2044 1824 7955 7928 7958 7959 2045 7960 
2738 1688 1694 1695 1689 1909 1915 1916 1910 1823 1805 7927 1825 7957 1826 7961 7931 2044 2026 2046 2047 1827 7959 7932 7962 7963 2048 7964 
2739 1689 1695 1696 1690 1910 1916 1917 1911 1826 1808 7931 1828 7961 1829 7965 7935 2047 2029 2049 2050 1830 7963 7936 7966 7967 2051 7968 
2740 1690 1696 1697 1691 1911 1917 1918 1912 1829 1811 7935 1831 7965 1832 7969 7939 2050 2032 2052 2053 1833 7967 7940 7970 7971 2054 7972 
2741 1691 1697 1698 1692 1912 1918 1919 1913 1832 1814 7939 1834 7969 1835 7973 7943 2053 2035 2055 2056 1836 7971 7944 7974 7975 2057 7976 
2742 1692 1698 151 152 1913 1919 211 212 1835 1817 7943 1837 7973 159 7977 7947 2056 2038 2058 219 1838 7975 7948 7978 7979 2059 7980 
2743 129 6 138 1693 189 10 198 1914 137 1819 7951 144 240 1839 1852 7952 197 2040 204 2060 1840 7981 7954 1853 7982 2061 7983 
2744 1693 138 139 1694 1914 198 199 1915 1839 1822 7952 145 1852 1841 1854 7957 2060 2043 205 2062 1842 7982 7958 1855 7984 2063 7985 
2745 1694 139 140 1695 1915 199 200 1916 1841 1825 7957 146 1854 1843 1856 7961 2062 2046 206 2064 1844 7984 7962 1857 7986 2065 7987 
2746 1695 140 141 1696 1916 200 201 1917 1843 1828 7961 147 1856 1845 1858 7965 2064 2049 207 2066 1846 7986 7966 1859 7988 2067 7989 
2747 1696 141 142 1697 1917 201 202 1918 1845 1831 7965 148 1858 1847 1860 7969 2066 2052 208 2068 1848 7988 7970 1861 7990 2069 7991 
2748 1697 142 143 1698 1918 202 203 1919 1847 1834 7969 149 1860 1849 1862 7973 2068 2055 209 2070 1850 7990 7974 1863 7992 2071 7993 
2749 1698 143 7 151 1919 203 11 211 1849 1837 7973 150 1862 158 241 7977 2070 2058 210 218 1851 7992 7978 1864 7994 2072 7995 
3 3 12 56
2750 2 243 2073 82 6 286 2281 138 250 88 180 2115 7996 2116 7997 1631 293 144 2323 2324 2117 7998 1632 7999 8000 2325 8001 
2751 82 2073 2074 83 138 2281 2282 139 2116 89 1631 2118 7997 2119 8002 1633 2324 145 2326 2327 2120 8000 1634 8003 8004 2328 8005 
2752 83 2074 2075 84 139 2282 2283 140 2119 90 1633 2121 8002 2122 8006 1635 2327 146 2329 2330 2123 8004 1636 8007 8008 2331 8009 
2753 84 2075 2076 85 140 2283 2284 141 2122 91 1635 2124 8006 2125 8010 1637 2330 147 2332 2333 2126 8008 1638 8011 8012 2334 8013 
2754 85 2076 2077 86 141 2284 2285 142 2125 92 1637 2127 8010 2128 8014 1639 2333 148 2335 2336 2129 8012 1640 8015 8016 2337 8017 
2755 86 2077 2078 87 142 2285 2286 143 2128 93 1639 2130 8014 2131 8018 1641 2336 149 2338 2339 2132 8016 1642 8019 8020 2340 8021 
2756 87 2078 277 3 143 2286 320 7 2131 94 1641 2133 8018 285 8022 181 2339 150 2341 328 2134 8020 1643 8023 8024 2342 8025 
2757 243 244 2079 2073 286 287 2287 2281 251 2115 7996 2135 8026 2136 8027 7997 294 2323 2343 2344 2137 8028 7999 8029 8030 2345 8031 
2758 2073 2079 2080 2074 2281 2287 2288 2282 2136 2118 7997 2138 8027 2139 8032 8002 2344 2326 2346 2347 2140 8030 8003 8033 8034 2348 8035 
2759 2074 2080 2081 2075 2282 2288 2289 2283 2139 2121 8002 2141 8032 2142 8036 8006 2347 2329 2349 2350 2143 8034 8007 8037 8038 2351 8039 
2760 2075 2081 2082 2076 2283 2289 2290 2284 2142 2124 8006 2144 8036 2145 8040 8010 2350 2332 2352 2353 2146 8038 8011 8041 8042 2354 8043 
2761 2076 2082 2083 2077 2284 2290 2291 2285 2145 2127 8010 2147 8040 2148 8044 8014 2353 2335 2355 2356 2149 8042 8015 8045 8046 2357 8047 
2762 2077 2083 2084 2078 2285 2291 2292 2286 2148 2130 8014 2150 8044 2151 8048 8018 2356 2338 2358 2359 2152 8046 8019 8049 8050 2360 8051 
2763 2078 2084 276 277 2286 2292 319 320 2151 2133 8018 2153 8048 284 8052 8022 2359 2341 2361 327 2154 8050 8023 8053 8054 2362 8055 
2764 244 245 2085 2079 287 288 2293 2287 252 2135 8026 2155 8056 2156 8057 8027 295 2343 2363 2364 2157 8058 8029 8059 8060 2365 8061 
2765 2079 2085 2086 2080 2287 2293 2294 2288 2156 2138 8027 2158 8057 2159 8062 8032 2364 2346 2366 2367 2160 8060 8033 8063 8064 2368 8065 
2766 2080 2086 2087 2081 2288 2294 2295 2289 2159 2141 8032 2161 8062 2162 8066 8036 2367 2349 2369 2370 2163 8064 8037 8067 8068 2371 8069 
2767 2081 2087 2088 2082 2289 2295 2296 2290 2162 2144 8036 2164 8066 2165 8070 8040 2370 2352 2372 2373 2166 8068 8041 8071 8072 2374 8073 
2768 2082 2088 2089 2083 2290 2296 2297 2291 2165 2147 8040 2167 8070 2168 8074 8044 2373 2355 2375 2376 2169 8072 8045 8075 8076 2377 8077 
2769 2083 2089 2090 2084 2291 2297 2298 2292 2168 2150 8044 2170 8074 2171 8078 8048 2376 2358 2378 2379 2172 8076 8049 8079 8080 2380 8081 
2770 2084 2090 275 276 2292 2298 318 319 2171 2153 8048 2173 8078 283 8082 8052 2379 2361 2381 326 2174 8080 8053 8083 8084 2382 8085 
2771 245 246 2091 2085 288 289 2299 2293 253 2155 8056 2175 8086 2176 8087 8057 296 2363 2383 2384 2177 8088 8059 8089 8090 2385 8091 
2772 2085 2091 2092 2086 2293 2299 2300 2294 2176 2158 8057 2178 8087 2179 8092 8062 2384 2366 2386 2387 2180 8090 8063 8093 8094 2388 8095 
2773 2086 2092 2093 2087 2294 2300 2301 2295 2179 2161 8062 2181 8092 2182 8096 8066 2387 2369 2389 2390 2183 8094 8067 8097 8098 2391 8099 
2774 2087 2093 2094 2088 2295 2301 2302 2296 2182 2164 8066 2184 8096 2185 8100 8070 2390 2372 2392 2393 2186 8098 8071 8101 8102 2394 8103 
2775 2088 2094 2095 2089 2296 2302 2303 2297 2185 2167 8070 2187 8100 2188 8104 8074 2393 2375 2395 2396 2189 8102 8075 8105 8106 2397 8107 
2776 2089 2095 2096 2090 2297 2303 2304 2298 2188 2170 8074 2190 8104 2191 8108 8078 2396 2378 2398 2399 2192 8106 8079 8109 8110 2400 8111 
2777 2090 2096 274 275 2298 2304 317 318 2191 2173 8078 2193 8108 282 8112 8082 2399 2381 2401 325 2194 8110 8083 8113 8114 2402 8115 
2778 246 247 2097 2091 289 290 2305 2299 254 2175 8086 2195 8116 2196 8117 8087 297 2383 2403 2404 2197 8118 8089 8119 8120 2405 8121 
2779 2091 2097 2098 2092 2299 2305 2306 2300 2196 2178 8087 2198 8117 2199 8122 8092 2404 2386 2406 2407 2200 8120 8093 8123 8124 2408 8125 
2780 2092 2098 2099 2093 2300 2306 2307 2301 2199 2181 8092 2201 8122 2202 8126 8096 2407 2389 2409 2410 2203 8124 8097 8127 8128 2411 8129 
2781 2093 2099 2100 2094 2301 2307 2308 2302 2202 2184 8096 2204 8126 2205 8130 8100 2410 2392 2412 2413 2206 8128 8101 8131 8132 2414 8133 
2782 2094 2100 2101 2095 2302 2308 2309 2303 2205 2187 8100 2207 8130 2208 8134 8104 2413 2395 2415 2416 2209 8132 8105 8135 8136 2417 8137 
2783 2095 2101 2102 2096 2303 2309 2310 2304 2208 2190 8104 2210 8134 2211 8138 8108 2416 2398 2418 2419 2212 8136 8109 8139 8140 2420 8141 
2784 2096 2102 273 274 2304 2310 316 317 2211 2193 8108 2213 8138 281 8142 8112 2419 2401 2421 324 2214 8140 8113 8143 8144 2422 8145 
2785 247 248 2103 2097 290 291 2311 2305 255 2195 8116 2215 8146 2216 8147 8117 298 2403 2423 2424 2217 8148 8119 8149 8150 2425 8151 
2786 2097 2103 2104 2098 2305 2311 2312 2306 2216 2198 8117 2218 8147 2219 8152 8122 2424 2406 2426 2427 2220 8150 8123 8153 8154 2428 8155 
2787 2098 2104 2105 2099 2306 2312 2313 2307 2219 2201 8122 2221 8152 2222 8156 8126 2427 2409 2429 2430 2223 8154 8127 8157 8158 2431 8159 
2788 2099 2105 2106 2100 2307 2313 2314 2308 2222 2204 8126 2224 8156 2225 8160 8130 2430 2412 2432 2433 2226 8158 8131 8161 8162 2434 8163 
2789 2100 2106 2107 2101 2308 2314 2315 2309 2225 2207 8130 2227 8160 2228 8164 8134 2433 2415 2435 2436 2229 8162 8135 8165 8166 2437 8167 
2790 2101 2107 2108 2102 2309 2315 2316 2310 2228 2210 8134 2230 8164 2231 8168 8138 2436 2418 2438 2439 2232 8166 8139 8169 8170 2440 8171 
2791 2102 2108 272 273 2310 2316 315 316 2231 2213 8138 2233 8168 280 8172 8142 2439 2421 2441 323 2234 8170 8143 8173 8174 2442 8175 
2792 248 249 2109 2103 291 292 2317 2311 256 2215 8146 2235 8176 2236 8177 8147 299 2423 2443 2444 2237 8178 8149 8179 8180 2445 8181 
2793 2103 2109 2110 2104 2311 2317 2318 2312 2236 2218 8147 2238 8177 2239 8182 8152 2444 2426 2446 2447 2240 8180 8153 8183 8184 2448 8185 
2794 2104 2110 2111 2105 2312 2318 2319 2313 2239 2221 8152 2241 8182 2242 8186 8156 2447 2429 2449 2450 2243 8184 8157 8187 8188 2451 8189 
2795 2105 2111 2112 2106 2313 2319 2320 2314 2242 2224 8156 2244 8186 2245 8190 8160 2450 2432 2452 2453 2246 8188 8161 8191 8192 2454 8193 
2796 2106 2112 2113 2107 2314 2320 2321 2315 2245 2227 8160 2247 8190 2248 8194 8164 2453 2435 2455 2456 2249 8192 8165 8195 8196 2457 8197 
2797 2107 2113 2114 2108 2315 2321 2322 2316 2248 2230 8164 2250 8194 2251 8198 8168 2456 2438 2458 2459 2252 8196 8169 8199 8200 2460 8201 
2798 2108 2114 271 272 2316 2322 314 315 2251 2233 8168 2253 8198 279 8202 8172 2459 2441 2461 322 2254 8200 8173 8203 8204 2462 8205 
2799 249 13 258 2109 292 15 301 2317 257 2235 8176 264 329 2255 2268 8177 300 2443 307 2463 2256 8206 8179 2269 8207 2464 8208 
2800 2109 258 259 2110 2317 301 302 2318 2255 2238 8177 265 2268 2257 2270 8182 2463 2446 308 2465 2258 8207 8183 2271 8209 2466 8210 
2801 2110 259 260 2111 2318 302 303 2319 2257 2241 8182 266 2270 2259 2272 8186 2465 2449 309 2467 2260 8209 8187 2273 8211 2468 8212 
2802 2111 260 261 2112 2319 303 304 2320 2259 2244 8186 267 2272 2261 2274 8190 2467 2452 310 2469 2262 8211 8191 2275 8213 2470 8214 
2803 2112 261 262 2113 2320 304 305 2321 2261 2247 8190 268 2274 2263 2276 8194 2469 2455 311 2471 2264 8213 8195 2277 8215 2472 8216 
2804 2113 262 263 2114 2321 305 306 2322 2263 2250 8194 269 2276 2265 2278 8198 2471 2458 312 2473 2266 8215 8199 2279 8217 2474 8218 
2805 2114 263 14 271 2322 306 16 314 2265 2253 8198 270 2278 278 330 8202 2473 2461 313 321 2267 8217 8203 2280 8219 2475 8220 
3 4 12 56
2806 6 286 2281 138 10 331 2489 198 293 144 240 2323 8221 2324 8222 1852 338 204 2531 2532 2325 8223 1853 8224 8225 2533 8226 
2807 138 2281 2282 139 198 2489 2490 199 2324 145 1852 2326 8222 2327 8227 1854 2532 205 2534 2535 2328 8225 1855 8228 8229 2536 8230 
2808 139 2282 2283 140 199 2490 2491 200 2327 146 1854 2329 8227 2330 8231 1856 2535 206 2537 2538 2331 8229 1857 8232 8233 2539 8234 
2809 140 2283 2284 141 200 2491 2492 201 2330 147 1856 2332 8231 2333 8235 1858 2538 207 2540 2541 2334 8233 1859 8236 8237 2542 8238 
2810 141 2284 2285 142 201 2492 2493 202 2333 148 1858 2335 8235 2336 8239 1860 2541 208 2543 2544 2337 8237 1861 8240 8241 2545 8242 
2811 142 2285 2286 143 202 2493 2494 203 2336 149 1860 2338 8239 2339 8243 1862 2544 209 2546 2547 2340 8241 1863 8244 8245 2548 8246 
2812 143 2286 320 7 203 2494 365 11 2339 150 1862 2341 8243 328 8247 241 2547 210 2549 373 2342 8245 1864 8248 8249 2550 8250 
2813 286 287 2287 2281 331 332 2495 2489 294 2323 8221 2343 8251 2344 8252 8222 339 2531 2551 2552 2345 8253 8224 8254 8255 2553 8256 
2814 2281 2287 2288 2282 2489 2495 2496 2490 2344 2326 8222 2346 8252 2347 8257 8227 2552 2534 2554 2555 2348 8255 8228 8258 8259 2556 8260 
2815 2282 2288 2289 2283 2490 2496 2497 2491 2347 2329 8227 2349 8257 2350 8261 8231 2555 2537 2557 2558 2351 8259 8232 8262 8263 2559 8264 
2816 2283 2289 2290 2284 2491 2497 2498 2492 2350 2332 8231 2352 8261 2353 8265 8235 2558 2540 2560 2561 2354 8263 8236 8266 8267 2562 8268 
2817 2284 2290 2291 2285 2492 2498 2499 2493 2353 2335 8235 2355 8265 2356 8269 8239 2561 2543 2563 2564 2357 8267 8240 8270 8271 2565 8272 
2818 2285 2291 2292 2286 2493 2499 2500 2494 2356 2338 8239 2358 8269 2359 8273 8243 2564 2546 2566 2567 2360 8271 8244 8274 8275 2568 8276 
2819 2286 2292 319 320 2494 2500 364 365 2359 2341 8243 2361 8273 327 8277 8247 2567 2549 2569 372 2362 8275 8248 8278 8279 2570 8280 
2820 287 288 2293 2287 332 333 2501 2495 295 2343 8251 2363 8281 2364 8282 8252 340 2551 2571 2572 2365 8283 8254 8284 8285 2573 8286 
2821 2287 2293 2294 2288 2495 2501 2502 2496 2364 2346 8252 2366 8282 2367 8287 8257 2572 2554 2574 2575 2368 8285 8258 8288 8289 2576 8290 
2822 2288 2294 2295 2289 2496 2502 2503 2497 2367 2349 8257 2369 8287 2370 8291 8261 2575 2557 2577 2578 2371 8289 8262 8292 8293 2579 8294 
2823 2289 2295 2296 2290 2497 2503 2504 2498 2370 2352 8261 2372 8291 2373 8295 8265 2578 2560 2580 2581 2374 8293 8266 8296 8297 2582 8298 
2824 2290 2296 2297 2291 2498 2504 2505 2499 2373 2355 8265 2375 8295 2376 8299 8269 2581 2563 2583 2584 2377 8297 8270 8300 8301 2585 8302 
2825 2291 2297 2298 2292 2499 2505 2506 2500 2376 2358 8269 2378 8299 2379 8303 8273 2584 2566 2586 2587 2380 8301 8274 8304 8305 2588 8306 
2826 2292 2298 318 319 2500 2506 363 364 2379 2361 8273 2381 8303 326 8307 8277 2587 2569 2589 371 2382 8305 8278 8308 8309 2590 8310 
2827 288 289 2299 2293 333 334 2507 2501 296 2363 8281 2383 8311 2384 8312 8282 341 2571 2591 2592 2385 8313 8284 8314 8315 2593 8316 
2828 2293 2299 2300 2294 2501 2507 2508 2502 2384 2366 8282 2386 8312 2387 8317 8287 2592 2574 2594 2595 2388 8315 8288 8318 8319 2596 8320 
2829 2294 2300 2301 2295 2502 2508 2509 2503 2387 2369 8287 2389 8317 2390 8321 8291 2595 2577 2597 2598 2391 8319 8292 8322 8323 2599 8324 
2830 2295 2301 2302 2296 2503 2509 2510 2504 2390 2372 8291 2392 8321 2393 8325 8295 2598 2580 2600 2601 2394 8323 8296 8326 8327 2602 8328 
2831 2296 2302 2303 2297 2504 2510 2511 2505 2393 2375 8295 2395 8325 2396 8329 8299 2601 2583 2603 2604 2397 8327 8300 8330 8331 2605 8332 
2832 2297 2303 2304 2298 2505 2511 2512 2506 2396 2378 8299 2398 8329 2399 8333 8303 2604 2586 2606 2607 2400 8331 8304 8334 8335 2608 8336 
2833 2298 2304 317 318 2506 2512 362 363 2399 2381 8303 2401 8333 325 8337 8307 2607 2589 2609 370 2402 8335 8308 8338 8339 2610 8340 
2834 289 290 2305 2299 334 335 2513 2507 297 2383 8311 2403 8341 2404 8342 8312 342 2591 2611 2612 2405 8343 8314 8344 8345 2613 8346 
2835 2299 2305 2306 2300 2507 2513 2514 2508 2404 2386 8312 2406 8342 2407 8347 8317 2612 2594 2614 2615 2408 8345 8318 8348 8349 2616 8350 
2836 2300 2306 2307 2301 2508 2514 2515 2509 2407 2389 8317 2409 8347 2410 8351 8321 2615 2597 2617 2618 2411 8349 8322 8352 8353 2619 8354 
2837 2301 2307 2308 2302 2509 2515 2516 2510 2410 2392 8321 2412 8351 2413 8355 8325 2618 2600 2620 2621 2414 8353 8326 8356 8357 2622 8358 
2838 2302 2308 2309 2303 2510 2516 2517 2511 2413 2395 8325 2415 8355 2416 8359 8329 2621 2603 2623 2624 2417 8357 8330 8360 8361 2625 8362 
2839 2303 2309 2310 2304 2511 2517 2518 2512 2416 2398 8329 2418 8359 2419 8363 8333 2624 2606 2626 2627 2420 8361 8334 8364 8365 2628 8366 
2840 2304 2310 316 317 2512 2518 361 362 2419 2401 8333 2421 8363 324 8367 8337 2627 2609 2629 369 2422 8365 8338 8368 8369 2630 8370 
2841 290 291 2311 2305 335 336 2519 2513 298 2403 8341 2423 8371 2424 8372 8342 343 2611 2631 2632 2425 8373 8344 8374 8375 2633 8376 
2842 2305 2311 2312 2306 2513 2519 2520 2514 2424 2406 8342 2426 8372 2427 8377 8347 2632 2614 2634 2635 2428 8375 8348 8378 8379 2636 8380 
2843 2306 2312 2313 2307 2514 2520 2521 2515 2427 2409 8347 2429 8377 2430 8381 8351 2635 2617 2637 2638 2431 8379 8352 8382 8383 2639 8384 
2844 2307 2313 2314 2308 2515 2521 2522 2516 2430 2412 8351 2432 8381 2433 8385 8355 2638 2620 2640 2641 2434 8383 8356 8386 8387 2642 8388 
2845 2308 2314 2315 2309 2516 2522 2523 2517 2433 2415 8355 2435 8385 2436 8389 8359 2641 2623 2643 2644 2437 8387 8360 8390 8391 2645 8392 
2846 2309 2315 2316 2310 2517 2523 2524 2518 2436 2418 8359 2438 8389 2439 8393 8363 2644 2626 2646 2647 2440 8391 8364 8394 8395 2648 8396 
2847 2310 2316 315 316 2518 2524 360 361 2439 2421 8363 2441 8393 323 8397 8367 2647 2629 2649 368 2442 8395 8368 8398 8399 2650 8400 
2848 291 292 2317 2311 336 337 2525 2519 299 2423 8371 2443 8401 2444 8402 8372 344 2631 2651 2652 2445 8403 8374 8404 8405 2653 8406 
2849 2311 2317 2318 2312 2519 2525 2526 2520 2444 2426 8372 2446 8402 2447 8407 8377 2652 2634 2654 2655 2448 8405 8378 8408 8409 2656 8410 
2850 2312 2318 2319 2313 2520 2526 2527 2521 2447 2429 8377 2449 8407 2450 8411 8381 2655 2637 2657 2658 2451 8409 8382 8412 8413 2659 8414 
2851 2313 2319 2320 2314 2521 2527 2528 2522 2450 2432 8381 2452 8411 2453 8415 8385 2658 2640 2660 2661 2454 8413 8386 8416 8417 2662 8418 
2852 2314 2320 2321 2315 2522 2528 2529 2523 2453 2435 8385 2455 8415 2456 8419 8389 2661 2643 2663 2664 2457 8417 8390 8420 8421 2665 8422 
2853 2315 2321 2322 2316 2523 2529 2530 2524 2456 2438 8389 2458 8419 2459 8423 8393 2664 2646 2666 2667 2460 8421 8394 8424 8425 2668 8426 
2854 2316 2322 314 315 2524 2530 359 360 2459 2441 8393 2461 8423 322 8427 8397 2667 2649 2669 367 2462 8425 8398 8428 8429 2670 8430 
2855 292 15 301 2317 337 17 346 2525 300 2443 8401 307 374 2463 2476 8402 345 2651 352 2671 2464 8431 8404 2477 8432 2672 8433 
2856 2317 301 302 2318 2525 346 347 2526 2463 2446 8402 308 2476 2465 2478 8407 2671 2654 353 2673 2466 8432 8408 2479 8434 2674 8435 
2857 2318 302 303 2319 2526 347 348 2527 2465 2449 8407 309 2478 2467 2480 8411 2673 2657 354 2675 2468 8434 8412 2481 8436 2676 8437 
2858 2319 303 304 2320 2527 348 349 2528 2467 2452 8411 310 2480 2469 2482 8415 2675 2660 355 2677 2470 8436 8416 2483 8438 2678 8439 
2859 2320 304 305 2321 2528 349 350 2529 2469 2455 8415 311 2482 2471 2484 8419 2677 2663 356 2679 2472 8438 8420 2485 8440 2680 8441 
2860 2321 305 306 2322 2529 350 351 2530 2471 2458 8419 312 2484 2473 2486 8423 2679 2666 357 2681 2474 8440 8424 2487 8442 2682 8443 
2861 2322 306 16 314 2530 351 18 359 2473 2461 8423 313 2486 321 375 8427 2681 2669 358 366 2475 8442 8428 2488 8444 2683 8445 
3 5 12 56
2862 13 376 2684 258 15 419 2892 301 383 264 329 2726 8446 2727 8447 2268 426 307 2934 2935 2728 8448 2269 8449 8450 2936 8451 
2863 258 2684 2685 259 301 2892 2893 302 2727 265 2268 2729 8447 2730 8452 2270 2935 308 2937 2938 2731 8450 2271 8453 8454 2939 8455 
2864 259 2685 2686 260 302 2893 2894 303 2730 266 2270 2732 8452 2733 8456 2272 2938 309 2940 2941 2734 8454 2273 8457 8458 2942 8459 
2865 260 2686 2687 261 303 2894 2895 304 2733 267 2272 2735 8456 2736 8460 2274 2941 310 2943 2944 2737 8458 2275 8461 8462 2945 8463 
2866 261 2687 2688 262 304 2895 2896 305 2736 268 2274 2738 8460 2739 8464 2276 2944 311 2946 2947 2740 8462 2277 8465 8466 2948 8467 
2867 262 2688 2689 263 305 2896 2897 306 2739 269 2276 2741 8464 2742 8468 2278 2947 312 2949 2950 2743 8466 2279 8469 8470 2951 8471 
2868 263 2689 410 14 306 2897 453 16 2742 270 2278 2744 8468 418 8472 330 2950 313 2952 461 2745 8470 2280 8473 8474 2953 8475 
2869 376 377 2690 2684 419 420 2898 2892 384 2726 8446 2746 8476 2747 8477 8447 427 2934 2954 2955 2748 8478 8449 8479 8480 2956 8481 
2870 2684 2690 2691 2685 2892 2898 2899 2893 2747 2729 8447 2749 8477 2750 8482 8452 2955 2937 2957 2958 2751 8480 8453 8483 8484 2959 8485 
2871 2685 2691 2692 2686 2893 2899 2900 2894 2750 2732 8452 2752 8482 2753 8486 8456 2958 2940 2960 2961 2754 8484 8457 8487 8488 2962 8489 
2872 2686 2692 2693 2687 2894 2900 2901 2895 2753 2735 8456 2755 8486 2756 8490 8460 2961 2943 2963 2964 2757 8488 8461 8491 8492 2965 8493 
2873 2687 2693 2694 2688 2895 2901 2902 2896 2756 2738 8460 2758 8490 2759 8494 8464 2964 2946 2966 2967 2760 8492 8465 8495 8496 2968 8497 
2874 2688 2694 2695 2689 2896 2902 2903 2897 2759 2741 8464 2761 8494 2762 8498 8468 2967 2949 2969 2970 2763 8496 8469 8499 8500 2971 8501 
2875 2689 2695 409 410 2897 2903 452 453 2762 2744 8468 2764 8498 417 8502 8472 2970 2952 2972 460 2765 8500 8473 8503 8504 2973 8505 
2876 377 378 2696 2690 420 421 2904 2898 385 2746 8476 2766 8506 2767 8507 8477 428 2954 2974 2975 2768 8508 8479 8509 8510 2976 8511 
2877 2690 2696 2697 2691 2898 2904 2905 2899 2767 2749 8477 2769 8507 2770 8512 8482 2975 2957 2977 2978 2771 8510 8483 8513 8514 2979 8515 
2878 2691 2697 2698 2692 2899 2905 2906 2900 2770 2752 8482 2772 8512 2773 8516 8486 2978 2960 2980 2981 2774 8514 8487 8517 8518 2982 8519 
2879 2692 2698 2699 2693 2900 2906 2907 2901 2773 2755 8486 2775 8516 2776 8520 8490 2981 2963 2983 2984 2777 8518 8491 8521 8522 2985 8523 
2880 2693 2699 2700 2694 2901 2907 2908 2902 2776 2758 8490 2778 8520 2779 8524 8494 2984 2966 2986 2987 2780 8522 8495 8525 8526 2988 8527 
2881 2694 2700 2701 2695 2902 2908 2909 2903 2779 2761 8494 2781 8524 2782 8528 8498 2987 2969 2989 2990 2783 8526 8499 8529 8530 2991 8531 
2882 2695 2701 408 409 2903 2909 451 452 2782 2764 8498 2784 8528 416 8532 8502 2990 2972 2992 459 2785 8530 8503 8533 8534 2993 8535 
2883 378 379 2702 2696 421 422 2910 2904 386 2766 8506 2786 8536 2787 8537 8507 429 2974 2994 2995 2788 8538 8509 8539 8540 2996 8541 
2884 2696 2702 2703 2697 2904 2910 2911 2905 2787 2769 8507 2789 8537 2790 8542 8512 2995 2977 2997 2998 2791 8540 8513 8543 8544 2999 8545 
2885 2697 2703 2704 2698 2905 2911 2912 2906 2790 2772 8512 2792 8542 2793 8546 8516 2998 2980 3000 3001 2794 8544 8517 8547 8548 3002 8549 
2886 2698 2704 2705 2699 2906 2912 2913 2907 2793 2775 8516 2795 8546 2796 8550 8520 3001 2983 3003 3004 2797 8548 8521 8551 8552 3005 8553 
2887 2699 2705 2706 2700 2907 2913 2914 2908 2796 2778 8520 2798 8550 2799 8554 8524 3004 2986 3006 3007 2800 8552 8525 8555 8556 3008 8557 
2888 2700 2706 2707 2701 2908 2914 2915 2909 2799 2781 8524 2801 8554 2802 8558 8528 3007 2989 3009 3010 2803 8556 8529 8559 8560 3011 8561 
2889 2701 2707 407 408 2909 2915 450 451 2802 2784 8528 2804 8558 415 8562 8532 3010 2992 3012 458 2805 8560 8533 8563 8564 3013 8565 
2890 379 380 2708 2702 422 423 2916 2910 387 2786 8536 2806 8566 2807 8567 8537 430 2994 3014 3015 2808 8568 8539 8569 8570 3016 8571 
2891 2702 2708 2709 2703 2910 2916 2917 2911 2807 2789 8537 2809 8567 2810 8572 8542 3015 2997 3017 3018 2811 8570 8543 8573 8574 3019 8575 
2892 2703 2709 2710 2704 2911 2917 2918 2912 2810 2792 8542 2812 8572 2813 8576 8546 3018 3000 3020 3021 2814 8574 8547 8577 8578 3022 8579 
2893 2704 2710 2711 2705 2912 2918 2919 2913 2813 2795 8546 2815 8576 2816 8580 8550 3021 3003 3023 3024 2817 8578 8551 8581 8582 3025 8583 
2894 2705 2711 2712 2706 2913 2919 2920 2914 2816 2798 8550 2818 8580 2819 8584 8554 3024 3006 3026 3027 2820 8582 8555 8585 8586 3028 8587 
2895 2706 2712 2713 2707 2914 2920 2921 2915 2819 2801 8554 2821 8584 2822 8588 8558 3027 3009 3029 3030 2823 8586 8559 8589 8590 3031 8591 
2896 2707 2713 406 407 2915 2921 449 450 2822 2804 8558 2824 8588 414 8592 8562 3030 3012 3032 457 2825 8590 8563 8593 8594 3033 8595 
2897 380 381 2714 2708 423 424 2922 2916 388 2806 8566 2826 8596 2827 8597 8567 431 3014 3034 3035 2828 8598 8569 8599 8600 3036 8601 
2898 2708 2714 2715 2709 2916 2922 2923 2917 2827 2809 8567 2829 8597 2830 8602 8572 3035 3017 3037 3038 2831 8600 8573 8603 8604 3039 8605 
2899 2709 2715 2716 2710 2917 2923 2924 2918 2830 2812 8572 2832 8602 2833 8606 8576 3038 3020 3040 3041 2834 8604 8577 8607 8608 3042 8609 
2900 2710 2716 2717 2711 2918 2924 2925 2919 2833 2815 8576 2835 8606 2836 8610 8580 3041 3023 3043 3044 2837 8608 8581 8611 8612 3045 8613 
2901 2711 2717 2718 2712 2919 2925 2926 2920 2836 2818 8580 2838 8610 2839 8614 8584 3044 3026 3046 3047 2840 8612 8585 8615 8616 3048 8617 
2902 2712 2718 2719 2713 2920 2926 2927 2921 2839 2821 8584 2841 8614 2842 8618 8588 3047 3029 3049 3050 2843 8616 8589 8619 8620 3051 8621 
2903 2713 2719 405 406 2921 2927 448 449 2842 2824 8588 2844 8618 413 8622 8592 3050 3032 3052 456 2845 8620 8593 8623 8624 3053 8625 
2904 381 382 2720 2714 424 425 2928 2922 389 2826 8596 2846 8626 2847 8627 8597 432 3034 3054 3055 2848 8628 8599 8629 8630 3056 8631 
2905 2714 2720 2721 2715 2922 2928 2929 2923 2847 2829 8597 2849 8627 2850 8632 8602 3055 3037 3057 3058 2851 8630 8603 8633 8634 3059 8635 
2906 2715 2721 2722 2716 2923 2929 2930 2924 2850 2832 8602 2852 8632 2853 8636 8606 3058 3040 3060 3061 2854 8634 8607 8637 8638 3062 8639 
2907 2716 2722 2723 2717 2924 2930 2931 2925 2853 2835 8606 2855 8636 2856 8640 8610 3061 3043 3063 3064 2857 8638 8611 8641 8642 3065 8643 
2908 2717 2723 2724 2718 2925 2931 2932 2926 2856 2838 8610 2858 8640 2859 8644 8614 3064 3046 3066 3067 2860 8642 8615 8645 8646 3068 8647 
2909 2718 2724 2725 2719 2926 2932 2933 2927 2859 2841 8614 2861 8644 2862 8648 8618 3067 3049 3069 3070 2863 8646 8619 8649 8650 3071 8651 
2910 2719 2725 404 405 2927 2933 447 448 2862 2844 8618 2864 8648 412 8652 8622 3070 3052 3072 455 2865 8650 8623 8653 8654 3073 8655 
2911 382 19 391 2720 425 21 434 2928 390 2846 8626 397 462 2866 2879 8627 433 3054 440 3074 2867 8656 8629 2880 8657 3075 8658 
2912 2720 391 392 2721 2928 434 435 2929 2866 2849 8627 398 2879 2868 2881 8632 3074 3057 441 3076 2869 8657 8633 2882 8659 3077 8660 
2913 2721 392 393 2722 2929 435 436 2930 2868 2852 8632 399 2881 2870 2883 8636 3076 3060 442 3078 2871 8659 8637 2884 8661 3079 8662 
2914 2722 393 394 2723 2930 436 437 2931 2870 2855 8636 400 2883 2872 2885 8640 3078 3063 443 3080 2873 8661 8641 2886 8663 3081 8664 
2915 2723 394 395 2724 2931 437 438 2932 2872 2858 8640 401 2885 2874 2887 8644 3080 3066 444 3082 2875 8663 8645 2888 8665 3083 8666 
2916 2724 395 396 2725 2932 438 439 2933 2874 2861 8644 402 2887 2876 2889 8648 3082 3069 445 3084 2877 8665 8649 2890 8667 3085 8668 
2917 2725 396 20 404 2933 439 22 447 2876 2864 8648 403 2889 411 463 8652 3084 3072 446 454 2878 8667 8653 2891 8669 3086 8670 
3 6 12 56
2918 15 419 2892 301 17 464 3100 346 426 307 374 2934 8671 2935 8672 2476 471 352 3142 3143 2936 8673 2477 8674 8675 3144 8676 
2919 301 2892 2893 302 346 3100 3101 347 2935 308 2476 2937 8672 2938 8677 2478 3143 353 3145 3146 2939 8675 2479 8678 8679 3147 8680 
2920 302 2893 2894 303 347 3101 3102 348 2938 309 2478 2940 8677 2941 8681 2480 3146 354 3148 3149 2942 8679 2481 8682 8683 3150 8684 
2921 303 2894 2895 304 348 3102 3103 349 2941 310 2480 2943 8681 2944 8685 2482 3149 355 3151 3152 2945 8683 2483 8686 8687 3153 8688 
2922 304 2895 2896 305 349 3103 3104 350 2944 311 2482 2946 8685 2947 8689 2484 3152 356 3154 3155 2948 8687 2485 8690 8691 3156 8692 
2923 305 2896 2897 306 350 3104 3105 351 2947 312 2484 2949 8689 2950 8693 2486 3155 357 3157 3158 2951 8691 2487 8694 8695 3159 8696 
2924 306 2897 453 16 351 3105 498 18 2950 313 2486 2952 8693 461 8697 375 3158 358 3160 506 2953 8695 2488 8698 8699 3161 8700 
2925 419 420 2898 2892 464 465 3106 3100 427 2934 8671 2954 8701 2955 8702 8672 472 3142 3162 3163 2956 8703 8674 8704 8705 3164 8706 
2926 2892 2898 2899 2893 3100 3106 3107 3101 2955 2937 8672 2957 8702 2958 8707 8677 3163 3145 3165 3166 2959 8705 8678 8708 8709 3167 8710 
2927 2893 2899 2900 2894 3101 3107 3108 3102 2958 2940 8677 2960 8707 2961 8711 8681 3166 3148 3168 3169 2962 8709 8682 8712 8713 3170 8714 
2928 2894 2900 2901 2895 3102 3108 3109 3103 2961 2943 8681 2963 8711 2964 8715 8685 3169 3151 3171 3172 2965 8713 8686 8716 8717 3173 8718 
2929 2895 2901 2902 2896 3103 3109 3110 3104 2964 2946 8685 2966 8715 2967 8719 8689 3172 3154 3174 3175 2968 8717 8690 8720 8721 3176 8722 
2930 2896 2902 2903 2897 3104 3110 3111 3105 2967 2949 8689 2969 8719 2970 8723 8693 3175 3157 3177 3178 2971 8721 8694 8724 8725 3179 8726 
2931 2897 2903 452 453 3105 3111 497 498 2970 2952 8693 2972 8723 460 8727 8697 3178 3160 3180 505 2973 8725 8698 8728 8729 3181 8730 
2932 420 421 2904 2898 465 466 3112 3106 428 2954 8701 2974 8731 2975 8732 8702 473 3162 3182 3183 2976 8733 8704 8734 8735 3184 8736 
2933 2898 2904 2905 2899 3106 3112 3113 3107 2975 2957 8702 2977 8732 2978 8737 8707 3183 3165 3185 3186 2979 8735 8708 8738 8739 3187 8740 
2934 2899 2905 2906 2900 3107 3113 3114 3108 2978 2960 8707 2980 8737 2981 8741 8711 3186 3168 3188 3189 2982 8739 8712 8742 8743 3190 8744 
2935 2900 2906 2907 2901 3108 3114 3115 3109 2981 2963 8711 2983 8741 2984 8745 8715 3189 3171 3191 3192 2985 8743 8716 8746 8747 3193 8748 
2936 2901 2907 2908 2902 3109 3115 3116 3110 2984 2966 8715 2986 8745 2987 8749 8719 3192 3174 3194 3195 2988 8747 8720 8750 8751 3196 8752 
2937 2902 2908 2909 2903 3110 3116 3117 3111 2987 2969 8719 2989 8749 2990 8753 8723 3195 3177 3197 3198 2991 8751 8724 8754 8755 3199 8756 
2938 2903 2909 451 452 3111 3117 496 497 2990 2972 8723 2992 8753 459 8757 8727 3198 3180 3200 504 2993 8755 8728 8758 8759 3201 8760 
2939 421 422 2910 2904 466 467 3118 3112 429 2974 8731 2994 8761 2995 8762 8732 474 3182 3202 3203 2996 8763 8734 8764 8765 3204 8766 
2940 2904 2910 2911 2905 3112 3118 3119 3113 2995 2977 8732 2997 8762 2998 8767 8737 3203 3185 3205 3206 2999 8765 8738 8768 8769 3207 8770 
2941 2905 2911 2912 2906 3113 3119 3120 3114 2998 2980 8737 3000 8767 3001 8771 8741 3206 3188 3208 3209 3002 8769 8742 8772 8773 3210 8774 
2942 2906 2912 2913 2907 3114 3120 3121 3115 3001 2983 8741 3003 8771 3004 8775 8745 3209 3191 3211 3212 3005 8773 8746 8776 8777 3213 8778 
2943 2907 2913 2914 2908 3115 3121 3122 3116 3004 2986 8745 3006 8775 3007 8779 8749 3212 3194 3214 3215 3008 8777 8750 8780 8781 3216 8782 
2944 2908 2914 2915 2909 3116 3122 3123 3117 3007 2989 8749 3009 8779 3010 8783 8753 3215 3197 3217 3218 3011 8781 8754 8784 8785 3219 8786 
2945 2909 2915 450 451 3117 3123 495 496 3010 2992 8753 3012 8783 458 8787 8757 3218 3200 3220 503 3013 8785 8758 8788 8789 3221 8790 
2946 422 423 2916 2910 467 468 3124 3118 430 2994 8761 3014 8791 3015 8792 8762 475 3202 3222 3223 3016 8793 8764 8794 8795 3224 8796 
2947 2910 2916 2917 2911 3118 3124 3125 3119 3015 2997 8762 3017 8792 3018 8797 8767 3223 3205 3225 3226 3019 8795 8768 8798 8799 3227 8800 
2948 2911 2917 2918 2912 3119 3125 3126 3120 3018 3000 8767 3020 8797 3021 8801 8771 3226 3208 3228 3229 3022 8799 8772 8802 8803 3230 8804 
2949 2912 2918 2919 2913 3120 3126 3127 3121 3021 3003 8771 3023 8801 3024 8805 8775 3229 3211 3231 3232 3025 8803 8776 8806 8807 3233 8808 
2950 2913 2919 2920 2914 3121 3127 3128 3122 3024 3006 8775 3026 8805 3027 8809 8779 3232 3214 3234 3235 3028 8807 8780 8810 8811 3236 8812 
2951 2914 2920 2921 2915 3122 3128 3129 3123 3027 3009 8779 3029 8809 3030 8813 8783 3235 3217 3237 3238 3031 8811 8784 8814 8815 3239 8816 
2952 2915 2921 449 450 3123 3129 494 495 3030 3012 8783 3032 8813 457 8817 8787 3238 3220 3240 502 3033 8815 8788 8818 8819 3241 8820 
2953 423 424 2922 2916 468 469 3130 3124 431 3014 8791 3034 8821 3035 8822 8792 476 3222 3242 3243 3036 8823 8794 8824 8825 3244 8826 
2954 2916 2922 2923 2917 3124 3130 3131 3125 3035 3017 8792 3037 8822 3038 8827 8797 3243 3225 3245 3246 3039 8825 8798 8828 8829 3247 8830 
2955 2917 2923 2924 2918 3125 3131 3132 3126 3038 3020 8797 3040 8827 3041 8831 8801 3246 3228 3248 3249 3042 8829 8802 8832 8833 3250 8834 
2956 2918 2924 2925 2919 3126 3132 3133 3127 3041 3023 8801 3043 8831 3044 8835 8805 3249 3231 3251 3252 3045 8833 8806 8836 8837 3253 8838 
2957 2919 2925 2926 2920 3127 3133 3134 3128 3044 3026 8805 3046 8835 3047 8839 8809 3252 3234 3254 3255 3048 8837 8810 8840 8841 3256 8842 
2958 2920 2926 2927 2921 3128 3134 3135 3129 3047 3029 8809 3049 8839 3050 8843 8813 3255 3237 3257 3258 3051 8841 8814 8844 8845 3259 8846 
2959 2921 2927 448 449 3129 3135 493 494 3050 3032 8813 3052 8843 456 8847 8817 3258 3240 3260 501 3053 8845 8818 8848 8849 3261 8850 
2960 424 425 2928 2922 469 470 3136 3130 432 3034 8821 3054 8851 3055 8852 8822 477 3242 3262 3263 3056 8853 8824 8854 8855 3264 8856 
2961 2922 2928 2929 2923 3130 3136 3137 3131 3055 3037 8822 3057 8852 3058 8857 8827 3263 3245 3265 3266 3059 8855 8828 8858 8859 3267 8860 
2962 2923 2929 2930 2924 3131 3137 3138 3132 3058 3040 8827 3060 8857 3061 8861 8831 3266 3248 3268 3269 3062 8859 8832 8862 8863 3270 8864 
2963 2924 2930 2931 2925 3132 3138 3139 3133 3061 3043 8831 3063 8861 3064 8865 8835 3269 3251 3271 3272 3065 8863 8836 8866 8867 3273 8868 
2964 2925 2931 2932 2926 3133 3139 3140 3134 3064 3046 8835 3066 8865 3067 8869 8839 3272 3254 3274 3275 3068 8867 8840 8870 8871 3276 8872 
2965 2926 2932 2933 2927 3134 3140 3141 3135 3067 3049 8839 3069 8869 3070 8873 8843 3275 3257 3277 3278 3071 8871 8844 8874 8875 3279 8876 
2966 2927 2933 447 448 3135 3141 492 493 3070 3052 8843 3072 8873 455 8877 8847 3278 3260 3280 500 3073 8875 8848 8878 8879 3281 8880 
2967 425 21 434 2928 470 23 479 3136 433 3054 8851 440 507 3074 3087 8852 478 3262 485 3282 3075 8881 8854 3088 8882 3283 8883 
2968 2928 434 435 2929 3136 479 480 3137 3074 3057 8852 441 3087 3076 3089 8857 3282 3265 486 3284 3077 8882 8858 3090 8884 3285 8885 
2969 2929 435 436 2930 3137 480 481 3138 3076 3060 8857 442 3089 3078 3091 8861 3284 3268 487 3286 3079 8884 8862 3092 8886 3287 8887 
2970 2930 436 437 2931 3138 481 482 3139 3078 3063 8861 443 3091 3080 3093 8865 3286 3271 488 3288 3081 8886 8866 3094 8888 3289 8889 
2971 2931 437 438 2932 3139 482 483 3140 3080 3066 8865 444 3093 3082 3095 8869 3288 3274 489 3290 3083 8888 8870 3096 8890 3291 8891 
2972 2932 438 439 2933 3140 483 484 3141 3082 3069 8869 445 3095 3084 3097 8873 3290 3277 490 3292 3085 8890 8874 3098 8892 3293 8893 
2973 2933 439 22 447 3141 484 24 492 3084 3072 8873 446 3097 454 508 8877 3292 3280 491 499 3086 8892 8878 3099 8894 3294 8895 
3 7 12 56
2974 19 509 3295 391 21 552 3503 434 516 397 462 3337 8896 3338 8897 2879 559 440 3545 3546 3339 8898 2880 8899 8900 3547 8901 
2975 391 3295 3296 392 434 3503 3504 435 3338 398 2879 3340 8897 3341 8902 2881 3546 441 3548 3549 3342 8900 2882 8903 8904 3550 8905 
2976 392 3296 3297 393 435 3504 3505 436 3341 399 2881 3343 8902 3344 8906 2883 3549 442 3551 3552 3345 8904 2884 8907 8908 3553 8909 
2977 393 3297 3298 394 436 3505 3506 437 3344 400 2883 3346 8906 3347 8910 2885 3552 443 3554 3555 3348 8908 2886 8911 8912 3556 8913 
2978 394 3298 3299 395 437 3506 3507 438 3347 401 2885 3349 8910 3350 8914 2887 3555 444 3557 3558 3351 8912 2888 8915 8916 3559 8917 
2979 395 3299 3300 396 438 3507 3508 439 3350 402 2887 3352 8914 3353 8918 2889 3558 445 3560 3561 3354 8916 2890 8919 8920 3562 8921 
2980 396 3300 543 20 439 3508 586 22 3353 403 2889 3355 8918 551 8922 463 3561 446 3563 594 3356 8920 2891 8923 8924 3564 8925 
2981 509 510 3301 3295 552 553 3509 3503 517 3337 8896 3357 8926 3358 8927 8897 560 3545 3565 3566 3359 8928 8899 8929 8930 3567 8931 
2982 3295 3301 3302 3296 3503 3509 3510 3504 3358 3340 8897 3360 8927 3361 8932 8902 3566 3548 3568 3569 3362 8930 8903 8933 8934 3570 8935 
2983 3296 3302 3303 3297 3504 3510 3511 3505 3361 3343 8902 3363 8932 3364 8936 8906 3569 3551 3571 3572 3365 8934 8907 8937 8938 3573 8939 
2984 3297 3303 3304 3298 3505 3511 3512 3506 3364 3346 8906 3366 8936 3367 8940 8910 3572 3554 3574 3575 3368 8938 8911 8941 8942 3576 8943 
2985 3298 3304 3305 3299 3506 3512 3513 3507 3367 3349 8910 3369 8940 3370 8944 8914 3575 3557 3577 3578 3371 8942 8915 8945 8946 3579 8947 
2986 3299 3305 3306 3300 3507 3513 3514 3508 3370 3352 8914 3372 8944 3373 8948 8918 3578 3560 3580 3581 3374 8946 8919 8949 8950 3582 8951 
2987 3300 3306 542 543 3508 3514 585 586 3373 3355 8918 3375 8948 550 8952 8922 3581 3563 3583 593 3376 8950 8923 8953 8954 3584 8955 
2988 510 511 3307 3301 553 554 3515 3509 518 3357 8926 3377 8956 3378 8957 8927 561 3565 3585 3586 3379 8958 8929 8959 8960 3587 8961 
2989 3301 3307 3308 3302 3509 3515 3516 3510 3378 3360 8927 3380 8957 3381 8962 8932 3586 3568 3588 3589 3382 8960 8933 8963 8964 3590 8965 
2990 3302 3308 3309 3303 3510 3516 3517 3511 3381 3363 8932 3383 8962 3384 8966 8936 3589 3571 3591 3592 3385 8964 8937 8967 8968 3593 8969 
2991 3303 3309 3310 3304 3511 3517 3518 3512 3384 3366 8936 3386 8966 3387 8970 8940 3592 3574 3594 3595 3388 8968 8941 8971 8972 3596 8973 
2992 3304 3310 3311 3305 3512 3518 3519 3513 3387 3369 8940 3389 8970 3390 8974 8944 3595 3577 3597 3598 3391 8972 8945 8975 8976 3599 8977 
2993 3305 3311 3312 3306 3513 3519 3520 3514 3390 3372 8944 3392 8974 3393 8978 8948 3598 3580 3600 3601 3394 8976 8949 8979 8980 3602 8981 
2994 3306 3312 541 542 3514 3520 584 585 3393 3375 8948 3395 8978 549 8982 8952 3601 3583 3603 592 3396 8980 8953 8983 8984 3604 8985 
2995 511 512 3313 3307 554 555 3521 3515 519 3377 8956 3397 8986 3398 8987 8957 562 3585 3605 3606 3399 8988 8959 8989 8990 3607 8991 
2996 3307 3313 3314 3308 3515 3521 3522 3516 3398 3380 8957 3400 8987 3401 8992 8962 3606 3588 3608 3609 3402 8990 8963 8993 8994 3610 8995 
2997 3308 3314 3315 3309 3516 3522 3523 3517 3401 3383 8962 3403 8992 3404 8996 8966 3609 3591 3611 3612 3405 8994 8967 8997 8998 3613 8999 
2998 3309 3315 3316 3310 3517 3523 3524 3518 3404 3386 8966 3406 8996 3407 9000 8970 3612 3594 3614 3615 3408 8998 8971 9001 9002 3616 9003 
2999 3310 3316 3317 3311 3518 3524 3525 3519 3407 3389 8970 3409 9000 3410 9004 8974 3615 3597 3617 3618 3411 9002 8975 9005 9006 3619 9007 
3000 3311 3317 3318 3312 3519 3525 3526 3520 3410 3392 8974 3412 9004 3413 9008 8978 3618 3600 3620 3621 3414 9006 8979 9009 9010 3622 9011 
3001 3312 3318 540 541 3520 3526 583 584 3413 3395 8978 3415 9008 548 9012 8982 3621 3603 3623 591 3416 9010 8983 9013 9014 3624 9015 
3002 512 513 3319 3313 555 556 3527 3521 520 3397 8986 3417 9016 3418 9017 8987 563 3605 3625 3626 3419 9018 8989 9019 9020 3627 9021 
3003 3313 3319 3320 3314 3521 3527 3528 3522 3418 3400 8987 3420 9017 3421 9022 8992 3626 3608 3628 3629 3422 9020 8993 9023 9024 3630 9025 
3004 3314 3320 3321 3315 3522 3528 3529 3523 3421 3403 8992 3423 9022 3424 9026 8996 3629 3611 3631 3632 3425 9024 8997 9027 9028 3633 9029 
3005 3315 3321 3322 3316 3523 3529 3530 3524 3424 3406 8996 3426 9026 3427 9030 9000 3632 3614 3634 3635 3428 9028 9001 9031 9032 3636 9033 
3006 3316 3322 3323 3317 3524 3530 3531 3525 3427 3409 9000 3429 9030 3430 9034 9004 3635 3617 3637 3638 3431 9032 9005 9035 9036 3639 9037 
3007 3317 3323 3324 3318 3525 3531 3532 3526 3430 3412 9004 3432 9034 3433 9038 9008 3638 3620 3640 3641 3434 9036 9009 9039 9040 3642 9041 
3008 3318 3324 539 540 3526 3532 582 583 3433 3415 9008 3435 9038 547 9042 9012 3641 3623 3643 590 3436 9040 9013 9043 9044 3644 9045 
3009 513 514 3325 3319 556 557 3533 3527 521 3417 9016 3437 9046 3438 9047 9017 564 3625 3645 3646 3439 9048 9019 9049 9050 3647 9051 
3010 3319 3325 3326 3320 3527 3533 3534 3528 3438 3420 9017 3440 9047 3441 9052 9022 3646 3628 3648 3649 3442 9050 9023 9053 9054 3650 9055 
3011 3320 3326 3327 3321 3528 3534 3535 3529 3441 3423 9022 3443 9052 3444 9056 9026 3649 3631 3651 3652 3445 9054 9027 9057 9058 3653 9059 
3012 3321 3327 3328 3322 3529 3535 3536 3530 3444 3426 9026 3446 9056 3447 9060 9030 3652 3634 3654 3655 3448 9058 9031 9061 9062 3656 9063 
3013 3322 3328 3329 3323 3530 3536 3537 3531 3447 3429 9030 3449 9060 3450 9064 9034 3655 3637 3657 3658 3451 9062 9035 9065 9066 3659 9067 
3014 3323 3329 3330 3324 3531 3537 3538 3532 3450 3432 9034 3452 9064 3453 9068 9038 3658 3640 3660 3661 3454 9066 9039 9069 9070 3662 9071 
3015 3324 3330 538 539 3532 3538 581 582 3453 3435 9038 3455 9068 546 9072 9042 3661 3643 3663 589 3456 9070 9043 9073 9074 3664 9075 
3016 514 515 3331 3325 557 558 3539 3533 522 3437 9046 3457 9076 3458 9077 9047 565 3645 3665 3666 3459 9078 9049 9079 9080 3667 9081 
3017 3325 3331 3332 3326 3533 3539 3540 3534 3458 3440 9047 3460 9077 3461 9082 9052 3666 3648 3668 3669 3462 9080 9053 9083 9084 3670 9085 
3018 3326 3332 3333 3327 3534 3540 3541 3535 3461 3443 9052 3463 9082 3464 9086 9056 3669 3651 3671 3672 3465 9084 9057 9087 9088 3673 9089 
3019 3327 3333 3334 3328 3535 3541 3542 3536 3464 3446 9056 3466 9086 3467 9090 9060 3672 3654 3674 3675 3468 9088 9061 9091 9092 3676 9093 
3020 3328 3334 3335 3329 3536 3542 3543 3537 3467 3449 9060 3469 9090 3470 9094 9064 3675 3657 3677 3678 3471 9092 9065 9095 9096 3679 9097 
3021 3329 3335 3336 3330 3537 3543 3544 3538 3470 3452 9064 3472 9094 3473 9098 9068 3678 3660 3680 3681 3474 9096 9069 9099 9100 3682 9101 
3022 3330 3336 537 538 3538 3544 580 581 3473 3455 9068 3475 9098 545 9102 9072 3681 3663 3683 588 3476 9100 9073 9103 9104 3684 9105 
3023 515 25 524 3331 558 27 567 3539 523 3457 9076 530 595 3477 3490 9077 566 3665 573 3685 3478 9106 9079 3491 9107 3686 9108 
3024 3331 524 525 3332 3539 567 568 3540 3477 3460 9077 531 3490 3479 3492 9082 3685 3668 574 3687 3480 9107 9083 3493 9109 3688 9110 
3025 3332 525 526 3333 3540 568 569 3541 3479 3463 9082 532 3492 3481 3494 9086 3687 3671 575 3689 3482 9109 9087 3495 9111 3690 9112 
3026 3333 526 527 3334 3541 569 570 3542 3481 3466 9086 533 3494 3483 3496 9090 3689 3674 576 3691 3484 9111 9091 3497 9113 3692 9114 
3027 3334 527 528 3335 3542 570 571 3543 3483 3469 9090 534 3496 3485 3498 9094 3691 3677 577 3693 3486 9113 9095 3499 9115 3694 9116 
3028 3335 528 529 3336 3543 571 572 3544 3485 3472 9094 535 3498 3487 3500 9098 3693 3680 578 3695 3488 9115 9099 3501 9117 3696 9118 
3029 3336 529 26 537 3544 572 28 580 3487 3475 9098 536 3500 544 596 9102 3695 3683 579 587 3489 9117 9103 3502 9119 3697 9120 
3 8 12 56
3030 21 552 3503 434 23 597 3711 479 559 440 507 3545 9121 3546 9122 3087 604 485 3753 3754 3547 9123 3088 9124 9125 3755 9126 
3031 434 3503 3504 435 479 3711 3712 480 3546 441 3087 3548 9122 3549 9127 3089 3754 486 3756 3757 3550 9125 3090 9128 9129 3758 9130 
3032 435 3504 3505 436 480 3712 3713 481 3549 442 3089 3551 9127 3552 9131 3091 3757 487 3759 3760 3553 9129 3092 9132 9133 3761 9134 
3033 436 3505 3506 437 481 3713 3714 482 3552 443 3091 3554 9131 3555 9135 3093 3760 488 3762 3763 3556 9133 3094 9136 9137 3764 9138 
3034 437 3506 3507 438 482 3714 3715 483 3555 444 3093 3557 9135 3558 9139 3095 3763 489 3765 3766 3559 9137 3096 9140 9141 3767 9142 
3035 438 3507 3508 439 483 3715 3716 484 3558 445 3095 3560 9139 3561 9143 3097 3766 490 3768 3769 3562 9141 3098 9144 9145 3770 9146 
3036 439 3508 586 22 484 3716 631 24 3561 446 3097 3563 9143 594 9147 508 3769 491 3771 639 3564 9145 3099 9148 9149 3772 9150 
3037 552 553 3509 3503 597 598 3717 3711 560 3545 9121 3565 9151 3566 9152 9122 605 3753 3773 3774 3567 9153 9124 9154 9155 3775 9156 
3038 3503 3509 3510 3504 3711 3717 3718 3712 3566 3548 9122 3568 9152 3569 9157 9127 3774 3756 3776 3777 3570 9155 9128 9158 9159 3778 9160 
3039 3504 3510 3511 3505 3712 3718 3719 3713 3569 3551 9127 3571 9157 3572 9161 9131 3777 3759 3779 3780 3573 9159 9132 9162 9163 3781 9164 
3040 3505 3511 3512 3506 3713 3719 3720 3714 3572 3554 9131 3574 9161 3575 9165 9135 3780 3762 3782 3783 3576 9163 9136 9166 9167 3784 9168 
3041 3506 3512 3513 3507 3714 3720 3721 3715 3575 3557 9135 3577 9165 3578 9169 9139 3783 3765 3785 3786 3579 9167 9140 9170 9171 3787 9172 
3042 3507 3513 3514 3508 3715 3721 3722 3716 3578 3560 9139 3580 9169 3581 9173 9143 3786 3768 3788 3789 3582 9171 9144 9174 9175 3790 9176 
3043 3508 3514 585 586 3716 3722 630 631 3581 3563 9143 3583 9173 593 9177 9147 3789 3771 3791 638 3584 9175 9148 9178 9179 3792 9180 
3044 553 554 3515 3509 598 599 3723 3717 561 3565 9151 3585 9181 3586 9182 9152 606 3773 3793 3794 3587 9183 9154 9184 9185 3795 9186 
3045 3509 3515 3516 3510 3717 3723 3724 3718 3586 3568 9152 3588 9182 3589 9187 9157 3794 3776 3796 3797 3590 9185 9158 9188 9189 3798 9190 
3046 3510 3516 3517 3511 3718 3724 3725 3719 3589 3571 9157 3591 9187 3592 9191 9161 3797 3779 3799 3800 3593 9189 9162 9192 9193 3801 9194 
3047 3511 3517 3518 3512 3719 3725 3726 3720 3592 3574 9161 3594 9191 3595 9195 9165 3800 3782 3802 3803 3596 9193 9166 9196 9197 3804 9198 
3048 3512 3518 3519 3513 3720 3726 3727 3721 3595 3577 9165 3597 9195 3598 9199 9169 3803 3785 3805 3806 3599 9197 9170 9200 9201 3807 9202 
3049 3513 3519 3520 3514 3721 3727 3728 3722 3598 3580 9169 3600 9199 3601 9203 9173 3806 3788 3808 3809 3602 9201 9174 9204 9205 3810 9206 
3050 3514 3520 584 585 3722 3728 629 630 3601 3583 9173 3603 9203 592 9207 9177 3809 3791 3811 637 3604 9205 9178 9208 9209 3812 9210 
3051 554 555 3521 3515 599 600 3729 3723 562 3585 9181 3605 9211 3606 9212 9182 607 3793 3813 3814 3607 9213 9184 9214 9215 3815 9216 
3052 3515 3521 3522 3516 3723 3729 3730 3724 3606 3588 9182 3608 9212 3609 9217 9187 3814 3796 3816 3817 3610 9215 9188 9218 9219 3818 9220 
3053 3516 3522 3523 3517 3724 3730 3731 3725 3609 3591 9187 3611 9217 3612 9221 9191 3817 3799 3819 3820 3613 9219 9192 9222 9223 3821 9224 
3054 3517 3523 3524 3518 3725 3731 3732 3726 3612 3594 9191 3614 9221 3615 9225 9195 3820 3802 3822 3823 3616 9223 9196 9226 9227 3824 9228 
3055 3518 3524 3525 3519 3726 3732 3733 3727 3615 3597 9195 3617 9225 3618 9229 9199 3823 3805 3825 3826 3619 9227 9200 9230 9231 3827 9232 
3056 3519 3525 3526 3520 3727 3733 3734 3728 3618 3600 9199 3620 9229 3621 9233 9203 3826 3808 3828 3829 3622 9231 9204 9234 9235 3830 9236 
3057 3520 3526 583 584 3728 3734 628 629 3621 3603 9203 3623 9233 591 9237 9207 3829 3811 3831 636 3624 9235 9208 9238 9239 3832 9240 
3058 555 556 3527 3521 600 601 3735 3729 563 3605 9211 3625 9241 3626 9242 9212 608 3813 3833 3834 3627 9243 9214 9244 9245 3835 9246 
3059 3521 3527 3528 3522 3729 3735 3736 3730 3626 3608 9212 3628 9242 3629 9247 9217 3834 3816 3836 3837 3630 9245 9218 9248 9249 3838 9250 
3060 3522 3528 3529 3523 3730 3736 3737 3731 3629 3611 9217 3631 9247 3632 9251 9221 3837 3819 3839 3840 3633 9249 9222 9252 9253 3841 9254 
3061 3523 3529 3530 3524 3731 3737 3738 3732 3632 3614 9221 3634 9251 3635 9255 9225 3840 3822 3842 3843 3636 9253 9226 9256 9257 3844 9258 
3062 3524 3530 3531 3525 3732 3738 3739 3733 3635 3617 9225 3637 9255 3638 9259 9229 3843 3825 3845 3846 3639 9257 9230 9260 9261 3847 9262 
3063 3525 3531 3532 3526 3733 3739 3740 3734 3638 3620 9229 3640 9259 3641 9263 9233 3846 3828 3848 3849 3642 9261 9234 9264 9265 3850 9266 
3064 3526 3532 582 583 3734 3740 627 628 3641 3623 9233 3643 9263 590 9267 9237 3849 3831 3851 635 3644 9265 9238 9268 9269 3852 9270 
3065 556 557 3533 3527 601 602 3741 3735 564 3625 9241 3645 9271 3646 9272 9242 609 3833 3853 3854 3647 9273 9244 9274 9275 3855 9276 
3066 3527 3533 3534 3528 3735 3741 3742 3736 3646 3628 9242 3648 9272 3649 9277 9247 3854 3836 3856 3857 3650 9275 9248 9278 9279 3858 9280 
3067 3528 3534 3535 3529 3736 3742 3743 3737 3649 3631 9247 3651 9277 3652 9281 9251 3857 3839 3859 3860 3653 9279 9252 9282 9283 3861 9284 
3068 3529 3535 3536 3530 3737 3743 3744 3738 3652 3634 9251 3654 9281 3655 9285 9255 3860 3842 3862 3863 3656 9283 9256 9286 9287 3864 9288 
3069 3530 3536 3537 3531 3738 3744 3745 3739 3655 3637 9255 3657 9285 3658 9289 9259 3863 3845 3865 3866 3659 9287 9260 9290 9291 3867 9292 
3070 3531 3537 3538 3532 3739 3745 3746 3740 3658 3640 9259 3660 9289 3661 9293 9263 3866 3848 3868 3869 3662 9291 9264 9294 9295 3870 9296 
3071 3532 3538 581 582 3740 3746 626 627 3661 3643 9263 3663 9293 589 9297 9267 3869 3851 3871 634 3664 9295 9268 9298 9299 3872 9300 
3072 557 558 3539 3533 602 603 3747 3741 565 3645 9271 3665 9301 3666 9302 9272 610 3853 3873 3874 3667 9303 9274 9304 9305 3875 9306 
3073 3533 3539 3540 3534 3741 3747 3748 3742 3666 3648 9272 3668 9302 3669 9307 9277 3874 3856 3876 3877 3670 9305 9278 9308 9309 3878 9310 
3074 3534 3540 3541 3535 3742 3748 3749 3743 3669 3651 9277 3671 9307 3672 9311 9281 3877 3859 3879 3880 3673 9309 9282 9312 9313 3881 9314 
3075 3535 3541 3542 3536 3743 3749 3750 3744 3672 3654 9281 3674 9311 3675 9315 9285 3880 3862 3882 3883 3676 9313 9286 9316 9317 3884 9318 
3076 3536 3542 3543 3537 3744 3750 3751 3745 3675 3657 9285 3677 9315 3678 9319 9289 3883 3865 3885 3886 3679 9317 9290 9320 9321 3887 9322 
3077 3537 3543 3544 3538 3745 3751 3752 3746 3678 3660 9289 3680 9319 3681 9323 9293 3886 3868 3888 3889 3682 9321 9294 9324 9325 3890 9326 
3078 3538 3544 580 581 3746 3752 625 626 3681 3663 9293 3683 9323 588 9327 9297 3889 3871 3891 633 3684 9325 9298 9328 9329 3892 9330 
3079 558 27 567 3539 603 29 612 3747 566 3665 9301 573 640 3685 3698 9302 611 3873 618 3893 3686 9331 9304 3699 9332 3894 9333 
3080 3539 567 568 3540 3747 612 613 3748 3685 3668 9302 574 3698 3687 3700 9307 3893 3876 619 3895 3688 9332 9308 3701 9334 3896 9335 
3081 3540 568 569 3541 3748 613 614 3749 3687 3671 9307 575 3700 3689 3702 9311 3895 3879 620 3897 3690 9334 9312 3703 9336 3898 9337 
3082 3541 569 570 3542 3749 614 615 3750 3689 3674 9311 576 3702 3691 3704 9315 3897 3882 621 3899 3692 9336 9316 3705 9338 3900 9339 
3083 3542 570 571 3543 3750 615 616 3751 3691 3677 9315 577 3704 3693 3706 9319 3899 3885 622 3901 3694 9338 9320 3707 9340 3902 9341 
3084 3543 571 572 3544 3751 616 617 3752 3693 3680 9319 578 3706 3695 3708 9323 3901 3888 623 3903 3696 9340 9324 3709 9342 3904 9343 
3085 3544 572 28 580 3752 617 30 625 3695 3683 9323 579 3708 587 641 9327 3903 3891 624 632 3697 9342 9328 3710 9344 3905 9345 
3 9 12 56
3086 25 642 3906 524 27 685 4114 567 649 530 595 3948 9346 3949 9347 3490 692 573 4156 4157 3950 9348 3491 9349 9350 4158 9351 
3087 524 3906 3907 525 567 4114 4115 568 3949 531 3490 3951 9347 3952 9352 3492 4157 574 4159 4160 3953 9350 3493 9353 9354 4161 9355 
3088 525 3907 3908 526 568 4115 4116 569 3952 532 3492 3954 9352 3955 9356 3494 4160 575 4162 4163 3956 9354 3495 9357 9358 4164 9359 
3089 526 3908 3909 527 569 4116 4117 570 3955 533 3494 3957 9356 3958 9360 3496 4163 576 4165 4166 3959 9358 3497 9361 9362 4167 9363 
3090 527 3909 3910 528 570 4117 4118 571 3958 534 3496 3960 9360 3961 9364 3498 4166 577 4168 4169 3962 9362 3499 9365 9366 4170 9367 
3091 528 3910 3911 529 571 4118 4119 572 3961 535 3498 3963 9364 3964 9368 3500 4169 578 4171 4172 3965 9366 3501 9369 9370 4173 9371 
3092 529 3911 676 26 572 4119 719 28 3964 536 3500 3966 9368 684 9372 596 4172 579 4174 727 3967 9370 3502 9373 9374 4175 9375 
3093 642 643 3912 3906 685 686 4120 4114 650 3948 9346 3968 9376 3969 9377 9347 693 4156 4176 4177 3970 9378 9349 9379 9380 4178 9381 
3094 3906 3912 3913 3907 4114 4120 4121 4115 3969 3951 9347 3971 9377 3972 9382 9352 4177 4159 4179 4180 3973 9380 9353 9383 9384 4181 9385 
3095 3907 3913 3914 3908 4115 4121 4122 4116 3972 3954 9352 3974 9382 3975 9386 9356 4180 4162 4182 4183 3976 9384 9357 9387 9388 4184 9389 
3096 3908 3914 3915 3909 4116 4122 4123 4117 3975 3957 9356 3977 9386 3978 9390 9360 4183 4165 4185 4186 3979 9388 9361 9391 9392 4187 9393 
3097 3909 3915 3916 3910 4117 4123 4124 4118 3978 3960 9360 3980 9390 3981 9394 9364 4186 4168 4188 4189 3982 9392 9365 9395 9396 4190 9397 
3098 3910 3916 3917 3911 4118 4124 4125 4119 3981 3963 9364 3983 9394 3984 9398 9368 4189 4171 4191 4192 3985 9396 9369 9399 9400 4193 9401 
3099 3911 3917 675 676 4119 4125 718 719 3984 3966 9368 3986 9398 683 9402 9372 4192 4174 4194 726 3987 9400 9373 9403 9404 4195 9405 
3100 643 644 3918 3912 686 687 4126 4120 651 3968 9376 3988 9406 3989 9407 9377 694 4176 4196 4197 3990 9408 9379 9409 9410 4198 9411 
3101 3912 3918 3919 3913 4120 4126 4127 4121 3989 3971 9377 3991 9407 3992 9412 9382 4197 4179 4199 4200 3993 9410 9383 9413 9414 4201 9415 
3102 3913 3919 3920 3914 4121 4127 4128 4122 3992 3974 9382 3994 9412 3995 9416 9386 4200 4182 4202 4203 3996 9414 9387 9417 9418 4204 9419 
3103 3914 3920 3921 3915 4122 4128 4129 4123 3995 3977 9386 3997 9416 3998 9420 9390 4203 4185 4205 4206 3999 9418 9391 9421 9422 4207 9423 
3104 3915 3921 3922 3916 4123 4129 4130 4124 3998 3980 9390 4000 9420 4001 9424 9394 4206 4188 4208 4209 4002 9422 9395 9425 9426 4210 9427 
3105 3916 3922 3923 3917 4124 4130 4131 4125 4001 3983 9394 4003 9424 4004 9428 9398 4209 4191 4211 4212 4005 9426 9399 9429 9430 4213 9431 
3106 3917 3923 674 675 4125 4131 717 718 4004 3986 9398 4006 9428 682 9432 9402 4212 4194 4214 725 4007 9430 9403 9433 9434 4215 9435 
3107 644 645 3924 3918 687 688 4132 4126 652 3988 9406 4008 9436 4009 9437 9407 695 4196 4216 4217 4010 9438 9409 9439 9440 4218 9441 
3108 3918 3924 3925 3919 4126 4132 4133 4127 4009 3991 9407 4011 9437 4012 9442 9412 4217 4199 4219 4220 4013 9440 9413 9443 9444 4221 9445 
3109 3919 3925 3926 3920 4127 4133 4134 4128 4012 3994 9412 4014 9442 4015 9446 9416 4220 4202 4222 4223 4016 9444 9417 9447 9448 4224 9449 
3110 3920 3926 3927 3921 4128 4134 4135 4129 4015 3997 9416 4017 9446 4018 9450 9420 4223 4205 4225 4226 4019 9448 9421 9451 9452 4227 9453 
3111 3921 3927 3928 3922 4129 4135 4136 4130 4018 4000 9420 4020 9450 4021 9454 9424 4226 4208 4228 4229 4022 9452 9425 9455 9456 4230 9457 
3112 3922 3928 3929 3923 4130 4136 4137 4131 4021 4003 9424 4023 9454 4024 9458 9428 4229 4211 4231 4232 4025 9456 9429 9459 9460 4233 9461 
3113 3923 3929 673 674 4131 4137 716 717 4024 4006 9428 4026 9458 681 9462 9432 4232 4214 4234 724 4027 9460 9433 9463 9464 4235 9465 
3114 645 646 3930 3924 688 689 4138 4132 653 4008 9436 4028 9466 4029 9467 9437 696 4216 4236 4237 4030 9468 9439 9469 9470 4238 9471 
3115 3924 3930 3931 3925 4132 4138 4139 4133 4029 4011 9437 4031 9467 4032 9472 9442 4237 4219 4239 4240 4033 9470 9443 9473 9474 4241 9475 
3116 3925 3931 3932 3926 4133 4139 4140 4134 4032 4014 9442 4034 9472 4035 9476 9446 4240 4222 4242 4243 4036 9474 9447 9477 9478 4244 9479 
3117 3926 3932 3933 3927 4134 4140 4141 4135 4035 4017 9446 4037 9476 4038 9480 9450 4243 4225 4245 4246 4039 9478 9451 9481 9482 4247 9483 
3118 3927 3933 3934 3928 4135 4141 4142 4136 4038 4020 9450 4040 9480 4041 9484 9454 4246 4228 4248 4249 4042 9482 9455 9485 9486 4250 9487 
3119 3928 3934 3935 3929 4136 4142 4143 4137 4041 4023 9454 4043 9484 4044 9488 9458 4249 4231 4251 4252 4045 9486 9459 9489 9490 4253 9491 
3120 3929 3935 672 673 4137 4143 715 716 4044 4026 9458 4046 9488 680 9492 9462 4252 4234 4254 723 4047 9490 9463 9493 9494 4255 9495 
3121 646 647 3936 3930 689 690 4144 4138 654 4028 9466 4048 9496 4049 9497 9467 697 4236 4256 4257 4050 9498 9469 9499 9500 4258 9501 
3122 3930 3936 3937 3931 4138 4144 4145 4139 4049 4031 9467 4051 9497 4052 9502 9472 4257 4239 4259 4260 4053 9500 9473 9503 9504 4261 9505 
3123 3931 3937 3938 3932 4139 4145 4146 4140 4052 4034 9472 4054 9502 4055 9506 9476 4260 4242 4262 4263 4056 9504 9477 9507 9508 4264 9509 
3124 3932 3938 3939 3933 4140 4146 4147 4141 4055 4037 9476 4057 9506 4058 9510 9480 4263 4245 4265 4266 4059 9508 9481 9511 9512 4267 9513 
3125 3933 3939 3940 3934 4141 4147 4148 4142 4058 4040 9480 4060 9510 4061 9514 9484 4266 4248 4268 4269 4062 9512 9485 9515 9516 4270 9517 
3126 3934 3940 3941 3935 4142 4148 4149 4143 4061 4043 9484 4063 9514 4064 9518 9488 4269 4251 4271 4272 4065 9516 9489 9519 9520 4273 9521 
3127 3935 3941 671 672 4143 4149 714 715 4064 4046 9488 4066 9518 679 9522 9492 4272 4254 4274 722 4067 9520 9493 9523 9524 4275 9525 
3128 647 648 3942 3936 690 691 4150 4144 655 4048 9496 4068 9526 4069 9527 9497 698 4256 4276 4277 4070 9528 9499 9529 9530 4278 9531 
3129 3936 3942 3943 3937 4144 4150 4151 4145 4069 4051 9497 4071 9527 4072 9532 9502 4277 4259 4279 4280 4073 9530 9503 9533 9534 4281 9535 
3130 3937 3943 3944 3938 4145 4151 4152 4146 4072 4054 9502 4074 9532 4075 9536 9506 4280 4262 4282 4283 4076 9534 9507 9537 9538 4284 9539 
3131 3938 3944 3945 3939 4146 4152 4153 4147 4075 4057 9506 4077 9536 4078 9540 9510 4283 4265 4285 4286 4079 9538 9511 9541 9542 4287 9543 
3132 3939 3945 3946 3940 4147 4153 4154 4148 4078 4060 9510 4080 9540 4081 9544 9514 4286 4268 4288 4289 4082 9542 9515 9545 9546 4290 9547 
3133 3940 3946 3947 3941 4148 4154 4155 4149 4081 4063 9514 4083 9544 4084 9548 9518 4289 4271 4291 4292 4085 9546 9519 9549 9550 4293 9551 
3134 3941 3947 670 671 4149 4155 713 714 4084 4066 9518 4086 9548 678 9552 9522 4292 4274 4294 721 4087 9550 9523 9553 9554 4295 9555 
3135 648 31 657 3942 691 33 700 4150 656 4068 9526 663 728 4088 4101 9527 699 4276 706 4296 4089 9556 9529 4102 9557 4297 9558 
3136 3942 657 658 3943 4150 700 701 4151 4088 4071 9527 664 4101 4090 4103 9532 4296 4279 707 4298 4091 9557 9533 4104 9559 4299 9560 
3137 3943 658 659 3944 4151 701 702 4152 4090 4074 9532 665 4103 4092 4105 9536 4298 4282 708 4300 4093 9559 9537 4106 9561 4301 9562 
3138 3944 659 660 3945 4152 702 703 4153 4092 4077 9536 666 4105 4094 4107 9540 4300 4285 709 4302 4095 9561 9541 4108 9563 4303 9564 
3139 3945 660 661 3946 4153 703 704 4154 4094 4080 9540 667 4107 4096 4109 9544 4302 4288 710 4304 4097 9563 9545 4110 9565 4305 9566 
3140 3946 661 662 3947 4154 704 705 4155 4096 4083 9544 668 4109 4098 4111 9548 4304 4291 711 4306 4099 9565 9549 4112 9567 4307 9568 
3141 3947 662 32 670 4155 705 34 713 4098 4086 9548 669 4111 677 729 9552 4306 4294 712 720 4100 9567 9553 4113 9569 4308 9570 
3 10 12 56
3142 27 685 4114 567 29 730 4322 612 692 573 640 4156 9571 4157 9572 3698 737 618 4364 4365 4158 9573 3699 9574 9575 4366 9576 
3143 567 4114 4115 568 612 4322 4323 613 4157 574 3698 4159 9572 4160 9577 3700 4365 619 4367 4368 4161 9575 3701 9578 9579 4369 9580 
3144 568 4115 4116 569 613 4323 4324 614 4160 575 3700 4162 9577 4163 9581 3702 4368 620 4370 4371 4164 9579 3703 9582 9583 4372 9584 
3145 569 4116 4117 570 614 4324 4325 615 4163 576 3702 4165 9581 4166 9585 3704 4371 621 4373 4374 4167 9583 3705 9586 9587 4375 9588 
3146 570 4117 4118 571 615 4325 4326 616 4166 577 3704 4168 9585 4169 9589 3706 4374 622 4376 4377 4170 9587 3707 9590 9591 4378 9592 
3147 571 4118 4119 572 616 4326 4327 617 4169 578 3706 4171 9589 4172 9593 3708 4377 623 4379 4380 4173 9591 3709 9594 9595 4381 9596 
3148 572 4119 719 28 617 4327 764 30 4172 579 3708 4174 9593 727 9597 641 4380 624 4382 772 4175 9595 3710 9598 9599 4383 9600 
3149 685 686 4120 4114 730 731 4328 4322 693 4156 9571 4176 9601 4177 9602 9572 738 4364 4384 4385 4178 9603 9574 9604 9605 4386 9606 
3150 4114 4120 4121 4115 4322 4328 4329 4323 4177 4159 9572 4179 9602 4180 9607 9577 4385 4367 4387 4388 4181 9605 9578 9608 9609 4389 9610 
3151 4115 4121 4122 4116 4323 4329 4330 4324 4180 4162 9577 4182 9607 4183 9611 9581 4388 4370 4390 4391 4184 9609 9582 9612 9613 4392 9614 
3152 4116 4122 4123 4117 4324 4330 4331 4325 4183 4165 9581 4185 9611 4186 9615 9585 4391 4373 4393 4394 4187 9613 9586 9616 9617 4395 9618 
3153 4117 4123 4124 4118 4325 4331 4332 4326 4186 4168 9585 4188 9615 4189 9619 9589 4394 4376 4396 4397 4190 9617 9590 9620 9621 4398 9622 
3154 4118 4124 4125 4119 4326 4332 4333 4327 4189 4171 9589 4191 9619 4192 9623 9593 4397 4379 4399 4400 4193 9621 9594 9624 9625 4401 9626 
3155 4119 4125 718 719 4327 4333 763 764 4192 4174 9593 4194 9623 726 9627 9597 4400 4382 4402 771 4195 9625 9598 9628 9629 4403 9630 
3156 686 687 4126 4120 731 732 4334 4328 694 4176 9601 4196 9631 4197 9632 9602 739 4384 4404 4405 4198 9633 9604 9634 9635 4406 9636 
3157 4120 4126 4127 4121 4328 4334 4335 4329 4197 4179 9602 4199 9632 4200 9637 9607 4405 4387 4407 4408 4201 9635 9608 9638 9639 4409 9640 
3158 4121 4127 4128 4122 4329 4335 4336 4330 4200 4182 9607 4202 9637 4203 9641 9611 4408 4390 4410 4411 4204 9639 9612 9642 9643 4412 9644 
3159 4122 4128 4129 4123 4330 4336 4337 4331 4203 4185 9611 4205 9641 4206 9645 9615 4411 4393 4413 4414 4207 9643 9616 9646 9647 4415 9648 
3160 4123 4129 4130 4124 4331 4337 4338 4332 4206 4188 9615 4208 9645 4209 9649 9619 4414 4396 4416 4417 4210 9647 9620 9650 9651 4418 9652 
3161 4124 4130 4131 4125 4332 4338 4339 4333 4209 4191 9619 4211 9649 4212 9653 9623 4417 4399 4419 4420 4213 9651 9624 9654 9655 4421 9656 
3162 4125 4131 717 718 4333 4339 762 763 4212 4194 9623 4214 9653 725 9657 9627 4420 4402 4422 770 4215 9655 9628 9658 9659 4423 9660 
3163 687 688 4132 4126 732 733 4340 4334 695 4196 9631 4216 9661 4217 9662 9632 740 4404 4424 4425 4218 9663 9634 9664 9665 4426 9666 
3164 4126 4132 4133 4127 4334 4340 4341 4335 4217 4199 9632 4219 9662 4220 9667 9637 4425 4407 4427 4428 4221 9665 9638 9668 9669 4429 9670 
3165 4127 4133 4134 4128 4335 4341 4342 4336 4220 4202 9637 4222 9667 4223 9671 9641 4428 4410 4430 4431 4224 9669 9642 9672 9673 4432 9674 
3166 4128 4134 4135 4129 4336 4342 4343 4337 4223 4205 9641 4225 9671 4226 9675 9645 4431 4413 4433 4434 4227 9673 9646 9676 9677 4435 9678 
3167 4129 4135 4136 4130 4337 4343 4344 4338 4226 4208 9645 4228 9675 4229 9679 9649 4434 4416 4436 4437 4230 9677 9650 9680 9681 4438 9682 
3168 4130 4136 4137 4131 4338 4344 4345 4339 4229 4211 9649 4231 9679 4232 9683 9653 4437 4419 4439 4440 4233 9681 9654 9684 9685 4441 9686 
3169 4131 4137 716 717 4339 4345 761 762 4232 4214 9653 4234 9683 724 9687 9657 4440 4422 4442 769 4235 9685 9658 9688 9689 4443 9690 
3170 688 689 4138 4132 733 734 4346 4340 696 4216 9661 4236 9691 4237 9692 9662 741 4424 4444 4445 4238 9693 9664 9694 9695 4446 9696 
3171 4132 4138 4139 4133 4340 4346 4347 4341 4237 4219 9662 4239 9692 4240 9697 9667 4445 4427 4447 4448 4241 9695 9668 9698 9699 4449 9700 
3172 4133 4139 4140 4134 4341 4347 4348 4342 4240 4222 9667 4242 9697 4243 9701 9671 4448 4430 4450 4451 4244 9699 9672 9702 9703 4452 9704 
3173 4134 4140 4141 4135 4342 4348 4349 4343 4243 4225 9671 4245 9701 4246 9705 9675 4451 4433 4453 4454 4247 9703 9676 9706 9707 4455 9708 
3174 4135 4141 4142 4136 4343 4349 4350 4344 4246 4228 9675 4248 9705 4249 9709 9679 4454 4436 4456 4457 4250 9707 9680 9710 9711 4458 9712 
3175 4136 4142 4143 4137 4344 4350 4351 4345 4249 4231 9679 4251 9709 4252 9713 9683 4457 4439 4459 4460 4253 9711 9684 9714 9715 4461 9716 
3176 4137 4143 715 716 4345 4351 760 761 4252 4234 9683 4254 9713 723 9717 9687 4460 4442 4462 768 4255 9715 9688 9718 9719 4463 9720 
3177 689 690 4144 4138 734 735 4352 4346 697 4236 9691 4256 9721 4257 9722 9692 742 4444 4464 4465 4258 9723 9694 9724 9725 4466 9726 
3178 4138 4144 4145 4139 4346 4352 4353 4347 4257 4239 9692 4259 9722 4260 9727 9697 4465 4447 4467 4468 4261 9725 9698 9728 9729 4469 9730 
3179 4139 4145 4146 4140 4347 4353 4354 4348 4260 4242 9697 4262 9727 4263 9731 9701 4468 4450 4470 4471 4264 9729 9702 9732 9733 4472 9734 
3180 4140 4146 4147 4141 4348 4354 4355 4349 4263 4245 9701 4265 9731 4266 9735 9705 4471 4453 4473 4474 4267 9733 9706 9736 9737 4475 9738 
3181 4141 4147 4148 4142 4349 4355 4356 4350 4266 4248 9705 4268 9735 4269 9739 9709 4474 4456 4476 4477 4270 9737 9710 9740 9741 4478 9742 
3182 4142 4148 4149 4143 4350 4356 4357 4351 4269 4251 9709 4271 9739 4272 9743 9713 4477 4459 4479 4480 4273 9741 9714 9744 9745 4481 9746 
3183 4143 4149 714 715 4351 4357 759 760 4272 4254 9713 4274 9743 722 9747 9717 4480 4462 4482 767 4275 9745 9718 9748 9749 4483 9750 
3184 690 691 4150 4144 735 736 4358 4352 698 4256 9721 4276 9751 4277 9752 9722 743 4464 4484 4485 4278 9753 9724 9754 9755 4486 9756 
3185 4144 4150 4151 4145 4352 4358 4359 4353 4277 4259 9722 4279 9752 4280 9757 9727 4485 4467 4487 4488 4281 9755 9728 9758 9759 4489 9760 
3186 4145 4151 4152 4146 4353 4359 4360 4354 4280 4262 9727 4282 9757 4283 9761 9731 4488 4470 4490 4491 4284 9759 9732 9762 9763 4492 9764 
3187 4146 4152 4153 4147 4354 4360 4361 4355 4283 4265 9731 4285 9761 4286 9765 9735 4491 4473 4493 4494 4287 9763 9736 9766 9767 4495 9768 
3188 4147 4153 4154 4148 4355 4361 4362 4356 4286 4268 9735 4288 9765 4289 9769 9739 4494 4476 4496 4497 4290 9767 9740 9770 9771 4498 9772 
3189 4148 4154 4155 4149 4356 4362 4363 4357 4289 4271 9739 4291 9769 4292 9773 9743 4497 4479 4499 4500 4293 9771 9744 9774 9775 4501 9776 
3190 4149 4155 713 714 4357 4363 758 759 4292 4274 9743 4294 9773 721 9777 9747 4500 4482 4502 766 4295 9775 9748 9778 9779 4503 9780 
3191 691 33 700 4150 736 35 745 4358 699 4276 9751 706 773 4296 4309 9752 744 4484 751 4504 4297 9781 9754 4310 9782 4505 9783 
3192 4150 700 701 4151 4358 745 746 4359 4296 4279 9752 707 4309 4298 4311 9757 4504 4487 752 4506 4299 9782 9758 4312 9784 4507 9785 
3193 4151 701 702 4152 4359 746 747 4360 4298 4282 9757 708 4311 4300 4313 9761 4506 4490 753 4508 4301 9784 9762 4314 9786 4509 9787 
3194 4152 702 703 4153 4360 747 748 4361 4300 4285 9761 709 4313 4302 4315 9765 4508 4493 754 4510 4303 9786 9766 4316 9788 4511 9789 
3195 4153 703 704 4154 4361 748 749 4362 4302 4288 9765 710 4315 4304 4317 9769 4510 4496 755 4512 4305 9788 9770 4318 9790 4513 9791 
3196 4154 704 705 4155 4362 749 750 4363 4304 4291 9769 711 4317 4306 4319 9773 4512 4499 756 4514 4307 9790 9774 4320 9792 4515 9793 
3197 4155 705 34 713 4363 750 36 758 4306 4294 9773 712 4319 720 774 9777 4514 4502 757 765 4308 9792 9778 4321 9794 4516 9795 
3 11 12 56
3198 31 775 4517 657 33 818 4725 700 782 663 728 4559 9796 4560 9797 4101 825 706 4767 4768 4561 9798 4102 9799 9800 4769 9801 
3199 657 4517 4518 658 700 4725 4726 701 4560 664 4101 4562 9797 4563 9802 4103 4768 707 4770 4771 4564 9800 4104 9803 9804 4772 9805 
3200 658 4518 4519 659 701 4726 4727 702 4563 665 4103 4565 9802 4566 9806 4105 4771 708 4773 4774 4567 9804 4106 9807 9808 4775 9809 
3201 659 4519 4520 660 702 4727 4728 703 4566 666 4105 4568 9806 4569 9810 4107 4774 709 4776 4777 4570 9808 4108 9811 9812 4778 9813 
3202 660 4520 4521 661 703 4728 4729 704 4569 667 4107 4571 9810 4572 9814 4109 4777 710 4779 4780 4573 9812 4110 9815 9816 4781 9817 
3203 661 4521 4522 662 704 4729 4730 705 4572 668 4109 4574 9814 4575 9818 4111 4780 711 4782 4783 4576 9816 4112 9819 9820 4784 9821 
3204 662 4522 809 32 705 4730 852 34 4575 669 4111 4577 9818 817 9822 729 4783 712 4785 860 4578 9820 4113 9823 9824 4786 9825 
3205 775 776 4523 4517 818 819 4731 4725 783 4559 9796 4579 9826 4580 9827 9797 826 4767 4787 4788 4581 9828 9799 9829 9830 4789 9831 
3206 4517 4523 4524 4518 4725 4731 4732 4726 4580 4562 9797 4582 9827 4583 9832 9802 4788 4770 4790 4791 4584 9830 9803 9833 9834 4792 9835 
3207 4518 4524 4525 4519 4726 4732 4733 4727 4583 4565 9802 4585 9832 4586 9836 9806 4791 4773 4793 4794 4587 9834 9807 9837 9838 4795 9839 
3208 4519 4525 4526 4520 4727 4733 4734 4728 4586 4568 9806 4588 9836 4589 9840 9810 4794 4776 4796 4797 4590 9838 9811 9841 9842 4798 9843 
3209 4520 4526 4527 4521 4728 4734 4735 4729 4589 4571 9810 4591 9840 4592 9844 9814 4797 4779 4799 4800 4593 9842 9815 9845 9846 4801 9847 
3210 4521 4527 4528 4522 4729 4735 4736 4730 4592 4574 9814 4594 9844 4595 9848 9818 4800 4782 4802 4803 4596 9846 9819 9849 9850 4804 9851 
3211 4522 4528 808 809 4730 4736 851 852 4595 4577 9818 4597 9848 816 9852 9822 4803 4785 4805 859 4598 9850 9823 9853 9854 4806 9855 
3212 776 777 4529 4523 819 820 4737 4731 784 4579 9826 4599 9856 4600 9857 9827 827 4787 4807 4808 4601 9858 9829 9859 9860 4809 9861 
3213 4523 4529 4530 4524 4731 4737 4738 4732 4600 4582 9827 4602 9857 4603 9862 9832 4808 4790 4810 4811 4604 9860 9833 9863 9864 4812 9865 
3214 4524 4530 4531 4525 4732 4738 4739 4733 4603 4585 9832 4605 9862 4606 9866 9836 4811 4793 4813 4814 4607 9864 9837 9867 9868 4815 9869 
3215 4525 4531 4532 4526 4733 4739 4740 4734 4606 4588 9836 4608 9866 4609 9870 9840 4814 4796 4816 4817 4610 9868 9841 9871 9872 4818 9873 
3216 4526 4532 4533 4527 4734 4740 4741 4735 4609 4591 9840 4611 9870 4612 9874 9844 4817 4799 4819 4820 4613 9872 9845 9875 9876 4821 9877 
3217 4527 4533 4534 4528 4735 4741 4742 4736 4612 4594 9844 4614 9874 4615 9878 9848 4820 4802 4822 4823 4616 9876 9849 9879 9880 4824 9881 
3218 4528 4534 807 808 4736 4742 850 851 4615 4597 9848 4617 9878 815 9882 9852 4823 4805 4825 858 4618 9880 9853 9883 9884 4826 9885 
3219 777 778 4535 4529 820 821 4743 4737 785 4599 9856 4619 9886 4620 9887 9857 828 4807 4827 4828 4621 9888 9859 9889 9890 4829 9891 
3220 4529 4535 4536 4530 4737 4743 4744 4738 4620 4602 9857 4622 9887 4623 9892 9862 4828 4810 4830 4831 4624 9890 9863 9893 9894 4832 9895 
3221 4530 4536 4537 4531 4738 4744 4745 4739 4623 4605 9862 4625 9892 4626 9896 9866 4831 4813 4833 4834 4627 9894 9867 9897 9898 4835 9899 
3222 4531 4537 4538 4532 4739 4745 4746 4740 4626 4608 9866 4628 9896 4629 9900 9870 4834 4816 4836 4837 4630 9898 9871 9901 9902 4838 9903 
3223 4532 4538 4539 4533 4740 4746 4747 4741 4629 4611 9870 4631 9900 4632 9904 9874 4837 4819 4839 4840 4633 9902 9875 9905 9906 4841 9907 
3224 4533 4539 4540 4534 4741 4747 4748 4742 4632 4614 9874 4634 9904 4635 9908 9878 4840 4822 4842 4843 4636 9906 9879 9909 9910 4844 9911 
3225 4534 4540 806 807 4742 4748 849 850 4635 4617 9878 4637 9908 814 9912 9882 4843 4825 4845 857 4638 9910 9883 9913 9914 4846 9915 
3226 778 779 4541 4535 821 822 4749 4743 786 4619 9886 4639 9916 4640 9917 9887 829 4827 4847 4848 4641 9918 9889 9919 9920 4849 9921 
3227 4535 4541 4542 4536 4743 4749 4750 4744 4640 4622 9887 4642 9917 4643 9922 9892 4848 4830 4850 4851 4644 9920 9893 9923 9924 4852 9925 
3228 4536 4542 4543 4537 4744 4750 4751 4745 4643 4625 9892 4645 9922 4646 9926 9896 4851 4833 4853 4854 4647 9924 9897 9927 9928 4855 9929 
3229 4537 4543 4544 4538 4745 4751 4752 4746 4646 4628 9896 4648 9926 4649 9930 9900 4854 4836 4856 4857 4650 9928 9901 9931 9932 4858 9933 
3230 4538 4544 4545 4539 4746 4752 4753 4747 4649 4631 9900 4651 9930 4652 9934 9904 4857 4839 4859 4860 4653 9932 9905 9935 9936 4861 9937 
3231 4539 4545 4546 4540 4747 4753 4754 4748 4652 4634 9904 4654 9934 4655 9938 9908 4860 4842 4862 4863 4656 9936 9909 9939 9940 4864 9941 
3232 4540 4546 805 806 4748 4754 848 849 4655 4637 9908 4657 9938 813 9942 9912 4863 4845 4865 856 4658 9940 9913 9943 9944 4866 9945 
3233 779 780 4547 4541 822 823 4755 4749 787 4639 9916 4659 9946 4660 9947 9917 830 4847 4867 4868 4661 9948 9919 9949 9950 4869 9951 
3234 4541 4547 4548 4542 4749 4755 4756 4750 4660 4642 9917 4662 9947 4663 9952 9922 4868 4850 4870 4871 4664 9950 9923 9953 9954 4872 9955 
3235 4542 4548 4549 4543 4750 4756 4757 4751 4663 4645 9922 4665 9952 4666 9956 9926 4871 4853 4873 4874 4667 9954 9927 9957 9958 4875 9959 
3236 4543 4549 4550 4544 4751 4757 4758 4752 4666 4648 9926 4668 9956 4669 9960 9930 4874 4856 4876 4877 4670 9958 9931 9961 9962 4878 9963 
3237 4544 4550 4551 4545 4752 4758 4759 4753 4669 4651 9930 4671 9960 4672 9964 9934 4877 4859 4879 4880 4673 9962 9935 9965 9966 4881 9967 
3238 4545 4551 4552 4546 4753 4759 4760 4754 4672 4654 9934 4674 9964 4675 9968 9938 4880 4862 4882 4883 4676 9966 9939 9969 9970 4884 9971 
3239 4546 4552 804 805 4754 4760 847 848 4675 4657 9938 4677 9968 812 9972 9942 4883 4865 4885 855 4678 9970 9943 9973 9974 4886 9975 
3240 780 781 4553 4547 823 824 4761 4755 788 4659 9946 4679 9976 4680 9977 9947 831 4867 4887 4888 4681 9978 9949 9979 9980 4889 9981 
3241 4547 4553 4554 4548 4755 4761 4762 4756 4680 4662 9947 4682 9977 4683 9982 9952 4888 4870 4890 4891 4684 9980 9953 9983 9984 4892 9985 
3242 4548 4554 4555 4549 4756 4762 4763 4757 4683 4665 9952 4685 9982 4686 9986 9956 4891 4873 4893 4894 4687 9984 9957 9987 9988 4895 9989 
3243 4549 4555 4556 4550 4757 4763 4764 4758 4686 4668 9956 4688 9986 4689 9990 9960 4894 4876 4896 4897 4690 9988 9961 9991 9992 4898 9993 
3244 4550 4556 4557 4551 4758 4764 4765 4759 4689 4671 9960 4691 9990 4692 9994 9964 4897 4879 4899 4900 4693 9992 9965 9995 9996 4901 9997 
3245 4551 4557 4558 4552 4759 4765 4766 4760 4692 4674 9964 4694 9994 4695 9998 9968 4900 4882 4902 4903 4696 9996 9969 9999 10000 4904 10001 
3246 4552 4558 803 804 4760 4766 846 847 4695 4677 9968 4697 9998 811 10002 9972 4903 4885 4905 854 4698 10000 9973 10003 10004 4906 10005 
3247 781 37 790 4553 824 39 833 4761 789 4679 9976 796 861 4699 4712 9977 832 4887 839 4907 4700 10006 9979 4713 10007 4908 10008 
3248 4553 790 791 4554 4761 833 834 4762 4699 4682 9977 797 4712 4701 4714 9982 4907 4890 840 4909 4702 10007 9983 4715 10009 4910 10010 
3249 4554 791 792 4555 4762 834 835 4763 4701 4685 9982 798 4714 4703 4716 9986 4909 4893 841 4911 4704 10009 9987 4717 10011 4912 10012 
3250 4555 792 793 4556 4763 835 836 4764 4703 4688 9986 799 4716 4705 4718 9990 4911 4896 842 4913 4706 10011 9991 4719 10013 4914 10014 
3251 4556 793 794 4557 4764 836 837 4765 4705 4691 9990 800 4718 4707 4720 9994 4913 4899 843 4915 4708 10013 9995 4721 10015 4916 10016 
3252 4557 794 795 4558 4765 837 838 4766 4707 4694 9994 801 4720 4709 4722 9998 4915 4902 844 4917 4710 10015 9999 4723 10017 4918 10018 
3253 4558 795 38 803 4766 838 40 846 4709 4697 9998 802 4722 810 862 10002 4917 4905 845 853 4711 10017 10003 4724 10019 4919 10020 
3 12 12 56
3254 33 818 4725 700 35 863 4933 745 825 706 773 4767 10021 4768 10022 4309 870 751 4975 4976 4769 10023 4310 10024 10025 4977 10026 
3255 700 4725 4726 701 745 4933 4934 746 4768 707 4309 4770 10022 4771 10027 4311 4976 752 4978 4979 4772 10025 4312 10028 10029 4980 10030 
3256 701 4726 4727 702 746 4934 4935 747 4771 708 4311 4773 10027 4774 10031 4313 4979 753 4981 4982 4775 10029 4314 10032 10033 4983 10034 
3257 702 4727 4728 703 747 4935 4936 748 4774 709 4313 4776 10031 4777 10035 4315 4982 754 4984 4985 4778 10033 4316 10036 10037 4986 10038 
3258 703 4728 4729 704 748 4936 4937 749 4777 710 4315 4779 10035 4780 10039 4317 4985 755 4987 4988 4781 10037 4318 10040 10041 4989 10042 
3259 704 4729 4730 705 749 4937 4938 750 4780 711 4317 4782 10039 4783 10043 4319 4988 756 4990 4991 4784 10041 4320 10044 10045 4992 10046 
3260 705 4730 852 34 750 4938 897 36 4783 712 4319 4785 10043 860 10047 774 4991 757 4993 905 4786 10045 4321 10048 10049 4994 10050 
3261 818 819 4731 4725 863 864 4939 4933 826 4767 10021 4787 10051 4788 10052 10022 871 4975 4995 4996 4789 10053 10024 10054 10055 4997 10056 
3262 4725 4731 4732 4726 4933 4939 4940 4934 4788 4770 10022 4790 10052 4791 10057 10027 4996 4978 4998 4999 4792 10055 10028 10058 10059 5000 10060 
3263 4726 4732 4733 4727 4934 4940 4941 4935 4791 4773 10027 4793 10057 4794 10061 10031 4999 4981 5001 5002 4795 10059 10032 10062 10063 5003 10064 
3264 4727 4733 4734 4728 4935 4941 4942 4936 4794 4776 10031 4796 10061 4797 10065 10035 5002 4984 5004 5005 4798 10063 10036 10066 10067 5006 10068 
3265 4728 4734 4735 4729 4936 4942 4943 4937 4797 4779 10035 4799 10065 4800 10069 10039 5005 4987 5007 5008 4801 10067 10040 10070 10071 5009 10072 
3266 4729 4735 4736 4730 4937 4943 4944 4938 4800 4782 10039 4802 10069 4803 10073 10043 5008 4990 5010 5011 4804 10071 10044 10074 10075 5012 10076 
3267 4730 4736 851 852 4938 4944 896 897 4803 4785 10043 4805 10073 859 10077 10047 5011 4993 5013 904 4806 10075 10048 10078 10079 5014 10080 
3268 819 820 4737 4731 864 865 4945 4939 827 4787 10051 4807 10081 4808 10082 10052 872 4995 5015 5016 4809 10083 10054 10084 10085 5017 10086 
3269 4731 4737 4738 4732 4939 4945 4946 4940 4808 4790 10052 4810 10082 4811 10087 10057 5016 4998 5018 5019 4812 10085 10058 10088 10089 5020 10090 
3270 4732 4738 4739 4733 4940 4946 4947 4941 4811 4793 10057 4813 10087 4814 10091 10061 5019 5001 5021 5022 4815 10089 10062 10092 10093 5023 10094 
3271 4733 4739 4740 4734 4941 4947 4948 4942 4814 4796 10061 4816 10091 4817 10095 10065 5022 5004 5024 5025 4818 10093 10066 10096 10097 5026 10098 
3272 4734 4740 4741 4735 4942 4948 4949 4943 4817 4799 10065 4819 10095 4820 10099 10069 5025 5007 5027 5028 4821 10097 10070 10100 10101 5029 10102 
3273 4735 4741 4742 4736 4943 4949 4950 4944 4820 4802 10069 4822 10099 4823 10103 10073 5028 5010 5030 5031 4824 10101 10074 10104 10105 5032 10106 
3274 4736 4742 850 851 4944 4950 895 896 4823 4805 10073 4825 10103 858 10107 10077 5031 5013 5033 903 4826 10105 10078 10108 10109 5034 10110 
3275 820 821 4743 4737 865 866 4951 4945 828 4807 10081 4827 10111 4828 10112 10082 873 5015 5035 5036 4829 10113 10084 10114 10115 5037 10116 
3276 4737 4743 4744 4738 4945 4951 4952 4946 4828 4810 10082 4830 10112 4831 10117 10087 5036 5018 5038 5039 4832 10115 10088 10118 10119 5040 10120 
3277 4738 4744 4745 4739 4946 4952 4953 4947 4831 4813 10087 4833 10117 4834 10121 10091 5039 5021 5041 5042 4835 10119 10092 10122 10123 5043 10124 
3278 4739 4745 4746 4740 4947 4953 4954 4948 4834 4816 10091 4836 10121 4837 10125 10095 5042 5024 5044 5045 4838 10123 10096 10126 10127 5046 10128 
3279 4740 4746 4747 4741 4948 4954 4955 4949 4837 4819 10095 4839 10125 4840 10129 10099 5045 5027 5047 5048 4841 10127 10100 10130 10131 5049 10132 
3280 4741 4747 4748 4742 4949 4955 4956 4950 4840 4822 10099 4842 10129 4843 10133 10103 5048 5030 5050 5051 4844 10131 10104 10134 10135 5052 10136 
3281 4742 4748 849 850 4950 4956 894 895 4843 4825 10103 4845 10133 857 10137 10107 5051 5033 5053 902 4846 10135 10108 10138 10139 5054 10140 
3282 821 822 4749 4743 866 867 4957 4951 829 4827 10111 4847 10141 4848 10142 10112 874 5035 5055 5056 4849 10143 10114 10144 10145 5057 10146 
3283 4743 4749 4750 4744 4951 4957 4958 4952 4848 4830 10112 4850 10142 4851 10147 10117 5056 5038 5058 5059 4852 10145 10118 10148 10149 5060 10150 
3284 4744 4750 4751 4745 4952 4958 4959 4953 4851 4833 10117 4853 10147 4854 10151 10121 5059 5041 5061 5062 4855 10149 10122 10152 10153 5063 10154 
3285 4745 4751 4752 4746 4953 4959 4960 4954 4854 4836 10121 4856 10151 4857 10155 10125 5062 5044 5064 5065 4858 10153 10126 10156 10157 5066 10158 
3286 4746 4752 4753 4747 4954 4960 4961 4955 4857 4839 10125 4859 10155 4860 10159 10129 5065 5047 5067 5068 4861 10157 10130 10160 10161 5069 10162 
3287 4747 4753 4754 4748 4955 4961 4962 4956 4860 4842 10129 4862 10159 4863 10163 10133 5068 5050 5070 5071 4864 10161 10134 10164 10165 5072 10166 
3288 4748 4754 848 849 4956 4962 893 894 4863 4845 10133 4865 10163 856 10167 10137 5071 5053 5073 901 4866 10165 10138 10168 10169 5074 10170 
3289 822 823 4755 4749 867 868 4963 4957 830 4847 10141 4867 10171 4868 10172 10142 875 5055 5075 5076 4869 10173 10144 10174 10175 5077 10176 
3290 4749 4755 4756 4750 4957 4963 4964 4958 4868 4850 10142 4870 10172 4871 10177 10147 5076 5058 5078 5079 4872 10175 10148 10178 10179 5080 10180 
3291 4750 4756 4757 4751 4958 4964 4965 4959 4871 4853 10147 4873 10177 4874 10181 10151 5079 5061 5081 5082 4875 10179 10152 10182 10183 5083 10184 
3292 4751 4757 4758 4752 4959 4965 4966 4960 4874 4856 10151 4876 10181 4877 10185 10155 5082 5064 5084 5085 4878 10183 10156 10186 10187 5086 10188 
3293 4752 4758 4759 4753 4960 4966 4967 4961 4877 4859 10155 4879 10185 4880 10189 10159 5085 5067 5087 5088 4881 10187 10160 10190 10191 5089 10192 
3294 4753 4759 4760 4754 4961 4967 4968 4962 4880 4862 10159 4882 10189 4883 10193 10163 5088 5070 5090 5091 4884 10191 10164 10194 10195 5092 10196 
3295 4754 4760 847 848 4962 4968 892 893 4883 4865 10163 4885 10193 855 10197 10167 5091 5073 5093 900 4886 10195 10168 10198 10199 5094 10200 
3296 823 824 4761 4755 868 869 4969 4963 831 4867 10171 4887 10201 4888 10202 10172 876 5075 5095 5096 4889 10203 10174 10204 10205 5097 10206 
3297 4755 4761 4762 4756 4963 4969 4970 4964 4888 4870 10172 4890 10202 4891 10207 10177 5096 5078 5098 5099 4892 10205 10178 10208 10209 5100 10210 
3298 4756 4762 4763 4757 4964 4970 4971 4965 4891 4873 10177 4893 10207 4894 10211 10181 5099 5081 5101 5102 4895 10209 10182 10212 10213 5103 10214 
3299 4757 4763 4764 4758 4965 4971 4972 4966 4894 4876 10181 4896 10211 4897 10215 10185 5102 5084 5104 5105 4898 10213 10186 10216 10217 5106 10218 
3300 4758 4764 4765 4759 4966 4972 4973 4967 4897 4879 10185 4899 10215 4900 10219 10189 5105 5087 5107 5108 4901 10217 10190 10220 10221 5109 10222 
3301 4759 4765 4766 4760 4967 4973 4974 4968 4900 4882 10189 4902 10219 4903 10223 10193 5108 5090 5110 5111 4904 10221 10194 10224 10225 5112 10226 
3302 4760 4766 846 847 4968 4974 891 892 4903 4885 10193 4905 10223 854 10227 10197 5111 5093 5113 899 4906 10225 10198 10228 10229 5114 10230 
3303 824 39 833 4761 869 41 878 4969 832 4887 10201 839 906 4907 4920 10202 877 5095 884 5115 4908 10231 10204 4921 10232 5116 10233 
3304 4761 833 834 4762 4969 878 879 4970 4907 4890 10202 840 4920 4909 4922 10207 5115 5098 885 5117 4910 10232 10208 4923 10234 5118 10235 
3305 4762 834 835 4763 4970 879 880 4971 4909 4893 10207 841 4922 4911 4924 10211 5117 5101 886 5119 4912 10234 10212 4925 10236 5120 10237 
3306 4763 835 836 4764 4971 880 881 4972 4911 4896 10211 842 4924 4913 4926 10215 5119 5104 887 5121 4914 10236 10216 4927 10238 5122 10239 
3307 4764 836 837 4765 4972 881 882 4973 4913 4899 10215 843 4926 4915 4928 10219 5121 5107 888 5123 4916 10238 10220 4929 10240 5124 10241 
3308 4765 837 838 4766 4973 882 883 4974 4915 4902 10219 844 4928 4917 4930 10223 5123 5110 889 5125 4918 10240 10224 4931 10242 5126 10243 
3309 4766 838 40 846 4974 883 42 891 4917 4905 10223 845 4930 853 907 10227 5125 5113 890 898 4919 10242 10228 4932 10244 5127 10245 
3 13 12 56
3310 37 908 5128 790 39 951 5336 833 915 796 861 5170 10246 5171 10247 4712 958 839 5378 5379 5172 10248 4713 10249 10250 5380 10251 
3311 790 5128 5129 791 833 5336 5337 834 5171 797 4712 5173 10247 5174 10252 4714 5379 840 5381 5382 5175 10250 4715 10253 10254 5383 10255 
3312 791 5129 5130 792 834 5337 5338 835 5174 798 4714 5176 10252 5177 10256 4716 5382 841 5384 5385 5178 10254 4717 10257 10258 5386 10259 
3313 792 5130 5131 793 835 5338 5339 836 5177 799 4716 5179 10256 5180 10260 4718 5385 842 5387 5388 5181 10258 4719 10261 10262 5389 10263 
3314 793 5131 5132 794 836 5339 5340 837 5180 800 4718 5182 10260 5183 10264 4720 5388 843 5390 5391 5184 10262 4721 10265 10266 5392 10267 
3315 794 5132 5133 795 837 5340 5341 838 5183 801 4720 5185 10264 5186 10268 4722 5391 844 5393 5394 5187 10266 4723 10269 10270 5395 10271 
3316 795 5133 942 38 838 5341 985 40 5186 802 4722 5188 10268 950 10272 862 5394 845 5396 993 5189 10270 4724 10273 10274 5397 10275 
3317 908 909 5134 5128 951 952 5342 5336 916 5170 10246 5190 10276 5191 10277 10247 959 5378 5398 5399 5192 10278 10249 10279 10280 5400 10281 
3318 5128 5134 5135 5129 5336 5342 5343 5337 5191 5173 10247 5193 10277 5194 10282 10252 5399 5381 5401 5402 5195 10280 10253 10283 10284 5403 10285 
3319 5129 5135 5136 5130 5337 5343 5344 5338 5194 5176 10252 5196 10282 5197 10286 10256 5402 5384 5404 5405 5198 10284 10257 10287 10288 5406 10289 
3320 5130 5136 5137 5131 5338 5344 5345 5339 5197 5179 10256 5199 10286 5200 10290 10260 5405 5387 5407 5408 5201 10288 10261 10291 10292 5409 10293 
3321 5131 5137 5138 5132 5339 5345 5346 5340 5200 5182 10260 5202 10290 5203 10294 10264 5408 5390 5410 5411 5204 10292 10265 10295 10296 5412 10297 
3322 5132 5138 5139 5133 5340 5346 5347 5341 5203 5185 10264 5205 10294 5206 10298 10268 5411 5393 5413 5414 5207 10296 10269 10299 10300 5415 10301 
3323 5133 5139 941 942 5341 5347 984 985 5206 5188 10268 5208 10298 949 10302 10272 5414 5396 5416 992 5209 10300 10273 10303 10304 5417 10305 
3324 909 910 5140 5134 952 953 5348 5342 917 5190 10276 5210 10306 5211 10307 10277 960 5398 5418 5419 5212 10308 10279 10309 10310 5420 10311 
3325 5134 5140 5141 5135 5342 5348 5349 5343 5211 5193 10277 5213 10307 5214 10312 10282 5419 5401 5421 5422 5215 10310 10283 10313 10314 5423 10315 
3326 5135 5141 5142 5136 5343 5349 5350 5344 5214 5196 10282 5216 10312 5217 10316 10286 5422 5404 5424 5425 5218 10314 10287 10317 10318 5426 10319 
3327 5136 5142 5143 5137 5344 5350 5351 5345 5217 5199 10286 5219 10316 5220 10320 10290 5425 5407 5427 5428 5221 10318 10291 10321 10322 5429 10323 
3328 5137 5143 5144 5138 5345 5351 5352 5346 5220 5202 10290 5222 10320 5223 10324 10294 5428 5410 5430 5431 5224 10322 10295 10325 10326 5432 10327 
3329 5138 5144 5145 5139 5346 5352 5353 5347 5223 5205 10294 5225 10324 5226 10328 10298 5431 5413 5433 5434 5227 10326 10299 10329 10330 5435 10331 
3330 5139 5145 940 941 5347 5353 983 984 5226 5208 10298 5228 10328 948 10332 10302 5434 5416 5436 991 5229 10330 10303 10333 10334 5437 10335 
3331 910 911 5146 5140 953 954 5354 5348 918 5210 10306 5230 10336 5231 10337 10307 961 5418 5438 5439 5232 10338 10309 10339 10340 5440 10341 
3332 5140 5146 5147 5141 5348 5354 5355 5349 5231 5213 10307 5233 10337 5234 10342 10312 5439 5421 5441 5442 5235 10340 10313 10343 10344 5443 10345 
3333 5141 5147 5148 5142 5349 5355 5356 5350 5234 5216 10312 5236 10342 5237 10346 10316 5442 5424 5444 5445 5238 10344 10317 10347 10348 5446 10349 
3334 5142 5148 5149 5143 5350 5356 5357 5351 5237 5219 10316 5239 10346 5240 10350 10320 5445 5427 5447 5448 5241 10348 10321 10351 10352 5449 10353 
3335 5143 5149 5150 5144 5351 5357 5358 5352 5240 5222 10320 5242 10350 5243 10354 10324 5448 5430 5450 5451 5244 10352 10325 10355 10356 5452 10357 
3336 5144 5150 5151 5145 5352 5358 5359 5353 5243 5225 10324 5245 10354 5246 10358 10328 5451 5433 5453 5454 5247 10356 10329 10359 10360 5455 10361 
3337 5145 5151 939 940 5353 5359 982 983 5246 5228 10328 5248 10358 947 10362 10332 5454 5436 5456 990 5249 10360 10333 10363 10364 5457 10365 
3338 911 912 5152 5146 954 955 5360 5354 919 5230 10336 5250 10366 5251 10367 10337 962 5438 5458 5459 5252 10368 10339 10369 10370 5460 10371 
3339 5146 5152 5153 5147 5354 5360 5361 5355 5251 5233 10337 5253 10367 5254 10372 10342 5459 5441 5461 5462 5255 10370 10343 10373 10374 5463 10375 
3340 5147 5153 5154 5148 5355 5361 5362 5356 5254 5236 10342 5256 10372 5257 10376 10346 5462 5444 5464 5465 5258 10374 10347 10377 10378 5466 10379 
3341 5148 5154 5155 5149 5356 5362 5363 5357 5257 5239 10346 5259 10376 5260 10380 10350 5465 5447 5467 5468 5261 10378 10351 10381 10382 5469 10383 
3342 5149 5155 5156 5150 5357 5363 5364 5358 5260 5242 10350 5262 10380 5263 10384 10354 5468 5450 5470 5471 5264 10382 10355 10385 10386 5472 10387 
3343 5150 5156 5157 5151 5358 5364 5365 5359 5263 5245 10354 5265 10384 5266 10388 10358 5471 5453 5473 5474 5267 10386 10359 10389 10390 5475 10391 
3344 5151 5157 938 939 5359 5365 981 982 5266 5248 10358 5268 10388 946 10392 10362 5474 5456 5476 989 5269 10390 10363 10393 10394 5477 10395 
3345 912 913 5158 5152 955 956 5366 5360 920 5250 10366 5270 10396 5271 10397 10367 963 5458 5478 5479 5272 10398 10369 10399 10400 5480 10401 
3346 5152 5158 5159 5153 5360 5366 5367 5361 5271 5253 10367 5273 10397 5274 10402 10372 5479 5461 5481 5482 5275 10400 10373 10403 10404 5483 10405 
3347 5153 5159 5160 5154 5361 5367 5368 5362 5274 5256 10372 5276 10402 5277 10406 10376 5482 5464 5484 5485 5278 10404 10377 10407 10408 5486 10409 
3348 5154 5160 5161 5155 5362 5368 5369 5363 5277 5259 10376 5279 10406 5280 10410 10380 5485 5467 5487 5488 5281 10408 10381 10411 10412 5489 10413 
3349 5155 5161 5162 5156 5363 5369 5370 5364 5280 5262 10380 5282 10410 5283 10414 10384 5488 5470 5490 5491 5284 10412 10385 10415 10416 5492 10417 
3350 5156 5162 5163 5157 5364 5370 5371 5365 5283 5265 10384 5285 10414 5286 10418 10388 5491 5473 5493 5494 5287 10416 10389 10419 10420 5495 10421 
3351 5157 5163 937 938 5365 5371 980 981 5286 5268 10388 5288 10418 945 10422 10392 5494 5476 5496 988 5289 10420 10393 10423 10424 5497 10425 
3352 913 914 5164 5158 956 957 5372 5366 921 5270 10396 5290 10426 5291 10427 10397 964 5478 5498 5499 5292 10428 10399 10429 10430 5500 10431 
3353 5158 5164 5165 5159 5366 5372 5373 5367 5291 5273 10397 5293 10427 5294 10432 10402 5499 5481 5501 5502 5295 10430 10403 10433 10434 5503 10435 
3354 5159 5165 5166 5160 5367 5373 5374 5368 5294 5276 10402 5296 10432 5297 10436 10406 5502 5484 5504 5505 5298 10434 10407 10437 10438 5506 10439 
3355 5160 5166 5167 5161 5368 5374 5375 5369 5297 5279 10406 5299 10436 5300 10440 10410 5505 5487 5507 5508 5301 10438 10411 10441 10442 5509 10443 
3356 5161 5167 5168 5162 5369 5375 5376 5370 5300 5282 10410 5302 10440 5303 10444 10414 5508 5490 5510 5511 5304 10442 10415 10445 10446 5512 10447 
3357 5162 5168 5169 5163 5370 5376 5377 5371 5303 5285 10414 5305 10444 5306 10448 10418 5511 5493 5513 5514 5307 10446 10419 10449 10450 5515 10451 
3358 5163 5169 936 937 5371 5377 979 980 5306 5288 10418 5308 10448 944 10452 10422 5514 5496 5516 987 5309 10450 10423 10453 10454 5517 10455 
3359 914 43 923 5164 957 45 966 5372 922 5290 10426 929 994 5310 5323 10427 965 5498 972 5518 5311 10456 10429 5324 10457 5519 10458 
3360 5164 923 924 5165 5372 966 967 5373 5310 5293 10427 930 5323 5312 5325 10432 5518 5501 973 5520 5313 10457 10433 5326 10459 5521 10460 
3361 5165 924 925 5166 5373 967 968 5374 5312 5296 10432 931 5325 5314 5327 10436 5520 5504 974 5522 5315 10459 10437 5328 10461 5523 10462 
3362 5166 925 926 5167 5374 968 969 5375 5314 5299 10436 932 5327 5316 5329 10440 5522 5507 975 5524 5317 10461 10441 5330 10463 5525 10464 
3363 5167 926 927 5168 5375 969 970 5376 5316 5302 10440 933 5329 5318 5331 10444 5524 5510 976 5526 5319 10463 10445 5332 10465 5527 10466 
3364 5168 927 928 5169 5376 970 971 5377 5318 5305 10444 934 5331 5320 5333 10448 5526 5513 977 5528 5321 10465 10449 5334 10467 5529 10468 
3365 5169 928 44 936 5377 971 46 979 5320 5308 10448 935 5333 943 995 10452 5528 5516 978 986 5322 10467 10453 5335 10469 5530 10470 
3 14 12 56
3366 39 951 5336 833 41 996 5544 878 958 839 906 5378 10471 5379 10472 4920 1003 884 5586 5587 5380 10473 4921 10474 10475 5588 10476 
3367 833 5336 5337 834 878 5544 5545 879 5379 840 4920 5381 10472 5382 10477 4922 5587 885 5589 5590 5383 10475 4923 10478 10479 5591 10480 
3368 834 5337 5338 835 879 5545 5546 880 5382 841 4922 5384 10477 5385 10481 4924 5590 886 5592 5593 5386 10479 4925 10482 10483 5594 10484 
3369 835 5338 5339 836 880 5546 5547 881 5385 842 4924 5387 10481 5388 10485 4926 5593 887 5595 5596 5389 10483 4927 10486 10487 5597 10488 
3370 836 5339 5340 837 881 5547 5548 882 5388 843 4926 5390 10485 5391 10489 4928 5596 888 5598 5599 5392 10487 4929 10490 10491 5600 10492 
3371 837 5340 5341 838 882 5548 5549 883 5391 844 4928 5393 10489 5394 10493 4930 5599 889 5601 5602 5395 10491 4931 10494 10495 5603 10496 
3372 838 5341 985 40 883 5549 1030 42 5394 845 4930 5396 10493 993 10497 907 5602 890 5604 1038 5397 10495 4932 10498 10499 5605 10500 
3373 951 952 5342 5336 996 997 5550 5544 959 5378 10471 5398 10501 5399 10502 10472 1004 5586 5606 5607 5400 10503 10474 10504 10505 5608 10506 
3374 5336 5342 5343 5337 5544 5550 5551 5545 5399 5381 10472 5401 10502 5402 10507 10477 5607 5589 5609 5610 5403 10505 10478 10508 10509 5611 10510 
3375 5337 5343 5344 5338 5545 5551 5552 5546 5402 5384 10477 5404 10507 5405 10511 10481 5610 5592 5612 5613 5406 10509 10482 10512 10513 5614 10514 
3376 5338 5344 5345 5339 5546 5552 5553 5547 5405 5387 10481 5407 10511 5408 10515 10485 5613 5595 5615 5616 5409 10513 10486 10516 10517 5617 10518 
3377 5339 5345 5346 5340 5547 5553 5554 5548 5408 5390 10485 5410 10515 5411 10519 10489 5616 5598 5618 5619 5412 10517 10490 10520 10521 5620 10522 
3378 5340 5346 5347 5341 5548 5554 5555 5549 5411 5393 10489 5413 10519 5414 10523 10493 5619 5601 5621 5622 5415 10521 10494 10524 10525 5623 10526 
3379 5341 5347 984 985 5549 5555 1029 1030 5414 5396 10493 5416 10523 992 10527 10497 5622 5604 5624 1037 5417 10525 10498 10528 10529 5625 10530 
3380 952 953 5348 5342 997 998 5556 5550 960 5398 10501 5418 10531 5419 10532 10502 1005 5606 5626 5627 5420 10533 10504 10534 10535 5628 10536 
3381 5342 5348 5349 5343 5550 5556 5557 5551 5419 5401 10502 5421 10532 5422 10537 10507 5627 5609 5629 5630 5423 10535 10508 10538 10539 5631 10540 
3382 5343 5349 5350 5344 5551 5557 5558 5552 5422 5404 10507 5424 10537 5425 10541 10511 5630 5612 5632 5633 5426 10539 10512 10542 10543 5634 10544 
3383 5344 5350 5351 5345 5552 5558 5559 5553 5425 5407 10511 5427 10541 5428 10545 10515 5633 5615 5635 5636 5429 10543 10516 10546 10547 5637 10548 
3384 5345 5351 5352 5346 5553 5559 5560 5554 5428 5410 10515 5430 10545 5431 10549 10519 5636 5618 5638 5639 5432 10547 10520 10550 10551 5640 10552 
3385 5346 5352 5353 5347 5554 5560 5561 5555 5431 5413 10519 5433 10549 5434 10553 10523 5639 5621 5641 5642 5435 10551 10524 10554 10555 5643 10556 
3386 5347 5353 983 984 5555 5561 1028 1029 5434 5416 10523 5436 10553 991 10557 10527 5642 5624 5644 1036 5437 10555 10528 10558 10559 5645 10560 
3387 953 954 5354 5348 998 999 5562 5556 961 5418 10531 5438 10561 5439 10562 10532 1006 5626 5646 5647 5440 10563 10534 10564 10565 5648 10566 
3388 5348 5354 5355 5349 5556 5562 5563 5557 5439 5421 10532 5441 10562 5442 10567 10537 5647 5629 5649 5650 5443 10565 10538 10568 10569 5651 10570 
3389 5349 5355 5356 5350 5557 5563 5564 5558 5442 5424 10537 5444 10567 5445 10571 10541 5650 5632 5652 5653 5446 10569 10542 10572 10573 5654 10574 
3390 5350 5356 5357 5351 5558 5564 5565 5559 5445 5427 10541 5447 10571 5448 10575 10545 5653 5635 5655 5656 5449 10573 10546 10576 10577 5657 10578 
3391 5351 5357 5358 5352 5559 5565 5566 5560 5448 5430 10545 5450 10575 5451 10579 10549 5656 5638 5658 5659 5452 10577 10550 10580 10581 5660 10582 
3392 5352 5358 5359 5353 5560 5566 5567 5561 5451 5433 10549 5453 10579 5454 10583 10553 5659 5641 5661 5662 5455 10581 10554 10584 10585 5663 10586 
3393 5353 5359 982 983 5561 5567 1027 1028 5454 5436 10553 5456 10583 990 10587 10557 5662 5644 5664 1035 5457 10585 10558 10588 10589 5665 10590 
3394 954 955 5360 5354 999 1000 5568 5562 962 5438 10561 5458 10591 5459 10592 10562 1007 5646 5666 5667 5460 10593 10564 10594 10595 5668 10596 
3395 5354 5360 5361 5355 5562 5568 5569 5563 5459 5441 10562 5461 10592 5462 10597 10567 5667 5649 5669 5670 5463 10595 10568 10598 10599 5671 10600 
3396 5355 5361 5362 5356 5563 5569 5570 5564 5462 5444 10567 5464 10597 5465 10601 10571 5670 5652 5672 5673 5466 10599 10572 10602 10603 5674 10604 
3397 5356 5362 5363 5357 5564 5570 5571 5565 5465 5447 10571 5467 10601 5468 10605 10575 5673 5655 5675 5676 5469 10603 10576 10606 10607 5677 10608 
3398 5357 5363 5364 5358 5565 5571 5572 5566 5468 5450 10575 5470 10605 5471 10609 10579 5676 5658 5678 5679 5472 10607 10580 10610 10611 5680 10612 
3399 5358 5364 5365 5359 5566 5572 5573 5567 5471 5453 10579 5473 10609 5474 10613 10583 5679 5661 5681 5682 5475 10611 10584 10614 10615 5683 10616 
3400 5359 5365 981 982 5567 5573 1026 1027 5474 5456 10583 5476 10613 989 10617 10587 5682 5664 5684 1034 5477 10615 10588 10618 10619 5685 10620 
3401 955 956 5366 5360 1000 1001 5574 5568 963 5458 10591 5478 10621 5479 10622 10592 1008 5666 5686 5687 5480 10623 10594 10624 10625 5688 10626 
3402 5360 5366 5367 5361 5568 5574 5575 5569 5479 5461 10592 5481 10622 5482 10627 10597 5687 5669 5689 5690 5483 10625 10598 10628 10629 5691 10630 
3403 5361 5367 5368 5362 5569 5575 5576 5570 5482 5464 10597 5484 10627 5485 10631 10601 5690 5672 5692 5693 5486 10629 10602 10632 10633 5694 10634 
3404 5362 5368 5369 5363 5570 5576 5577 5571 5485 5467 10601 5487 10631 5488 10635 10605 5693 5675 5695 5696 5489 10633 10606 10636 10637 5697 10638 
3405 5363 5369 5370 5364 5571 5577 5578 5572 5488 5470 10605 5490 10635 5491 10639 10609 5696 5678 5698 5699 5492 10637 10610 10640 10641 5700 10642 
3406 5364 5370 5371 5365 5572 5578 5579 5573 5491 5473 10609 5493 10639 5494 10643 10613 5699 5681 5701 5702 5495 10641 10614 10644 10645 5703 10646 
3407 5365 5371 980 981 5573 5579 1025 1026 5494 5476 10613 5496 10643 988 10647 10617 5702 5684 5704 1033 5497 10645 10618 10648 10649 5705 10650 
3408 956 957 5372 5366 1001 1002 5580 5574 964 5478 10621 5498 10651 5499 10652 10622 1009 5686 5706 5707 5500 10653 10624 10654 10655 5708 10656 
3409 5366 5372 5373 5367 5574 5580 5581 5575 5499 5481 10622 5501 10652 5502 10657 10627 5707 5689 5709 5710 5503 10655 10628 10658 10659 5711 10660 
3410 5367 5373 5374 5368 5575 5581 5582 5576 5502 5484 10627 5504 10657 5505 10661 10631 5710 5692 5712 5713 5506 10659 10632 10662 10663 5714 10664 
3411 5368 5374 5375 5369 5576 5582 5583 5577 5505 5487 10631 5507 10661 5508 10665 10635 5713 5695 5715 5716 5509 10663 10636 10666 10667 5717 10668 
3412 5369 5375 5376 5370 5577 5583 5584 5578 5508 5490 10635 5510 10665 5511 10669 10639 5716 5698 5718 5719 5512 10667 10640 10670 10671 5720 10672 
3413 5370 5376 5377 5371 5578 5584 5585 5579 5511 5493 10639 5513 10669 5514 10673 10643 5719 5701 5721 5722 5515 10671 10644 10674 10675 5723 10676 
3414 5371 5377 979 980 5579 5585 1024 1025 5514 5496 10643 5516 10673 987 10677 10647 5722 5704 5724 1032 5517 10675 10648 10678 10679 5725 10680 
3415 957 45 966 5372 1002 47 1011 5580 965 5498 10651 972 1039 5518 5531 10652 1010 5706 1017 5726 5519 10681 10654 5532 10682 5727 10683 
3416 5372 966 967 5373 5580 1011 1012 5581 5518 5501 10652 973 5531 5520 5533 10657 5726 5709 1018 5728 5521 10682 10658 5534 10684 5729 10685 
3417 5373 967 968 5374 5581 1012 1013 5582 5520 5504 10657 974 5533 5522 5535 10661 5728 5712 1019 5730 5523 10684 10662 5536 10686 5731 10687 
3418 5374 968 969 5375 5582 1013 1014 5583 5522 5507 10661 975 5535 5524 5537 10665 5730 5715 1020 5732 5525 10686 10666 5538 10688 5733 10689 
3419 5375 969 970 5376 5583 1014 1015 5584 5524 5510 10665 976 5537 5526 5539 10669 5732 5718 1021 5734 5527 10688 10670 5540 10690 5735 10691 
3420 5376 970 971 5377 5584 1015 1016 5585 5526 5513 10669 977 5539 5528 5541 10673 5734 5721 1022 5736 5529 10690 10674 5542 10692 5737 10693 
3421 5377 971 46 979 5585 1016 48 1024 5528 5516 10673 978 5541 986 1040 10677 5736 5724 1023 1031 5530 10692 10678 5543 10694 5738 10695 
3 15 12 56
3422 43 1041 5739 923 45 1084 5947 966 1048 929 994 5781 10696 5782 10697 5323 1091 972 5989 5990 5783 10698 5324 10699 10700 5991 10701 
3423 923 5739 5740 924 966 5947 5948 967 5782 930 5323 5784 10697 5785 10702 5325 5990 973 5992 5993 5786 10700 5326 10703 10704 5994 10705 
3424 924 5740 5741 925 967 5948 5949 968 5785 931 5325 5787 10702 5788 10706 5327 5993 974 5995 5996 5789 10704 5328 10707 10708 5997 10709 
3425 925 5741 5742 926 968 5949 5950 969 5788 932 5327 5790 10706 5791 10710 5329 5996 975 5998 5999 5792 10708 5330 10711 10712 6000 10713 
3426 926 5742 5743 927 969 5950 5951 970 5791 933 5329 5793 10710 5794 10714 5331 5999 976 6001 6002 5795 10712 5332 10715 10716 6003 10717 
3427 927 5743 5744 928 970 5951 5952 971 5794 934 5331 5796 10714 5797 10718 5333 6002 977 6004 6005 5798 10716 5334 10719 10720 6006 10721 
3428 928 5744 1075 44 971 5952 1118 46 5797 935 5333 5799 10718 1083 10722 995 6005 978 6007 1126 5800 10720 5335 10723 10724 6008 10725 
3429 1041 1042 5745 5739 1084 1085 5953 5947 1049 5781 10696 5801 10726 5802 10727 10697 1092 5989 6009 6010 5803 10728 10699 10729 10730 6011 10731 
3430 5739 5745 5746 5740 5947 5953 5954 5948 5802 5784 10697 5804 10727 5805 10732 10702 6010 5992 6012 6013 5806 10730 10703 10733 10734 6014 10735 
3431 5740 5746 5747 5741 5948 5954 5955 5949 5805 5787 10702 5807 10732 5808 10736 10706 6013 5995 6015 6016 5809 10734 10707 10737 10738 6017 10739 
3432 5741 5747 5748 5742 5949 5955 5956 5950 5808 5790 10706 5810 10736 5811 10740 10710 6016 5998 6018 6019 5812 10738 10711 10741 10742 6020 10743 
3433 5742 5748 5749 5743 5950 5956 5957 5951 5811 5793 10710 5813 10740 5814 10744 10714 6019 6001 6021 6022 5815 10742 10715 10745 10746 6023 10747 
3434 5743 5749 5750 5744 5951 5957 5958 5952 5814 5796 10714 5816 10744 5817 10748 10718 6022 6004 6024 6025 5818 10746 10719 10749 10750 6026 10751 
3435 5744 5750 1074 1075 5952 5958 1117 1118 5817 5799 10718 5819 10748 1082 10752 10722 6025 6007 6027 1125 5820 10750 10723 10753 10754 6028 10755 
3436 1042 1043 5751 5745 1085 1086 5959 5953 1050 5801 10726 5821 10756 5822 10757 10727 1093 6009 6029 6030 5823 10758 10729 10759 10760 6031 10761 
3437 5745 5751 5752 5746 5953 5959 5960 5954 5822 5804 10727 5824 10757 5825 10762 10732 6030 6012 6032 6033 5826 10760 10733 10763 10764 6034 10765 
3438 5746 5752 5753 5747 5954 5960 5961 5955 5825 5807 10732 5827 10762 5828 10766 10736 6033 6015 6035 6036 5829 10764 10737 10767 10768 6037 10769 
3439 5747 5753 5754 5748 5955 5961 5962 5956 5828 5810 10736 5830 10766 5831 10770 10740 6036 6018 6038 6039 5832 10768 10741 10771 10772 6040 10773 
3440 5748 5754 5755 5749 5956 5962 5963 5957 5831 5813 10740 5833 10770 5834 10774 10744 6039 6021 6041 6042 5835 10772 10745 10775 10776 6043 10777 
3441 5749 5755 5756 5750 5957 5963 5964 5958 5834 5816 10744 5836 10774 5837 10778 10748 6042 6024 6044 6045 5838 10776 10749 10779 10780 6046 10781 
3442 5750 5756 1073 1074 5958 5964 1116 1117 5837 5819 10748 5839 10778 1081 10782 10752 6045 6027 6047 1124 5840 10780 10753 10783 10784 6048 10785 
3443 1043 1044 5757 5751 1086 1087 5965 5959 1051 5821 10756 5841 10786 5842 10787 10757 1094 6029 6049 6050 5843 10788 10759 10789 10790 6051 10791 
3444 5751 5757 5758 5752 5959 5965 5966 5960 5842 5824 10757 5844 10787 5845 10792 10762 6050 6032 6052 6053 5846 10790 10763 10793 10794 6054 10795 
3445 5752 5758 5759 5753 5960 5966 5967 5961 5845 5827 10762 5847 10792 5848 10796 10766 6053 6035 6055 6056 5849 10794 10767 10797 10798 6057 10799 
3446 5753 5759 5760 5754 5961 5967 5968 5962 5848 5830 10766 5850 10796 5851 10800 10770 6056 6038 6058 6059 5852 10798 10771 10801 10802 6060 10803 
3447 5754 5760 5761 5755 5962 5968 5969 5963 5851 5833 10770 5853 10800 5854 10804 10774 6059 6041 6061 6062 5855 10802 10775 10805 10806 6063 10807 
3448 5755 5761 5762 5756 5963 5969 5970 5964 5854 5836 10774 5856 10804 5857 10808 10778 6062 6044 6064 6065 5858 10806 10779 10809 10810 6066 10811 
3449 5756 5762 1072 1073 5964 5970 1115 1116 5857 5839 10778 5859 10808 1080 10812 10782 6065 6047 6067 1123 5860 10810 10783 10813 10814 6068 10815 
3450 1044 1045 5763 5757 1087 1088 5971 5965 1052 5841 10786 5861 10816 5862 10817 10787 1095 6049 6069 6070 5863 10818 10789 10819 10820 6071 10821 
3451 5757 5763 5764 5758 5965 5971 5972 5966 5862 5844 10787 5864 10817 5865 10822 10792 6070 6052 6072 6073 5866 10820 10793 10823 10824 6074 10825 
3452 5758 5764 5765 5759 5966 5972 5973 5967 5865 5847 10792 5867 10822 5868 10826 10796 6073 6055 6075 6076 5869 10824 10797 10827 10828 6077 10829 
3453 5759 5765 5766 5760 5967 5973 5974 5968 5868 5850 10796 5870 10826 5871 10830 10800 6076 6058 6078 6079 5872 10828 10801 10831 10832 6080 10833 
3454 5760 5766 5767 5761 5968 5974 5975 5969 5871 5853 10800 5873 10830 5874 10834 10804 6079 6061 6081 6082 5875 10832 10805 10835 10836 6083 10837 
3455 5761 5767 5768 5762 5969 5975 5976 5970 5874 5856 10804 5876 10834 5877 10838 10808 6082 6064 6084 6085 5878 10836 10809 10839 10840 6086 10841 
3456 5762 5768 1071 1072 5970 5976 1114 1115 5877 5859 10808 5879 10838 1079 10842 10812 6085 6067 6087 1122 5880 10840 10813 10843 10844 6088 10845 
3457 1045 1046 5769 5763 1088 1089 5977 5971 1053 5861 10816 5881 10846 5882 10847 10817 1096 6069 6089 6090 5883 10848 10819 10849 10850 6091 10851 
3458 5763 5769 5770 5764 5971 5977 5978 5972 5882 5864 10817 5884 10847 5885 10852 10822 6090 6072 6092 6093 5886 10850 10823 10853 10854 6094 10855 
3459 5764 5770 5771 5765 5972 5978 5979 5973 5885 5867 10822 5887 10852 5888 10856 10826 6093 6075 6095 6096 5889 10854 10827 10857 10858 6097 10859 
3460 5765 5771 5772 5766 5973 5979 5980 5974 5888 5870 10826 5890 10856 5891 10860 10830 6096 6078 6098 6099 5892 10858 10831 10861 10862 6100 10863 
3461 5766 5772 5773 5767 5974 5980 5981 5975 5891 5873 10830 5893 10860 5894 10864 10834 6099 6081 6101 6102 5895 10862 10835 10865 10866 6103 10867 
3462 5767 5773 5774 5768 5975 5981 5982 5976 5894 5876 10834 5896 10864 5897 10868 10838 6102 6084 6104 6105 5898 10866 10839 10869 10870 6106 10871 
3463 5768 5774 1070 1071 5976 5982 1113 1114 5897 5879 10838 5899 10868 1078 10872 10842 6105 6087 6107 1121 5900 10870 10843 10873 10874 6108 10875 
3464 1046 1047 5775 5769 1089 1090 5983 5977 1054 5881 10846 5901 10876 5902 10877 10847 1097 6089 6109 6110 5903 10878 10849 10879 10880 6111 10881 
3465 5769 5775 5776 5770 5977 5983 5984 5978 5902 5884 10847 5904 10877 5905 10882 10852 6110 6092 6112 6113 5906 10880 10853 10883 10884 6114 10885 
3466 5770 5776 5777 5771 5978 5984 5985 5979 5905 5887 10852 5907 10882 5908 10886 10856 6113 6095 6115 6116 5909 10884 10857 10887 10888 6117 10889 
3467 5771 5777 5778 5772 5979 5985 5986 5980 5908 5890 10856 5910 10886 5911 10890 10860 6116 6098 6118 6119 5912 10888 10861 10891 10892 6120 10893 
3468 5772 5778 5779 5773 5980 5986 5987 5981 5911 5893 10860 5913 10890 5914 10894 10864 6119 6101 6121 6122 5915 10892 10865 10895 10896 6123 10897 
3469 5773 5779 5780 5774 5981 5987 5988 5982 5914 5896 10864 5916 10894 5917 10898 10868 6122 6104 6124 6125 5918 10896 10869 10899 10900 6126 10901 
3470 5774 5780 1069 1070 5982 5988 1112 1113 5917 5899 10868 5919 10898 1077 10902 10872 6125 6107 6127 1120 5920 10900 10873 10903 10904 6128 10905 
3471 1047 49 1056 5775 1090 51 1099 5983 1055 5901 10876 1062 1127 5921 5934 10877 1098 6109 1105 6129 5922 10906 10879 5935 10907 6130 10908 
3472 5775 1056 1057 5776 5983 1099 1100 5984 5921 5904 10877 1063 5934 5923 5936 10882 6129 6112 1106 6131 5924 10907 10883 5937 10909 6132 10910 
3473 5776 1057 1058 5777 5984 1100 1101 5985 5923 5907 10882 1064 5936 5925 5938 10886 6131 6115 1107 6133 5926 10909 10887 5939 10911 6134 10912 
3474 5777 1058 1059 5778 5985 1101 1102 5986 5925 5910 10886 1065 5938 5927 5940 10890 6133 6118 1108 6135 5928 10911 10891 5941 10913 6136 10914 
3475 5778 1059 1060 5779 5986 1102 1103 5987 5927 5913 10890 1066 5940 5929 5942 10894 6135 6121 1109 6137 5930 10913 10895 5943 10915 6138 10916 
3476 5779 1060 1061 5780 5987 1103 1104 5988 5929 5916 10894 1067 5942 5931 5944 10898 6137 6124 1110 6139 5932 10915 10899 5945 10917 6140 10918 
3477 5780 1061 50 1069 5988 1104 52 1112 5931 5919 10898 1068 5944 1076 1128 10902 6139 6127 1111 1119 5933 10917 10903 5946 10919 6141 10920 
3 16 12 56
3478 45 1084 5947 966 47 1129 6155 1011 1091 972 1039 5989 10921 5990 10922 5531 1136 1017 6197 6198 5991 10923 5532 10924 10925 6199 10926 
3479 966 5947 5948 967 1011 6155 6156 1012 5990 973 5531 5992 10922 5993 10927 5533 6198 1018 6200 6201 5994 10925 5534 10928 10929 6202 10930 
3480 967 5948 5949 968 1012 6156 6157 1013 5993 974 5533 5995 10927 5996 10931 5535 6201 1019 6203 6204 5997 10929 5536 10932 10933 6205 10934 
3481 968 5949 5950 969 1013 6157 6158 1014 5996 975 5535 5998 10931 5999 10935 5537 6204 1020 6206 6207 6000 10933 5538 10936 10937 6208 10938 
3482 969 5950 5951 970 1014 6158 6159 1015 5999 976 5537 6001 10935 6002 10939 5539 6207 1021 6209 6210 6003 10937 5540 10940 10941 6211 10942 
3483 970 5951 5952 971 1015 6159 6160 1016 6002 977 5539 6004 10939 6005 10943 5541 6210 1022 6212 6213 6006 10941 5542 10944 10945 6214 10946 
3484 971 5952 1118 46 1016 6160 1163 48 6005 978 5541 6007 10943 1126 10947 1040 6213 1023 6215 1171 6008 10945 5543 10948 10949 6216 10950 
3485 1084 1085 5953 5947 1129 1130 6161 6155 1092 5989 10921 6009 10951 6010 10952 10922 1137 6197 6217 6218 6011 10953 10924 10954 10955 6219 10956 
3486 5947 5953 5954 5948 6155 6161 6162 6156 6010 5992 10922 6012 10952 6013 10957 10927 6218 6200 6220 6221 6014 10955 10928 10958 10959 6222 10960 
3487 5948 5954 5955 5949 6156 6162 6163 6157 6013 5995 10927 6015 10957 6016 10961 10931 6221 6203 6223 6224 6017 10959 10932 10962 10963 6225 10964 
3488 5949 5955 5956 5950 6157 6163 6164 6158 6016 5998 10931 6018 10961 6019 10965 10935 6224 6206 6226 6227 6020 10963 10936 10966 10967 6228 10968 
3489 5950 5956 5957 5951 6158 6164 6165 6159 6019 6001 10935 6021 10965 6022 10969 10939 6227 6209 6229 6230 6023 10967 10940 10970 10971 6231 10972 
3490 5951 5957 5958 5952 6159 6165 6166 6160 6022 6004 10939 6024 10969 6025 10973 10943 6230 6212 6232 6233 6026 10971 10944 10974 10975 6234 10976 
3491 5952 5958 1117 1118 6160 6166 1162 1163 6025 6007 10943 6027 10973 1125 10977 10947 6233 6215 6235 1170 6028 10975 10948 10978 10979 6236 10980 
3492 1085 1086 5959 5953 1130 1131 6167 6161 1093 6009 10951 6029 10981 6030 10982 10952 1138 6217 6237 6238 6031 10983 10954 10984 10985 6239 10986 
3493 5953 5959 5960 5954 6161 6167 6168 6162 6030 6012 10952 6032 10982 6033 10987 10957 6238 6220 6240 6241 6034 10985 10958 10988 10989 6242 10990 
3494 5954 5960 5961 5955 6162 6168 6169 6163 6033 6015 10957 6035 10987 6036 10991 10961 6241 6223 6243 6244 6037 10989 10962 10992 10993 6245 10994 
3495 5955 5961 5962 5956 6163 6169 6170 6164 6036 6018 10961 6038 10991 6039 10995 10965 6244 6226 6246 6247 6040 10993 10966 10996 10997 6248 10998 
3496 5956 5962 5963 5957 6164 6170 6171 6165 6039 6021 10965 6041 10995 6042 10999 10969 6247 6229 6249 6250 6043 10997 10970 11000 11001 6251 11002 
3497 5957 5963 5964 5958 6165 6171 6172 6166 6042 6024 10969 6044 10999 6045 11003 10973 6250 6232 6252 6253 6046 11001 10974 11004 11005 6254 11006 
3498 5958 5964 1116 1117 6166 6172 1161 1162 6045 6027 10973 6047 11003 1124 11007 10977 6253 6235 6255 1169 6048 11005 10978 11008 11009 6256 11010 
3499 1086 1087 5965 5959 1131 1132 6173 6167 1094 6029 10981 6049 11011 6050 11012 10982 1139 6237 6257 6258 6051 11013 10984 11014 11015 6259 11016 
3500 5959 5965 5966 5960 6167 6173 6174 6168 6050 6032 10982 6052 11012 6053 11017 10987 6258 6240 6260 6261 6054 11015 10988 11018 11019 6262 11020 
3501 5960 5966 5967 5961 6168 6174 6175 6169 6053 6035 10987 6055 11017 6056 11021 10991 6261 6243 6263 6264 6057 11019 10992 11022 11023 6265 11024 
3502 5961 5967 5968 5962 6169 6175 6176 6170 6056 6038 10991 6058 11021 6059 11025 10995 6264 6246 6266 6267 6060 11023 10996 11026 11027 6268 11028 
3503 5962 5968 5969 5963 6170 6176 6177 6171 6059 6041 10995 6061 11025 6062 11029 10999 6267 6249 6269 6270 6063 11027 11000 11030 11031 6271 11032 
3504 5963 5969 5970 5964 6171 6177 6178 6172 6062 6044 10999 6064 11029 6065 11033 11003 6270 6252 6272 6273 6066 11031 11004 11034 11035 6274 11036 
3505 5964 5970 1115 1116 6172 6178 1160 1161 6065 6047 11003 6067 11033 1123 11037 11007 6273 6255 6275 1168 6068 11035 11008 11038 11039 6276 11040 
3506 1087 1088 5971 5965 1132 1133 6179 6173 1095 6049 11011 6069 11041 6070 11042 11012 1140 6257 6277 6278 6071 11043 11014 11044 11045 6279 11046 
3507 5965 5971 5972 5966 6173 6179 6180 6174 6070 6052 11012 6072 11042 6073 11047 11017 6278 6260 6280 6281 6074 11045 11018 11048 11049 6282 11050 
3508 5966 5972 5973 5967 6174 6180 6181 6175 6073 6055 11017 6075 11047 6076 11051 11021 6281 6263 6283 6284 6077 11049 11022 11052 11053 6285 11054 
3509 5967 5973 5974 5968 6175 6181 6182 6176 6076 6058 11021 6078 11051 6079 11055 11025 6284 6266 6286 6287 6080 11053 11026 11056 11057 6288 11058 
3510 5968 5974 5975 5969 6176 6182 6183 6177 6079 6061 11025 6081 11055 6082 11059 11029 6287 6269 6289 6290 6083 11057 11030 11060 11061 6291 11062 
3511 5969 5975 5976 5970 6177 6183 6184 6178 6082 6064 11029 6084 11059 6085 11063 11033 6290 6272 6292 6293 6086 11061 11034 11064 11065 6294 11066 
3512 5970 5976 1114 1115 6178 6184 1159 1160 6085 6067 11033 6087 11063 1122 11067 11037 6293 6275 6295 1167 6088 11065 11038 11068 11069 6296 11070 
3513 1088 1089 5977 5971 1133 1134 6185 6179 1096 6069 11041 6089 11071 6090 11072 11042 1141 6277 6297 6298 6091 11073 11044 11074 11075 6299 11076 
3514 5971 5977 5978 5972 6179 6185 6186 6180 6090 6072 11042 6092 11072 6093 11077 11047 6298 6280 6300 6301 6094 11075 11048 11078 11079 6302 11080 
3515 5972 5978 5979 5973 6180 6186 6187 6181 6093 6075 11047 6095 11077 6096 11081 11051 6301 6283 6303 6304 6097 11079 11052 11082 11083 6305 11084 
3516 5973 5979 5980 5974 6181 6187 6188 6182 6096 6078 11051 6098 11081 6099 11085 11055 6304 6286 6306 6307 6100 11083 11056 11086 11087 6308 11088 
3517 5974 5980 5981 5975 6182 6188 6189 6183 6099 6081 11055 6101 11085 6102 11089 11059 6307 6289 6309 6310 6103 11087 11060 11090 11091 6311 11092 
3518 5975 5981 5982 5976 6183 6189 6190 6184 6102 6084 11059 6104 11089 6105 11093 11063 6310 6292 6312 6313 6106 11091 11064 11094 11095 6314 11096 
3519 5976 5982 1113 1114 6184 6190 1158 1159 6105 6087 11063 6107 11093 1121 11097 11067 6313 6295 6315 1166 6108 11095 11068 11098 11099 6316 11100 
3520 1089 1090 5983 5977 1134 1135 6191 6185 1097 6089 11071 6109 11101 6110 11102 11072 1142 6297 6317 6318 6111 11103 11074 11104 11105 6319 11106 
3521 5977 5983 5984 5978 6185 6191 6192 6186 6110 6092 11072 6112 11102 6113 11107 11077 6318 6300 6320 6321 6114 11105 11078 11108 11109 6322 11110 
3522 5978 5984 5985 5979 6186 6192 6193 6187 6113 6095 11077 6115 11107 6116 11111 11081 6321 6303 6323 6324 6117 11109 11082 11112 11113 6325 11114 
3523 5979 5985 5986 5980 6187 6193 6194 6188 6116 6098 11081 6118 11111 6119 11115 11085 6324 6306 6326 6327 6120 11113 11086 11116 11117 6328 11118 
3524 5980 5986 5987 5981 6188 6194 6195 6189 6119 6101 11085 6121 11115 6122 11119 11089 6327 6309 6329 6330 6123 11117 11090 11120 11121 6331 11122 
3525 5981 5987 5988 5982 6189 6195 6196 6190 6122 6104 11089 6124 11119 6125 11123 11093 6330 6312 6332 6333 6126 11121 11094 11124 11125 6334 11126 
3526 5982 5988 1112 1113 6190 6196 1157 1158 6125 6107 11093 6127 11123 1120 11127 11097 6333 6315 6335 1165 6128 11125 11098 11128 11129 6336 11130 
3527 1090 51 1099 5983 1135 53 1144 6191 1098 6109 11101 1105 1172 6129 6142 11102 1143 6317 1150 6337 6130 11131 11104 6143 11132 6338 11133 
3528 5983 1099 1100 5984 6191 1144 1145 6192 6129 6112 11102 1106 6142 6131 6144 11107 6337 6320 1151 6339 6132 11132 11108 6145 11134 6340 11135 
3529 5984 1100 1101 5985 6192 1145 1146 6193 6131 6115 11107 1107 6144 6133 6146 11111 6339 6323 1152 6341 6134 11134 11112 6147 11136 6342 11137 
3530 5985 1101 1102 5986 6193 1146 1147 6194 6133 6118 11111 1108 6146 6135 6148 11115 6341 6326 1153 6343 6136 11136 11116 6149 11138 6344 11139 
3531 5986 1102 1103 5987 6194 1147 1148 6195 6135 6121 11115 1109 6148 6137 6150 11119 6343 6329 1154 6345 6138 11138 11120 6151 11140 6346 11141 
3532 5987 1103 1104 5988 6195 1148 1149 6196 6137 6124 11119 1110 6150 6139 6152 11123 6345 6332 1155 6347 6140 11140 11124 6153 11142 6348 11143 
3533 5988 1104 52 1112 6196 1149 54 1157 6139 6127 11123 1111 6152 1119 1173 11127 6347 6335 1156 1164 6141 11142 11128 6154 11144 6349 11145 
3 17 12 56
3534 49 1174 6350 1056 51 1217 6558 1099 1181 1062 1127 6392 11146 6393 11147 5934 1224 1105 6600 6601 6394 11148 5935 11149 11150 6602 11151 
3535 1056 6350 6351 1057 1099 6558 6559 1100 6393 1063 5934 6395 11147 6396 11152 5936 6601 1106 6603 6604 6397 11150 5937 11153 11154 6605 11155 
3536 1057 6351 6352 1058 1100 6559 6560 1101 6396 1064 5936 6398 11152 6399 11156 5938 6604 1107 6606 6607 6400 11154 5939 11157 11158 6608 11159 
3537 1058 6352 6353 1059 1101 6560 6561 1102 6399 1065 5938 6401 11156 6402 11160 5940 6607 1108 6609 6610 6403 11158 5941 11161 11162 6611 11163 
3538 1059 6353 6354 1060 1102 6561 6562 1103 6402 1066 5940 6404 11160 6405 11164 5942 6610 1109 6612 6613 6406 11162 5943 11165 11166 6614 11167 
3539 1060 6354 6355 1061 1103 6562 6563 1104 6405 1067 5942 6407 11164 6408 11168 5944 6613 1110 6615 6616 6409 11166 5945 11169 11170 6617 11171 
3540 1061 6355 1208 50 1104 6563 1251 52 6408 1068 5944 6410 11168 1216 11172 1128 6616 1111 6618 1259 6411 11170 5946 11173 11174 6619 11175 
3541 1174 1175 6356 6350 1217 1218 6564 6558 1182 6392 11146 6412 11176 6413 11177 11147 1225 6600 6620 6621 6414 11178 11149 11179 11180 6622 11181 
3542 6350 6356 6357 6351 6558 6564 6565 6559 6413 6395 11147 6415 11177 6416 11182 11152 6621 6603 6623 6624 6417 11180 11153 11183 11184 6625 11185 
3543 6351 6357 6358 6352 6559 6565 6566 6560 6416 6398 11152 6418 11182 6419 11186 11156 6624 6606 6626 6627 6420 11184 11157 11187 11188 6628 11189 
3544 6352 6358 6359 6353 6560 6566 6567 6561 6419 6401 11156 6421 11186 6422 11190 11160 6627 6609 6629 6630 6423 11188 11161 11191 11192 6631 11193 
3545 6353 6359 6360 6354 6561 6567 6568 6562 6422 6404 11160 6424 11190 6425 11194 11164 6630 6612 6632 6633 6426 11192 11165 11195 11196 6634 11197 
3546 6354 6360 6361 6355 6562 6568 6569 6563 6425 6407 11164 6427 11194 6428 11198 11168 6633 6615 6635 6636 6429 11196 11169 11199 11200 6637 11201 
3547 6355 6361 1207 1208 6563 6569 1250 1251 6428 6410 11168 6430 11198 1215 11202 11172 6636 6618 6638 1258 6431 11200 11173 11203 11204 6639 11205 
3548 1175 1176 6362 6356 1218 1219 6570 6564 1183 6412 11176 6432 11206 6433 11207 11177 1226 6620 6640 6641 6434 11208 11179 11209 11210 6642 11211 
3549 6356 6362 6363 6357 6564 6570 6571 6565 6433 6415 11177 6435 11207 6436 11212 11182 6641 6623 6643 6644 6437 11210 11183 11213 11214 6645 11215 
3550 6357 6363 6364 6358 6565 6571 6572 6566 6436 6418 11182 6438 11212 6439 11216 11186 6644 6626 6646 6647 6440 11214 11187 11217 11218 6648 11219 
3551 6358 6364 6365 6359 6566 6572 6573 6567 6439 6421 11186 6441 11216 6442 11220 11190 6647 6629 6649 6650 6443 11218 11191 11221 11222 6651 11223 
3552 6359 6365 6366 6360 6567 6573 6574 6568 6442 6424 11190 6444 11220 6445 11224 11194 6650 6632 6652 6653 6446 11222 11195 11225 11226 6654 11227 
3553 6360 6366 6367 6361 6568 6574 6575 6569 6445 6427 11194 6447 11224 6448 11228 11198 6653 6635 6655 6656 6449 11226 11199 11229 11230 6657 11231 
3554 6361 6367 1206 1207 6569 6575 1249 1250 6448 6430 11198 6450 11228 1214 11232 11202 6656 6638 6658 1257 6451 11230 11203 11233 11234 6659 11235 
3555 1176 1177 6368 6362 1219 1220 6576 6570 1184 6432 11206 6452 11236 6453 11237 11207 1227 6640 6660 6661 6454 11238 11209 11239 11240 6662 11241 
3556 6362 6368 6369 6363 6570 6576 6577 6571 6453 6435 11207 6455 11237 6456 11242 11212 6661 6643 6663 6664 6457 11240 11213 11243 11244 6665 11245 
3557 6363 6369 6370 6364 6571 6577 6578 6572 6456 6438 11212 6458 11242 6459 11246 11216 6664 6646 6666 6667 6460 11244 11217 11247 11248 6668 11249 
3558 6364 6370 6371 6365 6572 6578 6579 6573 6459 6441 11216 6461 11246 6462 11250 11220 6667 6649 6669 6670 6463 11248 11221 11251 11252 6671 11253 
3559 6365 6371 6372 6366 6573 6579 6580 6574 6462 6444 11220 6464 11250 6465 11254 11224 6670 6652 6672 6673 6466 11252 11225 11255 11256 6674 11257 
3560 6366 6372 6373 6367 6574 6580 6581 6575 6465 6447 11224 6467 11254 6468 11258 11228 6673 6655 6675 6676 6469 11256 11229 11259 11260 6677 11261 
3561 6367 6373 1205 1206 6575 6581 1248 1249 6468 6450 11228 6470 11258 1213 11262 11232 6676 6658 6678 1256 6471 11260 11233 11263 11264 6679 11265 
3562 1177 1178 6374 6368 1220 1221 6582 6576 1185 6452 11236 6472 11266 6473 11267 11237 1228 6660 6680 6681 6474 11268 11239 11269 11270 6682 11271 
3563 6368 6374 6375 6369 6576 6582 6583 6577 6473 6455 11237 6475 11267 6476 11272 11242 6681 6663 6683 6684 6477 11270 11243 11273 11274 6685 11275 
3564 6369 6375 6376 6370 6577 6583 6584 6578 6476 6458 11242 6478 11272 6479 11276 11246 6684 6666 6686 6687 6480 11274 11247 11277 11278 6688 11279 
3565 6370 6376 6377 6371 6578 6584 6585 6579 6479 6461 11246 6481 11276 6482 11280 11250 6687 6669 6689 6690 6483 11278 11251 11281 11282 6691 11283 
3566 6371 6377 6378 6372 6579 6585 6586 6580 6482 6464 11250 6484 11280 6485 11284 11254 6690 6672 6692 6693 6486 11282 11255 11285 11286 6694 11287 
3567 6372 6378 6379 6373 6580 6586 6587 6581 6485 6467 11254 6487 11284 6488 11288 11258 6693 6675 6695 6696 6489 11286 11259 11289 11290 6697 11291 
3568 6373 6379 1204 1205 6581 6587 1247 1248 6488 6470 11258 6490 11288 1212 11292 11262 6696 6678 6698 1255 6491 11290 11263 11293 11294 6699 11295 
3569 1178 1179 6380 6374 1221 1222 6588 6582 1186 6472 11266 6492 11296 6493 11297 11267 1229 6680 6700 6701 6494 11298 11269 11299 11300 6702 11301 
3570 6374 6380 6381 6375 6582 6588 6589 6583 6493 6475 11267 6495 11297 6496 11302 11272 6701 6683 6703 6704 6497 11300 11273 11303 11304 6705 11305 
3571 6375 6381 6382 6376 6583 6589 6590 6584 6496 6478 11272 6498 11302 6499 11306 11276 6704 6686 6706 6707 6500 11304 11277 11307 11308 6708 11309 
3572 6376 6382 6383 6377 6584 6590 6591 6585 6499 6481 11276 6501 11306 6502 11310 11280 6707 6689 6709 6710 6503 11308 11281 11311 11312 6711 11313 
3573 6377 6383 6384 6378 6585 6591 6592 6586 6502 6484 11280 6504 11310 6505 11314 11284 6710 6692 6712 6713 6506 11312 11285 11315 11316 6714 11317 
3574 6378 6384 6385 6379 6586 6592 6593 6587 6505 6487 11284 6507 11314 6508 11318 11288 6713 6695 6715 6716 6509 11316 11289 11319 11320 6717 11321 
3575 6379 6385 1203 1204 6587 6593 1246 1247 6508 6490 11288 6510 11318 1211 11322 11292 6716 6698 6718 1254 6511 11320 11293 11323 11324 6719 11325 
3576 1179 1180 6386 6380 1222 1223 6594 6588 1187 6492 11296 6512 11326 6513 11327 11297 1230 6700 6720 6721 6514 11328 11299 11329 11330 6722 11331 
3577 6380 6386 6387 6381 6588 6594 6595 6589 6513 6495 11297 6515 11327 6516 11332 11302 6721 6703 6723 6724 6517 11330 11303 11333 11334 6725 11335 
3578 6381 6387 6388 6382 6589 6595 6596 6590 6516 6498 11302 6518 11332 6519 11336 11306 6724 6706 6726 6727 6520 11334 11307 11337 11338 6728 11339 
3579 6382 6388 6389 6383 6590 6596 6597 6591 6519 6501 11306 6521 11336 6522 11340 11310 6727 6709 6729 6730 6523 11338 11311 11341 11342 6731 11343 
3580 6383 6389 6390 6384 6591 6597 6598 6592 6522 6504 11310 6524 11340 6525 11344 11314 6730 6712 6732 6733 6526 11342 11315 11345 11346 6734 11347 
3581 6384 6390 6391 6385 6592 6598 6599 6593 6525 6507 11314 6527 11344 6528 11348 11318 6733 6715 6735 6736 6529 11346 11319 11349 11350 6737 11351 
3582 6385 6391 1202 1203 6593 6599 1245 1246 6528 6510 11318 6530 11348 1210 11352 11322 6736 6718 6738 1253 6531 11350 11323 11353 11354 6739 11355 
3583 1180 55 1189 6386 1223 57 1232 6594 1188 6512 11326 1195 1260 6532 6545 11327 1231 6720 1238 6740 6533 11356 11329 6546 11357 6741 11358 
3584 6386 1189 1190 6387 6594 1232 1233 6595 6532 6515 11327 1196 6545 6534 6547 11332 6740 6723 1239 6742 6535 11357 11333 6548 11359 6743 11360 
3585 6387 1190 1191 6388 6595 1233 1234 6596 6534 6518 11332 1197 6547 6536 6549 11336 6742 6726 1240 6744 6537 11359 11337 6550 11361 6745 11362 
3586 6388 1191 1192 6389 6596 1234 1235 6597 6536 6521 11336 1198 6549 6538 6551 11340 6744 6729 1241 6746 6539 11361 11341 6552 11363 6747 11364 
3587 6389 1192 1193 6390 6597 1235 1236 6598 6538 6524 11340 1199 6551 6540 6553 11344 6746 6732 1242 6748 6541 11363 11345 6554 11365 6749 11366 
3588 6390 1193 1194 6391 6598 1236 1237 6599 6540 6527 11344 1200 6553 6542 6555 11348 6748 6735 1243 6750 6543 11365 11349 6556 11367 6751 11368 
3589 6391 1194 56 1202 6599 1237 58 1245 6542 6530 11348 1201 6555 1209 1261 11352 6750 6738 1244 1252 6544 11367 11353 6557 11369 6752 11370 
3 18 12 56
3590 51 1217 6558 1099 53 1262 6766 1144 1224 1105 1172 6600 11371 6601 11372 6142 1269 1150 6808 6809 6602 11373 6143 11374 11375 6810 11376 
3591 1099 6558 6559 1100 1144 6766 6767 1145 6601 1106 6142 6603 11372 6604 11377 6144 6809 1151 6811 6812 6605 11375 6145 11378 11379 6813 11380 
3592 1100 6559 6560 1101 1145 6767 6768 1146 6604 1107 6144 6606 11377 6607 11381 6146 6812 1152 6814 6815 6608 11379 6147 11382 11383 6816 11384 
3593 1101 6560 6561 1102 1146 6768 6769 1147 6607 1108 6146 6609 11381 6610 11385 6148 6815 1153 6817 6818 6611 11383 6149 11386 11387 6819 11388 
3594 1102 6561 6562 1103 1147 6769 6770 1148 6610 1109 6148 6612 11385 6613 11389 6150 6818 1154 6820 6821 6614 11387 6151 11390 11391 6822 11392 
3595 1103 6562 6563 1104 1148 6770 6771 1149 6613 1110 6150 6615 11389 6616 11393 6152 6821 1155 6823 6824 6617 11391 6153 11394 11395 6825 11396 
3596 1104 6563 1251 52 1149 6771 1296 54 6616 1111 6152 6618 11393 1259 11397 1173 6824 1156 6826 1304 6619 11395 6154 11398 11399 6827 11400 
3597 1217 1218 6564 6558 1262 1263 6772 6766 1225 6600 11371 6620 11401 6621 11402 11372 1270 6808 6828 6829 6622 11403 11374 11404 11405 6830 11406 
3598 6558 6564 6565 6559 6766 6772 6773 6767 6621 6603 11372 6623 11402 6624 11407 11377 6829 6811 6831 6832 6625 11405 11378 11408 11409 6833 11410 
3599 6559 6565 6566 6560 6767 6773 6774 6768 6624 6606 11377 6626 11407 6627 11411 11381 6832 6814 6834 6835 6628 11409 11382 11412 11413 6836 11414 
3600 6560 6566 6567 6561 6768 6774 6775 6769 6627 6609 11381 6629 11411 6630 11415 11385 6835 6817 6837 6838 6631 11413 11386 11416 11417 6839 11418 
3601 6561 6567 6568 6562 6769 6775 6776 6770 6630 6612 11385 6632 11415 6633 11419 11389 6838 6820 6840 6841 6634 11417 11390 11420 11421 6842 11422 
3602 6562 6568 6569 6563 6770 6776 6777 6771 6633 6615 11389 6635 11419 6636 11423 11393 6841 6823 6843 6844 6637 11421 11394 11424 11425 6845 11426 
3603 6563 6569 1250 1251 6771 6777 1295 1296 6636 6618 11393 6638 11423 1258 11427 11397 6844 6826 6846 1303 6639 11425 11398 11428 11429 6847 11430 
3604 1218 1219 6570 6564 1263 1264 6778 6772 1226 6620 11401 6640 11431 6641 11432 11402 1271 6828 6848 6849 6642 11433 11404 11434 11435 6850 11436 
3605 6564 6570 6571 6565 6772 6778 6779 6773 6641 6623 11402 6643 11432 6644 11437 11407 6849 6831 6851 6852 6645 11435 11408 11438 11439 6853 11440 
3606 6565 6571 6572 6566 6773 6779 6780 6774 6644 6626 11407 6646 11437 6647 11441 11411 6852 6834 6854 6855 6648 11439 11412 11442 11443 6856 11444 
3607 6566 6572 6573 6567 6774 6780 6781 6775 6647 6629 11411 6649 11441 6650 11445 11415 6855 6837 6857 6858 6651 11443 11416 11446 11447 6859 11448 
3608 6567 6573 6574 6568 6775 6781 6782 6776 6650 6632 11415 6652 11445 6653 11449 11419 6858 6840 6860 6861 6654 11447 11420 11450 11451 6862 11452 
3609 6568 6574 6575 6569 6776 6782 6783 6777 6653 6635 11419 6655 11449 6656 11453 11423 6861 6843 6863 6864 6657 11451 11424 11454 11455 6865 11456 
3610 6569 6575 1249 1250 6777 6783 1294 1295 6656 6638 11423 6658 11453 1257 11457 11427 6864 6846 6866 1302 6659 11455 11428 11458 11459 6867 11460 
3611 1219 1220 6576 6570 1264 1265 6784 6778 1227 6640 11431 6660 11461 6661 11462 11432 1272 6848 6868 6869 6662 11463 11434 11464 11465 6870 11466 
3612 6570 6576 6577 6571 6778 6784 6785 6779 6661 6643 11432 6663 11462 6664 11467 11437 6869 6851 6871 6872 6665 11465 11438 11468 11469 6873 11470 
3613 6571 6577 6578 6572 6779 6785 6786 6780 6664 6646 11437 6666 11467 6667 11471 11441 6872 6854 6874 6875 6668 11469 11442 11472 11473 6876 11474 
3614 6572 6578 6579 6573 6780 6786 6787 6781 6667 6649 11441 6669 11471 6670 11475 11445 6875 6857 6877 6878 6671 11473 11446 11476 11477 6879 11478 
3615 6573 6579 6580 6574 6781 6787 6788 6782 6670 6652 11445 6672 11475 6673 11479 11449 6878 6860 6880 6881 6674 11477 11450 11480 11481 6882 11482 
3616 6574 6580 6581 6575 6782 6788 6789 6783 6673 6655 11449 6675 11479 6676 11483 11453 6881 6863 6883 6884 6677 11481 11454 11484 11485 6885 11486 
3617 6575 6581 1248 1249 6783 6789 1293 1294 6676 6658 11453 6678 11483 1256 11487 11457 6884 6866 6886 1301 6679 11485 11458 11488 11489 6887 11490 
3618 1220 1221 6582 6576 1265 1266 6790 6784 1228 6660 11461 6680 11491 6681 11492 11462 1273 6868 6888 6889 6682 11493 11464 11494 11495 6890 11496 
3619 6576 6582 6583 6577 6784 6790 6791 6785 6681 6663 11462 6683 11492 6684 11497 11467 6889 6871 6891 6892 6685 11495 11468 11498 11499 6893 11500 
3620 6577 6583 6584 6578 6785 6791 6792 6786 6684 6666 11467 6686 11497 6687 11501 11471 6892 6874 6894 6895 6688 11499 11472 11502 11503 6896 11504 
3621 6578 6584 6585 6579 6786 6792 6793 6787 6687 6669 11471 6689 11501 6690 11505 11475 6895 6877 6897 6898 6691 11503 11476 11506 11507 6899 11508 
3622 6579 6585 6586 6580 6787 6793 6794 6788 6690 6672 11475 6692 11505 6693 11509 11479 6898 6880 6900 6901 6694 11507 11480 11510 11511 6902 11512 
3623 6580 6586 6587 6581 6788 6794 6795 6789 6693 6675 11479 6695 11509 6696 11513 11483 6901 6883 6903 6904 6697 11511 11484 11514 11515 6905 11516 
3624 6581 6587 1247 1248 6789 6795 1292 1293 6696 6678 11483 6698 11513 1255 11517 11487 6904 6886 6906 1300 6699 11515 11488 11518 11519 6907 11520 
3625 1221 1222 6588 6582 1266 1267 6796 6790 1229 6680 11491 6700 11521 6701 11522 11492 1274 6888 6908 6909 6702 11523 11494 11524 11525 6910 11526 
3626 6582 6588 6589 6583 6790 6796 6797 6791 6701 6683 11492 6703 11522 6704 11527 11497 6909 6891 6911 6912 6705 11525 11498 11528 11529 6913 11530 
3627 6583 6589 6590 6584 6791 6797 6798 6792 6704 6686 11497 6706 11527 6707 11531 11501 6912 6894 6914 6915 6708 11529 11502 11532 11533 6916 11534 
3628 6584 6590 6591 6585 6792 6798 6799 6793 6707 6689 11501 6709 11531 6710 11535 11505 6915 6897 6917 6918 6711 11533 11506 11536 11537 6919 11538 
3629 6585 6591 6592 6586 6793 6799 6800 6794 6710 6692 11505 6712 11535 6713 11539 11509 6918 6900 6920 6921 6714 11537 11510 11540 11541 6922 11542 
3630 6586 6592 6593 6587 6794 6800 6801 6795 6713 6695 11509 6715 11539 6716 11543 11513 6921 6903 6923 6924 6717 11541 11514 11544 11545 6925 11546 
3631 6587 6593 1246 1247 6795 6801 1291 1292 6716 6698 11513 6718 11543 1254 11547 11517 6924 6906 6926 1299 6719 11545 11518 11548 11549 6927 11550 
3632 1222 1223 6594 6588 1267 1268 6802 6796 1230 6700 11521 6720 11551 6721 11552 11522 1275 6908 6928 6929 6722 11553 11524 11554 11555 6930 11556 
3633 6588 6594 6595 6589 6796 6802 6803 6797 6721 6703 11522 6723 11552 6724 11557 11527 6929 6911 6931 6932 6725 11555 11528 11558 11559 6933 11560 
3634 6589 6595 6596 6590 6797 6803 6804 6798 6724 6706 11527 6726 11557 6727 11561 11531 6932 6914 6934 6935 6728 11559 11532 11562 11563 6936 11564 
3635 6590 6596 6597 6591 6798 6804 6805 6799 6727 6709 11531 6729 11561 6730 11565 11535 6935 6917 6937 6938 6731 11563 11536 11566 11567 6939 11568 
3636 6591 6597 6598 6592 6799 6805 6806 6800 6730 6712 11535 6732 11565 6733 11569 11539 6938 6920 6940 6941 6734 11567 11540 11570 11571 6942 11572 
3637 6592 6598 6599 6593 6800 6806 6807 6801 6733 6715 11539 6735 11569 6736 11573 11543 6941 6923 6943 6944 6737 11571 11544 11574 11575 6945 11576 
3638 6593 6599 1245 1246 6801 6807 1290 1291 6736 6718 11543 6738 11573 1253 11577 11547 6944 6926 6946 1298 6739 11575 11548 11578 11579 6947 11580 
3639 1223 57 1232 6594 1268 59 1277 6802 1231 6720 11551 1238 1305 6740 6753 11552 1276 6928 1283 6948 6741 11581 11554 6754 11582 6949 11583 
3640 6594 1232 1233 6595 6802 1277 1278 6803 6740 6723 11552 1239 6753 6742 6755 11557 6948 6931 1284 6950 6743 11582 11558 6756 11584 6951 11585 
3641 6595 1233 1234 6596 6803 1278 1279 6804 6742 6726 11557 1240 6755 6744 6757 11561 6950 6934 1285 6952 6745 11584 11562 6758 11586 6953 11587 
3642 6596 1234 1235 6597 6804 1279 1280 6805 6744 6729 11561 1241 6757 6746 6759 11565 6952 6937 1286 6954 6747 11586 11566 6760 11588 6955 11589 
3643 6597 1235 1236 6598 6805 1280 1281 6806 6746 6732 11565 1242 6759 6748 6761 11569 6954 6940 1287 6956 6749 11588 11570 6762 11590 6957 11591 
3644 6598 1236 1237 6599 6806 1281 1282 6807 6748 6735 11569 1243 6761 6750 6763 11573 6956 6943 1288 6958 6751 11590 11574 6764 11592 6959 11593 
3645 6599 1237 58 1245 6807 1282 60 1290 6750 6738 11573 1244 6763 1252 1306 11577 6958 6946 1289 1297 6752 11592 11578 6765 11594 6960 11595 
3 19 12 56
3646 55 1307 6961 1189 57 1350 7156 1232 1314 1195 1260 7003 11596 7004 11597 6545 1357 1238 7198 7199 7005 11598 6546 11599 11600 7200 11601 
3647 1189 6961 6962 1190 1232 7156 7157 1233 7004 1196 6545 7006 11597 7007 11602 6547 7199 1239 7201 7202 7008 11600 6548 11603 11604 7203 11605 
3648 1190 6962 6963 1191 1233 7157 7158 1234 7007 1197 6547 7009 11602 7010 11606 6549 7202 1240 7204 7205 7011 11604 6550 11607 11608 7206 11609 
3649 1191 6963 6964 1192 1234 7158 7159 1235 7010 1198 6549 7012 11606 7013 11610 6551 7205 1241 7207 7208 7014 11608 6552 11611 11612 7209 11613 
3650 1192 6964 6965 1193 1235 7159 7160 1236 7013 1199 6551 7015 11610 7016 11614 6553 7208 1242 7210 7211 7017 11612 6554 11615 11616 7212 11617 
3651 1193 6965 6966 1194 1236 7160 7161 1237 7016 1200 6553 7018 11614 7019 11618 6555 7211 1243 7213 7214 7020 11616 6556 11619 11620 7215 11621 
3652 1194 6966 1341 56 1237 7161 1384 58 7019 1201 6555 7021 11618 1349 11622 1261 7214 1244 7216 1392 7022 11620 6557 11623 11624 7217 11625 
3653 1307 1308 6967 6961 1350 1351 7162 7156 1315 7003 11596 7023 11626 7024 11627 11597 1358 7198 7218 7219 7025 11628 11599 11629 11630 7220 11631 
3654 6961 6967 6968 6962 7156 7162 7163 7157 7024 7006 11597 7026 11627 7027 11632 11602 7219 7201 7221 7222 7028 11630 11603 11633 11634 7223 11635 
3655 6962 6968 6969 6963 7157 7163 7164 7158 7027 7009 11602 7029 11632 7030 11636 11606 7222 7204 7224 7225 7031 11634 11607 11637 11638 7226 11639 
3656 6963 6969 6970 6964 7158 7164 7165 7159 7030 7012 11606 7032 11636 7033 11640 11610 7225 7207 7227 7228 7034 11638 11611 11641 11642 7229 11643 
3657 6964 6970 6971 6965 7159 7165 7166 7160 7033 7015 11610 7035 11640 7036 11644 11614 7228 7210 7230 7231 7037 11642 11615 11645 11646 7232 11647 
3658 6965 6971 6972 6966 7160 7166 7167 7161 7036 7018 11614 7038 11644 7039 11648 11618 7231 7213 7233 7234 7040 11646 11619 11649 11650 7235 11651 
3659 6966 6972 1340 1341 7161 7167 1383 1384 7039 7021 11618 7041 11648 1348 11652 11622 7234 7216 7236 1391 7042 11650 11623 11653 11654 7237 11655 
3660 1308 1309 6973 6967 1351 1352 7168 7162 1316 7023 11626 7043 11656 7044 11657 11627 1359 7218 7238 7239 7045 11658 11629 11659 11660 7240 11661 
3661 6967 6973 6974 6968 7162 7168 7169 7163 7044 7026 11627 7046 11657 7047 11662 11632 7239 7221 7241 7242 7048 11660 11633 11663 11664 7243 11665 
3662 6968 6974 6975 6969 7163 7169 7170 7164 7047 7029 11632 7049 11662 7050 11666 11636 7242 7224 7244 7245 7051 11664 11637 11667 11668 7246 11669 
3663 6969 6975 6976 6970 7164 7170 7171 7165 7050 7032 11636 7052 11666 7053 11670 11640 7245 7227 7247 7248 7054 11668 11641 11671 11672 7249 11673 
3664 6970 6976 6977 6971 7165 7171 7172 7166 7053 7035 11640 7055 11670 7056 11674 11644 7248 7230 7250 7251 7057 11672 11645 11675 11676 7252 11677 
3665 6971 6977 6978 6972 7166 7172 7173 7167 7056 7038 11644 7058 11674 7059 11678 11648 7251 7233 7253 7254 7060 11676 11649 11679 11680 7255 11681 
3666 6972 6978 1339 1340 7167 7173 1382 1383 7059 7041 11648 7061 11678 1347 11682 11652 7254 7236 7256 1390 7062 11680 11653 11683 11684 7257 11685 
3667 1309 1310 6979 6973 1352 1353 7174 7168 1317 7043 11656 7063 11686 7064 11687 11657 1360 7238 7258 7259 7065 11688 11659 11689 11690 7260 11691 
3668 6973 6979 6980 6974 7168 7174 7175 7169 7064 7046 11657 7066 11687 7067 11692 11662 7259 7241 7261 7262 7068 11690 11663 11693 11694 7263 11695 
3669 6974 6980 6981 6975 7169 7175 7176 7170 7067 7049 11662 7069 11692 7070 11696 11666 7262 7244 7264 7265 7071 11694 11667 11697 11698 7266 11699 
3670 6975 6981 6982 6976 7170 7176 7177 7171 7070 7052 11666 7072 11696 7073 11700 11670 7265 7247 7267 7268 7074 11698 11671 11701 11702 7269 11703 
3671 6976 6982 6983 6977 7171 7177 7178 7172 7073 7055 11670 7075 11700 7076 11704 11674 7268 7250 7270 7271 7077 11702 11675 11705 11706 7272 11707 
3672 6977 6983 6984 6978 7172 7178 7179 7173 7076 7058 11674 7078 11704 7079 11708 11678 7271 7253 7273 7274 7080 11706 11679 11709 11710 7275 11711 
3673 6978 6984 1338 1339 7173 7179 1381 1382 7079 7061 11678 7081 11708 1346 11712 11682 7274 7256 7276 1389 7082 11710 11683 11713 11714 7277 11715 
3674 1310 1311 6985 6979 1353 1354 7180 7174 1318 7063 11686 7083 11716 7084 11717 11687 1361 7258 7278 7279 7085 11718 11689 11719 11720 7280 11721 
3675 6979 6985 6986 6980 7174 7180 7181 7175 7084 7066 11687 7086 11717 7087 11722 11692 7279 7261 7281 7282 7088 11720 11693 11723 11724 7283 11725 
3676 6980 6986 6987 6981 7175 7181 7182 7176 7087 7069 11692 7089 11722 7090 11726 11696 7282 7264 7284 7285 7091 11724 11697 11727 11728 7286 11729 
3677 6981 6987 6988 6982 7176 7182 7183 7177 7090 7072 11696 7092 11726 7093 11730 11700 7285 7267 7287 7288 7094 11728 11701 11731 11732 7289 11733 
3678 6982 6988 6989 6983 7177 7183 7184 7178 7093 7075 11700 7095 11730 7096 11734 11704 7288 7270 7290 7291 7097 11732 11705 11735 11736 7292 11737 
3679 6983 6989 6990 6984 7178 7184 7185 7179 7096 7078 11704 7098 11734 7099 11738 11708 7291 7273 7293 7294 7100 11736 11709 11739 11740 7295 11741 
3680 6984 6990 1337 1338 7179 7185 1380 1381 7099 7081 11708 7101 11738 1345 11742 11712 7294 7276 7296 1388 7102 11740 11713 11743 11744 7297 11745 
3681 1311 1312 6991 6985 1354 1355 7186 7180 1319 7083 11716 7103 11746 7104 11747 11717 1362 7278 7298 7299 7105 11748 11719 11749 11750 7300 11751 
3682 6985 6991 6992 6986 7180 7186 7187 7181 7104 7086 11717 7106 11747 7107 11752 11722 7299 7281 7301 7302 7108 11750 11723 11753 11754 7303 11755 
3683 6986 6992 6993 6987 7181 7187 7188 7182 7107 7089 11722 7109 11752 7110 11756 11726 7302 7284 7304 7305 7111 11754 11727 11757 11758 7306 11759 
3684 6987 6993 6994 6988 7182 7188 7189 7183 7110 7092 11726 7112 11756 7113 11760 11730 7305 7287 7307 7308 7114 11758 11731 11761 11762 7309 11763 
3685 6988 6994 6995 6989 7183 7189 7190 7184 7113 7095 11730 7115 11760 7116 11764 11734 7308 7290 7310 7311 7117 11762 11735 11765 11766 7312 11767 
3686 6989 6995 6996 6990 7184 7190 7191 7185 7116 7098 11734 7118 11764 7119 11768 11738 7311 7293 7313 7314 7120 11766 11739 11769 11770 7315 11771 
3687 6990 6996 1336 1337 7185 7191 1379 1380 7119 7101 11738 7121 11768 1344 11772 11742 7314 7296 7316 1387 7122 11770 11743 11773 11774 7317 11775 
3688 1312 1313 6997 6991 1355 1356 7192 7186 1320 7103 11746 7123 11776 7124 11777 11747 1363 7298 7318 7319 7125 11778 11749 11779 11780 7320 11781 
3689 6991 6997 6998 6992 7186 7192 7193 7187 7124 7106 11747 7126 11777 7127 11782 11752 7319 7301 7321 7322 7128 11780 11753 11783 11784 7323 11785 
3690 6992 6998 6999 6993 7187 7193 7194 7188 7127 7109 11752 7129 11782 7130 11786 11756 7322 7304 7324 7325 7131 11784 11757 11787 11788 7326 11789 
3691 6993 6999 7000 6994 7188 7194 7195 7189 7130 7112 11756 7132 11786 7133 11790 11760 7325 7307 7327 7328 7134 11788 11761 11791 11792 7329 11793 
3692 6994 7000 7001 6995 7189 7195 7196 7190 7133 7115 11760 7135 11790 7136 11794 11764 7328 7310 7330 7331 7137 11792 11765 11795 11796 7332 11797 
3693 6995 7001 7002 6996 7190 7196 7197 7191 7136 7118 11764 7138 11794 7139 11798 11768 7331 7313 7333 7334 7140 11796 11769 11799 11800 7335 11801 
3694 6996 7002 1335 1336 7191 7197 1378 1379 7139 7121 11768 7141 11798 1343 11802 11772 7334 7316 7336 1386 7142 11800 11773 11803 11804 7337 11805 
3695 1313 61 1322 6997 1356 63 1365 7192 1321 7123 11776 1328 11806 7143 11807 11777 1364 7318 1371 7338 7144 11808 11779 11809 11810 7339 11811 
3696 6997 1322 1323 6998 7192 1365 1366 7193 7143 7126 11777 1329 11807 7145 11812 11782 7338 7321 1372 7340 7146 11810 11783 11813 11814 7341 11815 
3697 6998 1323 1324 6999 7193 1366 1367 7194 7145 7129 11782 1330 11812 7147 11816 11786 7340 7324 1373 7342 7148 11814 11787 11817 11818 7343 11819 
3698 6999 1324 1325 7000 7194 1367 1368 7195 7147 7132 11786 1331 11816 7149 11820 11790 7342 7327 1374 7344 7150 11818 11791 11821 11822 7345 11823 
3699 7000 1325 1326 7001 7195 1368 1369 7196 7149 7135 11790 1332 11820 7151 11824 11794 7344 7330 1375 7346 7152 11822 11795 11825 11826 7347 11827 
3700 7001 1326 1327 7002 7196 1369 1370 7197 7151 7138 11794 1333 11824 7153 11828 11798 7346 7333 1376 7348 7154 11826 11799 11829 11830 7349 11831 
3701 7002 1327 62 1335 7197 1370 64 1378 7153 7141 11798 1334 11828 1342 11832 11802 7348 7336 1377 1385 7155 11830 11803 11833 11834 7350 11835 
3 20 12 56
3702 57 1350 7156 1232 59 1393 7351 1277 1357 1238 1305 7198 11836 7199 11837 6753 1400 1283 7393 7394 7200 11838 6754 11839 11840 7395 11841 
3703 1232 7156 7157 1233 1277 7351 7352 1278 7199 1239 6753 7201 11837 7202 11842 6755 7394 1284 7396 7397 7203 11840 6756 11843 11844 7398 11845 
3704 1233 7157 7158 1234 1278 7352 7353 1279 7202 1240 6755 7204 11842 7205 11846 6757 7397 1285 7399 7400 7206 11844 6758 11847 11848 7401 11849 
3705 1234 7158 7159 1235 1279 7353 7354 1280 7205 1241 6757 7207 11846 7208 11850 6759 7400 1286 7402 7403 7209 11848 6760 11851 11852 7404 11853 
3706 1235 7159 7160 1236 1280 7354 7355 1281 7208 1242 6759 7210 11850 7211 11854 6761 7403 1287 7405 7406 7212 11852 6762 11855 11856 7407 11857 
3707 1236 7160 7161 1237 1281 7355 7356 1282 7211 1243 6761 7213 11854 7214 11858 6763 7406 1288 7408 7409 7215 11856 6764 11859 11860 7410 11861 
3708 1237 7161 1384 58 1282 7356 1427 60 7214 1244 6763 7216 11858 1392 11862 1306 7409 1289 7411 1435 7217 11860 6765 11863 11864 7412 11865 
3709 1350 1351 7162 7156 1393 1394 7357 7351 1358 7198 11836 7218 11866 7219 11867 11837 1401 7393 7413 7414 7220 11868 11839 11869 11870 7415 11871 
3710 7156 7162 7163 7157 7351 7357 7358 7352 7219 7201 11837 7221 11867 7222 11872 11842 7414 7396 7416 7417 7223 11870 11843 11873 11874 7418 11875 
3711 7157 7163 7164 7158 7352 7358 7359 7353 7222 7204 11842 7224 11872 7225 11876 11846 7417 7399 7419 7420 7226 11874 11847 11877 11878 7421 11879 
3712 7158 7164 7165 7159 7353 7359 7360 7354 7225 7207 11846 7227 11876 7228 11880 11850 7420 7402 7422 7423 7229 11878 11851 11881 11882 7424 11883 
3713 7159 7165 7166 7160 7354 7360 7361 7355 7228 7210 11850 7230 11880 7231 11884 11854 7423 7405 7425 7426 7232 11882 11855 11885 11886 7427 11887 
3714 7160 7166 7167 7161 7355 7361 7362 7356 7231 7213 11854 7233 11884 7234 11888 11858 7426 7408 7428 7429 7235 11886 11859 11889 11890 7430 11891 
3715 7161 7167 1383 1384 7356 7362 1426 1427 7234 7216 11858 7236 11888 1391 11892 11862 7429 7411 7431 1434 7237 11890 11863 11893 11894 7432 11895 
3716 1351 1352 7168 7162 1394 1395 7363 7357 1359 7218 11866 7238 11896 7239 11897 11867 1402 7413 7433 7434 7240 11898 11869 11899 11900 7435 11901 
3717 7162 7168 7169 7163 7357 7363 7364 7358 7239 7221 11867 7241 11897 7242 11902 11872 7434 7416 7436 7437 7243 11900 11873 11903 11904 7438 11905 
3718 7163 7169 7170 7164 7358 7364 7365 7359 7242 7224 11872 7244 11902 7245 11906 11876 7437 7419 7439 7440 7246 11904 11877 11907 11908 7441 11909 
3719 7164 7170 7171 7165 7359 7365 7366 7360 7245 7227 11876 7247 11906 7248 11910 11880 7440 7422 7442 7443 7249 11908 11881 11911 11912 7444 11913 
3720 7165 7171 7172 7166 7360 7366 7367 7361 7248 7230 11880 7250 11910 7251 11914 11884 7443 7425 7445 7446 7252 11912 11885 11915 11916 7447 11917 
3721 7166 7172 7173 7167 7361 7367 7368 7362 7251 7233 11884 7253 11914 7254 11918 11888 7446 7428 7448 7449 7255 11916 11889 11919 11920 7450 11921 
3722 7167 7173 1382 1383 7362 7368 1425 1426 7254 7236 11888 7256 11918 1390 11922 11892 7449 7431 7451 1433 7257 11920 11893 11923 11924 7452 11925 
3723 1352 1353 7174 7168 1395 1396 7369 7363 1360 7238 11896 7258 11926 7259 11927 11897 1403 7433 7453 7454 7260 11928 11899 11929 11930 7455 11931 
3724 7168 7174 7175 7169 7363 7369 7370 7364 7259 7241 11897 7261 11927 7262 11932 11902 7454 7436 7456 7457 7263 11930 11903 11933 11934 7458 11935 
3725 7169 7175 7176 7170 7364 7370 7371 7365 7262 7244 11902 7264 11932 7265 11936 11906 7457 7439 7459 7460 7266 11934 11907 11937 11938 7461 11939 
3726 7170 7176 7177 7171 7365 7371 7372 7366 7265 7247 11906 7267 11936 7268 11940 11910 7460 7442 7462 7463 7269 11938 11911 11941 11942 7464 11943 
3727 7171 7177 7178 7172 7366 7372 7373 7367 7268 7250 11910 7270 11940 7271 11944 11914 7463 7445 7465 7466 7272 11942 11915 11945 11946 7467 11947 
3728 7172 7178 7179 7173 7367 7373 7374 7368 7271 7253 11914 7273 11944 7274 11948 11918 7466 7448 7468 7469 7275 11946 11919 11949 11950 7470 11951 
3729 7173 7179 1381 1382 7368 7374 1424 1425 7274 7256 11918 7276 11948 1389 11952 11922 7469 7451 7471 1432 7277 11950 11923 11953 11954 7472 11955 
3730 1353 1354 7180 7174 1396 1397 7375 7369 1361 7258 11926 7278 11956 7279 11957 11927 1404 7453 7473 7474 7280 11958 11929 11959 11960 7475 11961 
3731 7174 7180 7181 7175 7369 7375 7376 7370 7279 7261 11927 7281 11957 7282 11962 11932 7474 7456 7476 7477 7283 11960 11933 11963 11964 7478 11965 
3732 7175 7181 7182 7176 7370 7376 7377 7371 7282 7264 11932 7284 11962 7285 11966 11936 7477 7459 7479 7480 7286 11964 11937 11967 11968 7481 11969 
3733 7176 7182 7183 7177 7371 7377 7378 7372 7285 7267 11936 7287 11966 7288 11970 11940 7480 7462 7482 7483 7289 11968 11941 11971 11972 7484 11973 
3734 7177 7183 7184 7178 7372 7378 7379 7373 7288 7270 11940 7290 11970 7291 11974 11944 7483 7465 7485 7486 7292 11972 11945 11975 11976 7487 11977 
3735 7178 7184 7185 7179 7373 7379 7380 7374 7291 7273 11944 7293 11974 7294 11978 11948 7486 7468 7488 7489 7295 11976 11949 11979 11980 7490 11981 
3736 7179 7185 1380 1381 7374 7380 1423 1424 7294 7276 11948 7296 11978 1388 11982 11952 7489 7471 7491 1431 7297 11980 11953 11983 11984 7492 11985 
3737 1354 1355 7186 7180 1397 1398 7381 7375 1362 7278 11956 7298 11986 7299 11987 11957 1405 7473 7493 7494 7300 11988 11959 11989 11990 7495 11991 
3738 7180 7186 7187 7181 7375 7381 7382 7376 7299 7281 11957 7301 11987 7302 11992 11962 7494 7476 7496 7497 7303 11990 11963 11993 11994 7498 11995 
3739 7181 7187 7188 7182 7376 7382 7383 7377 7302 7284 11962 7304 11992 7305 11996 11966 7497 7479 7499 7500 7306 11994 11967 11997 11998 7501 11999 
3740 7182 7188 7189 7183 7377 7383 7384 7378 7305 7287 11966 7307 11996 7308 12000 11970 7500 7482 7502 7503 7309 11998 11971 12001 12002 7504 12003 
3741 7183 7189 7190 7184 7378 7384 7385 7379 7308 7290 11970 7310 12000 7311 12004 11974 7503 7485 7505 7506 7312 12002 11975 12005 12006 7507 12007 
3742 7184 7190 7191 7185 7379 7385 7386 7380 7311 7293 11974 7313 12004 7314 12008 11978 7506 7488 7508 7509 7315 12006 11979 12009 12010 7510 12011 
3743 7185 7191 1379 1380 7380 7386 1422 1423 7314 7296 11978 7316 12008 1387 12012 11982 7509 7491 7511 1430 7317 12010 11983 12013 12014 7512 12015 
3744 1355 1356 7192 7186 1398 1399 7387 7381 1363 7298 11986 7318 12016 7319 12017 11987 1406 7493 7513 7514 7320 12018 11989 12019 12020 7515 12021 
3745 7186 7192 7193 7187 7381 7387 7388 7382 7319 7301 11987 7321 12017 7322 12022 11992 7514 7496 7516 7517 7323 12020 11993 12023 12024 7518 12025 
3746 7187 7193 7194 7188 7382 7388 7389 7383 7322 7304 11992 7324 12022 7325 12026 11996 7517 7499 7519 7520 7326 12024 11997 12027 12028 7521 12029 
3747 7188 7194 7195 7189 7383 7389 7390 7384 7325 7307 11996 7327 12026 7328 12030 12000 7520 7502 7522 7523 7329 12028 12001 12031 12032 7524 12033 
3748 7189 7195 7196 7190 7384 7390 7391 7385 7328 7310 12000 7330 12030 7331 12034 12004 7523 7505 7525 7526 7332 12032 12005 12035 12036 7527 12037 
3749 7190 7196 7197 7191 7385 7391 7392 7386 7331 7313 12004 7333 12034 7334 12038 12008 7526 7508 7528 7529 7335 12036 12009 12039 12040 7530 12041 
3750 7191 7197 1378 1379 7386 7392 1421 1422 7334 7316 12008 7336 12038 1386 12042 12012 7529 7511 7531 1429 7337 12040 12013 12043 12044 7532 12045 
3751 1356 63 1365 7192 1399 65 1408 7387 1364 7318 12016 1371 12046 7338 12047 12017 1407 7513 1414 7533 7339 12048 12019 12049 12050 7534 12051 
3752 7192 1365 1366 7193 7387 1408 1409 7388 7338 7321 12017 1372 12047 7340 12052 12022 7533 7516 1415 7535 7341 12050 12023 12053 12054 7536 12055 
3753 7193 1366 1367 7194 7388 1409 1410 7389 7340 7324 12022 1373 12052 7342 12056 12026 7535 7519 1416 7537 7343 12054 12027 12057 12058 7538 12059 
3754 7194 1367 1368 7195 7389 1410 1411 7390 7342 7327 12026 1374 12056 7344 12060 12030 7537 7522 1417 7539 7345 12058 12031 12061 12062 7540 12063 
3755 7195 1368 1369 7196 7390 1411 1412 7391 7344 7330 12030 1375 12060 7346 12064 12034 7539 7525 1418 7541 7347 12062 12035 12065 12066 7542 12067 
3756 7196 1369 1370 7197 7391 1412 1413 7392 7346 7333 12034 1376 12064 7348 12068 12038 7541 7528 1419 7543 7349 12066 12039 12069 12070 7544 12071 
3757 7197 1370 64 1378 7392 1413 66 1421 7348 7336 12038 1377 12068 1385 12072 12042 7543 7531 1420 1428 7350 12070 12043 12073 12074 7545 12075 
$EndElements
